  -2.5000000000000000       -1.0000000000000000       -8.2500000000000000     
  -2.5000000000000000      -0.90000000000000002       -8.3700000000000010     
  -2.5000000000000000      -0.80000000000000004       -8.5300000000000011     
  -2.5000000000000000      -0.70000000000000007       -8.7300000000000004     
  -2.5000000000000000      -0.60000000000000009       -8.9700000000000006     
  -2.5000000000000000      -0.50000000000000011       -9.2500000000000000     
  -2.5000000000000000      -0.40000000000000013       -9.5700000000000003     
  -2.5000000000000000      -0.30000000000000016       -9.9299999999999997     
  -2.5000000000000000      -0.20000000000000015       -10.330000000000000     
  -2.5000000000000000      -0.10000000000000014       -10.770000000000000     
  -2.5000000000000000       -1.3877787807814457E-016  -11.250000000000000     
  -2.5000000000000000        9.9999999999999867E-002  -11.770000000000000     
  -2.5000000000000000       0.19999999999999987       -12.330000000000000     
  -2.5000000000000000       0.29999999999999988       -12.930000000000000     
  -2.5000000000000000       0.39999999999999991       -13.570000000000000     
  -2.5000000000000000       0.49999999999999989       -14.250000000000000     
  -2.5000000000000000       0.59999999999999987       -14.969999999999999     
  -2.5000000000000000       0.69999999999999984       -15.730000000000000     
  -2.5000000000000000       0.79999999999999982       -16.530000000000001     
  -2.5000000000000000       0.89999999999999980       -17.369999999999997     
  -2.5000000000000000       0.99999999999999978       -18.250000000000000     
  -2.5000000000000000        1.0999999999999999       -19.169999999999998     
  -2.5000000000000000        1.2000000000000000       -20.129999999999999     
  -2.5000000000000000        1.3000000000000000       -21.129999999999999     
  -2.5000000000000000        1.4000000000000001       -22.170000000000002     
  -2.5000000000000000        1.5000000000000002       -23.250000000000000     
  -2.5000000000000000        1.6000000000000003       -24.370000000000001     
  -2.5000000000000000        1.7000000000000004       -25.530000000000001     
  -2.5000000000000000        1.8000000000000005       -26.730000000000004     
  -2.5000000000000000        1.9000000000000006       -27.970000000000006     
  -2.5000000000000000        2.0000000000000004       -29.250000000000004     
  -2.5000000000000000        2.1000000000000005       -30.570000000000007     
  -2.5000000000000000        2.2000000000000006       -31.930000000000007     
  -2.5000000000000000        2.3000000000000007       -33.330000000000013     
  -2.5000000000000000        2.4000000000000008       -34.770000000000010     
  -2.5000000000000000        2.5000000000000009       -36.250000000000014     
  -2.5000000000000000        2.6000000000000010       -37.770000000000017     
  -2.5000000000000000        2.7000000000000011       -39.330000000000020     
  -2.5000000000000000        2.8000000000000012       -40.930000000000021     
  -2.5000000000000000        2.9000000000000012       -42.570000000000022     
  -2.5000000000000000        3.0000000000000013       -44.250000000000028     
  -2.5000000000000000        3.1000000000000014       -45.970000000000027     
  -2.5000000000000000        3.2000000000000015       -47.730000000000025     
  -2.5000000000000000        3.3000000000000016       -49.530000000000030     
  -2.5000000000000000        3.4000000000000017       -51.370000000000033     

  -2.3999999999999999       -1.0000000000000000       -7.7599999999999998     
  -2.3999999999999999      -0.90000000000000002       -7.8599999999999994     
  -2.3999999999999999      -0.80000000000000004       -8.0000000000000000     
  -2.3999999999999999      -0.70000000000000007       -8.1799999999999997     
  -2.3999999999999999      -0.60000000000000009       -8.4000000000000004     
  -2.3999999999999999      -0.50000000000000011       -8.6600000000000001     
  -2.3999999999999999      -0.40000000000000013       -8.9599999999999991     
  -2.3999999999999999      -0.30000000000000016       -9.2999999999999989     
  -2.3999999999999999      -0.20000000000000015       -9.6799999999999979     
  -2.3999999999999999      -0.10000000000000014       -10.099999999999998     
  -2.3999999999999999       -1.3877787807814457E-016  -10.559999999999999     
  -2.3999999999999999        9.9999999999999867E-002  -11.059999999999999     
  -2.3999999999999999       0.19999999999999987       -11.600000000000000     
  -2.3999999999999999       0.29999999999999988       -12.180000000000000     
  -2.3999999999999999       0.39999999999999991       -12.799999999999999     
  -2.3999999999999999       0.49999999999999989       -13.459999999999999     
  -2.3999999999999999       0.59999999999999987       -14.159999999999998     
  -2.3999999999999999       0.69999999999999984       -14.899999999999999     
  -2.3999999999999999       0.79999999999999982       -15.679999999999998     
  -2.3999999999999999       0.89999999999999980       -16.499999999999996     
  -2.3999999999999999       0.99999999999999978       -17.359999999999996     
  -2.3999999999999999        1.0999999999999999       -18.259999999999998     
  -2.3999999999999999        1.2000000000000000       -19.199999999999999     
  -2.3999999999999999        1.3000000000000000       -20.179999999999996     
  -2.3999999999999999        1.4000000000000001       -21.200000000000003     
  -2.3999999999999999        1.5000000000000002       -22.259999999999998     
  -2.3999999999999999        1.6000000000000003       -23.360000000000003     
  -2.3999999999999999        1.7000000000000004       -24.500000000000000     
  -2.3999999999999999        1.8000000000000005       -25.680000000000007     
  -2.3999999999999999        1.9000000000000006       -26.900000000000006     
  -2.3999999999999999        2.0000000000000004       -28.160000000000007     
  -2.3999999999999999        2.1000000000000005       -29.460000000000004     
  -2.3999999999999999        2.2000000000000006       -30.800000000000011     
  -2.3999999999999999        2.3000000000000007       -32.180000000000007     
  -2.3999999999999999        2.4000000000000008       -33.600000000000016     
  -2.3999999999999999        2.5000000000000009       -35.060000000000009     
  -2.3999999999999999        2.6000000000000010       -36.560000000000016     
  -2.3999999999999999        2.7000000000000011       -38.100000000000016     
  -2.3999999999999999        2.8000000000000012       -39.680000000000021     
  -2.3999999999999999        2.9000000000000012       -41.300000000000018     
  -2.3999999999999999        3.0000000000000013       -42.960000000000022     
  -2.3999999999999999        3.1000000000000014       -44.660000000000025     
  -2.3999999999999999        3.2000000000000015       -46.400000000000027     
  -2.3999999999999999        3.3000000000000016       -48.180000000000028     
  -2.3999999999999999        3.4000000000000017       -50.000000000000028     

  -2.2999999999999998       -1.0000000000000000       -7.2899999999999991     
  -2.2999999999999998      -0.90000000000000002       -7.3699999999999992     
  -2.2999999999999998      -0.80000000000000004       -7.4899999999999993     
  -2.2999999999999998      -0.70000000000000007       -7.6499999999999986     
  -2.2999999999999998      -0.60000000000000009       -7.8499999999999996     
  -2.2999999999999998      -0.50000000000000011       -8.0899999999999981     
  -2.2999999999999998      -0.40000000000000013       -8.3699999999999974     
  -2.2999999999999998      -0.30000000000000016       -8.6899999999999977     
  -2.2999999999999998      -0.20000000000000015       -9.0499999999999989     
  -2.2999999999999998      -0.10000000000000014       -9.4499999999999975     
  -2.2999999999999998       -1.3877787807814457E-016  -9.8899999999999970     
  -2.2999999999999998        9.9999999999999867E-002  -10.369999999999997     
  -2.2999999999999998       0.19999999999999987       -10.889999999999999     
  -2.2999999999999998       0.29999999999999988       -11.449999999999998     
  -2.2999999999999998       0.39999999999999991       -12.049999999999999     
  -2.2999999999999998       0.49999999999999989       -12.689999999999998     
  -2.2999999999999998       0.59999999999999987       -13.369999999999997     
  -2.2999999999999998       0.69999999999999984       -14.089999999999996     
  -2.2999999999999998       0.79999999999999982       -14.849999999999996     
  -2.2999999999999998       0.89999999999999980       -15.649999999999997     
  -2.2999999999999998       0.99999999999999978       -16.489999999999998     
  -2.2999999999999998        1.0999999999999999       -17.369999999999997     
  -2.2999999999999998        1.2000000000000000       -18.289999999999999     
  -2.2999999999999998        1.3000000000000000       -19.249999999999996     
  -2.2999999999999998        1.4000000000000001       -20.250000000000000     
  -2.2999999999999998        1.5000000000000002       -21.289999999999999     
  -2.2999999999999998        1.6000000000000003       -22.370000000000001     
  -2.2999999999999998        1.7000000000000004       -23.490000000000002     
  -2.2999999999999998        1.8000000000000005       -24.650000000000006     
  -2.2999999999999998        1.9000000000000006       -25.850000000000009     
  -2.2999999999999998        2.0000000000000004       -27.090000000000003     
  -2.2999999999999998        2.1000000000000005       -28.370000000000005     
  -2.2999999999999998        2.2000000000000006       -29.690000000000005     
  -2.2999999999999998        2.3000000000000007       -31.050000000000004     
  -2.2999999999999998        2.4000000000000008       -32.450000000000010     
  -2.2999999999999998        2.5000000000000009       -33.890000000000008     
  -2.2999999999999998        2.6000000000000010       -35.370000000000012     
  -2.2999999999999998        2.7000000000000011       -36.890000000000015     
  -2.2999999999999998        2.8000000000000012       -38.450000000000017     
  -2.2999999999999998        2.9000000000000012       -40.050000000000018     
  -2.2999999999999998        3.0000000000000013       -41.690000000000026     
  -2.2999999999999998        3.1000000000000014       -43.370000000000019     
  -2.2999999999999998        3.2000000000000015       -45.090000000000025     
  -2.2999999999999998        3.3000000000000016       -46.850000000000030     
  -2.2999999999999998        3.4000000000000017       -48.650000000000027     

  -2.1999999999999997       -1.0000000000000000       -6.8399999999999990     
  -2.1999999999999997      -0.90000000000000002       -6.8999999999999995     
  -2.1999999999999997      -0.80000000000000004       -6.9999999999999991     
  -2.1999999999999997      -0.70000000000000007       -7.1399999999999988     
  -2.1999999999999997      -0.60000000000000009       -7.3199999999999985     
  -2.1999999999999997      -0.50000000000000011       -7.5399999999999983     
  -2.1999999999999997      -0.40000000000000013       -7.7999999999999980     
  -2.1999999999999997      -0.30000000000000016       -8.0999999999999979     
  -2.1999999999999997      -0.20000000000000015       -8.4399999999999977     
  -2.1999999999999997      -0.10000000000000014       -8.8199999999999967     
  -2.1999999999999997       -1.3877787807814457E-016  -9.2399999999999984     
  -2.1999999999999997        9.9999999999999867E-002  -9.6999999999999975     
  -2.1999999999999997       0.19999999999999987       -10.199999999999998     
  -2.1999999999999997       0.29999999999999988       -10.739999999999998     
  -2.1999999999999997       0.39999999999999991       -11.319999999999997     
  -2.1999999999999997       0.49999999999999989       -11.939999999999998     
  -2.1999999999999997       0.59999999999999987       -12.599999999999998     
  -2.1999999999999997       0.69999999999999984       -13.299999999999997     
  -2.1999999999999997       0.79999999999999982       -14.039999999999997     
  -2.1999999999999997       0.89999999999999980       -14.819999999999995     
  -2.1999999999999997       0.99999999999999978       -15.639999999999997     
  -2.1999999999999997        1.0999999999999999       -16.499999999999996     
  -2.1999999999999997        1.2000000000000000       -17.399999999999999     
  -2.1999999999999997        1.3000000000000000       -18.339999999999996     
  -2.1999999999999997        1.4000000000000001       -19.320000000000000     
  -2.1999999999999997        1.5000000000000002       -20.340000000000003     
  -2.1999999999999997        1.6000000000000003       -21.400000000000002     
  -2.1999999999999997        1.7000000000000004       -22.500000000000000     
  -2.1999999999999997        1.8000000000000005       -23.640000000000004     
  -2.1999999999999997        1.9000000000000006       -24.820000000000007     
  -2.1999999999999997        2.0000000000000004       -26.040000000000003     
  -2.1999999999999997        2.1000000000000005       -27.300000000000004     
  -2.1999999999999997        2.2000000000000006       -28.600000000000009     
  -2.1999999999999997        2.3000000000000007       -29.940000000000012     
  -2.1999999999999997        2.4000000000000008       -31.320000000000007     
  -2.1999999999999997        2.5000000000000009       -32.740000000000009     
  -2.1999999999999997        2.6000000000000010       -34.200000000000017     
  -2.1999999999999997        2.7000000000000011       -35.700000000000010     
  -2.1999999999999997        2.8000000000000012       -37.240000000000016     
  -2.1999999999999997        2.9000000000000012       -38.820000000000022     
  -2.1999999999999997        3.0000000000000013       -40.440000000000026     
  -2.1999999999999997        3.1000000000000014       -42.100000000000023     
  -2.1999999999999997        3.2000000000000015       -43.800000000000026     
  -2.1999999999999997        3.3000000000000016       -45.540000000000028     
  -2.1999999999999997        3.4000000000000017       -47.320000000000029     

  -2.0999999999999996       -1.0000000000000000       -6.4099999999999984     
  -2.0999999999999996      -0.90000000000000002       -6.4499999999999984     
  -2.0999999999999996      -0.80000000000000004       -6.5299999999999985     
  -2.0999999999999996      -0.70000000000000007       -6.6499999999999986     
  -2.0999999999999996      -0.60000000000000009       -6.8099999999999987     
  -2.0999999999999996      -0.50000000000000011       -7.0099999999999980     
  -2.0999999999999996      -0.40000000000000013       -7.2499999999999973     
  -2.0999999999999996      -0.30000000000000016       -7.5299999999999976     
  -2.0999999999999996      -0.20000000000000015       -7.8499999999999970     
  -2.0999999999999996      -0.10000000000000014       -8.2099999999999973     
  -2.0999999999999996       -1.3877787807814457E-016  -8.6099999999999959     
  -2.0999999999999996        9.9999999999999867E-002  -9.0499999999999972     
  -2.0999999999999996       0.19999999999999987       -9.5299999999999958     
  -2.0999999999999996       0.29999999999999988       -10.049999999999997     
  -2.0999999999999996       0.39999999999999991       -10.609999999999998     
  -2.0999999999999996       0.49999999999999989       -11.209999999999997     
  -2.0999999999999996       0.59999999999999987       -11.849999999999996     
  -2.0999999999999996       0.69999999999999984       -12.529999999999998     
  -2.0999999999999996       0.79999999999999982       -13.249999999999995     
  -2.0999999999999996       0.89999999999999980       -14.009999999999996     
  -2.0999999999999996       0.99999999999999978       -14.809999999999995     
  -2.0999999999999996        1.0999999999999999       -15.649999999999995     
  -2.0999999999999996        1.2000000000000000       -16.529999999999998     
  -2.0999999999999996        1.3000000000000000       -17.449999999999996     
  -2.0999999999999996        1.4000000000000001       -18.409999999999997     
  -2.0999999999999996        1.5000000000000002       -19.410000000000000     
  -2.0999999999999996        1.6000000000000003       -20.449999999999999     
  -2.0999999999999996        1.7000000000000004       -21.530000000000001     
  -2.0999999999999996        1.8000000000000005       -22.650000000000002     
  -2.0999999999999996        1.9000000000000006       -23.810000000000002     
  -2.0999999999999996        2.0000000000000004       -25.010000000000002     
  -2.0999999999999996        2.1000000000000005       -26.250000000000004     
  -2.0999999999999996        2.2000000000000006       -27.530000000000001     
  -2.0999999999999996        2.3000000000000007       -28.850000000000009     
  -2.0999999999999996        2.4000000000000008       -30.210000000000008     
  -2.0999999999999996        2.5000000000000009       -31.610000000000007     
  -2.0999999999999996        2.6000000000000010       -33.050000000000011     
  -2.0999999999999996        2.7000000000000011       -34.530000000000015     
  -2.0999999999999996        2.8000000000000012       -36.050000000000011     
  -2.0999999999999996        2.9000000000000012       -37.610000000000014     
  -2.0999999999999996        3.0000000000000013       -39.210000000000022     
  -2.0999999999999996        3.1000000000000014       -40.850000000000023     
  -2.0999999999999996        3.2000000000000015       -42.530000000000022     
  -2.0999999999999996        3.3000000000000016       -44.250000000000021     
  -2.0999999999999996        3.4000000000000017       -46.010000000000019     

  -1.9999999999999996       -1.0000000000000000       -5.9999999999999982     
  -1.9999999999999996      -0.90000000000000002       -6.0199999999999987     
  -1.9999999999999996      -0.80000000000000004       -6.0799999999999983     
  -1.9999999999999996      -0.70000000000000007       -6.1799999999999979     
  -1.9999999999999996      -0.60000000000000009       -6.3199999999999985     
  -1.9999999999999996      -0.50000000000000011       -6.4999999999999973     
  -1.9999999999999996      -0.40000000000000013       -6.7199999999999971     
  -1.9999999999999996      -0.30000000000000016       -6.9799999999999978     
  -1.9999999999999996      -0.20000000000000015       -7.2799999999999976     
  -1.9999999999999996      -0.10000000000000014       -7.6199999999999974     
  -1.9999999999999996       -1.3877787807814457E-016  -7.9999999999999964     
  -1.9999999999999996        9.9999999999999867E-002  -8.4199999999999964     
  -1.9999999999999996       0.19999999999999987       -8.8799999999999972     
  -1.9999999999999996       0.29999999999999988       -9.3799999999999955     
  -1.9999999999999996       0.39999999999999991       -9.9199999999999964     
  -1.9999999999999996       0.49999999999999989       -10.499999999999996     
  -1.9999999999999996       0.59999999999999987       -11.119999999999996     
  -1.9999999999999996       0.69999999999999984       -11.779999999999998     
  -1.9999999999999996       0.79999999999999982       -12.479999999999995     
  -1.9999999999999996       0.89999999999999980       -13.219999999999995     
  -1.9999999999999996       0.99999999999999978       -13.999999999999996     
  -1.9999999999999996        1.0999999999999999       -14.819999999999997     
  -1.9999999999999996        1.2000000000000000       -15.679999999999996     
  -1.9999999999999996        1.3000000000000000       -16.579999999999998     
  -1.9999999999999996        1.4000000000000001       -17.519999999999996     
  -1.9999999999999996        1.5000000000000002       -18.500000000000000     
  -1.9999999999999996        1.6000000000000003       -19.520000000000000     
  -1.9999999999999996        1.7000000000000004       -20.579999999999998     
  -1.9999999999999996        1.8000000000000005       -21.680000000000000     
  -1.9999999999999996        1.9000000000000006       -22.820000000000000     
  -1.9999999999999996        2.0000000000000004       -24.000000000000000     
  -1.9999999999999996        2.1000000000000005       -25.220000000000002     
  -1.9999999999999996        2.2000000000000006       -26.480000000000004     
  -1.9999999999999996        2.3000000000000007       -27.780000000000001     
  -1.9999999999999996        2.4000000000000008       -29.120000000000012     
  -1.9999999999999996        2.5000000000000009       -30.500000000000007     
  -1.9999999999999996        2.6000000000000010       -31.920000000000009     
  -1.9999999999999996        2.7000000000000011       -33.380000000000010     
  -1.9999999999999996        2.8000000000000012       -34.880000000000017     
  -1.9999999999999996        2.9000000000000012       -36.420000000000016     
  -1.9999999999999996        3.0000000000000013       -38.000000000000014     
  -1.9999999999999996        3.1000000000000014       -39.620000000000019     
  -1.9999999999999996        3.2000000000000015       -41.280000000000015     
  -1.9999999999999996        3.3000000000000016       -42.980000000000025     
  -1.9999999999999996        3.4000000000000017       -44.720000000000027     

  -1.8999999999999995       -1.0000000000000000       -5.6099999999999977     
  -1.8999999999999995      -0.90000000000000002       -5.6099999999999977     
  -1.8999999999999995      -0.80000000000000004       -5.6499999999999977     
  -1.8999999999999995      -0.70000000000000007       -5.7299999999999978     
  -1.8999999999999995      -0.60000000000000009       -5.8499999999999979     
  -1.8999999999999995      -0.50000000000000011       -6.0099999999999971     
  -1.8999999999999995      -0.40000000000000013       -6.2099999999999973     
  -1.8999999999999995      -0.30000000000000016       -6.4499999999999966     
  -1.8999999999999995      -0.20000000000000015       -6.7299999999999969     
  -1.8999999999999995      -0.10000000000000014       -7.0499999999999972     
  -1.8999999999999995       -1.3877787807814457E-016  -7.4099999999999966     
  -1.8999999999999995        9.9999999999999867E-002  -7.8099999999999952     
  -1.8999999999999995       0.19999999999999987       -8.2499999999999964     
  -1.8999999999999995       0.29999999999999988       -8.7299999999999951     
  -1.8999999999999995       0.39999999999999991       -9.2499999999999964     
  -1.8999999999999995       0.49999999999999989       -9.8099999999999952     
  -1.8999999999999995       0.59999999999999987       -10.409999999999995     
  -1.8999999999999995       0.69999999999999984       -11.049999999999994     
  -1.8999999999999995       0.79999999999999982       -11.729999999999995     
  -1.8999999999999995       0.89999999999999980       -12.449999999999994     
  -1.8999999999999995       0.99999999999999978       -13.209999999999994     
  -1.8999999999999995        1.0999999999999999       -14.009999999999994     
  -1.8999999999999995        1.2000000000000000       -14.849999999999994     
  -1.8999999999999995        1.3000000000000000       -15.729999999999997     
  -1.8999999999999995        1.4000000000000001       -16.649999999999995     
  -1.8999999999999995        1.5000000000000002       -17.609999999999999     
  -1.8999999999999995        1.6000000000000003       -18.609999999999999     
  -1.8999999999999995        1.7000000000000004       -19.649999999999999     
  -1.8999999999999995        1.8000000000000005       -20.730000000000000     
  -1.8999999999999995        1.9000000000000006       -21.850000000000001     
  -1.8999999999999995        2.0000000000000004       -23.009999999999998     
  -1.8999999999999995        2.1000000000000005       -24.210000000000001     
  -1.8999999999999995        2.2000000000000006       -25.450000000000003     
  -1.8999999999999995        2.3000000000000007       -26.730000000000004     
  -1.8999999999999995        2.4000000000000008       -28.050000000000004     
  -1.8999999999999995        2.5000000000000009       -29.410000000000004     
  -1.8999999999999995        2.6000000000000010       -30.810000000000009     
  -1.8999999999999995        2.7000000000000011       -32.250000000000007     
  -1.8999999999999995        2.8000000000000012       -33.730000000000011     
  -1.8999999999999995        2.9000000000000012       -35.250000000000014     
  -1.8999999999999995        3.0000000000000013       -36.810000000000016     
  -1.8999999999999995        3.1000000000000014       -38.410000000000018     
  -1.8999999999999995        3.2000000000000015       -40.050000000000018     
  -1.8999999999999995        3.3000000000000016       -41.730000000000025     
  -1.8999999999999995        3.4000000000000017       -43.450000000000024     

  -1.7999999999999994       -1.0000000000000000       -5.2399999999999975     
  -1.7999999999999994      -0.90000000000000002       -5.2199999999999971     
  -1.7999999999999994      -0.80000000000000004       -5.2399999999999975     
  -1.7999999999999994      -0.70000000000000007       -5.2999999999999972     
  -1.7999999999999994      -0.60000000000000009       -5.3999999999999968     
  -1.7999999999999994      -0.50000000000000011       -5.5399999999999965     
  -1.7999999999999994      -0.40000000000000013       -5.7199999999999971     
  -1.7999999999999994      -0.30000000000000016       -5.9399999999999968     
  -1.7999999999999994      -0.20000000000000015       -6.1999999999999957     
  -1.7999999999999994      -0.10000000000000014       -6.4999999999999964     
  -1.7999999999999994       -1.3877787807814457E-016  -6.8399999999999963     
  -1.7999999999999994        9.9999999999999867E-002  -7.2199999999999953     
  -1.7999999999999994       0.19999999999999987       -7.6399999999999961     
  -1.7999999999999994       0.29999999999999988       -8.0999999999999961     
  -1.7999999999999994       0.39999999999999991       -8.5999999999999961     
  -1.7999999999999994       0.49999999999999989       -9.1399999999999952     
  -1.7999999999999994       0.59999999999999987       -9.7199999999999953     
  -1.7999999999999994       0.69999999999999984       -10.339999999999996     
  -1.7999999999999994       0.79999999999999982       -10.999999999999995     
  -1.7999999999999994       0.89999999999999980       -11.699999999999994     
  -1.7999999999999994       0.99999999999999978       -12.439999999999994     
  -1.7999999999999994        1.0999999999999999       -13.219999999999994     
  -1.7999999999999994        1.2000000000000000       -14.039999999999996     
  -1.7999999999999994        1.3000000000000000       -14.899999999999997     
  -1.7999999999999994        1.4000000000000001       -15.799999999999997     
  -1.7999999999999994        1.5000000000000002       -16.739999999999995     
  -1.7999999999999994        1.6000000000000003       -17.719999999999995     
  -1.7999999999999994        1.7000000000000004       -18.740000000000002     
  -1.7999999999999994        1.8000000000000005       -19.800000000000001     
  -1.7999999999999994        1.9000000000000006       -20.899999999999999     
  -1.7999999999999994        2.0000000000000004       -22.039999999999999     
  -1.7999999999999994        2.1000000000000005       -23.219999999999999     
  -1.7999999999999994        2.2000000000000006       -24.440000000000005     
  -1.7999999999999994        2.3000000000000007       -25.700000000000003     
  -1.7999999999999994        2.4000000000000008       -27.000000000000007     
  -1.7999999999999994        2.5000000000000009       -28.340000000000003     
  -1.7999999999999994        2.6000000000000010       -29.720000000000006     
  -1.7999999999999994        2.7000000000000011       -31.140000000000008     
  -1.7999999999999994        2.8000000000000012       -32.600000000000009     
  -1.7999999999999994        2.9000000000000012       -34.100000000000009     
  -1.7999999999999994        3.0000000000000013       -35.640000000000015     
  -1.7999999999999994        3.1000000000000014       -37.220000000000013     
  -1.7999999999999994        3.2000000000000015       -38.840000000000018     
  -1.7999999999999994        3.3000000000000016       -40.500000000000021     
  -1.7999999999999994        3.4000000000000017       -42.200000000000017     

  -1.6999999999999993       -1.0000000000000000       -4.8899999999999970     
  -1.6999999999999993      -0.90000000000000002       -4.8499999999999979     
  -1.6999999999999993      -0.80000000000000004       -4.8499999999999979     
  -1.6999999999999993      -0.70000000000000007       -4.8899999999999970     
  -1.6999999999999993      -0.60000000000000009       -4.9699999999999971     
  -1.6999999999999993      -0.50000000000000011       -5.0899999999999963     
  -1.6999999999999993      -0.40000000000000013       -5.2499999999999964     
  -1.6999999999999993      -0.30000000000000016       -5.4499999999999966     
  -1.6999999999999993      -0.20000000000000015       -5.6899999999999959     
  -1.6999999999999993      -0.10000000000000014       -5.9699999999999962     
  -1.6999999999999993       -1.3877787807814457E-016  -6.2899999999999956     
  -1.6999999999999993        9.9999999999999867E-002  -6.6499999999999950     
  -1.6999999999999993       0.19999999999999987       -7.0499999999999954     
  -1.6999999999999993       0.29999999999999988       -7.4899999999999949     
  -1.6999999999999993       0.39999999999999991       -7.9699999999999953     
  -1.6999999999999993       0.49999999999999989       -8.4899999999999949     
  -1.6999999999999993       0.59999999999999987       -9.0499999999999936     
  -1.6999999999999993       0.69999999999999984       -9.6499999999999950     
  -1.6999999999999993       0.79999999999999982       -10.289999999999994     
  -1.6999999999999993       0.89999999999999980       -10.969999999999994     
  -1.6999999999999993       0.99999999999999978       -11.689999999999994     
  -1.6999999999999993        1.0999999999999999       -12.449999999999994     
  -1.6999999999999993        1.2000000000000000       -13.249999999999993     
  -1.6999999999999993        1.3000000000000000       -14.089999999999995     
  -1.6999999999999993        1.4000000000000001       -14.969999999999995     
  -1.6999999999999993        1.5000000000000002       -15.889999999999995     
  -1.6999999999999993        1.6000000000000003       -16.849999999999994     
  -1.6999999999999993        1.7000000000000004       -17.849999999999998     
  -1.6999999999999993        1.8000000000000005       -18.889999999999997     
  -1.6999999999999993        1.9000000000000006       -19.969999999999999     
  -1.6999999999999993        2.0000000000000004       -21.089999999999996     
  -1.6999999999999993        2.1000000000000005       -22.250000000000000     
  -1.6999999999999993        2.2000000000000006       -23.449999999999999     
  -1.6999999999999993        2.3000000000000007       -24.690000000000005     
  -1.6999999999999993        2.4000000000000008       -25.970000000000006     
  -1.6999999999999993        2.5000000000000009       -27.290000000000006     
  -1.6999999999999993        2.6000000000000010       -28.650000000000006     
  -1.6999999999999993        2.7000000000000011       -30.050000000000004     
  -1.6999999999999993        2.8000000000000012       -31.490000000000009     
  -1.6999999999999993        2.9000000000000012       -32.970000000000013     
  -1.6999999999999993        3.0000000000000013       -34.490000000000016     
  -1.6999999999999993        3.1000000000000014       -36.050000000000011     
  -1.6999999999999993        3.2000000000000015       -37.650000000000020     
  -1.6999999999999993        3.3000000000000016       -39.290000000000020     
  -1.6999999999999993        3.4000000000000017       -40.970000000000020     

  -1.5999999999999992       -1.0000000000000000       -4.5599999999999969     
  -1.5999999999999992      -0.90000000000000002       -4.4999999999999973     
  -1.5999999999999992      -0.80000000000000004       -4.4799999999999969     
  -1.5999999999999992      -0.70000000000000007       -4.4999999999999973     
  -1.5999999999999992      -0.60000000000000009       -4.5599999999999969     
  -1.5999999999999992      -0.50000000000000011       -4.6599999999999966     
  -1.5999999999999992      -0.40000000000000013       -4.7999999999999963     
  -1.5999999999999992      -0.30000000000000016       -4.9799999999999960     
  -1.5999999999999992      -0.20000000000000015       -5.1999999999999957     
  -1.5999999999999992      -0.10000000000000014       -5.4599999999999964     
  -1.5999999999999992       -1.3877787807814457E-016  -5.7599999999999953     
  -1.5999999999999992        9.9999999999999867E-002  -6.0999999999999943     
  -1.5999999999999992       0.19999999999999987       -6.4799999999999951     
  -1.5999999999999992       0.29999999999999988       -6.8999999999999950     
  -1.5999999999999992       0.39999999999999991       -7.3599999999999959     
  -1.5999999999999992       0.49999999999999989       -7.8599999999999941     
  -1.5999999999999992       0.59999999999999987       -8.3999999999999932     
  -1.5999999999999992       0.69999999999999984       -8.9799999999999933     
  -1.5999999999999992       0.79999999999999982       -9.5999999999999925     
  -1.5999999999999992       0.89999999999999980       -10.259999999999993     
  -1.5999999999999992       0.99999999999999978       -10.959999999999994     
  -1.5999999999999992        1.0999999999999999       -11.699999999999994     
  -1.5999999999999992        1.2000000000000000       -12.479999999999993     
  -1.5999999999999992        1.3000000000000000       -13.299999999999995     
  -1.5999999999999992        1.4000000000000001       -14.159999999999993     
  -1.5999999999999992        1.5000000000000002       -15.059999999999995     
  -1.5999999999999992        1.6000000000000003       -15.999999999999996     
  -1.5999999999999992        1.7000000000000004       -16.979999999999997     
  -1.5999999999999992        1.8000000000000005       -17.999999999999996     
  -1.5999999999999992        1.9000000000000006       -19.059999999999999     
  -1.5999999999999992        2.0000000000000004       -20.159999999999997     
  -1.5999999999999992        2.1000000000000005       -21.299999999999997     
  -1.5999999999999992        2.2000000000000006       -22.479999999999997     
  -1.5999999999999992        2.3000000000000007       -23.700000000000003     
  -1.5999999999999992        2.4000000000000008       -24.960000000000001     
  -1.5999999999999992        2.5000000000000009       -26.260000000000005     
  -1.5999999999999992        2.6000000000000010       -27.600000000000001     
  -1.5999999999999992        2.7000000000000011       -28.980000000000004     
  -1.5999999999999992        2.8000000000000012       -30.400000000000006     
  -1.5999999999999992        2.9000000000000012       -31.860000000000007     
  -1.5999999999999992        3.0000000000000013       -33.360000000000014     
  -1.5999999999999992        3.1000000000000014       -34.900000000000013     
  -1.5999999999999992        3.2000000000000015       -36.480000000000011     
  -1.5999999999999992        3.3000000000000016       -38.100000000000023     
  -1.5999999999999992        3.4000000000000017       -39.760000000000019     

  -1.4999999999999991       -1.0000000000000000       -4.2499999999999973     
  -1.4999999999999991      -0.90000000000000002       -4.1699999999999973     
  -1.4999999999999991      -0.80000000000000004       -4.1299999999999972     
  -1.4999999999999991      -0.70000000000000007       -4.1299999999999972     
  -1.4999999999999991      -0.60000000000000009       -4.1699999999999964     
  -1.4999999999999991      -0.50000000000000011       -4.2499999999999964     
  -1.4999999999999991      -0.40000000000000013       -4.3699999999999957     
  -1.4999999999999991      -0.30000000000000016       -4.5299999999999967     
  -1.4999999999999991      -0.20000000000000015       -4.7299999999999951     
  -1.4999999999999991      -0.10000000000000014       -4.9699999999999962     
  -1.4999999999999991       -1.3877787807814457E-016  -5.2499999999999947     
  -1.4999999999999991        9.9999999999999867E-002  -5.5699999999999950     
  -1.4999999999999991       0.19999999999999987       -5.9299999999999944     
  -1.4999999999999991       0.29999999999999988       -6.3299999999999947     
  -1.4999999999999991       0.39999999999999991       -6.7699999999999942     
  -1.4999999999999991       0.49999999999999989       -7.2499999999999947     
  -1.4999999999999991       0.59999999999999987       -7.7699999999999942     
  -1.4999999999999991       0.69999999999999984       -8.3299999999999930     
  -1.4999999999999991       0.79999999999999982       -8.9299999999999926     
  -1.4999999999999991       0.89999999999999980       -9.5699999999999932     
  -1.4999999999999991       0.99999999999999978       -10.249999999999993     
  -1.4999999999999991        1.0999999999999999       -10.969999999999994     
  -1.4999999999999991        1.2000000000000000       -11.729999999999993     
  -1.4999999999999991        1.3000000000000000       -12.529999999999994     
  -1.4999999999999991        1.4000000000000001       -13.369999999999994     
  -1.4999999999999991        1.5000000000000002       -14.249999999999995     
  -1.4999999999999991        1.6000000000000003       -15.169999999999995     
  -1.4999999999999991        1.7000000000000004       -16.129999999999995     
  -1.4999999999999991        1.8000000000000005       -17.129999999999999     
  -1.4999999999999991        1.9000000000000006       -18.169999999999995     
  -1.4999999999999991        2.0000000000000004       -19.249999999999996     
  -1.4999999999999991        2.1000000000000005       -20.369999999999997     
  -1.4999999999999991        2.2000000000000006       -21.530000000000001     
  -1.4999999999999991        2.3000000000000007       -22.729999999999997     
  -1.4999999999999991        2.4000000000000008       -23.969999999999999     
  -1.4999999999999991        2.5000000000000009       -25.250000000000000     
  -1.4999999999999991        2.6000000000000010       -26.570000000000004     
  -1.4999999999999991        2.7000000000000011       -27.930000000000007     
  -1.4999999999999991        2.8000000000000012       -29.330000000000005     
  -1.4999999999999991        2.9000000000000012       -30.770000000000010     
  -1.4999999999999991        3.0000000000000013       -32.250000000000014     
  -1.4999999999999991        3.1000000000000014       -33.770000000000010     
  -1.4999999999999991        3.2000000000000015       -35.330000000000013     
  -1.4999999999999991        3.3000000000000016       -36.930000000000021     
  -1.4999999999999991        3.4000000000000017       -38.570000000000022     

  -1.3999999999999990       -1.0000000000000000       -3.9599999999999973     
  -1.3999999999999990      -0.90000000000000002       -3.8599999999999972     
  -1.3999999999999990      -0.80000000000000004       -3.7999999999999972     
  -1.3999999999999990      -0.70000000000000007       -3.7799999999999967     
  -1.3999999999999990      -0.60000000000000009       -3.7999999999999967     
  -1.3999999999999990      -0.50000000000000011       -3.8599999999999959     
  -1.3999999999999990      -0.40000000000000013       -3.9599999999999960     
  -1.3999999999999990      -0.30000000000000016       -4.0999999999999961     
  -1.3999999999999990      -0.20000000000000015       -4.2799999999999958     
  -1.3999999999999990      -0.10000000000000014       -4.4999999999999956     
  -1.3999999999999990       -1.3877787807814457E-016  -4.7599999999999945     
  -1.3999999999999990        9.9999999999999867E-002  -5.0599999999999943     
  -1.3999999999999990       0.19999999999999987       -5.3999999999999950     
  -1.3999999999999990       0.29999999999999988       -5.7799999999999940     
  -1.3999999999999990       0.39999999999999991       -6.1999999999999940     
  -1.3999999999999990       0.49999999999999989       -6.6599999999999939     
  -1.3999999999999990       0.59999999999999987       -7.1599999999999939     
  -1.3999999999999990       0.69999999999999984       -7.6999999999999931     
  -1.3999999999999990       0.79999999999999982       -8.2799999999999923     
  -1.3999999999999990       0.89999999999999980       -8.8999999999999915     
  -1.3999999999999990       0.99999999999999978       -9.5599999999999916     
  -1.3999999999999990        1.0999999999999999       -10.259999999999993     
  -1.3999999999999990        1.2000000000000000       -10.999999999999993     
  -1.3999999999999990        1.3000000000000000       -11.779999999999994     
  -1.3999999999999990        1.4000000000000001       -12.599999999999994     
  -1.3999999999999990        1.5000000000000002       -13.459999999999996     
  -1.3999999999999990        1.6000000000000003       -14.359999999999996     
  -1.3999999999999990        1.7000000000000004       -15.299999999999995     
  -1.3999999999999990        1.8000000000000005       -16.279999999999998     
  -1.3999999999999990        1.9000000000000006       -17.299999999999997     
  -1.3999999999999990        2.0000000000000004       -18.359999999999996     
  -1.3999999999999990        2.1000000000000005       -19.459999999999997     
  -1.3999999999999990        2.2000000000000006       -20.599999999999998     
  -1.3999999999999990        2.3000000000000007       -21.780000000000001     
  -1.3999999999999990        2.4000000000000008       -23.000000000000000     
  -1.3999999999999990        2.5000000000000009       -24.260000000000002     
  -1.3999999999999990        2.6000000000000010       -25.560000000000002     
  -1.3999999999999990        2.7000000000000011       -26.900000000000006     
  -1.3999999999999990        2.8000000000000012       -28.280000000000008     
  -1.3999999999999990        2.9000000000000012       -29.700000000000006     
  -1.3999999999999990        3.0000000000000013       -31.160000000000011     
  -1.3999999999999990        3.1000000000000014       -32.660000000000011     
  -1.3999999999999990        3.2000000000000015       -34.200000000000010     
  -1.3999999999999990        3.3000000000000016       -35.780000000000015     
  -1.3999999999999990        3.4000000000000017       -37.400000000000020     

  -1.2999999999999989       -1.0000000000000000       -3.6899999999999973     
  -1.2999999999999989      -0.90000000000000002       -3.5699999999999972     
  -1.2999999999999989      -0.80000000000000004       -3.4899999999999971     
  -1.2999999999999989      -0.70000000000000007       -3.4499999999999966     
  -1.2999999999999989      -0.60000000000000009       -3.4499999999999962     
  -1.2999999999999989      -0.50000000000000011       -3.4899999999999958     
  -1.2999999999999989      -0.40000000000000013       -3.5699999999999958     
  -1.2999999999999989      -0.30000000000000016       -3.6899999999999955     
  -1.2999999999999989      -0.20000000000000015       -3.8499999999999952     
  -1.2999999999999989      -0.10000000000000014       -4.0499999999999954     
  -1.2999999999999989       -1.3877787807814457E-016  -4.2899999999999947     
  -1.2999999999999989        9.9999999999999867E-002  -4.5699999999999941     
  -1.2999999999999989       0.19999999999999987       -4.8899999999999944     
  -1.2999999999999989       0.29999999999999988       -5.2499999999999938     
  -1.2999999999999989       0.39999999999999991       -5.6499999999999950     
  -1.2999999999999989       0.49999999999999989       -6.0899999999999945     
  -1.2999999999999989       0.59999999999999987       -6.5699999999999941     
  -1.2999999999999989       0.69999999999999984       -7.0899999999999936     
  -1.2999999999999989       0.79999999999999982       -7.6499999999999932     
  -1.2999999999999989       0.89999999999999980       -8.2499999999999929     
  -1.2999999999999989       0.99999999999999978       -8.8899999999999935     
  -1.2999999999999989        1.0999999999999999       -9.5699999999999932     
  -1.2999999999999989        1.2000000000000000       -10.289999999999992     
  -1.2999999999999989        1.3000000000000000       -11.049999999999994     
  -1.2999999999999989        1.4000000000000001       -11.849999999999994     
  -1.2999999999999989        1.5000000000000002       -12.689999999999994     
  -1.2999999999999989        1.6000000000000003       -13.569999999999993     
  -1.2999999999999989        1.7000000000000004       -14.489999999999995     
  -1.2999999999999989        1.8000000000000005       -15.449999999999996     
  -1.2999999999999989        1.9000000000000006       -16.449999999999996     
  -1.2999999999999989        2.0000000000000004       -17.489999999999995     
  -1.2999999999999989        2.1000000000000005       -18.569999999999997     
  -1.2999999999999989        2.2000000000000006       -19.689999999999998     
  -1.2999999999999989        2.3000000000000007       -20.850000000000001     
  -1.2999999999999989        2.4000000000000008       -22.050000000000001     
  -1.2999999999999989        2.5000000000000009       -23.289999999999999     
  -1.2999999999999989        2.6000000000000010       -24.570000000000004     
  -1.2999999999999989        2.7000000000000011       -25.890000000000001     
  -1.2999999999999989        2.8000000000000012       -27.250000000000007     
  -1.2999999999999989        2.9000000000000012       -28.650000000000006     
  -1.2999999999999989        3.0000000000000013       -30.090000000000011     
  -1.2999999999999989        3.1000000000000014       -31.570000000000007     
  -1.2999999999999989        3.2000000000000015       -33.090000000000011     
  -1.2999999999999989        3.3000000000000016       -34.650000000000013     
  -1.2999999999999989        3.4000000000000017       -36.250000000000014     

  -1.1999999999999988       -1.0000000000000000       -3.4399999999999973     
  -1.1999999999999988      -0.90000000000000002       -3.2999999999999972     
  -1.1999999999999988      -0.80000000000000004       -3.1999999999999971     
  -1.1999999999999988      -0.70000000000000007       -3.1399999999999970     
  -1.1999999999999988      -0.60000000000000009       -3.1199999999999961     
  -1.1999999999999988      -0.50000000000000011       -3.1399999999999961     
  -1.1999999999999988      -0.40000000000000013       -3.1999999999999957     
  -1.1999999999999988      -0.30000000000000016       -3.2999999999999954     
  -1.1999999999999988      -0.20000000000000015       -3.4399999999999951     
  -1.1999999999999988      -0.10000000000000014       -3.6199999999999948     
  -1.1999999999999988       -1.3877787807814457E-016  -3.8399999999999945     
  -1.1999999999999988        9.9999999999999867E-002  -4.0999999999999943     
  -1.1999999999999988       0.19999999999999987       -4.3999999999999941     
  -1.1999999999999988       0.29999999999999988       -4.7399999999999931     
  -1.1999999999999988       0.39999999999999991       -5.1199999999999939     
  -1.1999999999999988       0.49999999999999989       -5.5399999999999938     
  -1.1999999999999988       0.59999999999999987       -5.9999999999999938     
  -1.1999999999999988       0.69999999999999984       -6.4999999999999920     
  -1.1999999999999988       0.79999999999999982       -7.0399999999999920     
  -1.1999999999999988       0.89999999999999980       -7.6199999999999921     
  -1.1999999999999988       0.99999999999999978       -8.2399999999999913     
  -1.1999999999999988        1.0999999999999999       -8.8999999999999915     
  -1.1999999999999988        1.2000000000000000       -9.5999999999999908     
  -1.1999999999999988        1.3000000000000000       -10.339999999999993     
  -1.1999999999999988        1.4000000000000001       -11.119999999999994     
  -1.1999999999999988        1.5000000000000002       -11.939999999999994     
  -1.1999999999999988        1.6000000000000003       -12.799999999999994     
  -1.1999999999999988        1.7000000000000004       -13.699999999999996     
  -1.1999999999999988        1.8000000000000005       -14.639999999999993     
  -1.1999999999999988        1.9000000000000006       -15.619999999999996     
  -1.1999999999999988        2.0000000000000004       -16.639999999999993     
  -1.1999999999999988        2.1000000000000005       -17.699999999999996     
  -1.1999999999999988        2.2000000000000006       -18.799999999999997     
  -1.1999999999999988        2.3000000000000007       -19.939999999999998     
  -1.1999999999999988        2.4000000000000008       -21.119999999999997     
  -1.1999999999999988        2.5000000000000009       -22.340000000000003     
  -1.1999999999999988        2.6000000000000010       -23.600000000000001     
  -1.1999999999999988        2.7000000000000011       -24.900000000000002     
  -1.1999999999999988        2.8000000000000012       -26.240000000000002     
  -1.1999999999999988        2.9000000000000012       -27.620000000000005     
  -1.1999999999999988        3.0000000000000013       -29.040000000000010     
  -1.1999999999999988        3.1000000000000014       -30.500000000000007     
  -1.1999999999999988        3.2000000000000015       -32.000000000000014     
  -1.1999999999999988        3.3000000000000016       -33.540000000000013     
  -1.1999999999999988        3.4000000000000017       -35.120000000000019     

  -1.0999999999999988       -1.0000000000000000       -3.2099999999999973     
  -1.0999999999999988      -0.90000000000000002       -3.0499999999999972     
  -1.0999999999999988      -0.80000000000000004       -2.9299999999999971     
  -1.0999999999999988      -0.70000000000000007       -2.8499999999999965     
  -1.0999999999999988      -0.60000000000000009       -2.8099999999999965     
  -1.0999999999999988      -0.50000000000000011       -2.8099999999999961     
  -1.0999999999999988      -0.40000000000000013       -2.8499999999999956     
  -1.0999999999999988      -0.30000000000000016       -2.9299999999999953     
  -1.0999999999999988      -0.20000000000000015       -3.0499999999999949     
  -1.0999999999999988      -0.10000000000000014       -3.2099999999999951     
  -1.0999999999999988       -1.3877787807814457E-016  -3.4099999999999944     
  -1.0999999999999988        9.9999999999999867E-002  -3.6499999999999941     
  -1.0999999999999988       0.19999999999999987       -3.9299999999999939     
  -1.0999999999999988       0.29999999999999988       -4.2499999999999938     
  -1.0999999999999988       0.39999999999999991       -4.6099999999999941     
  -1.0999999999999988       0.49999999999999989       -5.0099999999999936     
  -1.0999999999999988       0.59999999999999987       -5.4499999999999931     
  -1.0999999999999988       0.69999999999999984       -5.9299999999999917     
  -1.0999999999999988       0.79999999999999982       -6.4499999999999922     
  -1.0999999999999988       0.89999999999999980       -7.0099999999999909     
  -1.0999999999999988       0.99999999999999978       -7.6099999999999914     
  -1.0999999999999988        1.0999999999999999       -8.2499999999999911     
  -1.0999999999999988        1.2000000000000000       -8.9299999999999926     
  -1.0999999999999988        1.3000000000000000       -9.6499999999999915     
  -1.0999999999999988        1.4000000000000001       -10.409999999999993     
  -1.0999999999999988        1.5000000000000002       -11.209999999999994     
  -1.0999999999999988        1.6000000000000003       -12.049999999999994     
  -1.0999999999999988        1.7000000000000004       -12.929999999999994     
  -1.0999999999999988        1.8000000000000005       -13.849999999999994     
  -1.0999999999999988        1.9000000000000006       -14.809999999999995     
  -1.0999999999999988        2.0000000000000004       -15.809999999999995     
  -1.0999999999999988        2.1000000000000005       -16.849999999999994     
  -1.0999999999999988        2.2000000000000006       -17.929999999999996     
  -1.0999999999999988        2.3000000000000007       -19.049999999999997     
  -1.0999999999999988        2.4000000000000008       -20.210000000000001     
  -1.0999999999999988        2.5000000000000009       -21.409999999999997     
  -1.0999999999999988        2.6000000000000010       -22.649999999999999     
  -1.0999999999999988        2.7000000000000011       -23.930000000000000     
  -1.0999999999999988        2.8000000000000012       -25.250000000000000     
  -1.0999999999999988        2.9000000000000012       -26.610000000000007     
  -1.0999999999999988        3.0000000000000013       -28.010000000000009     
  -1.0999999999999988        3.1000000000000014       -29.450000000000006     
  -1.0999999999999988        3.2000000000000015       -30.930000000000007     
  -1.0999999999999988        3.3000000000000016       -32.450000000000017     
  -1.0999999999999988        3.4000000000000017       -34.010000000000012     

 -0.99999999999999878       -1.0000000000000000       -2.9999999999999973     
 -0.99999999999999878      -0.90000000000000002       -2.8199999999999976     
 -0.99999999999999878      -0.80000000000000004       -2.6799999999999971     
 -0.99999999999999878      -0.70000000000000007       -2.5799999999999970     
 -0.99999999999999878      -0.60000000000000009       -2.5199999999999969     
 -0.99999999999999878      -0.50000000000000011       -2.4999999999999964     
 -0.99999999999999878      -0.40000000000000013       -2.5199999999999960     
 -0.99999999999999878      -0.30000000000000016       -2.5799999999999961     
 -0.99999999999999878      -0.20000000000000015       -2.6799999999999953     
 -0.99999999999999878      -0.10000000000000014       -2.8199999999999954     
 -0.99999999999999878       -1.3877787807814457E-016  -2.9999999999999947     
 -0.99999999999999878        9.9999999999999867E-002  -3.2199999999999949     
 -0.99999999999999878       0.19999999999999987       -3.4799999999999942     
 -0.99999999999999878       0.29999999999999988       -3.7799999999999940     
 -0.99999999999999878       0.39999999999999991       -4.1199999999999939     
 -0.99999999999999878       0.49999999999999989       -4.4999999999999938     
 -0.99999999999999878       0.59999999999999987       -4.9199999999999928     
 -0.99999999999999878       0.69999999999999984       -5.3799999999999928     
 -0.99999999999999878       0.79999999999999982       -5.8799999999999919     
 -0.99999999999999878       0.89999999999999980       -6.4199999999999919     
 -0.99999999999999878       0.99999999999999978       -6.9999999999999911     
 -0.99999999999999878        1.0999999999999999       -7.6199999999999921     
 -0.99999999999999878        1.2000000000000000       -8.2799999999999905     
 -0.99999999999999878        1.3000000000000000       -8.9799999999999915     
 -0.99999999999999878        1.4000000000000001       -9.7199999999999918     
 -0.99999999999999878        1.5000000000000002       -10.499999999999993     
 -0.99999999999999878        1.6000000000000003       -11.319999999999993     
 -0.99999999999999878        1.7000000000000004       -12.179999999999994     
 -0.99999999999999878        1.8000000000000005       -13.079999999999995     
 -0.99999999999999878        1.9000000000000006       -14.019999999999996     
 -0.99999999999999878        2.0000000000000004       -14.999999999999995     
 -0.99999999999999878        2.1000000000000005       -16.019999999999996     
 -0.99999999999999878        2.2000000000000006       -17.079999999999995     
 -0.99999999999999878        2.3000000000000007       -18.180000000000000     
 -0.99999999999999878        2.4000000000000008       -19.320000000000000     
 -0.99999999999999878        2.5000000000000009       -20.500000000000000     
 -0.99999999999999878        2.6000000000000010       -21.719999999999999     
 -0.99999999999999878        2.7000000000000011       -22.980000000000004     
 -0.99999999999999878        2.8000000000000012       -24.280000000000001     
 -0.99999999999999878        2.9000000000000012       -25.620000000000005     
 -0.99999999999999878        3.0000000000000013       -27.000000000000007     
 -0.99999999999999878        3.1000000000000014       -28.420000000000009     
 -0.99999999999999878        3.2000000000000015       -29.880000000000010     
 -0.99999999999999878        3.3000000000000016       -31.380000000000013     
 -0.99999999999999878        3.4000000000000017       -32.920000000000016     

 -0.89999999999999880       -1.0000000000000000       -2.8099999999999978     
 -0.89999999999999880      -0.90000000000000002       -2.6099999999999977     
 -0.89999999999999880      -0.80000000000000004       -2.4499999999999975     
 -0.89999999999999880      -0.70000000000000007       -2.3299999999999974     
 -0.89999999999999880      -0.60000000000000009       -2.2499999999999969     
 -0.89999999999999880      -0.50000000000000011       -2.2099999999999964     
 -0.89999999999999880      -0.40000000000000013       -2.2099999999999964     
 -0.89999999999999880      -0.30000000000000016       -2.2499999999999960     
 -0.89999999999999880      -0.20000000000000015       -2.3299999999999956     
 -0.89999999999999880      -0.10000000000000014       -2.4499999999999953     
 -0.89999999999999880       -1.3877787807814457E-016  -2.6099999999999950     
 -0.89999999999999880        9.9999999999999867E-002  -2.8099999999999947     
 -0.89999999999999880       0.19999999999999987       -3.0499999999999949     
 -0.89999999999999880       0.29999999999999988       -3.3299999999999943     
 -0.89999999999999880       0.39999999999999991       -3.6499999999999941     
 -0.89999999999999880       0.49999999999999989       -4.0099999999999936     
 -0.89999999999999880       0.59999999999999987       -4.4099999999999930     
 -0.89999999999999880       0.69999999999999984       -4.8499999999999925     
 -0.89999999999999880       0.79999999999999982       -5.3299999999999930     
 -0.89999999999999880       0.89999999999999980       -5.8499999999999925     
 -0.89999999999999880       0.99999999999999978       -6.4099999999999921     
 -0.89999999999999880        1.0999999999999999       -7.0099999999999927     
 -0.89999999999999880        1.2000000000000000       -7.6499999999999924     
 -0.89999999999999880        1.3000000000000000       -8.3299999999999930     
 -0.89999999999999880        1.4000000000000001       -9.0499999999999936     
 -0.89999999999999880        1.5000000000000002       -9.8099999999999952     
 -0.89999999999999880        1.6000000000000003       -10.609999999999994     
 -0.89999999999999880        1.7000000000000004       -11.449999999999996     
 -0.89999999999999880        1.8000000000000005       -12.329999999999995     
 -0.89999999999999880        1.9000000000000006       -13.249999999999996     
 -0.89999999999999880        2.0000000000000004       -14.209999999999994     
 -0.89999999999999880        2.1000000000000005       -15.209999999999994     
 -0.89999999999999880        2.2000000000000006       -16.249999999999996     
 -0.89999999999999880        2.3000000000000007       -17.329999999999998     
 -0.89999999999999880        2.4000000000000008       -18.449999999999999     
 -0.89999999999999880        2.5000000000000009       -19.609999999999999     
 -0.89999999999999880        2.6000000000000010       -20.810000000000002     
 -0.89999999999999880        2.7000000000000011       -22.050000000000001     
 -0.89999999999999880        2.8000000000000012       -23.330000000000002     
 -0.89999999999999880        2.9000000000000012       -24.650000000000006     
 -0.89999999999999880        3.0000000000000013       -26.010000000000009     
 -0.89999999999999880        3.1000000000000014       -27.410000000000007     
 -0.89999999999999880        3.2000000000000015       -28.850000000000009     
 -0.89999999999999880        3.3000000000000016       -30.330000000000013     
 -0.89999999999999880        3.4000000000000017       -31.850000000000012     

 -0.79999999999999882       -1.0000000000000000       -2.6399999999999979     
 -0.79999999999999882      -0.90000000000000002       -2.4199999999999982     
 -0.79999999999999882      -0.80000000000000004       -2.2399999999999975     
 -0.79999999999999882      -0.70000000000000007       -2.0999999999999974     
 -0.79999999999999882      -0.60000000000000009       -1.9999999999999973     
 -0.79999999999999882      -0.50000000000000011       -1.9399999999999971     
 -0.79999999999999882      -0.40000000000000013       -1.9199999999999968     
 -0.79999999999999882      -0.30000000000000016       -1.9399999999999964     
 -0.79999999999999882      -0.20000000000000015       -1.9999999999999960     
 -0.79999999999999882      -0.10000000000000014       -2.0999999999999956     
 -0.79999999999999882       -1.3877787807814457E-016  -2.2399999999999958     
 -0.79999999999999882        9.9999999999999867E-002  -2.4199999999999950     
 -0.79999999999999882       0.19999999999999987       -2.6399999999999952     
 -0.79999999999999882       0.29999999999999988       -2.8999999999999941     
 -0.79999999999999882       0.39999999999999991       -3.1999999999999944     
 -0.79999999999999882       0.49999999999999989       -3.5399999999999947     
 -0.79999999999999882       0.59999999999999987       -3.9199999999999937     
 -0.79999999999999882       0.69999999999999984       -4.3399999999999936     
 -0.79999999999999882       0.79999999999999982       -4.7999999999999927     
 -0.79999999999999882       0.89999999999999980       -5.2999999999999927     
 -0.79999999999999882       0.99999999999999978       -5.8399999999999919     
 -0.79999999999999882        1.0999999999999999       -6.4199999999999928     
 -0.79999999999999882        1.2000000000000000       -7.0399999999999929     
 -0.79999999999999882        1.3000000000000000       -7.6999999999999922     
 -0.79999999999999882        1.4000000000000001       -8.3999999999999932     
 -0.79999999999999882        1.5000000000000002       -9.1399999999999935     
 -0.79999999999999882        1.6000000000000003       -9.9199999999999946     
 -0.79999999999999882        1.7000000000000004       -10.739999999999995     
 -0.79999999999999882        1.8000000000000005       -11.599999999999994     
 -0.79999999999999882        1.9000000000000006       -12.499999999999996     
 -0.79999999999999882        2.0000000000000004       -13.439999999999994     
 -0.79999999999999882        2.1000000000000005       -14.419999999999995     
 -0.79999999999999882        2.2000000000000006       -15.439999999999998     
 -0.79999999999999882        2.3000000000000007       -16.500000000000000     
 -0.79999999999999882        2.4000000000000008       -17.600000000000001     
 -0.79999999999999882        2.5000000000000009       -18.740000000000002     
 -0.79999999999999882        2.6000000000000010       -19.920000000000002     
 -0.79999999999999882        2.7000000000000011       -21.140000000000001     
 -0.79999999999999882        2.8000000000000012       -22.400000000000002     
 -0.79999999999999882        2.9000000000000012       -23.700000000000006     
 -0.79999999999999882        3.0000000000000013       -25.040000000000010     
 -0.79999999999999882        3.1000000000000014       -26.420000000000009     
 -0.79999999999999882        3.2000000000000015       -27.840000000000011     
 -0.79999999999999882        3.3000000000000016       -29.300000000000011     
 -0.79999999999999882        3.4000000000000017       -30.800000000000011     

 -0.69999999999999885       -1.0000000000000000       -2.4899999999999984     
 -0.69999999999999885      -0.90000000000000002       -2.2499999999999982     
 -0.69999999999999885      -0.80000000000000004       -2.0499999999999980     
 -0.69999999999999885      -0.70000000000000007       -1.8899999999999979     
 -0.69999999999999885      -0.60000000000000009       -1.7699999999999976     
 -0.69999999999999885      -0.50000000000000011       -1.6899999999999973     
 -0.69999999999999885      -0.40000000000000013       -1.6499999999999970     
 -0.69999999999999885      -0.30000000000000016       -1.6499999999999968     
 -0.69999999999999885      -0.20000000000000015       -1.6899999999999964     
 -0.69999999999999885      -0.10000000000000014       -1.7699999999999962     
 -0.69999999999999885       -1.3877787807814457E-016  -1.8899999999999959     
 -0.69999999999999885        9.9999999999999867E-002  -2.0499999999999958     
 -0.69999999999999885       0.19999999999999987       -2.2499999999999956     
 -0.69999999999999885       0.29999999999999988       -2.4899999999999949     
 -0.69999999999999885       0.39999999999999991       -2.7699999999999947     
 -0.69999999999999885       0.49999999999999989       -3.0899999999999945     
 -0.69999999999999885       0.59999999999999987       -3.4499999999999944     
 -0.69999999999999885       0.69999999999999984       -3.8499999999999939     
 -0.69999999999999885       0.79999999999999982       -4.2899999999999938     
 -0.69999999999999885       0.89999999999999980       -4.7699999999999925     
 -0.69999999999999885       0.99999999999999978       -5.2899999999999929     
 -0.69999999999999885        1.0999999999999999       -5.8499999999999925     
 -0.69999999999999885        1.2000000000000000       -6.4499999999999931     
 -0.69999999999999885        1.3000000000000000       -7.0899999999999928     
 -0.69999999999999885        1.4000000000000001       -7.7699999999999942     
 -0.69999999999999885        1.5000000000000002       -8.4899999999999949     
 -0.69999999999999885        1.6000000000000003       -9.2499999999999947     
 -0.69999999999999885        1.7000000000000004       -10.049999999999995     
 -0.69999999999999885        1.8000000000000005       -10.889999999999995     
 -0.69999999999999885        1.9000000000000006       -11.769999999999996     
 -0.69999999999999885        2.0000000000000004       -12.689999999999996     
 -0.69999999999999885        2.1000000000000005       -13.649999999999995     
 -0.69999999999999885        2.2000000000000006       -14.649999999999997     
 -0.69999999999999885        2.3000000000000007       -15.690000000000000     
 -0.69999999999999885        2.4000000000000008       -16.770000000000000     
 -0.69999999999999885        2.5000000000000009       -17.890000000000001     
 -0.69999999999999885        2.6000000000000010       -19.050000000000001     
 -0.69999999999999885        2.7000000000000011       -20.250000000000000     
 -0.69999999999999885        2.8000000000000012       -21.490000000000002     
 -0.69999999999999885        2.9000000000000012       -22.770000000000007     
 -0.69999999999999885        3.0000000000000013       -24.090000000000011     
 -0.69999999999999885        3.1000000000000014       -25.450000000000006     
 -0.69999999999999885        3.2000000000000015       -26.850000000000009     
 -0.69999999999999885        3.3000000000000016       -28.290000000000013     
 -0.69999999999999885        3.4000000000000017       -29.770000000000014     

 -0.59999999999999887       -1.0000000000000000       -2.3599999999999985     
 -0.59999999999999887      -0.90000000000000002       -2.0999999999999983     
 -0.59999999999999887      -0.80000000000000004       -1.8799999999999986     
 -0.59999999999999887      -0.70000000000000007       -1.6999999999999980     
 -0.59999999999999887      -0.60000000000000009       -1.5599999999999978     
 -0.59999999999999887      -0.50000000000000011       -1.4599999999999977     
 -0.59999999999999887      -0.40000000000000013       -1.3999999999999972     
 -0.59999999999999887      -0.30000000000000016       -1.3799999999999972     
 -0.59999999999999887      -0.20000000000000015       -1.3999999999999968     
 -0.59999999999999887      -0.10000000000000014       -1.4599999999999964     
 -0.59999999999999887       -1.3877787807814457E-016  -1.5599999999999961     
 -0.59999999999999887        9.9999999999999867E-002  -1.6999999999999962     
 -0.59999999999999887       0.19999999999999987       -1.8799999999999957     
 -0.59999999999999887       0.29999999999999988       -2.0999999999999952     
 -0.59999999999999887       0.39999999999999991       -2.3599999999999950     
 -0.59999999999999887       0.49999999999999989       -2.6599999999999948     
 -0.59999999999999887       0.59999999999999987       -2.9999999999999947     
 -0.59999999999999887       0.69999999999999984       -3.3799999999999941     
 -0.59999999999999887       0.79999999999999982       -3.7999999999999936     
 -0.59999999999999887       0.89999999999999980       -4.2599999999999927     
 -0.59999999999999887       0.99999999999999978       -4.7599999999999927     
 -0.59999999999999887        1.0999999999999999       -5.2999999999999936     
 -0.59999999999999887        1.2000000000000000       -5.8799999999999937     
 -0.59999999999999887        1.3000000000000000       -6.4999999999999938     
 -0.59999999999999887        1.4000000000000001       -7.1599999999999939     
 -0.59999999999999887        1.5000000000000002       -7.8599999999999950     
 -0.59999999999999887        1.6000000000000003       -8.5999999999999943     
 -0.59999999999999887        1.7000000000000004       -9.3799999999999955     
 -0.59999999999999887        1.8000000000000005       -10.199999999999996     
 -0.59999999999999887        1.9000000000000006       -11.059999999999997     
 -0.59999999999999887        2.0000000000000004       -11.959999999999996     
 -0.59999999999999887        2.1000000000000005       -12.899999999999995     
 -0.59999999999999887        2.2000000000000006       -13.879999999999997     
 -0.59999999999999887        2.3000000000000007       -14.899999999999999     
 -0.59999999999999887        2.4000000000000008       -15.960000000000001     
 -0.59999999999999887        2.5000000000000009       -17.060000000000002     
 -0.59999999999999887        2.6000000000000010       -18.200000000000003     
 -0.59999999999999887        2.7000000000000011       -19.380000000000003     
 -0.59999999999999887        2.8000000000000012       -20.600000000000001     
 -0.59999999999999887        2.9000000000000012       -21.860000000000007     
 -0.59999999999999887        3.0000000000000013       -23.160000000000011     
 -0.59999999999999887        3.1000000000000014       -24.500000000000007     
 -0.59999999999999887        3.2000000000000015       -25.880000000000010     
 -0.59999999999999887        3.3000000000000016       -27.300000000000011     
 -0.59999999999999887        3.4000000000000017       -28.760000000000012     

 -0.49999999999999889       -1.0000000000000000       -2.2499999999999991     
 -0.49999999999999889      -0.90000000000000002       -1.9699999999999989     
 -0.49999999999999889      -0.80000000000000004       -1.7299999999999986     
 -0.49999999999999889      -0.70000000000000007       -1.5299999999999985     
 -0.49999999999999889      -0.60000000000000009       -1.3699999999999981     
 -0.49999999999999889      -0.50000000000000011       -1.2499999999999978     
 -0.49999999999999889      -0.40000000000000013       -1.1699999999999977     
 -0.49999999999999889      -0.30000000000000016       -1.1299999999999975     
 -0.49999999999999889      -0.20000000000000015       -1.1299999999999970     
 -0.49999999999999889      -0.10000000000000014       -1.1699999999999968     
 -0.49999999999999889       -1.3877787807814457E-016  -1.2499999999999964     
 -0.49999999999999889        9.9999999999999867E-002  -1.3699999999999963     
 -0.49999999999999889       0.19999999999999987       -1.5299999999999960     
 -0.49999999999999889       0.29999999999999988       -1.7299999999999958     
 -0.49999999999999889       0.39999999999999991       -1.9699999999999955     
 -0.49999999999999889       0.49999999999999989       -2.2499999999999951     
 -0.49999999999999889       0.59999999999999987       -2.5699999999999950     
 -0.49999999999999889       0.69999999999999984       -2.9299999999999944     
 -0.49999999999999889       0.79999999999999982       -3.3299999999999939     
 -0.49999999999999889       0.89999999999999980       -3.7699999999999934     
 -0.49999999999999889       0.99999999999999978       -4.2499999999999929     
 -0.49999999999999889        1.0999999999999999       -4.7699999999999942     
 -0.49999999999999889        1.2000000000000000       -5.3299999999999939     
 -0.49999999999999889        1.3000000000000000       -5.9299999999999944     
 -0.49999999999999889        1.4000000000000001       -6.5699999999999950     
 -0.49999999999999889        1.5000000000000002       -7.2499999999999956     
 -0.49999999999999889        1.6000000000000003       -7.9699999999999953     
 -0.49999999999999889        1.7000000000000004       -8.7299999999999969     
 -0.49999999999999889        1.8000000000000005       -9.5299999999999976     
 -0.49999999999999889        1.9000000000000006       -10.369999999999997     
 -0.49999999999999889        2.0000000000000004       -11.249999999999996     
 -0.49999999999999889        2.1000000000000005       -12.169999999999996     
 -0.49999999999999889        2.2000000000000006       -13.129999999999997     
 -0.49999999999999889        2.3000000000000007       -14.129999999999999     
 -0.49999999999999889        2.4000000000000008       -15.170000000000002     
 -0.49999999999999889        2.5000000000000009       -16.250000000000000     
 -0.49999999999999889        2.6000000000000010       -17.370000000000001     
 -0.49999999999999889        2.7000000000000011       -18.530000000000001     
 -0.49999999999999889        2.8000000000000012       -19.730000000000004     
 -0.49999999999999889        2.9000000000000012       -20.970000000000006     
 -0.49999999999999889        3.0000000000000013       -22.250000000000007     
 -0.49999999999999889        3.1000000000000014       -23.570000000000007     
 -0.49999999999999889        3.2000000000000015       -24.930000000000010     
 -0.49999999999999889        3.3000000000000016       -26.330000000000013     
 -0.49999999999999889        3.4000000000000017       -27.770000000000014     

 -0.39999999999999891       -1.0000000000000000       -2.1599999999999993     
 -0.39999999999999891      -0.90000000000000002       -1.8599999999999990     
 -0.39999999999999891      -0.80000000000000004       -1.5999999999999988     
 -0.39999999999999891      -0.70000000000000007       -1.3799999999999986     
 -0.39999999999999891      -0.60000000000000009       -1.1999999999999984     
 -0.39999999999999891      -0.50000000000000011       -1.0599999999999983     
 -0.39999999999999891      -0.40000000000000013      -0.95999999999999797     
 -0.39999999999999891      -0.30000000000000016      -0.89999999999999769     
 -0.39999999999999891      -0.20000000000000015      -0.87999999999999745     
 -0.39999999999999891      -0.10000000000000014      -0.89999999999999714     
 -0.39999999999999891       -1.3877787807814457E-016 -0.95999999999999686     
 -0.39999999999999891        9.9999999999999867E-002  -1.0599999999999965     
 -0.39999999999999891       0.19999999999999987       -1.1999999999999964     
 -0.39999999999999891       0.29999999999999988       -1.3799999999999961     
 -0.39999999999999891       0.39999999999999991       -1.5999999999999961     
 -0.39999999999999891       0.49999999999999989       -1.8599999999999957     
 -0.39999999999999891       0.59999999999999987       -2.1599999999999953     
 -0.39999999999999891       0.69999999999999984       -2.4999999999999951     
 -0.39999999999999891       0.79999999999999982       -2.8799999999999946     
 -0.39999999999999891       0.89999999999999980       -3.2999999999999940     
 -0.39999999999999891       0.99999999999999978       -3.7599999999999936     
 -0.39999999999999891        1.0999999999999999       -4.2599999999999945     
 -0.39999999999999891        1.2000000000000000       -4.7999999999999936     
 -0.39999999999999891        1.3000000000000000       -5.3799999999999946     
 -0.39999999999999891        1.4000000000000001       -5.9999999999999947     
 -0.39999999999999891        1.5000000000000002       -6.6599999999999957     
 -0.39999999999999891        1.6000000000000003       -7.3599999999999959     
 -0.39999999999999891        1.7000000000000004       -8.0999999999999961     
 -0.39999999999999891        1.8000000000000005       -8.8799999999999955     
 -0.39999999999999891        1.9000000000000006       -9.6999999999999975     
 -0.39999999999999891        2.0000000000000004       -10.559999999999997     
 -0.39999999999999891        2.1000000000000005       -11.459999999999997     
 -0.39999999999999891        2.2000000000000006       -12.399999999999999     
 -0.39999999999999891        2.3000000000000007       -13.379999999999999     
 -0.39999999999999891        2.4000000000000008       -14.400000000000002     
 -0.39999999999999891        2.5000000000000009       -15.460000000000001     
 -0.39999999999999891        2.6000000000000010       -16.560000000000002     
 -0.39999999999999891        2.7000000000000011       -17.700000000000003     
 -0.39999999999999891        2.8000000000000012       -18.880000000000003     
 -0.39999999999999891        2.9000000000000012       -20.100000000000005     
 -0.39999999999999891        3.0000000000000013       -21.360000000000010     
 -0.39999999999999891        3.1000000000000014       -22.660000000000007     
 -0.39999999999999891        3.2000000000000015       -24.000000000000011     
 -0.39999999999999891        3.3000000000000016       -25.380000000000013     
 -0.39999999999999891        3.4000000000000017       -26.800000000000011     

 -0.29999999999999893       -1.0000000000000000       -2.0899999999999994     
 -0.29999999999999893      -0.90000000000000002       -1.7699999999999991     
 -0.29999999999999893      -0.80000000000000004       -1.4899999999999991     
 -0.29999999999999893      -0.70000000000000007       -1.2499999999999989     
 -0.29999999999999893      -0.60000000000000009       -1.0499999999999987     
 -0.29999999999999893      -0.50000000000000011      -0.88999999999999846     
 -0.29999999999999893      -0.40000000000000013      -0.76999999999999824     
 -0.29999999999999893      -0.30000000000000016      -0.68999999999999795     
 -0.29999999999999893      -0.20000000000000015      -0.64999999999999769     
 -0.29999999999999893      -0.10000000000000014      -0.64999999999999747     
 -0.29999999999999893       -1.3877787807814457E-016 -0.68999999999999706     
 -0.29999999999999893        9.9999999999999867E-002 -0.76999999999999680     
 -0.29999999999999893       0.19999999999999987      -0.88999999999999657     
 -0.29999999999999893       0.29999999999999988       -1.0499999999999965     
 -0.29999999999999893       0.39999999999999991       -1.2499999999999962     
 -0.29999999999999893       0.49999999999999989       -1.4899999999999960     
 -0.29999999999999893       0.59999999999999987       -1.7699999999999956     
 -0.29999999999999893       0.69999999999999984       -2.0899999999999954     
 -0.29999999999999893       0.79999999999999982       -2.4499999999999948     
 -0.29999999999999893       0.89999999999999980       -2.8499999999999943     
 -0.29999999999999893       0.99999999999999978       -3.2899999999999943     
 -0.29999999999999893        1.0999999999999999       -3.7699999999999942     
 -0.29999999999999893        1.2000000000000000       -4.2899999999999947     
 -0.29999999999999893        1.3000000000000000       -4.8499999999999943     
 -0.29999999999999893        1.4000000000000001       -5.4499999999999957     
 -0.29999999999999893        1.5000000000000002       -6.0899999999999963     
 -0.29999999999999893        1.6000000000000003       -6.7699999999999960     
 -0.29999999999999893        1.7000000000000004       -7.4899999999999967     
 -0.29999999999999893        1.8000000000000005       -8.2499999999999964     
 -0.29999999999999893        1.9000000000000006       -9.0499999999999972     
 -0.29999999999999893        2.0000000000000004       -9.8899999999999970     
 -0.29999999999999893        2.1000000000000005       -10.769999999999996     
 -0.29999999999999893        2.2000000000000006       -11.689999999999998     
 -0.29999999999999893        2.3000000000000007       -12.650000000000000     
 -0.29999999999999893        2.4000000000000008       -13.650000000000000     
 -0.29999999999999893        2.5000000000000009       -14.690000000000001     
 -0.29999999999999893        2.6000000000000010       -15.770000000000003     
 -0.29999999999999893        2.7000000000000011       -16.890000000000004     
 -0.29999999999999893        2.8000000000000012       -18.050000000000004     
 -0.29999999999999893        2.9000000000000012       -19.250000000000007     
 -0.29999999999999893        3.0000000000000013       -20.490000000000009     
 -0.29999999999999893        3.1000000000000014       -21.770000000000007     
 -0.29999999999999893        3.2000000000000015       -23.090000000000011     
 -0.29999999999999893        3.3000000000000016       -24.450000000000014     
 -0.29999999999999893        3.4000000000000017       -25.850000000000012     

 -0.19999999999999893       -1.0000000000000000       -2.0399999999999996     
 -0.19999999999999893      -0.90000000000000002       -1.6999999999999995     
 -0.19999999999999893      -0.80000000000000004       -1.3999999999999995     
 -0.19999999999999893      -0.70000000000000007       -1.1399999999999990     
 -0.19999999999999893      -0.60000000000000009      -0.91999999999999882     
 -0.19999999999999893      -0.50000000000000011      -0.73999999999999866     
 -0.19999999999999893      -0.40000000000000013      -0.59999999999999853     
 -0.19999999999999893      -0.30000000000000016      -0.49999999999999822     
 -0.19999999999999893      -0.20000000000000015      -0.43999999999999795     
 -0.19999999999999893      -0.10000000000000014      -0.41999999999999765     
 -0.19999999999999893       -1.3877787807814457E-016 -0.43999999999999739     
 -0.19999999999999893        9.9999999999999867E-002 -0.49999999999999717     
 -0.19999999999999893       0.19999999999999987      -0.59999999999999676     
 -0.19999999999999893       0.29999999999999988      -0.73999999999999655     
 -0.19999999999999893       0.39999999999999991      -0.91999999999999638     
 -0.19999999999999893       0.49999999999999989       -1.1399999999999961     
 -0.19999999999999893       0.59999999999999987       -1.3999999999999959     
 -0.19999999999999893       0.69999999999999984       -1.6999999999999953     
 -0.19999999999999893       0.79999999999999982       -2.0399999999999952     
 -0.19999999999999893       0.89999999999999980       -2.4199999999999946     
 -0.19999999999999893       0.99999999999999978       -2.8399999999999945     
 -0.19999999999999893        1.0999999999999999       -3.2999999999999945     
 -0.19999999999999893        1.2000000000000000       -3.7999999999999945     
 -0.19999999999999893        1.3000000000000000       -4.3399999999999945     
 -0.19999999999999893        1.4000000000000001       -4.9199999999999955     
 -0.19999999999999893        1.5000000000000002       -5.5399999999999956     
 -0.19999999999999893        1.6000000000000003       -6.1999999999999957     
 -0.19999999999999893        1.7000000000000004       -6.8999999999999968     
 -0.19999999999999893        1.8000000000000005       -7.6399999999999970     
 -0.19999999999999893        1.9000000000000006       -8.4199999999999982     
 -0.19999999999999893        2.0000000000000004       -9.2399999999999967     
 -0.19999999999999893        2.1000000000000005       -10.099999999999998     
 -0.19999999999999893        2.2000000000000006       -10.999999999999998     
 -0.19999999999999893        2.3000000000000007       -11.940000000000000     
 -0.19999999999999893        2.4000000000000008       -12.920000000000002     
 -0.19999999999999893        2.5000000000000009       -13.940000000000001     
 -0.19999999999999893        2.6000000000000010       -15.000000000000004     
 -0.19999999999999893        2.7000000000000011       -16.100000000000001     
 -0.19999999999999893        2.8000000000000012       -17.240000000000006     
 -0.19999999999999893        2.9000000000000012       -18.420000000000005     
 -0.19999999999999893        3.0000000000000013       -19.640000000000008     
 -0.19999999999999893        3.1000000000000014       -20.900000000000009     
 -0.19999999999999893        3.2000000000000015       -22.200000000000010     
 -0.19999999999999893        3.3000000000000016       -23.540000000000013     
 -0.19999999999999893        3.4000000000000017       -24.920000000000012     

  -9.9999999999998923E-002  -1.0000000000000000       -2.0099999999999998     
  -9.9999999999998923E-002 -0.90000000000000002       -1.6499999999999997     
  -9.9999999999998923E-002 -0.80000000000000004       -1.3299999999999996     
  -9.9999999999998923E-002 -0.70000000000000007       -1.0499999999999994     
  -9.9999999999998923E-002 -0.60000000000000009      -0.80999999999999917     
  -9.9999999999998923E-002 -0.50000000000000011      -0.60999999999999888     
  -9.9999999999998923E-002 -0.40000000000000013      -0.44999999999999868     
  -9.9999999999998923E-002 -0.30000000000000016      -0.32999999999999841     
  -9.9999999999998923E-002 -0.20000000000000015      -0.24999999999999817     
  -9.9999999999998923E-002 -0.10000000000000014      -0.20999999999999786     
  -9.9999999999998923E-002  -1.3877787807814457E-016 -0.20999999999999761     
  -9.9999999999998923E-002   9.9999999999999867E-002 -0.24999999999999734     
  -9.9999999999998923E-002  0.19999999999999987      -0.32999999999999707     
  -9.9999999999998923E-002  0.29999999999999988      -0.44999999999999685     
  -9.9999999999998923E-002  0.39999999999999991      -0.60999999999999654     
  -9.9999999999998923E-002  0.49999999999999989      -0.80999999999999628     
  -9.9999999999998923E-002  0.59999999999999987       -1.0499999999999958     
  -9.9999999999998923E-002  0.69999999999999984       -1.3299999999999956     
  -9.9999999999998923E-002  0.79999999999999982       -1.6499999999999952     
  -9.9999999999998923E-002  0.89999999999999980       -2.0099999999999949     
  -9.9999999999998923E-002  0.99999999999999978       -2.4099999999999944     
  -9.9999999999998923E-002   1.0999999999999999       -2.8499999999999948     
  -9.9999999999998923E-002   1.2000000000000000       -3.3299999999999947     
  -9.9999999999998923E-002   1.3000000000000000       -3.8499999999999952     
  -9.9999999999998923E-002   1.4000000000000001       -4.4099999999999957     
  -9.9999999999998923E-002   1.5000000000000002       -5.0099999999999962     
  -9.9999999999998923E-002   1.6000000000000003       -5.6499999999999959     
  -9.9999999999998923E-002   1.7000000000000004       -6.3299999999999965     
  -9.9999999999998923E-002   1.8000000000000005       -7.0499999999999972     
  -9.9999999999998923E-002   1.9000000000000006       -7.8099999999999978     
  -9.9999999999998923E-002   2.0000000000000004       -8.6099999999999977     
  -9.9999999999998923E-002   2.1000000000000005       -9.4499999999999975     
  -9.9999999999998923E-002   2.2000000000000006       -10.329999999999998     
  -9.9999999999998923E-002   2.3000000000000007       -11.250000000000000     
  -9.9999999999998923E-002   2.4000000000000008       -12.210000000000001     
  -9.9999999999998923E-002   2.5000000000000009       -13.210000000000001     
  -9.9999999999998923E-002   2.6000000000000010       -14.250000000000002     
  -9.9999999999998923E-002   2.7000000000000011       -15.330000000000002     
  -9.9999999999998923E-002   2.8000000000000012       -16.450000000000003     
  -9.9999999999998923E-002   2.9000000000000012       -17.610000000000007     
  -9.9999999999998923E-002   3.0000000000000013       -18.810000000000009     
  -9.9999999999998923E-002   3.1000000000000014       -20.050000000000008     
  -9.9999999999998923E-002   3.2000000000000015       -21.330000000000009     
  -9.9999999999998923E-002   3.3000000000000016       -22.650000000000013     
  -9.9999999999998923E-002   3.4000000000000017       -24.010000000000012     

   1.0824674490095276E-015  -1.0000000000000000       -2.0000000000000000     
   1.0824674490095276E-015 -0.90000000000000002       -1.6199999999999999     
   1.0824674490095276E-015 -0.80000000000000004       -1.2799999999999998     
   1.0824674490095276E-015 -0.70000000000000007      -0.97999999999999954     
   1.0824674490095276E-015 -0.60000000000000009      -0.71999999999999931     
   1.0824674490095276E-015 -0.50000000000000011      -0.49999999999999917     
   1.0824674490095276E-015 -0.40000000000000013      -0.31999999999999895     
   1.0824674490095276E-015 -0.30000000000000016      -0.17999999999999866     
   1.0824674490095276E-015 -0.20000000000000015       -7.9999999999998392E-002
   1.0824674490095276E-015 -0.10000000000000014       -1.9999999999998110E-002
   1.0824674490095276E-015  -1.3877787807814457E-016   2.1649348980190537E-015
   1.0824674490095276E-015   9.9999999999999867E-002  -1.9999999999997568E-002
   1.0824674490095276E-015  0.19999999999999987       -7.9999999999997309E-002
   1.0824674490095276E-015  0.29999999999999988      -0.17999999999999705     
   1.0824674490095276E-015  0.39999999999999991      -0.31999999999999679     
   1.0824674490095276E-015  0.49999999999999989      -0.49999999999999656     
   1.0824674490095276E-015  0.59999999999999987      -0.71999999999999620     
   1.0824674490095276E-015  0.69999999999999984      -0.97999999999999587     
   1.0824674490095276E-015  0.79999999999999982       -1.2799999999999954     
   1.0824674490095276E-015  0.89999999999999980       -1.6199999999999950     
   1.0824674490095276E-015  0.99999999999999978       -1.9999999999999949     
   1.0824674490095276E-015   1.0999999999999999       -2.4199999999999950     
   1.0824674490095276E-015   1.2000000000000000       -2.8799999999999950     
   1.0824674490095276E-015   1.3000000000000000       -3.3799999999999955     
   1.0824674490095276E-015   1.4000000000000001       -3.9199999999999955     
   1.0824674490095276E-015   1.5000000000000002       -4.4999999999999964     
   1.0824674490095276E-015   1.6000000000000003       -5.1199999999999966     
   1.0824674490095276E-015   1.7000000000000004       -5.7799999999999967     
   1.0824674490095276E-015   1.8000000000000005       -6.4799999999999969     
   1.0824674490095276E-015   1.9000000000000006       -7.2199999999999980     
   1.0824674490095276E-015   2.0000000000000004       -7.9999999999999973     
   1.0824674490095276E-015   2.1000000000000005       -8.8199999999999967     
   1.0824674490095276E-015   2.2000000000000006       -9.6799999999999979     
   1.0824674490095276E-015   2.3000000000000007       -10.580000000000000     
   1.0824674490095276E-015   2.4000000000000008       -11.520000000000001     
   1.0824674490095276E-015   2.5000000000000009       -12.500000000000002     
   1.0824674490095276E-015   2.6000000000000010       -13.520000000000003     
   1.0824674490095276E-015   2.7000000000000011       -14.580000000000002     
   1.0824674490095276E-015   2.8000000000000012       -15.680000000000003     
   1.0824674490095276E-015   2.9000000000000012       -16.820000000000007     
   1.0824674490095276E-015   3.0000000000000013       -18.000000000000011     
   1.0824674490095276E-015   3.1000000000000014       -19.220000000000010     
   1.0824674490095276E-015   3.2000000000000015       -20.480000000000008     
   1.0824674490095276E-015   3.3000000000000016       -21.780000000000012     
   1.0824674490095276E-015   3.4000000000000017       -23.120000000000012     

  0.10000000000000109       -1.0000000000000000       -2.0100000000000002     
  0.10000000000000109      -0.90000000000000002       -1.6100000000000001     
  0.10000000000000109      -0.80000000000000004       -1.2500000000000000     
  0.10000000000000109      -0.70000000000000007      -0.92999999999999983     
  0.10000000000000109      -0.60000000000000009      -0.64999999999999958     
  0.10000000000000109      -0.50000000000000011      -0.40999999999999936     
  0.10000000000000109      -0.40000000000000013      -0.20999999999999919     
  0.10000000000000109      -0.30000000000000016       -4.9999999999998906E-002
  0.10000000000000109      -0.20000000000000015        7.0000000000001339E-002
  0.10000000000000109      -0.10000000000000014       0.15000000000000163     
  0.10000000000000109       -1.3877787807814457E-016  0.19000000000000195     
  0.10000000000000109        9.9999999999999867E-002  0.19000000000000217     
  0.10000000000000109       0.19999999999999987       0.15000000000000246     
  0.10000000000000109       0.29999999999999988        7.0000000000002699E-002
  0.10000000000000109       0.39999999999999991       -4.9999999999997047E-002
  0.10000000000000109       0.49999999999999989      -0.20999999999999674     
  0.10000000000000109       0.59999999999999987      -0.40999999999999642     
  0.10000000000000109       0.69999999999999984      -0.64999999999999614     
  0.10000000000000109       0.79999999999999982      -0.92999999999999572     
  0.10000000000000109       0.89999999999999980       -1.2499999999999953     
  0.10000000000000109       0.99999999999999978       -1.6099999999999950     
  0.10000000000000109        1.0999999999999999       -2.0099999999999953     
  0.10000000000000109        1.2000000000000000       -2.4499999999999953     
  0.10000000000000109        1.3000000000000000       -2.9299999999999957     
  0.10000000000000109        1.4000000000000001       -3.4499999999999957     
  0.10000000000000109        1.5000000000000002       -4.0099999999999962     
  0.10000000000000109        1.6000000000000003       -4.6099999999999959     
  0.10000000000000109        1.7000000000000004       -5.2499999999999973     
  0.10000000000000109        1.8000000000000005       -5.9299999999999971     
  0.10000000000000109        1.9000000000000006       -6.6499999999999977     
  0.10000000000000109        2.0000000000000004       -7.4099999999999975     
  0.10000000000000109        2.1000000000000005       -8.2099999999999973     
  0.10000000000000109        2.2000000000000006       -9.0499999999999989     
  0.10000000000000109        2.3000000000000007       -9.9299999999999997     
  0.10000000000000109        2.4000000000000008       -10.850000000000001     
  0.10000000000000109        2.5000000000000009       -11.810000000000000     
  0.10000000000000109        2.6000000000000010       -12.810000000000002     
  0.10000000000000109        2.7000000000000011       -13.850000000000003     
  0.10000000000000109        2.8000000000000012       -14.930000000000003     
  0.10000000000000109        2.9000000000000012       -16.050000000000004     
  0.10000000000000109        3.0000000000000013       -17.210000000000008     
  0.10000000000000109        3.1000000000000014       -18.410000000000007     
  0.10000000000000109        3.2000000000000015       -19.650000000000009     
  0.10000000000000109        3.3000000000000016       -20.930000000000014     
  0.10000000000000109        3.4000000000000017       -22.250000000000014     

  0.20000000000000109       -1.0000000000000000       -2.0400000000000005     
  0.20000000000000109      -0.90000000000000002       -1.6200000000000003     
  0.20000000000000109      -0.80000000000000004       -1.2400000000000002     
  0.20000000000000109      -0.70000000000000007      -0.90000000000000002     
  0.20000000000000109      -0.60000000000000009      -0.59999999999999976     
  0.20000000000000109      -0.50000000000000011      -0.33999999999999964     
  0.20000000000000109      -0.40000000000000013      -0.11999999999999938     
  0.20000000000000109      -0.30000000000000016        6.0000000000000858E-002
  0.20000000000000109      -0.20000000000000015       0.20000000000000112     
  0.20000000000000109      -0.10000000000000014       0.30000000000000143     
  0.20000000000000109       -1.3877787807814457E-016  0.36000000000000171     
  0.20000000000000109        9.9999999999999867E-002  0.38000000000000195     
  0.20000000000000109       0.19999999999999987       0.36000000000000226     
  0.20000000000000109       0.29999999999999988       0.30000000000000249     
  0.20000000000000109       0.39999999999999991       0.20000000000000273     
  0.20000000000000109       0.49999999999999989        6.0000000000002940E-002
  0.20000000000000109       0.59999999999999987      -0.11999999999999666     
  0.20000000000000109       0.69999999999999984      -0.33999999999999631     
  0.20000000000000109       0.79999999999999982      -0.59999999999999598     
  0.20000000000000109       0.89999999999999980      -0.89999999999999569     
  0.20000000000000109       0.99999999999999978       -1.2399999999999953     
  0.20000000000000109        1.0999999999999999       -1.6199999999999954     
  0.20000000000000109        1.2000000000000000       -2.0399999999999956     
  0.20000000000000109        1.3000000000000000       -2.4999999999999956     
  0.20000000000000109        1.4000000000000001       -2.9999999999999960     
  0.20000000000000109        1.5000000000000002       -3.5399999999999965     
  0.20000000000000109        1.6000000000000003       -4.1199999999999966     
  0.20000000000000109        1.7000000000000004       -4.7399999999999975     
  0.20000000000000109        1.8000000000000005       -5.3999999999999968     
  0.20000000000000109        1.9000000000000006       -6.0999999999999979     
  0.20000000000000109        2.0000000000000004       -6.8399999999999972     
  0.20000000000000109        2.1000000000000005       -7.6199999999999974     
  0.20000000000000109        2.2000000000000006       -8.4399999999999977     
  0.20000000000000109        2.3000000000000007       -9.3000000000000007     
  0.20000000000000109        2.4000000000000008       -10.200000000000001     
  0.20000000000000109        2.5000000000000009       -11.140000000000001     
  0.20000000000000109        2.6000000000000010       -12.120000000000003     
  0.20000000000000109        2.7000000000000011       -13.140000000000002     
  0.20000000000000109        2.8000000000000012       -14.200000000000005     
  0.20000000000000109        2.9000000000000012       -15.300000000000006     
  0.20000000000000109        3.0000000000000013       -16.440000000000008     
  0.20000000000000109        3.1000000000000014       -17.620000000000008     
  0.20000000000000109        3.2000000000000015       -18.840000000000011     
  0.20000000000000109        3.3000000000000016       -20.100000000000012     
  0.20000000000000109        3.4000000000000017       -21.400000000000013     

  0.30000000000000110       -1.0000000000000000       -2.0900000000000007     
  0.30000000000000110      -0.90000000000000002       -1.6500000000000006     
  0.30000000000000110      -0.80000000000000004       -1.2500000000000004     
  0.30000000000000110      -0.70000000000000007      -0.89000000000000024     
  0.30000000000000110      -0.60000000000000009      -0.57000000000000006     
  0.30000000000000110      -0.50000000000000011      -0.28999999999999981     
  0.30000000000000110      -0.40000000000000013       -4.9999999999999656E-002
  0.30000000000000110      -0.30000000000000016       0.15000000000000066     
  0.30000000000000110      -0.20000000000000015       0.31000000000000089     
  0.30000000000000110      -0.10000000000000014       0.43000000000000121     
  0.30000000000000110       -1.3877787807814457E-016  0.51000000000000145     
  0.30000000000000110        9.9999999999999867E-002  0.55000000000000182     
  0.30000000000000110       0.19999999999999987       0.55000000000000204     
  0.30000000000000110       0.29999999999999988       0.51000000000000234     
  0.30000000000000110       0.39999999999999991       0.43000000000000249     
  0.30000000000000110       0.49999999999999989       0.31000000000000283     
  0.30000000000000110       0.59999999999999987       0.15000000000000324     
  0.30000000000000110       0.69999999999999984       -4.9999999999996603E-002
  0.30000000000000110       0.79999999999999982      -0.28999999999999615     
  0.30000000000000110       0.89999999999999980      -0.56999999999999584     
  0.30000000000000110       0.99999999999999978      -0.88999999999999568     
  0.30000000000000110        1.0999999999999999       -1.2499999999999956     
  0.30000000000000110        1.2000000000000000       -1.6499999999999959     
  0.30000000000000110        1.3000000000000000       -2.0899999999999959     
  0.30000000000000110        1.4000000000000001       -2.5699999999999963     
  0.30000000000000110        1.5000000000000002       -3.0899999999999967     
  0.30000000000000110        1.6000000000000003       -3.6499999999999968     
  0.30000000000000110        1.7000000000000004       -4.2499999999999973     
  0.30000000000000110        1.8000000000000005       -4.8899999999999970     
  0.30000000000000110        1.9000000000000006       -5.5699999999999985     
  0.30000000000000110        2.0000000000000004       -6.2899999999999974     
  0.30000000000000110        2.1000000000000005       -7.0499999999999972     
  0.30000000000000110        2.2000000000000006       -7.8499999999999979     
  0.30000000000000110        2.3000000000000007       -8.6900000000000013     
  0.30000000000000110        2.4000000000000008       -9.5700000000000003     
  0.30000000000000110        2.5000000000000009       -10.490000000000002     
  0.30000000000000110        2.6000000000000010       -11.450000000000003     
  0.30000000000000110        2.7000000000000011       -12.450000000000003     
  0.30000000000000110        2.8000000000000012       -13.490000000000004     
  0.30000000000000110        2.9000000000000012       -14.570000000000006     
  0.30000000000000110        3.0000000000000013       -15.690000000000008     
  0.30000000000000110        3.1000000000000014       -16.850000000000009     
  0.30000000000000110        3.2000000000000015       -18.050000000000008     
  0.30000000000000110        3.3000000000000016       -19.290000000000013     
  0.30000000000000110        3.4000000000000017       -20.570000000000011     

  0.40000000000000113       -1.0000000000000000       -2.1600000000000010     
  0.40000000000000113      -0.90000000000000002       -1.7000000000000008     
  0.40000000000000113      -0.80000000000000004       -1.2800000000000007     
  0.40000000000000113      -0.70000000000000007      -0.90000000000000047     
  0.40000000000000113      -0.60000000000000009      -0.56000000000000028     
  0.40000000000000113      -0.50000000000000011      -0.26000000000000012     
  0.40000000000000113      -0.40000000000000013        1.1102230246251565E-016
  0.40000000000000113      -0.30000000000000016       0.22000000000000039     
  0.40000000000000113      -0.20000000000000015       0.40000000000000063     
  0.40000000000000113      -0.10000000000000014       0.54000000000000103     
  0.40000000000000113       -1.3877787807814457E-016  0.64000000000000123     
  0.40000000000000113        9.9999999999999867E-002  0.70000000000000151     
  0.40000000000000113       0.19999999999999987       0.72000000000000175     
  0.40000000000000113       0.29999999999999988       0.70000000000000218     
  0.40000000000000113       0.39999999999999991       0.64000000000000246     
  0.40000000000000113       0.49999999999999989       0.54000000000000248     
  0.40000000000000113       0.59999999999999987       0.40000000000000313     
  0.40000000000000113       0.69999999999999984       0.22000000000000330     
  0.40000000000000113       0.79999999999999982        3.5527136788005009E-015
  0.40000000000000113       0.89999999999999980      -0.25999999999999623     
  0.40000000000000113       0.99999999999999978      -0.55999999999999561     
  0.40000000000000113        1.0999999999999999      -0.89999999999999591     
  0.40000000000000113        1.2000000000000000       -1.2799999999999958     
  0.40000000000000113        1.3000000000000000       -1.6999999999999962     
  0.40000000000000113        1.4000000000000001       -2.1599999999999961     
  0.40000000000000113        1.5000000000000002       -2.6599999999999970     
  0.40000000000000113        1.6000000000000003       -3.1999999999999966     
  0.40000000000000113        1.7000000000000004       -3.7799999999999976     
  0.40000000000000113        1.8000000000000005       -4.3999999999999977     
  0.40000000000000113        1.9000000000000006       -5.0599999999999987     
  0.40000000000000113        2.0000000000000004       -5.7599999999999971     
  0.40000000000000113        2.1000000000000005       -6.4999999999999973     
  0.40000000000000113        2.2000000000000006       -7.2799999999999985     
  0.40000000000000113        2.3000000000000007       -8.0999999999999996     
  0.40000000000000113        2.4000000000000008       -8.9600000000000009     
  0.40000000000000113        2.5000000000000009       -9.8600000000000012     
  0.40000000000000113        2.6000000000000010       -10.800000000000002     
  0.40000000000000113        2.7000000000000011       -11.780000000000003     
  0.40000000000000113        2.8000000000000012       -12.800000000000004     
  0.40000000000000113        2.9000000000000012       -13.860000000000007     
  0.40000000000000113        3.0000000000000013       -14.960000000000008     
  0.40000000000000113        3.1000000000000014       -16.100000000000009     
  0.40000000000000113        3.2000000000000015       -17.280000000000008     
  0.40000000000000113        3.3000000000000016       -18.500000000000014     
  0.40000000000000113        3.4000000000000017       -19.760000000000012     

  0.50000000000000111       -1.0000000000000000       -2.2500000000000009     
  0.50000000000000111      -0.90000000000000002       -1.7700000000000009     
  0.50000000000000111      -0.80000000000000004       -1.3300000000000010     
  0.50000000000000111      -0.70000000000000007      -0.93000000000000071     
  0.50000000000000111      -0.60000000000000009      -0.57000000000000051     
  0.50000000000000111      -0.50000000000000011      -0.25000000000000033     
  0.50000000000000111      -0.40000000000000013        2.9999999999999860E-002
  0.50000000000000111      -0.30000000000000016       0.27000000000000013     
  0.50000000000000111      -0.20000000000000015       0.47000000000000036     
  0.50000000000000111      -0.10000000000000014       0.63000000000000078     
  0.50000000000000111       -1.3877787807814457E-016  0.75000000000000089     
  0.50000000000000111        9.9999999999999867E-002  0.83000000000000129     
  0.50000000000000111       0.19999999999999987       0.87000000000000166     
  0.50000000000000111       0.29999999999999988       0.87000000000000177     
  0.50000000000000111       0.39999999999999991       0.83000000000000207     
  0.50000000000000111       0.49999999999999989       0.75000000000000222     
  0.50000000000000111       0.59999999999999987       0.63000000000000267     
  0.50000000000000111       0.69999999999999984       0.47000000000000308     
  0.50000000000000111       0.79999999999999982       0.27000000000000335     
  0.50000000000000111       0.89999999999999980        3.0000000000003579E-002
  0.50000000000000111       0.99999999999999978      -0.24999999999999578     
  0.50000000000000111        1.0999999999999999      -0.56999999999999607     
  0.50000000000000111        1.2000000000000000      -0.92999999999999639     
  0.50000000000000111        1.3000000000000000       -1.3299999999999961     
  0.50000000000000111        1.4000000000000001       -1.7699999999999960     
  0.50000000000000111        1.5000000000000002       -2.2499999999999973     
  0.50000000000000111        1.6000000000000003       -2.7699999999999969     
  0.50000000000000111        1.7000000000000004       -3.3299999999999974     
  0.50000000000000111        1.8000000000000005       -3.9299999999999971     
  0.50000000000000111        1.9000000000000006       -4.5699999999999985     
  0.50000000000000111        2.0000000000000004       -5.2499999999999973     
  0.50000000000000111        2.1000000000000005       -5.9699999999999971     
  0.50000000000000111        2.2000000000000006       -6.7299999999999986     
  0.50000000000000111        2.3000000000000007       -7.5300000000000002     
  0.50000000000000111        2.4000000000000008       -8.3700000000000010     
  0.50000000000000111        2.5000000000000009       -9.2500000000000000     
  0.50000000000000111        2.6000000000000010       -10.170000000000002     
  0.50000000000000111        2.7000000000000011       -11.130000000000003     
  0.50000000000000111        2.8000000000000012       -12.130000000000003     
  0.50000000000000111        2.9000000000000012       -13.170000000000005     
  0.50000000000000111        3.0000000000000013       -14.250000000000007     
  0.50000000000000111        3.1000000000000014       -15.370000000000008     
  0.50000000000000111        3.2000000000000015       -16.530000000000008     
  0.50000000000000111        3.3000000000000016       -17.730000000000011     
  0.50000000000000111        3.4000000000000017       -18.970000000000013     

  0.60000000000000109       -1.0000000000000000       -2.3600000000000012     
  0.60000000000000109      -0.90000000000000002       -1.8600000000000012     
  0.60000000000000109      -0.80000000000000004       -1.4000000000000012     
  0.60000000000000109      -0.70000000000000007      -0.98000000000000098     
  0.60000000000000109      -0.60000000000000009      -0.60000000000000075     
  0.60000000000000109      -0.50000000000000011      -0.26000000000000056     
  0.60000000000000109      -0.40000000000000013        3.9999999999999536E-002
  0.60000000000000109      -0.30000000000000016       0.29999999999999993     
  0.60000000000000109      -0.20000000000000015       0.52000000000000002     
  0.60000000000000109      -0.10000000000000014       0.70000000000000051     
  0.60000000000000109       -1.3877787807814457E-016  0.84000000000000064     
  0.60000000000000109        9.9999999999999867E-002  0.94000000000000106     
  0.60000000000000109       0.19999999999999987        1.0000000000000011     
  0.60000000000000109       0.29999999999999988        1.0200000000000016     
  0.60000000000000109       0.39999999999999991        1.0000000000000018     
  0.60000000000000109       0.49999999999999989       0.94000000000000195     
  0.60000000000000109       0.59999999999999987       0.84000000000000263     
  0.60000000000000109       0.69999999999999984       0.70000000000000284     
  0.60000000000000109       0.79999999999999982       0.52000000000000313     
  0.60000000000000109       0.89999999999999980       0.30000000000000338     
  0.60000000000000109       0.99999999999999978        4.0000000000003588E-002
  0.60000000000000109        1.0999999999999999      -0.25999999999999623     
  0.60000000000000109        1.2000000000000000      -0.59999999999999609     
  0.60000000000000109        1.3000000000000000      -0.97999999999999643     
  0.60000000000000109        1.4000000000000001       -1.3999999999999968     
  0.60000000000000109        1.5000000000000002       -1.8599999999999972     
  0.60000000000000109        1.6000000000000003       -2.3599999999999968     
  0.60000000000000109        1.7000000000000004       -2.8999999999999977     
  0.60000000000000109        1.8000000000000005       -3.4799999999999978     
  0.60000000000000109        1.9000000000000006       -4.0999999999999988     
  0.60000000000000109        2.0000000000000004       -4.7599999999999980     
  0.60000000000000109        2.1000000000000005       -5.4599999999999973     
  0.60000000000000109        2.2000000000000006       -6.1999999999999984     
  0.60000000000000109        2.3000000000000007       -6.9800000000000004     
  0.60000000000000109        2.4000000000000008       -7.8000000000000016     
  0.60000000000000109        2.5000000000000009       -8.6600000000000001     
  0.60000000000000109        2.6000000000000010       -9.5600000000000023     
  0.60000000000000109        2.7000000000000011       -10.500000000000004     
  0.60000000000000109        2.8000000000000012       -11.480000000000004     
  0.60000000000000109        2.9000000000000012       -12.500000000000005     
  0.60000000000000109        3.0000000000000013       -13.560000000000009     
  0.60000000000000109        3.1000000000000014       -14.660000000000007     
  0.60000000000000109        3.2000000000000015       -15.800000000000008     
  0.60000000000000109        3.3000000000000016       -16.980000000000011     
  0.60000000000000109        3.4000000000000017       -18.200000000000010     

  0.70000000000000107       -1.0000000000000000       -2.4900000000000015     
  0.70000000000000107      -0.90000000000000002       -1.9700000000000015     
  0.70000000000000107      -0.80000000000000004       -1.4900000000000013     
  0.70000000000000107      -0.70000000000000007       -1.0500000000000012     
  0.70000000000000107      -0.60000000000000009      -0.65000000000000102     
  0.70000000000000107      -0.50000000000000011      -0.29000000000000076     
  0.70000000000000107      -0.40000000000000013        2.9999999999999361E-002
  0.70000000000000107      -0.30000000000000016       0.30999999999999961     
  0.70000000000000107      -0.20000000000000015       0.54999999999999982     
  0.70000000000000107      -0.10000000000000014       0.75000000000000022     
  0.70000000000000107       -1.3877787807814457E-016  0.91000000000000036     
  0.70000000000000107        9.9999999999999867E-002   1.0300000000000007     
  0.70000000000000107       0.19999999999999987        1.1100000000000010     
  0.70000000000000107       0.29999999999999988        1.1500000000000010     
  0.70000000000000107       0.39999999999999991        1.1500000000000015     
  0.70000000000000107       0.49999999999999989        1.1100000000000019     
  0.70000000000000107       0.59999999999999987        1.0300000000000020     
  0.70000000000000107       0.69999999999999984       0.91000000000000236     
  0.70000000000000107       0.79999999999999982       0.75000000000000266     
  0.70000000000000107       0.89999999999999980       0.55000000000000293     
  0.70000000000000107       0.99999999999999978       0.31000000000000361     
  0.70000000000000107        1.0999999999999999        3.0000000000003357E-002
  0.70000000000000107        1.2000000000000000      -0.28999999999999693     
  0.70000000000000107        1.3000000000000000      -0.64999999999999680     
  0.70000000000000107        1.4000000000000001       -1.0499999999999972     
  0.70000000000000107        1.5000000000000002       -1.4899999999999975     
  0.70000000000000107        1.6000000000000003       -1.9699999999999975     
  0.70000000000000107        1.7000000000000004       -2.4899999999999980     
  0.70000000000000107        1.8000000000000005       -3.0499999999999980     
  0.70000000000000107        1.9000000000000006       -3.6499999999999981     
  0.70000000000000107        2.0000000000000004       -4.2899999999999991     
  0.70000000000000107        2.1000000000000005       -4.9699999999999989     
  0.70000000000000107        2.2000000000000006       -5.6899999999999995     
  0.70000000000000107        2.3000000000000007       -6.4500000000000002     
  0.70000000000000107        2.4000000000000008       -7.2500000000000009     
  0.70000000000000107        2.5000000000000009       -8.0899999999999999     
  0.70000000000000107        2.6000000000000010       -8.9700000000000024     
  0.70000000000000107        2.7000000000000011       -9.8900000000000023     
  0.70000000000000107        2.8000000000000012       -10.850000000000005     
  0.70000000000000107        2.9000000000000012       -11.850000000000005     
  0.70000000000000107        3.0000000000000013       -12.890000000000008     
  0.70000000000000107        3.1000000000000014       -13.970000000000006     
  0.70000000000000107        3.2000000000000015       -15.090000000000007     
  0.70000000000000107        3.3000000000000016       -16.250000000000014     
  0.70000000000000107        3.4000000000000017       -17.450000000000010     

  0.80000000000000104       -1.0000000000000000       -2.6400000000000015     
  0.80000000000000104      -0.90000000000000002       -2.1000000000000014     
  0.80000000000000104      -0.80000000000000004       -1.6000000000000016     
  0.80000000000000104      -0.70000000000000007       -1.1400000000000015     
  0.80000000000000104      -0.60000000000000009      -0.72000000000000119     
  0.80000000000000104      -0.50000000000000011      -0.34000000000000108     
  0.80000000000000104      -0.40000000000000013       -8.3266726846886741E-016
  0.80000000000000104      -0.30000000000000016       0.29999999999999938     
  0.80000000000000104      -0.20000000000000015       0.55999999999999961     
  0.80000000000000104      -0.10000000000000014       0.78000000000000003     
  0.80000000000000104       -1.3877787807814457E-016  0.96000000000000019     
  0.80000000000000104        9.9999999999999867E-002   1.1000000000000003     
  0.80000000000000104       0.19999999999999987        1.2000000000000008     
  0.80000000000000104       0.29999999999999988        1.2600000000000011     
  0.80000000000000104       0.39999999999999991        1.2800000000000014     
  0.80000000000000104       0.49999999999999989        1.2600000000000016     
  0.80000000000000104       0.59999999999999987        1.2000000000000020     
  0.80000000000000104       0.69999999999999984        1.1000000000000023     
  0.80000000000000104       0.79999999999999982       0.96000000000000263     
  0.80000000000000104       0.89999999999999980       0.78000000000000291     
  0.80000000000000104       0.99999999999999978       0.56000000000000316     
  0.80000000000000104        1.0999999999999999       0.30000000000000293     
  0.80000000000000104        1.2000000000000000        2.6645352591003757E-015
  0.80000000000000104        1.3000000000000000      -0.33999999999999675     
  0.80000000000000104        1.4000000000000001      -0.71999999999999709     
  0.80000000000000104        1.5000000000000002       -1.1399999999999979     
  0.80000000000000104        1.6000000000000003       -1.5999999999999970     
  0.80000000000000104        1.7000000000000004       -2.0999999999999979     
  0.80000000000000104        1.8000000000000005       -2.6399999999999979     
  0.80000000000000104        1.9000000000000006       -3.2199999999999989     
  0.80000000000000104        2.0000000000000004       -3.8399999999999981     
  0.80000000000000104        2.1000000000000005       -4.4999999999999982     
  0.80000000000000104        2.2000000000000006       -5.1999999999999984     
  0.80000000000000104        2.3000000000000007       -5.9400000000000004     
  0.80000000000000104        2.4000000000000008       -6.7200000000000015     
  0.80000000000000104        2.5000000000000009       -7.5400000000000018     
  0.80000000000000104        2.6000000000000010       -8.4000000000000021     
  0.80000000000000104        2.7000000000000011       -9.3000000000000025     
  0.80000000000000104        2.8000000000000012       -10.240000000000004     
  0.80000000000000104        2.9000000000000012       -11.220000000000006     
  0.80000000000000104        3.0000000000000013       -12.240000000000009     
  0.80000000000000104        3.1000000000000014       -13.300000000000008     
  0.80000000000000104        3.2000000000000015       -14.400000000000009     
  0.80000000000000104        3.3000000000000016       -15.540000000000013     
  0.80000000000000104        3.4000000000000017       -16.720000000000013     

  0.90000000000000102       -1.0000000000000000       -2.8100000000000018     
  0.90000000000000102      -0.90000000000000002       -2.2500000000000018     
  0.90000000000000102      -0.80000000000000004       -1.7300000000000018     
  0.90000000000000102      -0.70000000000000007       -1.2500000000000016     
  0.90000000000000102      -0.60000000000000009      -0.81000000000000139     
  0.90000000000000102      -0.50000000000000011      -0.41000000000000125     
  0.90000000000000102      -0.40000000000000013       -5.0000000000001099E-002
  0.90000000000000102      -0.30000000000000016       0.26999999999999913     
  0.90000000000000102      -0.20000000000000015       0.54999999999999938     
  0.90000000000000102      -0.10000000000000014       0.78999999999999981     
  0.90000000000000102       -1.3877787807814457E-016  0.98999999999999999     
  0.90000000000000102        9.9999999999999867E-002   1.1500000000000001     
  0.90000000000000102       0.19999999999999987        1.2700000000000007     
  0.90000000000000102       0.29999999999999988        1.3500000000000008     
  0.90000000000000102       0.39999999999999991        1.3900000000000010     
  0.90000000000000102       0.49999999999999989        1.3900000000000012     
  0.90000000000000102       0.59999999999999987        1.3500000000000014     
  0.90000000000000102       0.69999999999999984        1.2700000000000018     
  0.90000000000000102       0.79999999999999982        1.1500000000000021     
  0.90000000000000102       0.89999999999999980       0.99000000000000243     
  0.90000000000000102       0.99999999999999978       0.79000000000000270     
  0.90000000000000102        1.0999999999999999       0.55000000000000249     
  0.90000000000000102        1.2000000000000000       0.27000000000000268     
  0.90000000000000102        1.3000000000000000       -4.9999999999998046E-002
  0.90000000000000102        1.4000000000000001      -0.40999999999999703     
  0.90000000000000102        1.5000000000000002      -0.80999999999999828     
  0.90000000000000102        1.6000000000000003       -1.2499999999999978     
  0.90000000000000102        1.7000000000000004       -1.7299999999999986     
  0.90000000000000102        1.8000000000000005       -2.2499999999999991     
  0.90000000000000102        1.9000000000000006       -2.8099999999999987     
  0.90000000000000102        2.0000000000000004       -3.4099999999999984     
  0.90000000000000102        2.1000000000000005       -4.0499999999999989     
  0.90000000000000102        2.2000000000000006       -4.7299999999999986     
  0.90000000000000102        2.3000000000000007       -5.4500000000000011     
  0.90000000000000102        2.4000000000000008       -6.2100000000000026     
  0.90000000000000102        2.5000000000000009       -7.0100000000000016     
  0.90000000000000102        2.6000000000000010       -7.8500000000000032     
  0.90000000000000102        2.7000000000000011       -8.7300000000000040     
  0.90000000000000102        2.8000000000000012       -9.6500000000000039     
  0.90000000000000102        2.9000000000000012       -10.610000000000007     
  0.90000000000000102        3.0000000000000013       -11.610000000000010     
  0.90000000000000102        3.1000000000000014       -12.650000000000007     
  0.90000000000000102        3.2000000000000015       -13.730000000000009     
  0.90000000000000102        3.3000000000000016       -14.850000000000014     
  0.90000000000000102        3.4000000000000017       -16.010000000000012     

   1.0000000000000011       -1.0000000000000000       -3.0000000000000022     
   1.0000000000000011      -0.90000000000000002       -2.4200000000000021     
   1.0000000000000011      -0.80000000000000004       -1.8800000000000021     
   1.0000000000000011      -0.70000000000000007       -1.3800000000000019     
   1.0000000000000011      -0.60000000000000009      -0.92000000000000171     
   1.0000000000000011      -0.50000000000000011      -0.50000000000000155     
   1.0000000000000011      -0.40000000000000013      -0.12000000000000138     
   1.0000000000000011      -0.30000000000000016       0.21999999999999884     
   1.0000000000000011      -0.20000000000000015       0.51999999999999913     
   1.0000000000000011      -0.10000000000000014       0.77999999999999936     
   1.0000000000000011       -1.3877787807814457E-016  0.99999999999999956     
   1.0000000000000011        9.9999999999999867E-002   1.1799999999999997     
   1.0000000000000011       0.19999999999999987        1.3200000000000005     
   1.0000000000000011       0.29999999999999988        1.4200000000000006     
   1.0000000000000011       0.39999999999999991        1.4800000000000009     
   1.0000000000000011       0.49999999999999989        1.5000000000000011     
   1.0000000000000011       0.59999999999999987        1.4800000000000013     
   1.0000000000000011       0.69999999999999984        1.4200000000000017     
   1.0000000000000011       0.79999999999999982        1.3200000000000021     
   1.0000000000000011       0.89999999999999980        1.1800000000000024     
   1.0000000000000011       0.99999999999999978        1.0000000000000022     
   1.0000000000000011        1.0999999999999999       0.78000000000000291     
   1.0000000000000011        1.2000000000000000       0.52000000000000268     
   1.0000000000000011        1.3000000000000000       0.22000000000000242     
   1.0000000000000011        1.4000000000000001      -0.11999999999999700     
   1.0000000000000011        1.5000000000000002      -0.49999999999999822     
   1.0000000000000011        1.6000000000000003      -0.91999999999999726     
   1.0000000000000011        1.7000000000000004       -1.3799999999999972     
   1.0000000000000011        1.8000000000000005       -1.8799999999999981     
   1.0000000000000011        1.9000000000000006       -2.4199999999999982     
   1.0000000000000011        2.0000000000000004       -2.9999999999999982     
   1.0000000000000011        2.1000000000000005       -3.6199999999999974     
   1.0000000000000011        2.2000000000000006       -4.2799999999999976     
   1.0000000000000011        2.3000000000000007       -4.9800000000000004     
   1.0000000000000011        2.4000000000000008       -5.7200000000000006     
   1.0000000000000011        2.5000000000000009       -6.5000000000000018     
   1.0000000000000011        2.6000000000000010       -7.3200000000000021     
   1.0000000000000011        2.7000000000000011       -8.1800000000000015     
   1.0000000000000011        2.8000000000000012       -9.0800000000000036     
   1.0000000000000011        2.9000000000000012       -10.020000000000005     
   1.0000000000000011        3.0000000000000013       -11.000000000000007     
   1.0000000000000011        3.1000000000000014       -12.020000000000007     
   1.0000000000000011        3.2000000000000015       -13.080000000000007     
   1.0000000000000011        3.3000000000000016       -14.180000000000012     
   1.0000000000000011        3.4000000000000017       -15.320000000000011     

   1.1000000000000012       -1.0000000000000000       -3.2100000000000026     
   1.1000000000000012      -0.90000000000000002       -2.6100000000000025     
   1.1000000000000012      -0.80000000000000004       -2.0500000000000025     
   1.1000000000000012      -0.70000000000000007       -1.5300000000000022     
   1.1000000000000012      -0.60000000000000009       -1.0500000000000020     
   1.1000000000000012      -0.50000000000000011      -0.61000000000000187     
   1.1000000000000012      -0.40000000000000013      -0.21000000000000169     
   1.1000000000000012      -0.30000000000000016       0.14999999999999855     
   1.1000000000000012      -0.20000000000000015       0.46999999999999881     
   1.1000000000000012      -0.10000000000000014       0.74999999999999911     
   1.1000000000000012       -1.3877787807814457E-016  0.98999999999999932     
   1.1000000000000012        9.9999999999999867E-002   1.1899999999999995     
   1.1000000000000012       0.19999999999999987        1.3500000000000003     
   1.1000000000000012       0.29999999999999988        1.4700000000000004     
   1.1000000000000012       0.39999999999999991        1.5500000000000007     
   1.1000000000000012       0.49999999999999989        1.5900000000000010     
   1.1000000000000012       0.59999999999999987        1.5900000000000012     
   1.1000000000000012       0.69999999999999984        1.5500000000000016     
   1.1000000000000012       0.79999999999999982        1.4700000000000020     
   1.1000000000000012       0.89999999999999980        1.3500000000000023     
   1.1000000000000012       0.99999999999999978        1.1900000000000022     
   1.1000000000000012        1.0999999999999999       0.99000000000000243     
   1.1000000000000012        1.2000000000000000       0.75000000000000266     
   1.1000000000000012        1.3000000000000000       0.47000000000000286     
   1.1000000000000012        1.4000000000000001       0.15000000000000302     
   1.1000000000000012        1.5000000000000002      -0.20999999999999730     
   1.1000000000000012        1.6000000000000003      -0.60999999999999766     
   1.1000000000000012        1.7000000000000004       -1.0499999999999980     
   1.1000000000000012        1.8000000000000005       -1.5299999999999985     
   1.1000000000000012        1.9000000000000006       -2.0499999999999989     
   1.1000000000000012        2.0000000000000004       -2.6099999999999977     
   1.1000000000000012        2.1000000000000005       -3.2099999999999973     
   1.1000000000000012        2.2000000000000006       -3.8499999999999979     
   1.1000000000000012        2.3000000000000007       -4.5300000000000011     
   1.1000000000000012        2.4000000000000008       -5.2500000000000018     
   1.1000000000000012        2.5000000000000009       -6.0100000000000016     
   1.1000000000000012        2.6000000000000010       -6.8100000000000023     
   1.1000000000000012        2.7000000000000011       -7.6500000000000021     
   1.1000000000000012        2.8000000000000012       -8.5300000000000029     
   1.1000000000000012        2.9000000000000012       -9.4500000000000046     
   1.1000000000000012        3.0000000000000013       -10.410000000000007     
   1.1000000000000012        3.1000000000000014       -11.410000000000005     
   1.1000000000000012        3.2000000000000015       -12.450000000000008     
   1.1000000000000012        3.3000000000000016       -13.530000000000012     
   1.1000000000000012        3.4000000000000017       -14.650000000000011     

   1.2000000000000013       -1.0000000000000000       -3.4400000000000031     
   1.2000000000000013      -0.90000000000000002       -2.8200000000000029     
   1.2000000000000013      -0.80000000000000004       -2.2400000000000029     
   1.2000000000000013      -0.70000000000000007       -1.7000000000000026     
   1.2000000000000013      -0.60000000000000009       -1.2000000000000024     
   1.2000000000000013      -0.50000000000000011      -0.74000000000000221     
   1.2000000000000013      -0.40000000000000013      -0.32000000000000201     
   1.2000000000000013      -0.30000000000000016        5.9999999999998249E-002
   1.2000000000000013      -0.20000000000000015       0.39999999999999852     
   1.2000000000000013      -0.10000000000000014       0.69999999999999885     
   1.2000000000000013       -1.3877787807814457E-016  0.95999999999999908     
   1.2000000000000013        9.9999999999999867E-002   1.1799999999999993     
   1.2000000000000013       0.19999999999999987        1.3599999999999997     
   1.2000000000000013       0.29999999999999988        1.5000000000000002     
   1.2000000000000013       0.39999999999999991        1.6000000000000005     
   1.2000000000000013       0.49999999999999989        1.6600000000000008     
   1.2000000000000013       0.59999999999999987        1.6800000000000010     
   1.2000000000000013       0.69999999999999984        1.6600000000000010     
   1.2000000000000013       0.79999999999999982        1.6000000000000014     
   1.2000000000000013       0.89999999999999980        1.5000000000000018     
   1.2000000000000013       0.99999999999999978        1.3600000000000021     
   1.2000000000000013        1.0999999999999999        1.1800000000000019     
   1.2000000000000013        1.2000000000000000       0.96000000000000263     
   1.2000000000000013        1.3000000000000000       0.70000000000000329     
   1.2000000000000013        1.4000000000000001       0.40000000000000302     
   1.2000000000000013        1.5000000000000002        6.0000000000002274E-002
   1.2000000000000013        1.6000000000000003      -0.31999999999999762     
   1.2000000000000013        1.7000000000000004      -0.73999999999999844     
   1.2000000000000013        1.8000000000000005       -1.1999999999999984     
   1.2000000000000013        1.9000000000000006       -1.6999999999999975     
   1.2000000000000013        2.0000000000000004       -2.2399999999999984     
   1.2000000000000013        2.1000000000000005       -2.8199999999999985     
   1.2000000000000013        2.2000000000000006       -3.4399999999999977     
   1.2000000000000013        2.3000000000000007       -4.0999999999999996     
   1.2000000000000013        2.4000000000000008       -4.8000000000000007     
   1.2000000000000013        2.5000000000000009       -5.5400000000000009     
   1.2000000000000013        2.6000000000000010       -6.3200000000000021     
   1.2000000000000013        2.7000000000000011       -7.1400000000000023     
   1.2000000000000013        2.8000000000000012       -8.0000000000000018     
   1.2000000000000013        2.9000000000000012       -8.9000000000000039     
   1.2000000000000013        3.0000000000000013       -9.8400000000000070     
   1.2000000000000013        3.1000000000000014       -10.820000000000006     
   1.2000000000000013        3.2000000000000015       -11.840000000000007     
   1.2000000000000013        3.3000000000000016       -12.900000000000011     
   1.2000000000000013        3.4000000000000017       -14.000000000000011     

   1.3000000000000014       -1.0000000000000000       -3.6900000000000035     
   1.3000000000000014      -0.90000000000000002       -3.0500000000000034     
   1.3000000000000014      -0.80000000000000004       -2.4500000000000033     
   1.3000000000000014      -0.70000000000000007       -1.8900000000000030     
   1.3000000000000014      -0.60000000000000009       -1.3700000000000028     
   1.3000000000000014      -0.50000000000000011      -0.89000000000000257     
   1.3000000000000014      -0.40000000000000013      -0.45000000000000234     
   1.3000000000000014      -0.30000000000000016       -5.0000000000002071E-002
   1.3000000000000014      -0.20000000000000015       0.30999999999999822     
   1.3000000000000014      -0.10000000000000014       0.62999999999999856     
   1.3000000000000014       -1.3877787807814457E-016  0.90999999999999881     
   1.3000000000000014        9.9999999999999867E-002   1.1499999999999990     
   1.3000000000000014       0.19999999999999987        1.3499999999999994     
   1.3000000000000014       0.29999999999999988        1.5100000000000000     
   1.3000000000000014       0.39999999999999991        1.6300000000000003     
   1.3000000000000014       0.49999999999999989        1.7100000000000006     
   1.3000000000000014       0.59999999999999987        1.7500000000000004     
   1.3000000000000014       0.69999999999999984        1.7500000000000013     
   1.3000000000000014       0.79999999999999982        1.7100000000000022     
   1.3000000000000014       0.89999999999999980        1.6300000000000021     
   1.3000000000000014       0.99999999999999978        1.5100000000000020     
   1.3000000000000014        1.0999999999999999        1.3500000000000023     
   1.3000000000000014        1.2000000000000000        1.1500000000000030     
   1.3000000000000014        1.3000000000000000       0.91000000000000236     
   1.3000000000000014        1.4000000000000001       0.63000000000000345     
   1.3000000000000014        1.5000000000000002       0.31000000000000227     
   1.3000000000000014        1.6000000000000003       -4.9999999999996270E-002
   1.3000000000000014        1.7000000000000004      -0.44999999999999751     
   1.3000000000000014        1.8000000000000005      -0.88999999999999790     
   1.3000000000000014        1.9000000000000006       -1.3699999999999974     
   1.3000000000000014        2.0000000000000004       -1.8899999999999970     
   1.3000000000000014        2.1000000000000005       -2.4499999999999975     
   1.3000000000000014        2.2000000000000006       -3.0499999999999972     
   1.3000000000000014        2.3000000000000007       -3.6899999999999995     
   1.3000000000000014        2.4000000000000008       -4.3699999999999992     
   1.3000000000000014        2.5000000000000009       -5.0899999999999999     
   1.3000000000000014        2.6000000000000010       -5.8500000000000014     
   1.3000000000000014        2.7000000000000011       -6.6500000000000004     
   1.3000000000000014        2.8000000000000012       -7.4900000000000020     
   1.3000000000000014        2.9000000000000012       -8.3700000000000028     
   1.3000000000000014        3.0000000000000013       -9.2900000000000063     
   1.3000000000000014        3.1000000000000014       -10.250000000000004     
   1.3000000000000014        3.2000000000000015       -11.250000000000005     
   1.3000000000000014        3.3000000000000016       -12.290000000000010     
   1.3000000000000014        3.4000000000000017       -13.370000000000008     

   1.4000000000000015       -1.0000000000000000       -3.9600000000000044     
   1.4000000000000015      -0.90000000000000002       -3.3000000000000043     
   1.4000000000000015      -0.80000000000000004       -2.6800000000000042     
   1.4000000000000015      -0.70000000000000007       -2.1000000000000036     
   1.4000000000000015      -0.60000000000000009       -1.5600000000000034     
   1.4000000000000015      -0.50000000000000011       -1.0600000000000032     
   1.4000000000000015      -0.40000000000000013      -0.60000000000000298     
   1.4000000000000015      -0.30000000000000016      -0.18000000000000263     
   1.4000000000000015      -0.20000000000000015       0.19999999999999768     
   1.4000000000000015      -0.10000000000000014       0.53999999999999804     
   1.4000000000000015       -1.3877787807814457E-016  0.83999999999999830     
   1.4000000000000015        9.9999999999999867E-002   1.0999999999999985     
   1.4000000000000015       0.19999999999999987        1.3199999999999990     
   1.4000000000000015       0.29999999999999988        1.4999999999999991     
   1.4000000000000015       0.39999999999999991        1.6399999999999999     
   1.4000000000000015       0.49999999999999989        1.7400000000000004     
   1.4000000000000015       0.59999999999999987        1.7999999999999998     
   1.4000000000000015       0.69999999999999984        1.8200000000000003     
   1.4000000000000015       0.79999999999999982        1.8000000000000007     
   1.4000000000000015       0.89999999999999980        1.7400000000000020     
   1.4000000000000015       0.99999999999999978        1.6400000000000015     
   1.4000000000000015        1.0999999999999999        1.5000000000000022     
   1.4000000000000015        1.2000000000000000        1.3200000000000021     
   1.4000000000000015        1.3000000000000000        1.1000000000000019     
   1.4000000000000015        1.4000000000000001       0.84000000000000252     
   1.4000000000000015        1.5000000000000002       0.54000000000000092     
   1.4000000000000015        1.6000000000000003       0.20000000000000195     
   1.4000000000000015        1.7000000000000004      -0.17999999999999794     
   1.4000000000000015        1.8000000000000005      -0.59999999999999876     
   1.4000000000000015        1.9000000000000006       -1.0599999999999987     
   1.4000000000000015        2.0000000000000004       -1.5599999999999987     
   1.4000000000000015        2.1000000000000005       -2.0999999999999979     
   1.4000000000000015        2.2000000000000006       -2.6799999999999979     
   1.4000000000000015        2.3000000000000007       -3.3000000000000007     
   1.4000000000000015        2.4000000000000008       -3.9600000000000009     
   1.4000000000000015        2.5000000000000009       -4.6600000000000001     
   1.4000000000000015        2.6000000000000010       -5.4000000000000021     
   1.4000000000000015        2.7000000000000011       -6.1800000000000015     
   1.4000000000000015        2.8000000000000012       -7.0000000000000018     
   1.4000000000000015        2.9000000000000012       -7.8600000000000048     
   1.4000000000000015        3.0000000000000013       -8.7600000000000069     
   1.4000000000000015        3.1000000000000014       -9.7000000000000046     
   1.4000000000000015        3.2000000000000015       -10.680000000000007     
   1.4000000000000015        3.3000000000000016       -11.700000000000010     
   1.4000000000000015        3.4000000000000017       -12.760000000000009     

   1.5000000000000016       -1.0000000000000000       -4.2500000000000053     
   1.5000000000000016      -0.90000000000000002       -3.5700000000000047     
   1.5000000000000016      -0.80000000000000004       -2.9300000000000046     
   1.5000000000000016      -0.70000000000000007       -2.3300000000000045     
   1.5000000000000016      -0.60000000000000009       -1.7700000000000040     
   1.5000000000000016      -0.50000000000000011       -1.2500000000000040     
   1.5000000000000016      -0.40000000000000013      -0.77000000000000379     
   1.5000000000000016      -0.30000000000000016      -0.33000000000000318     
   1.5000000000000016      -0.20000000000000015        6.9999999999997120E-002
   1.5000000000000016      -0.10000000000000014       0.42999999999999744     
   1.5000000000000016       -1.3877787807814457E-016  0.74999999999999778     
   1.5000000000000016        9.9999999999999867E-002   1.0299999999999980     
   1.5000000000000016       0.19999999999999987        1.2699999999999985     
   1.5000000000000016       0.29999999999999988        1.4699999999999991     
   1.5000000000000016       0.39999999999999991        1.6299999999999999     
   1.5000000000000016       0.49999999999999989        1.7499999999999998     
   1.5000000000000016       0.59999999999999987        1.8299999999999996     
   1.5000000000000016       0.69999999999999984        1.8700000000000006     
   1.5000000000000016       0.79999999999999982        1.8700000000000014     
   1.5000000000000016       0.89999999999999980        1.8300000000000014     
   1.5000000000000016       0.99999999999999978        1.7500000000000013     
   1.5000000000000016        1.0999999999999999        1.6300000000000012     
   1.5000000000000016        1.2000000000000000        1.4700000000000015     
   1.5000000000000016        1.3000000000000000        1.2700000000000018     
   1.5000000000000016        1.4000000000000001        1.0300000000000020     
   1.5000000000000016        1.5000000000000002       0.75000000000000178     
   1.5000000000000016        1.6000000000000003       0.43000000000000238     
   1.5000000000000016        1.7000000000000004        7.0000000000002061E-002
   1.5000000000000016        1.8000000000000005      -0.32999999999999741     
   1.5000000000000016        1.9000000000000006      -0.76999999999999957     
   1.5000000000000016        2.0000000000000004       -1.2499999999999982     
   1.5000000000000016        2.1000000000000005       -1.7699999999999978     
   1.5000000000000016        2.2000000000000006       -2.3299999999999983     
   1.5000000000000016        2.3000000000000007       -2.9299999999999997     
   1.5000000000000016        2.4000000000000008       -3.5700000000000003     
   1.5000000000000016        2.5000000000000009       -4.2500000000000000     
   1.5000000000000016        2.6000000000000010       -4.9700000000000006     
   1.5000000000000016        2.7000000000000011       -5.7300000000000004     
   1.5000000000000016        2.8000000000000012       -6.5300000000000011     
   1.5000000000000016        2.9000000000000012       -7.3700000000000028     
   1.5000000000000016        3.0000000000000013       -8.2500000000000053     
   1.5000000000000016        3.1000000000000014       -9.1700000000000053     
   1.5000000000000016        3.2000000000000015       -10.130000000000006     
   1.5000000000000016        3.3000000000000016       -11.130000000000010     
   1.5000000000000016        3.4000000000000017       -12.170000000000009     

   1.6000000000000016       -1.0000000000000000       -4.5600000000000058     
   1.6000000000000016      -0.90000000000000002       -3.8600000000000052     
   1.6000000000000016      -0.80000000000000004       -3.2000000000000051     
   1.6000000000000016      -0.70000000000000007       -2.5800000000000045     
   1.6000000000000016      -0.60000000000000009       -2.0000000000000044     
   1.6000000000000016      -0.50000000000000011       -1.4600000000000044     
   1.6000000000000016      -0.40000000000000013      -0.96000000000000418     
   1.6000000000000016      -0.30000000000000016      -0.50000000000000355     
   1.6000000000000016      -0.20000000000000015       -8.0000000000003235E-002
   1.6000000000000016      -0.10000000000000014       0.29999999999999710     
   1.6000000000000016       -1.3877787807814457E-016  0.63999999999999746     
   1.6000000000000016        9.9999999999999867E-002  0.93999999999999784     
   1.6000000000000016       0.19999999999999987        1.1999999999999982     
   1.6000000000000016       0.29999999999999988        1.4199999999999984     
   1.6000000000000016       0.39999999999999991        1.5999999999999988     
   1.6000000000000016       0.49999999999999989        1.7399999999999991     
   1.6000000000000016       0.59999999999999987        1.8399999999999994     
   1.6000000000000016       0.69999999999999984        1.8999999999999999     
   1.6000000000000016       0.79999999999999982        1.9200000000000004     
   1.6000000000000016       0.89999999999999980        1.9000000000000008     
   1.6000000000000016       0.99999999999999978        1.8400000000000012     
   1.6000000000000016        1.0999999999999999        1.7400000000000007     
   1.6000000000000016        1.2000000000000000        1.6000000000000023     
   1.6000000000000016        1.3000000000000000        1.4200000000000021     
   1.6000000000000016        1.4000000000000001        1.2000000000000020     
   1.6000000000000016        1.5000000000000002       0.94000000000000128     
   1.6000000000000016        1.6000000000000003       0.64000000000000146     
   1.6000000000000016        1.7000000000000004       0.30000000000000071     
   1.6000000000000016        1.8000000000000005       -7.9999999999997407E-002
   1.6000000000000016        1.9000000000000006      -0.49999999999999822     
   1.6000000000000016        2.0000000000000004      -0.95999999999999730     
   1.6000000000000016        2.1000000000000005       -1.4599999999999973     
   1.6000000000000016        2.2000000000000006       -1.9999999999999982     
   1.6000000000000016        2.3000000000000007       -2.5800000000000001     
   1.6000000000000016        2.4000000000000008       -3.2000000000000011     
   1.6000000000000016        2.5000000000000009       -3.8600000000000012     
   1.6000000000000016        2.6000000000000010       -4.5600000000000023     
   1.6000000000000016        2.7000000000000011       -5.3000000000000007     
   1.6000000000000016        2.8000000000000012       -6.0800000000000018     
   1.6000000000000016        2.9000000000000012       -6.9000000000000039     
   1.6000000000000016        3.0000000000000013       -7.7600000000000069     
   1.6000000000000016        3.1000000000000014       -8.6600000000000055     
   1.6000000000000016        3.2000000000000015       -9.6000000000000050     
   1.6000000000000016        3.3000000000000016       -10.580000000000009     
   1.6000000000000016        3.4000000000000017       -11.600000000000009     

   1.7000000000000017       -1.0000000000000000       -4.8900000000000059     
   1.7000000000000017      -0.90000000000000002       -4.1700000000000053     
   1.7000000000000017      -0.80000000000000004       -3.4900000000000055     
   1.7000000000000017      -0.70000000000000007       -2.8500000000000050     
   1.7000000000000017      -0.60000000000000009       -2.2500000000000049     
   1.7000000000000017      -0.50000000000000011       -1.6900000000000048     
   1.7000000000000017      -0.40000000000000013       -1.1700000000000044     
   1.7000000000000017      -0.30000000000000016      -0.69000000000000439     
   1.7000000000000017      -0.20000000000000015      -0.25000000000000361     
   1.7000000000000017      -0.10000000000000014       0.14999999999999675     
   1.7000000000000017       -1.3877787807814457E-016  0.50999999999999712     
   1.7000000000000017        9.9999999999999867E-002  0.82999999999999752     
   1.7000000000000017       0.19999999999999987        1.1099999999999979     
   1.7000000000000017       0.29999999999999988        1.3499999999999985     
   1.7000000000000017       0.39999999999999991        1.5499999999999985     
   1.7000000000000017       0.49999999999999989        1.7099999999999993     
   1.7000000000000017       0.59999999999999987        1.8299999999999992     
   1.7000000000000017       0.69999999999999984        1.9100000000000001     
   1.7000000000000017       0.79999999999999982        1.9500000000000002     
   1.7000000000000017       0.89999999999999980        1.9500000000000011     
   1.7000000000000017       0.99999999999999978        1.9100000000000010     
   1.7000000000000017        1.0999999999999999        1.8300000000000014     
   1.7000000000000017        1.2000000000000000        1.7100000000000017     
   1.7000000000000017        1.3000000000000000        1.5500000000000012     
   1.7000000000000017        1.4000000000000001        1.3500000000000023     
   1.7000000000000017        1.5000000000000002        1.1100000000000012     
   1.7000000000000017        1.6000000000000003       0.83000000000000274     
   1.7000000000000017        1.7000000000000004       0.51000000000000156     
   1.7000000000000017        1.8000000000000005       0.15000000000000302     
   1.7000000000000017        1.9000000000000006      -0.24999999999999822     
   1.7000000000000017        2.0000000000000004      -0.68999999999999773     
   1.7000000000000017        2.1000000000000005       -1.1699999999999964     
   1.7000000000000017        2.2000000000000006       -1.6899999999999977     
   1.7000000000000017        2.3000000000000007       -2.2500000000000000     
   1.7000000000000017        2.4000000000000008       -2.8499999999999996     
   1.7000000000000017        2.5000000000000009       -3.4899999999999984     
   1.7000000000000017        2.6000000000000010       -4.1699999999999999     
   1.7000000000000017        2.7000000000000011       -4.8900000000000006     
   1.7000000000000017        2.8000000000000012       -5.6500000000000004     
   1.7000000000000017        2.9000000000000012       -6.4500000000000028     
   1.7000000000000017        3.0000000000000013       -7.2900000000000045     
   1.7000000000000017        3.1000000000000014       -8.1700000000000035     
   1.7000000000000017        3.2000000000000015       -9.0900000000000034     
   1.7000000000000017        3.3000000000000016       -10.050000000000008     
   1.7000000000000017        3.4000000000000017       -11.050000000000006     

   1.8000000000000018       -1.0000000000000000       -5.2400000000000064     
   1.8000000000000018      -0.90000000000000002       -4.5000000000000062     
   1.8000000000000018      -0.80000000000000004       -3.8000000000000060     
   1.8000000000000018      -0.70000000000000007       -3.1400000000000059     
   1.8000000000000018      -0.60000000000000009       -2.5200000000000053     
   1.8000000000000018      -0.50000000000000011       -1.9400000000000053     
   1.8000000000000018      -0.40000000000000013       -1.4000000000000048     
   1.8000000000000018      -0.30000000000000016      -0.90000000000000435     
   1.8000000000000018      -0.20000000000000015      -0.44000000000000400     
   1.8000000000000018      -0.10000000000000014       -2.0000000000003612E-002
   1.8000000000000018       -1.3877787807814457E-016  0.35999999999999677     
   1.8000000000000018        9.9999999999999867E-002  0.69999999999999718     
   1.8000000000000018       0.19999999999999987       0.99999999999999756     
   1.8000000000000018       0.29999999999999988        1.2599999999999978     
   1.8000000000000018       0.39999999999999991        1.4799999999999982     
   1.8000000000000018       0.49999999999999989        1.6599999999999986     
   1.8000000000000018       0.59999999999999987        1.7999999999999989     
   1.8000000000000018       0.69999999999999984        1.8999999999999995     
   1.8000000000000018       0.79999999999999982        1.9600000000000000     
   1.8000000000000018       0.89999999999999980        1.9800000000000004     
   1.8000000000000018       0.99999999999999978        1.9600000000000009     
   1.8000000000000018        1.0999999999999999        1.9000000000000017     
   1.8000000000000018        1.2000000000000000        1.8000000000000007     
   1.8000000000000018        1.3000000000000000        1.6600000000000015     
   1.8000000000000018        1.4000000000000001        1.4800000000000022     
   1.8000000000000018        1.5000000000000002        1.2600000000000025     
   1.8000000000000018        1.6000000000000003        1.0000000000000018     
   1.8000000000000018        1.7000000000000004       0.70000000000000195     
   1.8000000000000018        1.8000000000000005       0.36000000000000298     
   1.8000000000000018        1.9000000000000006       -1.9999999999998685E-002
   1.8000000000000018        2.0000000000000004      -0.43999999999999684     
   1.8000000000000018        2.1000000000000005      -0.89999999999999769     
   1.8000000000000018        2.2000000000000006       -1.3999999999999968     
   1.8000000000000018        2.3000000000000007       -1.9399999999999995     
   1.8000000000000018        2.4000000000000008       -2.5200000000000014     
   1.8000000000000018        2.5000000000000009       -3.1399999999999988     
   1.8000000000000018        2.6000000000000010       -3.8000000000000007     
   1.8000000000000018        2.7000000000000011       -4.5000000000000018     
   1.8000000000000018        2.8000000000000012       -5.2400000000000002     
   1.8000000000000018        2.9000000000000012       -6.0200000000000031     
   1.8000000000000018        3.0000000000000013       -6.8400000000000070     
   1.8000000000000018        3.1000000000000014       -7.7000000000000028     
   1.8000000000000018        3.2000000000000015       -8.6000000000000050     
   1.8000000000000018        3.3000000000000016       -9.5400000000000063     
   1.8000000000000018        3.4000000000000017       -10.520000000000007     

   1.9000000000000019       -1.0000000000000000       -5.6100000000000074     
   1.9000000000000019      -0.90000000000000002       -4.8500000000000068     
   1.9000000000000019      -0.80000000000000004       -4.1300000000000070     
   1.9000000000000019      -0.70000000000000007       -3.4500000000000064     
   1.9000000000000019      -0.60000000000000009       -2.8100000000000063     
   1.9000000000000019      -0.50000000000000011       -2.2100000000000062     
   1.9000000000000019      -0.40000000000000013       -1.6500000000000057     
   1.9000000000000019      -0.30000000000000016       -1.1300000000000057     
   1.9000000000000019      -0.20000000000000015      -0.65000000000000480     
   1.9000000000000019      -0.10000000000000014      -0.21000000000000446     
   1.9000000000000019       -1.3877787807814457E-016  0.18999999999999595     
   1.9000000000000019        9.9999999999999867E-002  0.54999999999999594     
   1.9000000000000019       0.19999999999999987       0.86999999999999678     
   1.9000000000000019       0.29999999999999988        1.1499999999999975     
   1.9000000000000019       0.39999999999999991        1.3899999999999975     
   1.9000000000000019       0.49999999999999989        1.5899999999999983     
   1.9000000000000019       0.59999999999999987        1.7499999999999982     
   1.9000000000000019       0.69999999999999984        1.8699999999999992     
   1.9000000000000019       0.79999999999999982        1.9499999999999993     
   1.9000000000000019       0.89999999999999980        1.9899999999999993     
   1.9000000000000019       0.99999999999999978        1.9900000000000002     
   1.9000000000000019        1.0999999999999999        1.9500000000000006     
   1.9000000000000019        1.2000000000000000        1.8700000000000010     
   1.9000000000000019        1.3000000000000000        1.7500000000000013     
   1.9000000000000019        1.4000000000000001        1.5900000000000016     
   1.9000000000000019        1.5000000000000002        1.3900000000000015     
   1.9000000000000019        1.6000000000000003        1.1500000000000021     
   1.9000000000000019        1.7000000000000004       0.87000000000000188     
   1.9000000000000019        1.8000000000000005       0.55000000000000249     
   1.9000000000000019        1.9000000000000006       0.19000000000000217     
   1.9000000000000019        2.0000000000000004      -0.20999999999999819     
   1.9000000000000019        2.1000000000000005      -0.64999999999999858     
   1.9000000000000019        2.2000000000000006       -1.1299999999999972     
   1.9000000000000019        2.3000000000000007       -1.6500000000000004     
   1.9000000000000019        2.4000000000000008       -2.2099999999999991     
   1.9000000000000019        2.5000000000000009       -2.8100000000000005     
   1.9000000000000019        2.6000000000000010       -3.4499999999999993     
   1.9000000000000019        2.7000000000000011       -4.1300000000000008     
   1.9000000000000019        2.8000000000000012       -4.8499999999999996     
   1.9000000000000019        2.9000000000000012       -5.6100000000000030     
   1.9000000000000019        3.0000000000000013       -6.4100000000000037     
   1.9000000000000019        3.1000000000000014       -7.2500000000000036     
   1.9000000000000019        3.2000000000000015       -8.1300000000000026     
   1.9000000000000019        3.3000000000000016       -9.0500000000000078     
   1.9000000000000019        3.4000000000000017       -10.010000000000005     

   2.0000000000000018       -1.0000000000000000       -6.0000000000000071     
   2.0000000000000018      -0.90000000000000002       -5.2200000000000069     
   2.0000000000000018      -0.80000000000000004       -4.4800000000000066     
   2.0000000000000018      -0.70000000000000007       -3.7800000000000065     
   2.0000000000000018      -0.60000000000000009       -3.1200000000000063     
   2.0000000000000018      -0.50000000000000011       -2.5000000000000062     
   2.0000000000000018      -0.40000000000000013       -1.9200000000000057     
   2.0000000000000018      -0.30000000000000016       -1.3800000000000057     
   2.0000000000000018      -0.20000000000000015      -0.88000000000000478     
   2.0000000000000018      -0.10000000000000014      -0.42000000000000443     
   2.0000000000000018       -1.3877787807814457E-016  -4.4408920985006262E-015
   2.0000000000000018        9.9999999999999867E-002  0.37999999999999595     
   2.0000000000000018       0.19999999999999987       0.71999999999999642     
   2.0000000000000018       0.29999999999999988        1.0199999999999976     
   2.0000000000000018       0.39999999999999991        1.2799999999999980     
   2.0000000000000018       0.49999999999999989        1.4999999999999984     
   2.0000000000000018       0.59999999999999987        1.6799999999999988     
   2.0000000000000018       0.69999999999999984        1.8199999999999994     
   2.0000000000000018       0.79999999999999982        1.9199999999999990     
   2.0000000000000018       0.89999999999999980        1.9799999999999995     
   2.0000000000000018       0.99999999999999978        2.0000000000000009     
   2.0000000000000018        1.0999999999999999        1.9799999999999991     
   2.0000000000000018        1.2000000000000000        1.9200000000000008     
   2.0000000000000018        1.3000000000000000        1.8200000000000007     
   2.0000000000000018        1.4000000000000001        1.6800000000000006     
   2.0000000000000018        1.5000000000000002        1.5000000000000018     
   2.0000000000000018        1.6000000000000003        1.2800000000000002     
   2.0000000000000018        1.7000000000000004        1.0200000000000014     
   2.0000000000000018        1.8000000000000005       0.72000000000000153     
   2.0000000000000018        1.9000000000000006       0.38000000000000078     
   2.0000000000000018        2.0000000000000004        1.7763568394002505E-015
   2.0000000000000018        2.1000000000000005      -0.41999999999999815     
   2.0000000000000018        2.2000000000000006      -0.87999999999999901     
   2.0000000000000018        2.3000000000000007       -1.3799999999999990     
   2.0000000000000018        2.4000000000000008       -1.9199999999999999     
   2.0000000000000018        2.5000000000000009       -2.5000000000000000     
   2.0000000000000018        2.6000000000000010       -3.1200000000000010     
   2.0000000000000018        2.7000000000000011       -3.7800000000000011     
   2.0000000000000018        2.8000000000000012       -4.4800000000000004     
   2.0000000000000018        2.9000000000000012       -5.2200000000000024     
   2.0000000000000018        3.0000000000000013       -6.0000000000000036     
   2.0000000000000018        3.1000000000000014       -6.8200000000000038     
   2.0000000000000018        3.2000000000000015       -7.6800000000000068     
   2.0000000000000018        3.3000000000000016       -8.5800000000000054     
   2.0000000000000018        3.4000000000000017       -9.5200000000000067     

   2.1000000000000019       -1.0000000000000000       -6.4100000000000081     
   2.1000000000000019      -0.90000000000000002       -5.6100000000000083     
   2.1000000000000019      -0.80000000000000004       -4.8500000000000076     
   2.1000000000000019      -0.70000000000000007       -4.1300000000000079     
   2.1000000000000019      -0.60000000000000009       -3.4500000000000073     
   2.1000000000000019      -0.50000000000000011       -2.8100000000000067     
   2.1000000000000019      -0.40000000000000013       -2.2100000000000071     
   2.1000000000000019      -0.30000000000000016       -1.6500000000000061     
   2.1000000000000019      -0.20000000000000015       -1.1300000000000061     
   2.1000000000000019      -0.10000000000000014      -0.65000000000000524     
   2.1000000000000019       -1.3877787807814457E-016 -0.21000000000000529     
   2.1000000000000019        9.9999999999999867E-002  0.18999999999999556     
   2.1000000000000019       0.19999999999999987       0.54999999999999560     
   2.1000000000000019       0.29999999999999988       0.86999999999999644     
   2.1000000000000019       0.39999999999999991        1.1499999999999964     
   2.1000000000000019       0.49999999999999989        1.3899999999999972     
   2.1000000000000019       0.59999999999999987        1.5899999999999981     
   2.1000000000000019       0.69999999999999984        1.7499999999999982     
   2.1000000000000019       0.79999999999999982        1.8699999999999983     
   2.1000000000000019       0.89999999999999980        1.9499999999999984     
   2.1000000000000019       0.99999999999999978        1.9899999999999984     
   2.1000000000000019        1.0999999999999999        1.9899999999999998     
   2.1000000000000019        1.2000000000000000        1.9500000000000011     
   2.1000000000000019        1.3000000000000000        1.8700000000000006     
   2.1000000000000019        1.4000000000000001        1.7500000000000000     
   2.1000000000000019        1.5000000000000002        1.5900000000000007     
   2.1000000000000019        1.6000000000000003        1.3900000000000006     
   2.1000000000000019        1.7000000000000004        1.1499999999999995     
   2.1000000000000019        1.8000000000000005       0.87000000000000099     
   2.1000000000000019        1.9000000000000006       0.55000000000000160     
   2.1000000000000019        2.0000000000000004       0.19000000000000128     
   2.1000000000000019        2.1000000000000005      -0.20999999999999730     
   2.1000000000000019        2.2000000000000006      -0.64999999999999680     
   2.1000000000000019        2.3000000000000007       -1.1300000000000008     
   2.1000000000000019        2.4000000000000008       -1.6500000000000004     
   2.1000000000000019        2.5000000000000009       -2.2099999999999991     
   2.1000000000000019        2.6000000000000010       -2.8099999999999987     
   2.1000000000000019        2.7000000000000011       -3.4500000000000011     
   2.1000000000000019        2.8000000000000012       -4.1300000000000008     
   2.1000000000000019        2.9000000000000012       -4.8500000000000014     
   2.1000000000000019        3.0000000000000013       -5.6100000000000030     
   2.1000000000000019        3.1000000000000014       -6.4100000000000037     
   2.1000000000000019        3.2000000000000015       -7.2500000000000036     
   2.1000000000000019        3.3000000000000016       -8.1300000000000061     
   2.1000000000000019        3.4000000000000017       -9.0500000000000078     

   2.2000000000000020       -1.0000000000000000       -6.8400000000000087     
   2.2000000000000020      -0.90000000000000002       -6.0200000000000085     
   2.2000000000000020      -0.80000000000000004       -5.2400000000000082     
   2.2000000000000020      -0.70000000000000007       -4.5000000000000080     
   2.2000000000000020      -0.60000000000000009       -3.8000000000000078     
   2.2000000000000020      -0.50000000000000011       -3.1400000000000077     
   2.2000000000000020      -0.40000000000000013       -2.5200000000000076     
   2.2000000000000020      -0.30000000000000016       -1.9400000000000071     
   2.2000000000000020      -0.20000000000000015       -1.4000000000000066     
   2.2000000000000020      -0.10000000000000014      -0.90000000000000568     
   2.2000000000000020       -1.3877787807814457E-016 -0.44000000000000572     
   2.2000000000000020        9.9999999999999867E-002  -2.0000000000005277E-002
   2.2000000000000020       0.19999999999999987       0.35999999999999516     
   2.2000000000000020       0.29999999999999988       0.69999999999999563     
   2.2000000000000020       0.39999999999999991       0.99999999999999689     
   2.2000000000000020       0.49999999999999989        1.2599999999999965     
   2.2000000000000020       0.59999999999999987        1.4799999999999978     
   2.2000000000000020       0.69999999999999984        1.6599999999999975     
   2.2000000000000020       0.79999999999999982        1.7999999999999980     
   2.2000000000000020       0.89999999999999980        1.8999999999999986     
   2.2000000000000020       0.99999999999999978        1.9600000000000000     
   2.2000000000000020        1.0999999999999999        1.9799999999999991     
   2.2000000000000020        1.2000000000000000        1.9600000000000000     
   2.2000000000000020        1.3000000000000000        1.8999999999999990     
   2.2000000000000020        1.4000000000000001        1.7999999999999998     
   2.2000000000000020        1.5000000000000002        1.6600000000000001     
   2.2000000000000020        1.6000000000000003        1.4800000000000013     
   2.2000000000000020        1.7000000000000004        1.2600000000000016     
   2.2000000000000020        1.8000000000000005        1.0000000000000009     
   2.2000000000000020        1.9000000000000006       0.70000000000000107     
   2.2000000000000020        2.0000000000000004       0.36000000000000121     
   2.2000000000000020        2.1000000000000005       -1.9999999999997797E-002
   2.2000000000000020        2.2000000000000006      -0.43999999999999773     
   2.2000000000000020        2.3000000000000007      -0.90000000000000036     
   2.2000000000000020        2.4000000000000008       -1.4000000000000004     
   2.2000000000000020        2.5000000000000009       -1.9399999999999995     
   2.2000000000000020        2.6000000000000010       -2.5200000000000014     
   2.2000000000000020        2.7000000000000011       -3.1400000000000006     
   2.2000000000000020        2.8000000000000012       -3.8000000000000007     
   2.2000000000000020        2.9000000000000012       -4.5000000000000018     
   2.2000000000000020        3.0000000000000013       -5.2400000000000038     
   2.2000000000000020        3.1000000000000014       -6.0200000000000049     
   2.2000000000000020        3.2000000000000015       -6.8400000000000016     
   2.2000000000000020        3.3000000000000016       -7.7000000000000082     
   2.2000000000000020        3.4000000000000017       -8.6000000000000068     

   2.3000000000000020       -1.0000000000000000       -7.2900000000000098     
   2.3000000000000020      -0.90000000000000002       -6.4500000000000099     
   2.3000000000000020      -0.80000000000000004       -5.6500000000000092     
   2.3000000000000020      -0.70000000000000007       -4.8900000000000095     
   2.3000000000000020      -0.60000000000000009       -4.1700000000000088     
   2.3000000000000020      -0.50000000000000011       -3.4900000000000082     
   2.3000000000000020      -0.40000000000000013       -2.8500000000000085     
   2.3000000000000020      -0.30000000000000016       -2.2500000000000075     
   2.3000000000000020      -0.20000000000000015       -1.6900000000000075     
   2.3000000000000020      -0.10000000000000014       -1.1700000000000066     
   2.3000000000000020       -1.3877787807814457E-016 -0.69000000000000661     
   2.3000000000000020        9.9999999999999867E-002 -0.25000000000000572     
   2.3000000000000020       0.19999999999999987       0.14999999999999430     
   2.3000000000000020       0.29999999999999988       0.50999999999999523     
   2.3000000000000020       0.39999999999999991       0.82999999999999519     
   2.3000000000000020       0.49999999999999989        1.1099999999999961     
   2.3000000000000020       0.59999999999999987        1.3499999999999970     
   2.3000000000000020       0.69999999999999984        1.5499999999999963     
   2.3000000000000020       0.79999999999999982        1.7099999999999973     
   2.3000000000000020       0.89999999999999980        1.8299999999999965     
   2.3000000000000020       0.99999999999999978        1.9099999999999975     
   2.3000000000000020        1.0999999999999999        1.9499999999999980     
   2.3000000000000020        1.2000000000000000        1.9499999999999984     
   2.3000000000000020        1.3000000000000000        1.9099999999999988     
   2.3000000000000020        1.4000000000000001        1.8299999999999992     
   2.3000000000000020        1.5000000000000002        1.7099999999999991     
   2.3000000000000020        1.6000000000000003        1.5499999999999998     
   2.3000000000000020        1.7000000000000004        1.3499999999999996     
   2.3000000000000020        1.8000000000000005        1.1100000000000003     
   2.3000000000000020        1.9000000000000006       0.83000000000000007     
   2.3000000000000020        2.0000000000000004       0.51000000000000156     
   2.3000000000000020        2.1000000000000005       0.15000000000000213     
   2.3000000000000020        2.2000000000000006      -0.24999999999999822     
   2.3000000000000020        2.3000000000000007      -0.68999999999999950     
   2.3000000000000020        2.4000000000000008       -1.1699999999999999     
   2.3000000000000020        2.5000000000000009       -1.6899999999999995     
   2.3000000000000020        2.6000000000000010       -2.2500000000000000     
   2.3000000000000020        2.7000000000000011       -2.8499999999999996     
   2.3000000000000020        2.8000000000000012       -3.4900000000000002     
   2.3000000000000020        2.9000000000000012       -4.1700000000000017     
   2.3000000000000020        3.0000000000000013       -4.8900000000000041     
   2.3000000000000020        3.1000000000000014       -5.6500000000000021     
   2.3000000000000020        3.2000000000000015       -6.4500000000000028     
   2.3000000000000020        3.3000000000000016       -7.2900000000000063     
   2.3000000000000020        3.4000000000000017       -8.1700000000000053     

   2.4000000000000021       -1.0000000000000000       -7.7600000000000104     
   2.4000000000000021      -0.90000000000000002       -6.9000000000000101     
   2.4000000000000021      -0.80000000000000004       -6.0800000000000098     
   2.4000000000000021      -0.70000000000000007       -5.3000000000000096     
   2.4000000000000021      -0.60000000000000009       -4.5600000000000094     
   2.4000000000000021      -0.50000000000000011       -3.8600000000000092     
   2.4000000000000021      -0.40000000000000013       -3.2000000000000091     
   2.4000000000000021      -0.30000000000000016       -2.5800000000000085     
   2.4000000000000021      -0.20000000000000015       -2.0000000000000080     
   2.4000000000000021      -0.10000000000000014       -1.4600000000000075     
   2.4000000000000021       -1.3877787807814457E-016 -0.96000000000000707     
   2.4000000000000021        9.9999999999999867E-002 -0.50000000000000655     
   2.4000000000000021       0.19999999999999987       -8.0000000000006122E-002
   2.4000000000000021       0.29999999999999988       0.29999999999999438     
   2.4000000000000021       0.39999999999999991       0.63999999999999568     
   2.4000000000000021       0.49999999999999989       0.93999999999999617     
   2.4000000000000021       0.59999999999999987        1.1999999999999966     
   2.4000000000000021       0.69999999999999984        1.4199999999999973     
   2.4000000000000021       0.79999999999999982        1.5999999999999979     
   2.4000000000000021       0.89999999999999980        1.7399999999999984     
   2.4000000000000021       0.99999999999999978        1.8399999999999990     
   2.4000000000000021        1.0999999999999999        1.8999999999999990     
   2.4000000000000021        1.2000000000000000        1.9199999999999990     
   2.4000000000000021        1.3000000000000000        1.8999999999999990     
   2.4000000000000021        1.4000000000000001        1.8399999999999990     
   2.4000000000000021        1.5000000000000002        1.7399999999999984     
   2.4000000000000021        1.6000000000000003        1.6000000000000005     
   2.4000000000000021        1.7000000000000004        1.4199999999999999     
   2.4000000000000021        1.8000000000000005        1.2000000000000002     
   2.4000000000000021        1.9000000000000006       0.94000000000000128     
   2.4000000000000021        2.0000000000000004       0.64000000000000057     
   2.4000000000000021        2.1000000000000005       0.30000000000000071     
   2.4000000000000021        2.2000000000000006       -7.9999999999998295E-002
   2.4000000000000021        2.3000000000000007      -0.50000000000000000     
   2.4000000000000021        2.4000000000000008      -0.96000000000000085     
   2.4000000000000021        2.5000000000000009       -1.4600000000000009     
   2.4000000000000021        2.6000000000000010       -1.9999999999999982     
   2.4000000000000021        2.7000000000000011       -2.5800000000000018     
   2.4000000000000021        2.8000000000000012       -3.1999999999999993     
   2.4000000000000021        2.9000000000000012       -3.8600000000000048     
   2.4000000000000021        3.0000000000000013       -4.5600000000000041     
   2.4000000000000021        3.1000000000000014       -5.3000000000000025     
   2.4000000000000021        3.2000000000000015       -6.0800000000000036     
   2.4000000000000021        3.3000000000000016       -6.9000000000000075     
   2.4000000000000021        3.4000000000000017       -7.7600000000000069     

