   0.0000000000000000        0.0000000000000000        0.0000000000000000       0.33205733621743649     
   1.0000000000000000E-002   1.6602866810871827E-005   3.3205733392030995E-003  0.33205732702893048     
   2.0000000000000000E-002   6.6411465865211423E-005   6.6411463568085052E-003  0.33205726270939590     
   2.9999999999999999E-002   1.4942579027164051E-004   9.9617182258510163E-003  0.33205708812787099     
   4.0000000000000001E-002   2.6564582211258353E-004   1.3282287568056737E-002  0.33205674815361219     
   5.0000000000000003E-002   4.1507152693119533E-004   1.6602852453846437E-002  0.33205618765634576     
   6.0000000000000005E-002   5.9770284821833680E-004   1.9923410402341919E-002  0.33205535150662019     
   7.0000000000000007E-002   8.1353970189963331E-004   2.3243958381376429E-002  0.33205418457625940     
   8.0000000000000002E-002   1.0625819708226620E-003   2.6564492807510099E-002  0.33205263173891642     
   8.9999999999999997E-002   1.3448294992443224E-003   2.9885009546051416E-002  0.33205063787072769     
   9.9999999999999992E-002   1.6602820873184562E-003   3.3205503911085753E-002  0.33204814785106834     
  0.10999999999999999        2.0089394855837923E-003   3.6525970665511956E-002  0.33204510656340780     
  0.11999999999999998        2.3908013894523013E-003   3.9846404021087974E-002  0.33204145889626602     
  0.12999999999999998        2.8058674336980563E-003   4.3166797638486576E-002  0.33203714974427057     
  0.13999999999999999        3.2541371869467058E-003   4.6487144627362122E-002  0.33203212400931403     
  0.14999999999999999        3.7356101461656732E-003   4.9807437546429426E-002  0.33202632660181203     
  0.16000000000000000        4.2502857311552088E-003   5.3127668403555685E-002  0.33201970244206153     
  0.17000000000000001        4.7981632790404334E-003   5.6447828655866512E-002  0.33201219646169999     
  0.18000000000000002        5.3792420387645144E-003   5.9767909209867062E-002  0.33200375360526446     
  0.19000000000000003        5.9935211655831313E-003   6.3087900421579218E-002  0.33199431883185121     
  0.20000000000000004        6.6409997155604042E-003   6.6407792096695908E-002  0.33198383711687540     
  0.21000000000000005        7.3216766400664461E-003   6.9727573490753536E-002  0.33197225345393105     
  0.22000000000000006        8.0355507802767415E-003   7.3047233309323445E-002  0.33195951285675102     
  0.23000000000000007        8.7826208616735360E-003   7.6366759708223556E-002  0.33194556036126682     
  0.24000000000000007        9.5628854885494493E-003   7.9686140293751040E-002  0.33193034102776825     
  0.25000000000000006        1.0376343138513520E-002   8.3005362122937146E-002  0.33191379994316278     
  0.26000000000000006        1.1222992156999918E-002   8.6324411703825071E-002  0.33189588222333444     
  0.27000000000000007        1.2102830751779550E-002   8.9643274995771932E-002  0.33187653301560194     
  0.28000000000000008        1.3015856987474822E-002   9.2961937409775805E-002  0.33185569750127630     
  0.29000000000000009        1.3962068780077778E-002   9.6280383808828890E-002  0.33183332089831707     
  0.30000000000000010        1.4941463891471933E-002   9.9598598508297664E-002  0.33180934846408788     
  0.31000000000000011        1.5954039923958024E-002  0.10291656527633108       0.33178372549821006     
  0.32000000000000012        1.6999794314784000E-002  0.10623426733429790       0.33175639734551510     
  0.33000000000000013        1.8078724330679533E-002  0.10955168735725389       0.33172730939909484     
  0.34000000000000014        1.9190827062395346E-002  0.11286880747444010       0.33169640710344983     
  0.35000000000000014        2.0336099419247699E-002  0.11618560926981315       0.33166363595773513     
  0.36000000000000015        2.1514538123668329E-002  0.11950207378260835       0.33162894151910333     
  0.37000000000000016        2.2726139705760186E-002  0.12281818150793682       0.33159226940614467     
  0.38000000000000017        2.3970900497859337E-002  0.12613391239741745       0.33155356530242380     
  0.39000000000000018        2.5248816629103343E-002  0.12944924585984480       0.33151277496011256     
  0.40000000000000019        2.6559884020006502E-002  0.13276416076189362       0.33146984420371900     
  0.41000000000000020        2.7904098377042347E-002  0.13607863542886134       0.33142471893391168     
  0.42000000000000021        2.9281455187233733E-002  0.13939264764544917       0.33137734513143902     
  0.43000000000000022        3.0691949712750948E-002  0.14270617465658292       0.33132766886114351     
  0.44000000000000022        3.2135576985518235E-002  0.14601919316827430       0.33127563627606993     
  0.45000000000000023        3.3612331801829126E-002  0.14933167934852404       0.33122119362166730     
  0.46000000000000024        3.5122208716971026E-002  0.15264360882826716       0.33116428724008390     
  0.47000000000000025        3.6665202039859471E-002  0.15595495670236192       0.33110486357455532     
  0.48000000000000026        3.8241305827682474E-002  0.15926569753062306       0.33104286917388415     
  0.49000000000000027        3.9850513880555459E-002  0.16257580533890012       0.33097825069701153     
  0.50000000000000022        4.1492819736187181E-002  0.16588525362020215       0.33091095491767952     
  0.51000000000000023        4.3168216664557141E-002  0.16919401533586942       0.33084092872918375     
  0.52000000000000024        4.4876697662604971E-002  0.17250206291679304       0.33076811914921567     
  0.53000000000000025        4.6618255448932222E-002  0.17580936826468352       0.33069247332479385     
  0.54000000000000026        4.8392882458517132E-002  0.17911590275338907       0.33061393853728349     
  0.55000000000000027        5.0200570837442782E-002  0.18242163723026456       0.33053246220750343     
  0.56000000000000028        5.2041312437639237E-002  0.18572654201759187       0.33044799190091995     
  0.57000000000000028        5.3915098811640125E-002  0.18903058691405278       0.33036047533292651     
  0.58000000000000029        5.5821921207354228E-002  0.19233374119625493       0.33026986037420858     
  0.59000000000000030        5.7761770562852602E-002  0.19563597362031199       0.33017609505619294     
  0.60000000000000031        5.9734637501171757E-002  0.19893725242347859       0.33007912757658026     
  0.61000000000000032        6.1740512325133466E-002  0.20223754532584109       0.32997890630496007     
  0.62000000000000033        6.3779385012181791E-002  0.20553681953206493       0.32987537978850773     
  0.63000000000000034        6.5851245209237838E-002  0.20883504173319922       0.32976849675776149     
  0.64000000000000035        6.7956082227572850E-002  0.21213217810853968       0.32965820613247965     
  0.65000000000000036        7.0093885037700268E-002  0.21542819432755039       0.32954445702757595     
  0.66000000000000036        7.2264642264287221E-002  0.21872305555184537       0.32942719875913268     
  0.67000000000000037        7.4468342181086208E-002  0.22201672643723067       0.32930638085049019     
  0.68000000000000038        7.6704972705887511E-002  0.22530917113580765       0.32918195303841169     
  0.69000000000000039        7.8974521395492880E-002  0.22860035329813841       0.32905386527932229     
  0.70000000000000040        8.1276975440711260E-002  0.23189023607547388       0.32892206775562094     
  0.71000000000000041        8.3612321661377068E-002  0.23517878212204540       0.32878651088206423     
  0.72000000000000042        8.5980546501391711E-002  0.23846595359742057       0.32864714531222067     
  0.73000000000000043        8.8381636023789026E-002  0.24175171216892383       0.32850392194499400     
  0.74000000000000044        9.0815575905825216E-002  0.24503601901412278       0.32835679193121486     
  0.75000000000000044        9.3282351434093969E-002  0.24831883482338071       0.32820570668029864     
  0.76000000000000045        9.5781947499667480E-002  0.25160011980247599       0.32805061786696860     
  0.77000000000000046        9.8314348593263962E-002  0.25487983367528894       0.32789147743804287     
  0.78000000000000047       0.10087953880044240       0.25815793568655709       0.32772823761928371     
  0.79000000000000048       0.10347750179682516       0.26143438460469909       0.32756085092230747     
  0.80000000000000049       0.10610822084334925       0.26470913872470803       0.32738927015155411     
  0.81000000000000050       0.10877167878154681       0.26798215587111474       0.32721344841131417     
  0.82000000000000051       0.11146785802885555       0.27125339340102178       0.32703333911281224     
  0.83000000000000052       0.11419674057395998       0.27452280820720826       0.32684889598134481     
  0.84000000000000052       0.11695830797216403       0.27779035672130659       0.32666007306347095     
  0.85000000000000053       0.11975254134079567       0.28105599491705124       0.32646682473425426     
  0.86000000000000054       0.12257942135464459       0.28431967831360022       0.32626910570455447     
  0.87000000000000055       0.12543892824143324       0.28758136197892964       0.32606687102836651     
  0.88000000000000056       0.12833104177732238       0.29084100053330203       0.32586007611020562     
  0.89000000000000057       0.13125574128245154       0.29409854815280856       0.32564867671253661     
  0.90000000000000058       0.13421300561651534       0.29735395857298591       0.32543262896324537     
  0.91000000000000059       0.13720281317437633       0.30060718509250811       0.32521188936315054     
  0.92000000000000060       0.14022514188171520       0.30385818057695335       0.32498641479355389     
  0.93000000000000060       0.14327996919071889       0.30710689746264691       0.32475616252382705     
  0.94000000000000061       0.14636727207580763       0.31035328776057985       0.32452109021903258     
  0.95000000000000062       0.14948702702940150       0.31359730306040423       0.32428115594757767     
  0.96000000000000063       0.15263921005772735       0.31683889453450492       0.32403631818889816     
  0.97000000000000064       0.15582379667666676       0.32007801294214838       0.32378653584117079     
  0.98000000000000065       0.15904076190764602       0.32331460863370876       0.32353176822905161     
  0.99000000000000066       0.16229008027356856       0.32654863155497149       0.32327197511143851     
   1.0000000000000007       0.16557172579479096       0.32978003125151473       0.32300711668925541     
   1.0100000000000007       0.16888567198514307       0.33300875687316839       0.32273715361325617     
   1.0200000000000007       0.17223189184799317       0.33623475717855167       0.32246204699184566     
   1.0300000000000007       0.17561035787235893       0.33945798053968873       0.32218175839891605     
   1.0400000000000007       0.17902104202906477       0.34267837494670284       0.32189624988169580     
   1.0500000000000007       0.18246391576694668       0.34589588801258897       0.32160548396860877     
   1.0600000000000007       0.18593895000910515       0.34911046697806497       0.32130942367714183     
   1.0700000000000007       0.18944611514920701       0.35232205871650185       0.32100803252171761     
   1.0800000000000007       0.19298538104783686       0.35553060973893219       0.32070127452157060     
   1.0900000000000007       0.19655671702889910       0.35873606619913784       0.32038911420862409     
   1.1000000000000008       0.20016009187607120       0.36193837389881622       0.32007151663536498     
   1.1100000000000008       0.20379547382930902       0.36513747829282511       0.31974844738271457     
   1.1200000000000008       0.20746283058140491       0.36833332449450656       0.31941987256789250     
   1.1300000000000008       0.21116212927459957       0.37152585728108894       0.31908575885227108     
   1.1400000000000008       0.21489333649724821       0.37471502109916788       0.31874607344921768     
   1.1500000000000008       0.21865641828054194       0.37790076007026518       0.31840078413192252     
   1.1600000000000008       0.22245134009528522       0.38108301799646627       0.31804985924120921     
   1.1700000000000008       0.22627806684872992       0.38426173836613547       0.31769326769332523     
   1.1800000000000008       0.23013656288146708       0.38743686435970903       0.31733097898770979     
   1.1900000000000008       0.23402679196437690       0.39060833885556584       0.31696296321473638     
   1.2000000000000008       0.23794871729563780       0.39377610443597538       0.31658919106342720     
   1.2100000000000009       0.24190230149779546       0.39694010339312258       0.31620963382913664     
   1.2200000000000009       0.24588750661489234       0.40010027773520945       0.31582426342120140     
   1.2300000000000009       0.24990429410965873       0.40325656919263309       0.31543305237055391     
   1.2400000000000009       0.25395262486076586       0.40640891922423938       0.31503597383729653     
   1.2500000000000009       0.25803245916014211       0.40955726902365258       0.31463300161823399     
   1.2600000000000009       0.26214375671035250       0.41270155952567966       0.31422411015436047     
   1.2700000000000009       0.26628647662204313       0.41584173141278957       0.31380927453829932     
   1.2800000000000009       0.27046057741145030       0.41897772512166631       0.31338847052169194     
   1.2900000000000009       0.27466601699797583       0.42210948084983613       0.31296167452253310     
   1.3000000000000009       0.27890275270182890       0.42523693856236722       0.31252886363244997     
   1.3100000000000009       0.28317074124173525       0.42836003799864236       0.31209001562392169     
   1.3200000000000010       0.28746993873271454       0.43147871867920329       0.31164510895743658     
   1.3300000000000010       0.29180030068392637       0.43459291991266613       0.31119412278858449     
   1.3400000000000010       0.29616178199658605       0.43770258080270785       0.31073703697508065     
   1.3500000000000010       0.30055433696195022       0.44080764025512209       0.31027383208371867     
   1.3600000000000010       0.30497791925937384       0.44390803698494452       0.30980448939724942     
   1.3700000000000010       0.30943248195443823       0.44700370952364654       0.30932899092118288     
   1.3800000000000010       0.31391797749715195       0.45009459622639647       0.30884731939051013     
   1.3900000000000010       0.31843435772022416       0.45318063527938762       0.30835945827634231     
   1.4000000000000010       0.32298157383741188       0.45626176470723234       0.30786539179246386     
   1.4100000000000010       0.32755957644194145       0.45933792238042115       0.30736510490179686     
   1.4200000000000010       0.33216831550500475       0.46240904602284616       0.30685858332277333     
   1.4300000000000010       0.33680774037433120       0.46547507321938747       0.30634581353561324     
   1.4400000000000011       0.34147779977283582       0.46853594142356214       0.30582678278850428     
   1.4500000000000011       0.34617844179734408       0.47159158796523432       0.30530147910368144     
   1.4600000000000011       0.35090961391739423       0.47464195005838566       0.30476989128340254     
   1.4700000000000011       0.35567126297411739       0.47768696480894507       0.30423200891581753     
   1.4800000000000011       0.36046333517919665       0.48072656922267637       0.30368782238072817     
   1.4900000000000011       0.36528577611390500       0.48376070021312328       0.30313732285523520     
   1.5000000000000011       0.37013853072822306       0.48678929460961018       0.30258050231927058     
   1.5100000000000011       0.37502154334003712       0.48981228916529740       0.30201735356101106     
   1.5200000000000011       0.37993475763441797       0.49282962056529050       0.30144787018217095     
   1.5300000000000011       0.38487811666298133       0.49584122543480141       0.30087204660317107     
   1.5400000000000011       0.38985156284332956       0.49884704034736083       0.30028987806818047     
   1.5500000000000012       0.39485503795857652       0.50184700183308040       0.29970136065002906     
   1.5600000000000012       0.39988848315695452       0.50484104638696348       0.29910649125498751     
   1.5700000000000012       0.40495183895150533       0.50782911047726254       0.29850526762741197     
   1.5800000000000012       0.41004504521985441       0.51081113055388305       0.29789768835425107     
   1.5900000000000012       0.41516804120406969       0.51378704305683109       0.29728375286941183     
   1.6000000000000012       0.42032076551060504       0.51675678442470430       0.29666346145798261     
   1.6100000000000012       0.42550315611032885       0.51972029110322415       0.29603681526030956     
   1.6200000000000012       0.43071515033863805       0.52267749955380827       0.29540381627592466     
   1.6300000000000012       0.43595668489565798       0.52562834626218125       0.29476446736732215     
   1.6400000000000012       0.44122769584652888       0.52857276774702278       0.29411877226358119     
   1.6500000000000012       0.44652811862177871       0.53151070056865068       0.29346673556383185     
   1.6600000000000013       0.45185788801778309       0.53444208133773818       0.29280836274056216     
   1.6700000000000013       0.45721693819731263       0.53736684672406332       0.29214366014276366     
   1.6800000000000013       0.46260520269016769       0.54028493346528916       0.29147263499891274     
   1.6900000000000013       0.46802261439390158       0.54319627837577267       0.29079529541978599     
   1.7000000000000013       0.47346910557463129       0.54610081835540114       0.29011165040110631     
   1.7100000000000013       0.47894460786793736       0.54899849039845428       0.28942170982601839     
   1.7200000000000013       0.48444905227985197       0.55188923160249004       0.28872548446739055     
   1.7300000000000013       0.48998236918793653       0.55477297917725255       0.28802298598994097     
   1.7400000000000013       0.49554448834244791       0.55764967045360048       0.28731422695218617     
   1.7500000000000013       0.50113533886759454       0.56051924289245436       0.28659922080820965     
   1.7600000000000013       0.50675484926288150       0.56338163409375985       0.28587798190924835     
   1.7700000000000014       0.51240294740454606       0.56623678180546666       0.28515052550509484     
   1.7800000000000014       0.51807956054708226       0.56908462393252057       0.28441686774531394     
   1.7900000000000014       0.52378461532485632       0.57192509854586604       0.28367702568027076     
   1.8000000000000014       0.52951803775381134       0.57475814389145874       0.28293101726196912     
   1.8100000000000014       0.53527975323326260       0.57758369839928547       0.28217886134469822     
   1.8200000000000014       0.54106968654778298       0.58040170069238928       0.28142057768548567     
   1.8300000000000014       0.54688776186917876       0.58321208959589821       0.28065618694435551     
   1.8400000000000014       0.55273390275855550       0.58601480414605611       0.27988571068438900     
   1.8500000000000014       0.55860803216847432       0.58880978359925218       0.27910917137158736     
   1.8600000000000014       0.56451007244519880       0.59159696744104917       0.27832659237453422     
   1.8700000000000014       0.57043994533103148       0.59437629539520620       0.27753799796385664     
   1.8800000000000014       0.57639757196674102       0.59714770743269585       0.27674341331148333     
   1.8900000000000015       0.58238287289407953       0.59991114378071286       0.27594286448969879     
   1.9000000000000015       0.58839576805838956       0.60266654493167182       0.27513637846999173     
   1.9100000000000015       0.59443617681130134       0.60541385165219253       0.27432398312169703     
   1.9200000000000015       0.60050401791351982       0.60815300499207092       0.27350570721042977     
   1.9300000000000015       0.60659920953770097       0.61088394629323339       0.27268158039631063     
   1.9400000000000015       0.61272166927141802       0.61360661719867160       0.27185163323198114     
   1.9500000000000015       0.61887131412021656       0.61632095966135736       0.27101589716040858     
   1.9600000000000015       0.62504806051075890       0.61902691595313386       0.27017440451247904     
   1.9700000000000015       0.63125182429405702       0.62172442867358180       0.26932718850437820     
   1.9800000000000015       0.63748252074879430       0.62441344075885863       0.26847428323475914     
   1.9900000000000015       0.64374006458473521       0.62709389549050798       0.26761572368169645     
   2.0000000000000013       0.65002436994622326       0.62976573650423795       0.26675154569942627     
   2.0100000000000011       0.65633535041576629       0.63242890779866523       0.26588178601487167     
   2.0200000000000009       0.66267291901770919       0.63508335374402414       0.26500648222395301     
   2.0300000000000007       0.66903698822199331       0.63772901909083679       0.26412567278768306     
   2.0400000000000005       0.67542746994800273       0.64036584897854387       0.26323939702804672     
   2.0500000000000003       0.68184427556849636       0.64299378894409287       0.26234769512366490     
   2.0600000000000001       0.68828731591362557       0.64561278493048180       0.26145060810524295     
   2.0699999999999998       0.69475650127503763       0.64822278329525629       0.26054817785080331     
   2.0799999999999996       0.70125174141006308       0.65082373081895806       0.25964044708070289     
   2.0899999999999994       0.70777294554598780       0.65341557471352263       0.25872745935243474     
   2.0999999999999992       0.71432002238440895       0.65599826263062355       0.25780925905521507     
   2.1099999999999990       0.72089288010567365       0.65857174266996199       0.25688589140435547     
   2.1199999999999988       0.72749142637340036       0.66113596338749825       0.25595740243542098     
   2.1299999999999986       0.73411556833908265       0.66369087380362446       0.25502383899817438     
   2.1399999999999983       0.74076521264677397       0.66623642341127542       0.25408524875030786     
   2.1499999999999981       0.74744026543785336       0.66877256218397541       0.25314168015096178     
   2.1599999999999979       0.75414063235587137       0.67129924058381973       0.25219318245403261     
   2.1699999999999977       0.76086621855147529       0.67381640956938771       0.25123980570126980     
   2.1799999999999975       0.76761692868741338       0.67632402060358587       0.25028160071516314     
   2.1899999999999973       0.77439266694361697       0.67882202566141880       0.24931861909162178     
   2.1999999999999971       0.78119333702236005       0.68131037723768628       0.24835091319244557     
   2.2099999999999969       0.78801884215349538       0.68378902835460309       0.24737853613759039     
   2.2199999999999966       0.79486908509976650       0.68625793256934153       0.24640154179722867     
   2.2299999999999964       0.80174396816219440       0.68871704398149280       0.24541998478360644     
   2.2399999999999962       0.80864339318553891       0.69116631724044630       0.24443392044269840     
   2.2499999999999960       0.81556726156383330       0.69360570755268425       0.24344340484566290     
   2.2599999999999958       0.82251547424599103       0.69603517068898990       0.24244849478009795     
   2.2699999999999956       0.82948793174148472       0.69845466299156778       0.24144924774110063     
   2.2799999999999954       0.83648453412609536       0.70086414138107278       0.24044572192213134     
   2.2899999999999952       0.84350518104773187       0.70326356336354734       0.23943797620568488     
   2.2999999999999949       0.85054977173231883       0.70565288703726448       0.23842607015377063     
   2.3099999999999947       0.85761820498975305       0.70803207109947452       0.23741006399820350     
   2.3199999999999945       0.86471037921992644       0.71040107485305382       0.23639001863070835     
   2.3299999999999943       0.87182619241881509       0.71275985821305354       0.23536599559283969     
   2.3399999999999941       0.87896554218463341       0.71510838171314695       0.23433805706571931     
   2.3499999999999939       0.88612832572405209       0.71744660651197290       0.23330626585959408     
   2.3599999999999937       0.89331443985847903       0.71977449439937413       0.23227068540321671     
   2.3699999999999934       0.90052378103040231       0.72209200780252858       0.23123137973305172     
   2.3799999999999932       0.90775624530979360       0.72439910979197175       0.23018841348230953     
   2.3899999999999930       0.91501172840057121       0.72669576408750869       0.22914185186981140     
   2.3999999999999928       0.92229012564712221       0.72898193506401365       0.22809176068868800     
   2.4099999999999926       0.92959133204088151       0.73125758775711602       0.22703820629491456     
   2.4199999999999924       0.93691524222696732       0.73352268786877073       0.22598125559568552     
   2.4299999999999922       0.94426175051087169       0.73577720177271189       0.22492097603763192     
   2.4399999999999920       0.95163075086520532       0.73802109651978731       0.22385743559488439     
   2.4499999999999917       0.95902213693649474       0.74025433984317335       0.22279070275698523     
   2.4599999999999915       0.96643580205203106       0.74247690016346790       0.22172084651665272     
   2.4699999999999913       0.97387163922676923       0.74468874659366036       0.22064793635740093     
   2.4799999999999911       0.98132954117027649       0.74688984894397725       0.21957204224101876     
   2.4899999999999909       0.98880940029372799       0.74908017772660151       0.21849323459491118     
   2.4999999999999907       0.99631110871694983       0.75125970416026511       0.21741158429930690     
   2.5099999999999905        1.0038345582755068       0.75342840017471246       0.21632716267433541     
   2.5199999999999902        1.0113796405278344       0.75558623841503458       0.21524004146697751     
   2.5299999999999900        1.0189462467624131       0.75773319224587177       0.21415029283789300     
   2.5399999999999898        1.0265342680049847       0.75986923575548382       0.21305798934812925     
   2.5499999999999896        1.0341435950258082       0.76199434375968733       0.21196320394571441     
   2.5599999999999894        1.0417741183469542       0.76410849180565754       0.21086600995213955     
   2.5699999999999892        1.0494257282496375       0.76621165617559539       0.20976648104873333     
   2.5799999999999890        1.0570983147815849       0.76830381389025715       0.20866469126293327     
   2.5899999999999888        1.0647917677644372       0.77038494271234625       0.20756071495445808     
   2.5999999999999885        1.0725059768011860       0.77245502114976694       0.20645462680138460     
   2.6099999999999883        1.0802408312836407       0.77451402845873751       0.20534650178613403     
   2.6199999999999881        1.0879962203999272       0.77656194464676354       0.20423641518137139     
   2.6299999999999879        1.0957720331420144       0.77859875047546945       0.20312444253582249     
   2.6399999999999877        1.1035681583132699       0.78062442746328775       0.20201065966001289     
   2.6499999999999875        1.1113844845360397       0.78263895788800564       0.20089514261193311     
   2.6599999999999873        1.1192209002592548       0.78464232478916740       0.19977796768263437     
   2.6699999999999871        1.1270772937660598       0.78663451197033296       0.19865921138175946     
   2.6799999999999868        1.1349535531814638       0.78861550400119118       0.19753895042301312     
   2.6899999999999866        1.1428495664800122       0.79058528621952728       0.19641726170957632     
   2.6999999999999864        1.1507652214934756       0.79254384473304496       0.19529422231946933     
   2.7099999999999862        1.1587004059185588       0.79449116642104112       0.19416990949086751     
   2.7199999999999860        1.1666550073246238       0.79642723893593370       0.19304440060737513     
   2.7299999999999858        1.1746289131614283       0.79835205070464244       0.19191777318326117     
   2.7399999999999856        1.1826220107668766       0.80026559092982141       0.19079010484866216     
   2.7499999999999853        1.1906341873747832       0.80216784959094356       0.18966147333475650     
   2.7599999999999851        1.1986653301226451       0.80405881744523711       0.18853195645891496     
   2.7699999999999849        1.2067153260594239       0.80593848602847296       0.18740163210983207     
   2.7799999999999847        1.2147840621533341       0.80780684765560351       0.18627057823264306     
   2.7899999999999845        1.2228714252996380       0.80966389542125272       0.18513887281403105     
   2.7999999999999843        1.2309773023284438       0.81150962320005704       0.18400659386732915     
   2.8099999999999841        1.2391015800125071       0.81334402564685737       0.18287381941762235     
   2.8199999999999839        1.2472441450750331       0.81516709819674216       0.18174062748685368     
   2.8299999999999836        1.2554048841974788       0.81697883706494157       0.18060709607893963     
   2.8399999999999834        1.2635836840273531       0.81877923924657292       0.17947330316489915     
   2.8499999999999832        1.2717804311860141       0.82056830251623725       0.17833932666800154     
   2.8599999999999830        1.2799950122764610       0.82234602542746771       0.17720524444893732     
   2.8699999999999828        1.2882273138911198       0.82411240731202984       0.17607113429101717     
   2.8799999999999826        1.2964772226196224       0.82586744827907388       0.17493707388540361     
   2.8899999999999824        1.3047446250565746       0.82761114921413947       0.17380314081637988     
   2.8999999999999821        1.3130294078093152       0.82934351177801346       0.17266941254666085     
   2.9099999999999819        1.3213314575056614       0.83106453840544103       0.17153596640275079     
   2.9199999999999817        1.3296506608016421       0.83277423230369052       0.17040287956035219     
   2.9299999999999815        1.3379869043892147       0.83447259745097269       0.16927022902983058     
   2.9399999999999813        1.3463400750039667       0.83615963859471498       0.16813809164173990     
   2.9499999999999811        1.3547100594327977       0.83783536124969116       0.16700654403241297     
   2.9599999999999809        1.3630967445215838       0.83949977169600742       0.16587566262962142     
   2.9699999999999807        1.3715000171828198       0.84115287697694552       0.16474552363830985     
   2.9799999999999804        1.3799197644032395       0.84279468489666320       0.16361620302640859     
   2.9899999999999802        1.3883558732514127       0.84442520401775389       0.16248777651072938     
   2.9999999999999800        1.3968082308853167       0.84604444365866482       0.16136031954294860     
   3.0099999999999798        1.4052767245598810       0.84765241389097645       0.16023390729568235     
   3.0199999999999796        1.4137612416345049       0.84924912553654230       0.15910861464865747     
   3.0299999999999794        1.4222616695805455       0.85083459016449159       0.15798451617498324     
   3.0399999999999792        1.4307778959887738       0.85240882008809471       0.15686168612752752     
   3.0499999999999790        1.4393098085768012       0.85397182836149310       0.15574019842540190     
   3.0599999999999787        1.4478572951964706       0.85552362877629462       0.15462012664055982     
   3.0699999999999785        1.4564202438412135       0.85706423585803559       0.15350154398451177     
   3.0799999999999783        1.4649985426533716       0.85859366486251021       0.15238452329516169     
   3.0899999999999781        1.4735920799314794       0.86011193177196932       0.15126913702376851     
   3.0999999999999779        1.4822007441375105       0.86161905329118937       0.15015545722203669     
   3.1099999999999777        1.4908244239040813       0.86311504684341278       0.14904355552933990     
   3.1199999999999775        1.4994630080416165       0.86459993056616125       0.14793350316008128     
   3.1299999999999772        1.5081163855454687       0.86607372330692345       0.14682537089119441     
   3.1399999999999770        1.5167844456029971       0.86753644461871871       0.14571922904978837     
   3.1499999999999768        1.5254670776005996       0.86898811475553728       0.14461514750094084     
   3.1599999999999766        1.5341641711306999       0.87042875466765979       0.14351319563564241     
   3.1699999999999764        1.5428756159986854       0.87185838599685650       0.14241344235889605     
   3.1799999999999762        1.5516013022297988       0.87327703107146903       0.14131595607797479     
   3.1899999999999760        1.5603411200759776       0.87468471290137462       0.14022080469084111     
   3.1999999999999758        1.5690949600226445       0.87608145517283598       0.13912805557473151     
   3.2099999999999755        1.5778627127954452       0.87746728224323767       0.13803777557490904     
   3.2199999999999753        1.5866442693669320       0.87884221913571059       0.13695003099358741     
   3.2299999999999751        1.5954395209631949       0.88020629153364727       0.13586488757902931     
   3.2399999999999749        1.6042483590704353       0.88155952577510832       0.13478241051482240     
   3.2499999999999747        1.6130706754414854       0.88290194884712270       0.13370266440933523     
   3.2599999999999745        1.6219063621022682       0.88423358837988386       0.13262571328535672     
   3.2699999999999743        1.6307553113582001       0.88555447264084264       0.13155162056992115     
   3.2799999999999740        1.6396174158005326       0.88686463052869979       0.13048044908432188     
   3.2899999999999738        1.6484925683126357       0.88816409156729959       0.12941226103431616     
   3.2999999999999736        1.6573806620762177       0.88945288589942584       0.12834711800052351     
   3.3099999999999734        1.6662815905774830       0.89073104428050365       0.12728508092902011     
   3.3199999999999732        1.6751952476132270       0.89199859807220794       0.12622621012213167     
   3.3299999999999730        1.6841215272968661       0.89325557923598020       0.12517056522942671     
   3.3399999999999728        1.6930603240644024       0.89450202032645731       0.12411820523891272     
   3.3499999999999726        1.7020115326803231       0.89573795448481242       0.12306918846843699     
   3.3599999999999723        1.7109750482434314       0.89696341543201119       0.12202357255729435     
   3.3699999999999721        1.7199507661926108       0.89817843746198545       0.12098141445804342     
   3.3799999999999719        1.7289385823125201       0.89938305543472552       0.11994277042853349     
   3.3899999999999717        1.7379383927392194       0.90057730476929432       0.11890769602414338     
   3.3999999999999715        1.7469500939657252       0.90176122143676463       0.11787624609023419     
   3.4099999999999713        1.7559735828474952       0.90293484195308205       0.11684847475481726     
   3.4199999999999711        1.7650087566078410       0.90409820337185576       0.11582443542143894     
   3.4299999999999708        1.7740555128432680       0.90525134327707946       0.11480418076228334     
   3.4399999999999706        1.7831137495287432       0.90639429977578390       0.11378776271149438     
   3.4499999999999704        1.7921833650228882       0.90752711149062393       0.11277523245871840     
   3.4599999999999702        1.8012642580730980       0.90864981755240237       0.11176664044286817     
   3.4699999999999700        1.8103563278205848       0.90976245759253249       0.11076203634610945     
   3.4799999999999698        1.8194594738053467       0.91086507173544107       0.10976146908807093     
   3.4899999999999696        1.8285735959710592       0.91195770059091530       0.10876498682027820     
   3.4999999999999694        1.8376985946698903       0.91304038524639475       0.10777263692081276     
   3.5099999999999691        1.8468343706672385       0.91411316725921110       0.10678446598919629     
   3.5199999999999689        1.8559808251463923       0.91517608864877809       0.10580051984150088     
   3.5299999999999687        1.8651378597131123       0.91622919188873342       0.10482084350568570     
   3.5399999999999685        1.8743053764001334       0.91727251989903513       0.10384548121716029     
   3.5499999999999683        1.8834832776715889       0.91830611603801504       0.10287447641457477     
   3.5599999999999681        1.8926714664273536       0.91933002409439102       0.10190787173583707     
   3.5699999999999679        1.9018698460073085       0.92034428827924042       0.10094570901435726     
   3.5799999999999677        1.9110783201955230       0.92134895321793753        9.9988029275518989E-002
   3.5899999999999674        1.9202967932243586       0.92234406394205648        9.9034872733377785E-002
   3.5999999999999672        1.9295251697784892       0.92332966588124243        9.8086278787586065E-002
   3.6099999999999670        1.9387633549988419       0.92430580485505298        9.7142286020544574E-002
   3.6199999999999668        1.9480112544864547       0.92527252706477259        9.6202932194779794E-002
   3.6299999999999666        1.9572687743062527       0.92622987908520138        9.5268254250546885E-002
   3.6399999999999664        1.9665358209907424       0.92717790785642162        9.4338288303657522E-002
   3.6499999999999662        1.9758123015436235       0.92811666067554333        9.3413069643532118E-002
   3.6599999999999659        1.9850981234433169       0.92904618518843141        9.2492632731475524E-002
   3.6699999999999657        1.9943931946464117       0.92996652938141688        9.1577011199175468E-002
   3.6799999999999655        2.0036974235910279       0.93087774157299419        9.0666237847422851E-002
   3.6899999999999653        2.0130107192000968       0.93177987040550658        8.9760344645052823E-002
   3.6999999999999651        2.0223329908845580       0.93267296483682238        8.8859362728105698E-002
   3.7099999999999649        2.0316641485464717       0.93355707413200373        8.7963322399206401E-002
   3.7199999999999647        2.0410041025820509       0.93443224785497003        8.7072253127161367E-002
   3.7299999999999645        2.0503527638846069       0.93529853586015888        8.6186183546771503E-002
   3.7399999999999642        2.0597100438474132       0.93615598828418589        8.5305141458859840E-002
   3.7499999999999640        2.0690758543664862       0.93700465553750578        8.4429153830512443E-002
   3.7599999999999638        2.0784501078432807       0.93784458829607753        8.3558246795531060E-002
   3.7699999999999636        2.0878327171873035       0.93867583749303407        8.2692445655095800E-002
   3.7799999999999634        2.0972235958186451       0.93949845431036083        8.1831774878636354E-002
   3.7899999999999632        2.1066226576704246       0.94031249017058305        8.0976258104909812E-002
   3.7999999999999630        2.1160298171911545       0.94111799672846541        8.0125918143283403E-002
   3.8099999999999627        2.1254449893470220       0.94191502586272546        7.9280776975220207E-002
   3.8199999999999625        2.1348680896240864       0.94270362966776289        7.8440855755965891E-002
   3.8299999999999623        2.1442990340303956       0.94348386044540644        7.7606174816434517E-002
   3.8399999999999621        2.1537377390980179       0.94425577069668098        7.6776753665291284E-002
   3.8499999999999619        2.1631841218849939       0.94501941311359616        7.5952610991230060E-002
   3.8599999999999617        2.1726380999772053       0.94577484057095895        7.5133764665443525E-002
   3.8699999999999615        2.1820995914901613       0.94652210611821175        7.4320231744283718E-002
   3.8799999999999613        2.1915685150707054       0.94726126297129798        7.3512028472110594E-002
   3.8899999999999610        2.2010447898986389       0.94799236450455737        7.2709170284326191E-002
   3.8999999999999608        2.2105283356882652       0.94871546424265218        7.1911671810592173E-002
   3.9099999999999606        2.2200190726898517       0.94943061585252664        7.1119546878228010E-002
   3.9199999999999604        2.2295169216910140       0.95013787313540132        7.0332808515787465E-002
   3.9299999999999602        2.2390218040180176       0.95083729001880413        6.9551468956810705E-002
   3.9399999999999600        2.2485336415370023       0.95152892054863947        6.8775539643749481E-002
   3.9499999999999598        2.2580523566551252       0.95221281888129794        6.8005031232062613E-002
   3.9599999999999596        2.2675778723216276       0.95288903927580726        6.7239953594479193E-002
   3.9699999999999593        2.2771101120288213       0.95355763608602739        6.6480315825426572E-002
   3.9799999999999591        2.2866489998129991       0.95421866375289000        6.5726126245620506E-002
   3.9899999999999589        2.2961944602552657       0.95487217679668512        6.4977392406814521E-002
   3.9999999999999587        2.3057464184822938       0.95551822980939594        6.4234121096705635E-002
   4.0099999999999589        2.3153048001670027       0.95615687744708311        6.3496318343993524E-002
   4.0199999999999587        2.3248695315291608       0.95678817442232122        6.2763989423590183E-002
   4.0299999999999585        2.3344405393359140       0.95741217549668722        6.2037138861977127E-002
   4.0399999999999583        2.3440177509022377       0.95802893547330348        6.1315770442707071E-002
   4.0499999999999581        2.3536010940913155       0.95863850918943683        6.0599887212047072E-002
   4.0599999999999579        2.3631904973148430       0.95924095150915434        5.9889491484760089E-002
   4.0699999999999577        2.3727858895332612       0.95983631731603780        5.9184584850021808E-002
   4.0799999999999574        2.3823872002559137       0.96042466150595784        5.8485168177469647E-002
   4.0899999999999572        2.3919943595411346       0.96100603897990966        5.7791241623380819E-002
   4.0999999999999570        2.4016072979962639       0.96158050463691058        5.7102804636976215E-002
   4.1099999999999568        2.4112259467775923       0.96214811336696149        5.6419855966847017E-002
   4.1199999999999566        2.4208502375902370       0.96270892004407338        5.5742393667500771E-002
   4.1299999999999564        2.4304801026879455       0.96326297951935946        5.5070415106023736E-002
   4.1399999999999562        2.4401154748728344       0.96381034661419507        5.4403916968856249E-002
   4.1499999999999559        2.4497562874950569       0.96435107611344528        5.3742895268677905E-002
   4.1599999999999557        2.4594024744524039       0.96488522275876221        5.3087345351399272E-002
   4.1699999999999555        2.4690539701898393       0.96541284124195281        5.2437261903256850E-002
   4.1799999999999553        2.4787107096989689       0.96593398619841797        5.1792638958008078E-002
   4.1899999999999551        2.4883726285174430       0.96644871220066397        5.1153469904223009E-002
   4.1999999999999549        2.4980396627282957       0.96695707375188777        5.0519747492669458E-002
   4.2099999999999547        2.5077117489592200       0.96745912527963607        4.9891463843788307E-002
   4.2199999999999545        2.5173888243817806       0.96795492112953974        4.9268610455255650E-002
   4.2299999999999542        2.5270708267105619       0.96844451555912436        4.8651178209628533E-002
   4.2399999999999540        2.5367576942022589       0.96892796273169779        4.8039157382070978E-002
   4.2499999999999538        2.5464493656547029       0.96940531671031505        4.7432537648157025E-002
   4.2599999999999536        2.5561457804058292       0.96987663145182168        4.6831308091747494E-002
   4.2699999999999534        2.5658468783325863       0.97034196080097623        4.6235457212937203E-002
   4.2799999999999532        2.5755525998497859       0.97080135848465299        4.5644972936069408E-002
   4.2899999999999530        2.5852628859088949       0.97125487810612432        4.5059842617814122E-002
   4.2999999999999527        2.5949776779967708       0.97170257313942499        4.4480053055307195E-002
   4.3099999999999525        2.6046969181343433       0.97214449692379745        4.3905590494346787E-002
   4.3199999999999523        2.6144205488752372       0.97258070265821983        4.3336440637644122E-002
   4.3299999999999521        2.6241485133043434       0.97301124339601652        4.2772588653125242E-002
   4.3399999999999519        2.6338807550363352       0.97343617203955213        4.2214019182280606E-002
   4.3499999999999517        2.6436172182141329       0.97385554133500873        4.1660716348559355E-002
   4.3599999999999515        2.6533578475073170       0.97426940386724792        4.1112663765805094E-002
   4.3699999999999513        2.6631025881104882       0.97467781205475712        4.0569844546730002E-002
   4.3799999999999510        2.6728513857415797       0.97508081814468039        4.0032241311424244E-002
   4.3899999999999508        2.6826041866401193       0.97547847420793543        3.9499836195897503E-002
   4.3999999999999506        2.6923609375654429       0.97587083213441517        3.8972610860649619E-002
   4.4099999999999504        2.7021215857948597       0.97625794362827589        3.8450546499267262E-002
   4.4199999999999502        2.7118860791217734       0.97663986020331095        3.7933623847043609E-002
   4.4299999999999500        2.7216543658537540       0.97701663317841136        3.7421823189618071E-002
   4.4399999999999498        2.7314263948105681       0.97738831367311219        3.6915124371633030E-002
   4.4499999999999496        2.7412021153221624       0.97775495260322598        3.6413506805404727E-002
   4.4599999999999493        2.7509814772266052       0.97811660067656314        3.5916949479605324E-002
   4.4699999999999491        2.7607644308679853       0.97847330838873880        3.5425430967953281E-002
   4.4799999999999489        2.7705509270942694       0.97882512601906657        3.4938929437909237E-002
   4.4899999999999487        2.7803409172551192       0.97917210362653972        3.4457422659374501E-002
   4.4999999999999485        2.7901343531996687       0.97951429104589904        3.3980888013389436E-002
   4.5099999999999483        2.7999311872742614       0.97985173788378754        3.3509302500828959E-002
   4.5199999999999481        2.8097313723201514       0.98018449351499248        3.3042642751092421E-002
   4.5299999999999478        2.8195348616711655       0.98051260707877386        3.2580885030785239E-002
   4.5399999999999476        2.8293416091513315       0.98083612747527982        3.2124005252389565E-002
   4.5499999999999474        2.8391515690724676       0.98115510336204881        3.1671978982921477E-002
   4.5599999999999472        2.8489646962317408       0.98146958315059829        3.1224781452572015E-002
   4.5699999999999470        2.8587809459091886       0.98177961500309918        3.0782387563329624E-002
   4.5799999999999468        2.8686002738652103       0.98208524682913734        3.0344771897581446E-002
   4.5899999999999466        2.8784226363380250       0.98238652628256018        2.9911908726691066E-002
   4.5999999999999464        2.8882479900410982       0.98268350075840916        2.9483772019550242E-002
   4.6099999999999461        2.8980762921605403       0.98297621738993790        2.9060335451102287E-002
   4.6199999999999459        2.9079075003524726       0.98326472304571522        2.8641572410834766E-002
   4.6299999999999457        2.9177415727403671       0.98354906432681266        2.8227456011239199E-002
   4.6399999999999455        2.9275784679123573       0.98382928756407684        2.7817959096235554E-002
   4.6499999999999453        2.9374181449185235       0.98410543881548573        2.7413054249559310E-002
   4.6599999999999451        2.9472605632681503       0.98437756386358854        2.7012713803108920E-002
   4.6699999999999449        2.9571056829269606       0.98464570821302877        2.6616909845251575E-002
   4.6799999999999446        2.9669534643143236       0.98490991708815057        2.6225614229085197E-002
   4.6899999999999444        2.9768038683004416       0.98517023543068682        2.5838798580654611E-002
   4.6999999999999442        2.9866568562035116       0.98542670789752973        2.5456434307119937E-002
   4.7099999999999440        2.9965123897868660       0.98567937885858248        2.5078492604875244E-002
   4.7199999999999438        3.0063704312560926       0.98592829239469204        2.4704944467615581E-002
   4.7299999999999436        3.0162309432561347       0.98617349229566220        2.4335760694350523E-002
   4.7399999999999434        3.0260938888683699       0.98641502205834664        2.3970911897362460E-002
   4.7499999999999432        3.0359592316076722       0.98665292488482115        2.3610368510107831E-002
   4.7599999999999429        3.0458269354194552       0.98688724368063474        2.3254100795059612E-002
   4.7699999999999427        3.0556969646766978       0.98711802105313851        2.2902078851489382E-002
   4.7799999999999425        3.0655692841769557       0.98734529930989268        2.2554272623187373E-002
   4.7899999999999423        3.0754438591393538       0.98756912045714973        2.2210651906118883E-002
   4.7999999999999421        3.0853206552015680       0.98778952619841442        2.1871186356015555E-002
   4.8099999999999419        3.0951996384167888       0.98800655793307890        2.1535845495900045E-002
   4.8199999999999417        3.1050807752506757       0.98822025675513325        2.1204598723542620E-002
   4.8299999999999415        3.1149640325782952       0.98843066345194974        2.0877415318848302E-002
   4.8399999999999412        3.1248493776810498       0.98863781850314092        2.0554264451173223E-002
   4.8499999999999410        3.1347367782435951       0.98884176207949026        2.0235115186568887E-002
   4.8599999999999408        3.1446262023507461       0.98904253404195530        1.9919936494953078E-002
   4.8699999999999406        3.1545176184843742       0.98924017394074149        1.9608697257206223E-002
   4.8799999999999404        3.1644109955202957       0.98943472101444740        1.9301366272192030E-002
   4.8899999999999402        3.1743063027251512       0.98962621418927899        1.8997912263701303E-002
   4.8999999999999400        3.1842035097532793       0.98981469207833328        1.8698303887317840E-002
   4.9099999999999397        3.1941025866435799       0.99000019298095066        1.8402509737205412E-002
   4.9199999999999395        3.2040035038163763       0.99018275488213392        1.8110498352814829E-002
   4.9299999999999393        3.2139062320702672       0.99036241545203441        1.7822238225510149E-002
   4.9399999999999391        3.2238107425789768       0.99053921204550410        1.7537697805113162E-002
   4.9499999999999389        3.2337170068882002       0.99071318170171219        1.7256845506365252E-002
   4.9599999999999387        3.2436249969124438       0.99088436114382683        1.6979649715305904E-002
   4.9699999999999385        3.2535346849318652       0.99105278677875908        1.6706078795567014E-002
   4.9799999999999383        3.2634460435891084       0.99121849469697021        1.6436101094582354E-002
   4.9899999999999380        3.2733590458861395       0.99138152067234042        1.6169684949711449E-002
   4.9999999999999378        3.2832736651810803       0.99154190016209842        1.5906798694277302E-002
   5.0099999999999376        3.2931898751850412       0.99169966830681067        1.5647410663517318E-002
   5.0199999999999374        3.3031076499589553       0.99185485993043010        1.5391489200446893E-002
   5.0299999999999372        3.3130269639104126       0.99200750954040273        1.5139002661635176E-002
   5.0399999999999370        3.3229477917904959       0.99215765132783185        1.4889919422892511E-002
   5.0499999999999368        3.3328701086906176       0.99230531916769849        1.4644207884869150E-002
   5.0599999999999365        3.3427938900393612       0.99245054661913723        1.4401836478564823E-002
   5.0699999999999363        3.3527191115993231       0.99259336692576705        1.4162773670748849E-002
   5.0799999999999361        3.3626457494639599       0.99273381301607566        1.3926987969290436E-002
   5.0899999999999359        3.3725737800544398       0.99287191750385706        1.3694447928398943E-002
   5.0999999999999357        3.3825031801164966       0.99300771268870025        1.3465122153773827E-002
   5.1099999999999355        3.3924339267172923       0.99314123055653003        1.3238979307664099E-002
   5.1199999999999353        3.4023659972422813       0.99327250278019708        1.3015988113837135E-002
   5.1299999999999351        3.4122993693920840       0.99340156072011776        1.2796117362456698E-002
   5.1399999999999348        3.4222340211793658       0.99352843542496194        1.2579335914870090E-002
   5.1499999999999346        3.4321699309257236       0.99365315763238848        1.2365612708304387E-002
   5.1599999999999344        3.4421070772585782       0.99377575776982718        1.2154916760471732E-002
   5.1699999999999342        3.4520454391080770       0.99389626595530634        1.1947217174083697E-002
   5.1799999999999340        3.4619849957040052       0.99401471199832470        1.1742483141274766E-002
   5.1899999999999338        3.4719257265727035       0.99413112540076753        1.1540683947935032E-002
   5.1999999999999336        3.4818676115339970       0.99424553535786564        1.1341788977952193E-002
   5.2099999999999334        3.4918106306981347       0.99435797075919596        1.1145767717363026E-002
   5.2199999999999331        3.5017547644627371       0.99446846018972346        1.0952589758414484E-002
   5.2299999999999329        3.5116999935097559       0.99457703193088320        1.0762224803534656E-002
   5.2399999999999327        3.5216462988024442       0.99468371396170174        1.0574642669213787E-002
   5.2499999999999325        3.5315936615823378       0.99478853395995670        1.0389813289795663E-002
   5.2599999999999323        3.5415420633662493       0.99489151930337361        1.0207706721179627E-002
   5.2699999999999321        3.5514914859432736       0.99499269707086013        1.0028293144433572E-002
   5.2799999999999319        3.5614419113718050       0.99509209404377519        9.8515428693182316E-003
   5.2899999999999316        3.5713933219765703       0.99518973670723287        9.6774263377231856E-003
   5.2999999999999314        3.5813457003456706       0.99528565125144097        9.5059141270149358E-003
   5.3099999999999312        3.5912990293276410       0.99537986357307195        9.3369769532975280E-003
   5.3199999999999310        3.6012532920285216       0.99547239927666631        9.1705856745861371E-003
   5.3299999999999308        3.6112084718089426       0.99556328367606706        9.0067112938941180E-003
   5.3399999999999306        3.6211645522812255       0.99565254179588480        8.8453249622340042E-003
   5.3499999999999304        3.6311215173064983       0.99574019837299266        8.6863979815329957E-003
   5.3599999999999302        3.6410793509918249       0.99582627785804922        8.5299018074634723E-003
   5.3699999999999299        3.6510380376873512       0.99591080441705016        8.3758080521891091E-003
   5.3799999999999297        3.6609975619834665       0.99599380193290621        8.2240884870271747E-003
   5.3899999999999295        3.6709579087079804       0.99607529400704797        8.0747150450276271E-003
   5.3999999999999293        3.6809190629233162       0.99615530396105556        7.9276598234696450E-003
   5.4099999999999291        3.6908810099237206       0.99623385483831328        7.7828950862762272E-003
   5.4199999999999289        3.7008437352324899       0.99631096940568742        7.6403932663475496E-003
   5.4299999999999287        3.7108072245992143       0.99638667015522764        7.5001269678137460E-003
   5.4399999999999284        3.7207714639970368       0.99646097930589017        7.3620689682078275E-003
   5.4499999999999282        3.7307364396199323       0.99653391880528241        7.2261922205594615E-003
   5.4599999999999280        3.7407021378800018       0.99660551033142786        7.0924698554103386E-003
   5.4699999999999278        3.7506685454047863       0.99667577529455109        6.9608751827518892E-003
   5.4799999999999276        3.7606356490345982       0.99674473483888182        6.8313816938861092E-003
   5.4899999999999274        3.7706034358198690       0.99681240984447650        6.7039630632102819E-003
   5.4999999999999272        3.7805718930185175       0.99687882092905844        6.5785931499263853E-003
   5.5099999999999270        3.7905410080933364       0.99694398844987364        6.4552459996760009E-003
   5.5199999999999267        3.8005107687093957       0.99700793250556352        6.3338958461015360E-003
   5.5299999999999265        3.8104811627314672       0.99707067293805185        6.2145171123346001E-003
   5.5399999999999263        3.8204521782214655       0.99713222933444723        6.0970844124123734E-003
   5.5499999999999261        3.8304238034359113       0.99719262102895889        5.9815725526228287E-003
   5.5599999999999259        3.8403960268234099       0.99725186710482538        5.8679565327796656E-003
   5.5699999999999257        3.8503688370221525       0.99730998639625612        5.7562115474278372E-003
   5.5799999999999255        3.8603422228574358       0.99736699749038449        5.6463129869805517E-003
   5.5899999999999253        3.8703161733392002       0.99742291872923172        5.5382364387886393E-003
   5.5999999999999250        3.8802906776595893       0.99747776821168144        5.4319576881431929E-003
   5.6099999999999248        3.8902657251905275       0.99753156379546382        5.3274527192123779E-003
   5.6199999999999246        3.9002413054813196       0.99758432309914880        5.2246977159133437E-003
   5.6299999999999244        3.9102174082562686       0.99763606350414769        5.1236690627201433E-003
   5.6399999999999242        3.9201940234123143       0.99768680215672234        5.0243433454085946E-003
   5.6499999999999240        3.9301711410166909       0.99773655597000177        4.9266973517390240E-003
   5.6599999999999238        3.9401487513046076       0.99778534162600507        4.8307080720778172E-003
   5.6699999999999235        3.9501268446769466       0.99783317557767059        4.7363526999587326E-003
   5.6799999999999233        3.9601054116979824       0.99788007405088985        4.6436086325849120E-003
   5.6899999999999231        3.9700844430931213       0.99792605304654658        4.5524534712725545E-003
   5.6999999999999229        3.9800639297466622       0.99797112834255985        4.4628650218371873E-003
   5.7099999999999227        3.9900438626995771       0.99801531549593092        4.3748212949235084E-003
   5.7199999999999225        4.0000242331473119       0.99805862984479266        4.2883005062797483E-003
   5.7299999999999223        4.0100050324376078       0.99810108651046203        4.2032810769775091E-003
   5.7399999999999221        4.0199862520683434       0.99814270039949393        4.1197416335780526E-003
   5.7499999999999218        4.0299678836853978       0.99818348620573683        4.0376610082459878E-003
   5.7599999999999216        4.0399499190805344       0.99822345841238913        3.9570182388113263E-003
   5.7699999999999214        4.0499323501893034       0.99826263129405601        3.8777925687808672E-003
   5.7799999999999212        4.0599151690889661       0.99830101891880585        3.7999634472998690E-003
   5.7899999999999210        4.0698983679964416       0.99833863515022636        3.7235105290649778E-003
   5.7999999999999208        4.0798819392662695       0.99837549364947953        3.6484136741893633E-003
   5.8099999999999206        4.0898658753885986       0.99841160787735472        3.5746529480210252E-003
   5.8199999999999203        4.0998501689871913       0.99844699109631996        3.5022086209152243E-003
   5.8299999999999201        4.1098348128174527       0.99848165637257091        3.4310611679619954E-003
   5.8399999999999199        4.1198197997644757       0.99851561657807653        3.3611912686696888E-003
   5.8499999999999197        4.1298051228411117       0.99854888439262124        3.2925798066054915E-003
   5.8599999999999195        4.1397907751860572       0.99858147230584393        3.2252078689938733E-003
   5.8699999999999193        4.1497767500619620       0.99861339261927218        3.1590567462738972E-003
   5.8799999999999191        4.1597630408535604       0.99864465744835207        3.0941079316163336E-003
   5.8899999999999189        4.1697496410658177       0.99867527872447270        3.0303431204015087E-003
   5.8999999999999186        4.1797365443221022       0.99870526819698602        2.9677442096588168E-003
   5.9099999999999184        4.1897237443623734       0.99873463743521973        2.9062932974688220E-003
   5.9199999999999182        4.1997112350413923       0.99876339783048518        2.8459726823288622E-003
   5.9299999999999180        4.2096990103269523       0.99879156059807794        2.7867648624830756E-003
   5.9399999999999178        4.2196870642981263       0.99881913677927181        2.7286525352177484E-003
   5.9499999999999176        4.2296753911435401       0.99884613724330562        2.6716185961228934E-003
   5.9599999999999174        4.2396639851596580       0.99887257268936236        2.6156461383209468E-003
   5.9699999999999172        4.2496528407490954       0.99889845364854057        2.5607184516634770E-003
   5.9799999999999169        4.2596419524189466       0.99892379048581759        2.5068190218967847E-003
   5.9899999999999167        4.2696313147791320       0.99894859340200404        2.4539315297972685E-003
   5.9999999999999165        4.2796209225407678       0.99897287243568977        2.4020398502774256E-003
   6.0099999999999163        4.2896107705145532       0.99899663746518064        2.3511280514633467E-003
   6.0199999999999161        4.2996008536091779       0.99901989821042569        2.3011803937445564E-003
   6.0299999999999159        4.3095911668297466       0.99904266423493537        2.2521813287970475E-003
   6.0399999999999157        4.3195817052762244       0.99906494494768905        2.2041154985803419E-003
   6.0499999999999154        4.3295724641419016       0.99908674960503274        2.1569677343094102E-003
   6.0599999999999152        4.3395634387118776       0.99910808731256673        2.1107230554022693E-003
   6.0699999999999150        4.3495546243615602       0.99912896702702181        2.0653666684040694E-003
   6.0799999999999148        4.3595460165551900       0.99914939755812537        2.0208839658884749E-003
   6.0899999999999146        4.3695376108443762       0.99916938757045604        1.9772605253371330E-003
   6.0999999999999144        4.3795294028666563       0.99918894558528704        1.9344821079980165E-003
   6.1099999999999142        4.3895213883440709       0.99920807998241801        1.8925346577234167E-003
   6.1199999999999140        4.3995135630817597       0.99922679900199540        1.8514042997883542E-003
   6.1299999999999137        4.4095059229665727       0.99924511074632028        1.8110773396901661E-003
   6.1399999999999135        4.4194984639657022       0.99926302318164495        1.7715402619300187E-003
   6.1499999999999133        4.4294911821253278       0.99928054413995648        1.7327797287770828E-003
   6.1599999999999131        4.4394840735692878       0.99929768132074837        1.6947825790161047E-003
   6.1699999999999129        4.4494771344977577       0.99931444229277910        1.6575358266790908E-003
   6.1799999999999127        4.4594703611859563       0.99933083449581850        1.6210266597618151E-003
   6.1899999999999125        4.4694637499828618       0.99934686524238070        1.5852424389258529E-003
   6.1999999999999122        4.4794572973099482       0.99936254171944439        1.5501706961868283E-003
   6.2099999999999120        4.4894509996599385       0.99937787099015951        1.5157991335895569E-003
   6.2199999999999118        4.4994448535955751       0.99939285999554128        1.4821156218707552E-003
   6.2299999999999116        4.5094388557484075       0.99940751555614993        1.4491081991099739E-003
   6.2399999999999114        4.5194330028175944       0.99942184437375758        1.4167650693694090E-003
   6.2499999999999112        4.5294272915687266       0.99943585303300120        1.3850746013232274E-003
   6.2599999999999110        4.5394217188326618       0.99944954800302188        1.3540253268770367E-003
   6.2699999999999108        4.5494162815043779       0.99946293563909006        1.3236059397781230E-003
   6.2799999999999105        4.5594109765418445       0.99947602218421694        1.2938052942170575E-003
   6.2899999999999103        4.5694058009649039       0.99948881377075216        1.2646124034212790E-003
   6.2999999999999101        4.5794007518541777       0.99950131642196682        1.2360164382412353E-003
   6.3099999999999099        4.5893958263499801       0.99951353605362281        1.2080067257296625E-003
   6.3199999999999097        4.5993910216512530       0.99952547847552753        1.1805727477145723E-003
   6.3299999999999095        4.6093863350145110       0.99953714939307470        1.1537041393665003E-003
   6.3399999999999093        4.6193817637528092       0.99954855440877033        1.1273906877605664E-003
   6.3499999999999091        4.6293773052347182       0.99955969902374464        1.1016223304338812E-003
   6.3599999999999088        4.6393729568833191       0.99957058863924975        1.0763891539388255E-003
   6.3699999999999086        4.6493687161752133       0.99958122855814213        1.0516813923927195E-003
   6.3799999999999084        4.6593645806395445       0.99959162398635126        1.0274894260243854E-003
   6.3899999999999082        4.6693605478570372       0.99960178003433331        1.0038037797181021E-003
   6.3999999999999080        4.6793566154590494       0.99961170171851077        9.8061512155543347E-004
   6.4099999999999078        4.6893527811266384       0.99962139396269656        9.5791426135540772E-004
   6.4199999999999076        4.6993490425896427       0.99963086159950443        9.3569214921351189E-004
   6.4299999999999073        4.7093453976257766       0.99964010937174452        9.1393987403995663E-004
   6.4399999999999071        4.7193418440597394       0.99964914193380394        8.9264866209765503E-004
   6.4499999999999069        4.7293383797623383       0.99965796385301320        8.7180987554035113E-004
   6.4599999999999067        4.7393350026496233       0.99966657961099759        8.5141501095132232E-004
   6.4699999999999065        4.7493317106820392       0.99967499360501433        8.3145569788307093E-004
   6.4799999999999063        4.7593285018635854       0.99968321014927497        8.1192369739840951E-004
   6.4899999999999061        4.7693253742409940       0.99969123347625310        7.9281090061333534E-004
   6.4999999999999059        4.7793223259029194       0.99969906773797790        7.7410932724207950E-004
   6.5099999999999056        4.7893193549791384       0.99970671700731228        7.5581112414470646E-004
   6.5199999999999054        4.7993164596397664       0.99971418527921774        7.3790856387763069E-004
   6.5299999999999052        4.8093136380944843       0.99972147647200360        7.2039404324740714E-004
   6.5399999999999050        4.8193108885917768       0.99972859442856254        7.0326008186814219E-004
   6.5499999999999048        4.8293082094181878       0.99973554291759148        6.8649932072286485E-004
   6.5599999999999046        4.8393055988975799       0.99974232563479792        6.7010452072918507E-004
   6.5699999999999044        4.8493030553904140       0.99974894620409238        6.5406856130956041E-004
   6.5799999999999041        4.8593005772930358       0.99975540817876618        6.3838443896648087E-004
   6.5899999999999039        4.8692981630369756       0.99976171504265510        6.2304526586287395E-004
   6.5999999999999037        4.8792958110882596       0.99976787021128888        6.0804426840802212E-004
   6.6099999999999035        4.8892935199467331       0.99977387703302689        5.9337478584927717E-004
   6.6199999999999033        4.8992912881453927       0.99977973879017912        5.7903026886984654E-004
   6.6299999999999031        4.9092891142497335       0.99978545870011393        5.6500427819291795E-004
   6.6399999999999029        4.9192869968571031       0.99979103991635121        5.5129048319238082E-004
   6.6499999999999027        4.9292849345960708       0.99979648552964218        5.3788266051039350E-004
   6.6599999999999024        4.9392829261258031       0.99980179856903495        5.2477469268203921E-004
   6.6699999999999022        4.9492809701354528       0.99980698200292684        5.1196056676730138E-004
   6.6799999999999020        4.9592790653435586       0.99981203874010272        4.9943437299058621E-004
   6.6899999999999018        4.9692772104974523       0.99981697163075978        4.8719030338800724E-004
   6.6999999999999016        4.9792754043726797       0.99982178346751927        4.7522265046264260E-004
   6.7099999999999014        4.9892736457724283       0.99982647698642391        4.6352580584796540E-004
   6.7199999999999012        4.9992719335269680       0.99983105486792312        4.5209425897964155E-004
   6.7299999999999010        5.0092702664930986       0.99983551973784413        4.4092259577588078E-004
   6.7399999999999007        5.0192686435536107       0.99983987416835018        4.3000549732651961E-004
   6.7499999999999005        5.0292670636167500       0.99984412067888595        4.1933773859100779E-004
   6.7599999999999003        5.0392655256156980       0.99984826173710961        4.0891418710546211E-004
   6.7699999999999001        5.0492640285080572       0.99985229975981238        3.9872980169894433E-004
   6.7799999999998999        5.0592625712753483       0.99985623711382465        3.8877963121911383E-004
   6.7899999999998997        5.0692611529225129       0.99986007611691041        3.7905881326739710E-004
   6.7999999999998995        5.0792597724774300       0.99986381903864796        3.6956257294381130E-004
   6.8099999999998992        5.0892584289904370       0.99986746810129890        3.6028622160157056E-004
   6.8199999999998990        5.0992571215338600       0.99987102548066464        3.5122515561159868E-004
   6.8299999999998988        5.1092558492015545       0.99987449330693023        3.4237485513706446E-004
   6.8399999999998986        5.1192546111084534       0.99987787366549619        3.3373088291805000E-004
   6.8499999999998984        5.1292534063901236       0.99988116859779830        3.2528888306645597E-004
   6.8599999999998982        5.1392522342023295       0.99988438010211533        3.1704457987124157E-004
   6.8699999999998980        5.1492510937206060       0.99988751013436505        3.0899377661409142E-004
   6.8799999999998978        5.1592499841398380       0.99989056060888781        3.0113235439559497E-004
   6.8899999999998975        5.1692489046738492       0.99989353339921949        2.9345627097201912E-004
   6.8999999999998973        5.1792478545549994       0.99989643033885178        2.8596155960274825E-004
   6.9099999999998971        5.1892468330337840       0.99989925322198192        2.7864432790846084E-004
   6.9199999999998969        5.1992458393784480       0.99990200380425032        2.7150075674010654E-004
   6.9299999999998967        5.2092448728746037       0.99990468380346742        2.6452709905874154E-004
   6.9399999999998965        5.2192439328248543       0.99990729490032926        2.5771967882627563E-004
   6.9499999999998963        5.2292430185484280       0.99990983873912176        2.5107488990717887E-004
   6.9599999999998960        5.2392421293808162       0.99991231692841465        2.4458919498119094E-004
   6.9699999999998958        5.2492412646734206       0.99991473104174378        2.3825912446707111E-004
   6.9799999999998956        5.2592404237932060       0.99991708261828371        2.3208127545742236E-004
   6.9899999999998954        5.2692396061223592       0.99991937316350887        2.2605231066461829E-004
   6.9999999999998952        5.2792388110579571       0.99992160414984443        2.2016895737785708E-004
   7.0099999999998950        5.2892380380116366       0.99992377701730706        2.1442800643136191E-004
   7.0199999999998948        5.2992372864092774       0.99992589317413527        2.0882631118374366E-004
   7.0299999999998946        5.3092365556906840       0.99992795399740964        2.0336078650853655E-004
   7.0399999999998943        5.3192358453092785       0.99992996083366270        1.9802840779591417E-004
   7.0499999999998941        5.3292351547317987       0.99993191499947953        1.9282620996558856E-004
   7.0599999999998939        5.3392344834380001       0.99993381778208801        1.8775128649089161E-004
   7.0699999999998937        5.3492338309203671       0.99993567043993936        1.8280078843403388E-004
   7.0799999999998935        5.3592331966838263       0.99993747420327939        1.7797192349253260E-004
   7.0899999999998933        5.3692325802454688       0.99993923027471021        1.7326195505679653E-004
   7.0999999999998931        5.3792319811342750       0.99994093982974241        1.6866820127885214E-004
   7.1099999999998929        5.3892313988908471       0.99994260401733803        1.6418803415219231E-004
   7.1199999999998926        5.3992308330671479       0.99994422396044447        1.5981887860272486E-004
   7.1299999999998924        5.4092302832262407       0.99994580075651929        1.5555821159079570E-004
   7.1399999999998922        5.4192297489420378       0.99994733547804626        1.5140356122425762E-004
   7.1499999999998920        5.4292292297990539       0.99994882917304206        1.4735250588255311E-004
   7.1599999999998918        5.4392287253921641       0.99995028286555510        1.4340267335177662E-004
   7.1699999999998916        5.4492282353263661       0.99995169755615509        1.3955173997067858E-004
   7.1799999999998914        5.4592277592165468       0.99995307422241442        1.3579742978757096E-004
   7.1899999999998911        5.4692272966872570       0.99995441381938088        1.3213751372809145E-004
   7.1999999999998909        5.4792268473724866       0.99995571728004251        1.2856980877378059E-004
   7.2099999999998907        5.4892264109154478       0.99995698551578427        1.2509217715142400E-004
   7.2199999999998905        5.4992259869683595       0.99995821941683605        1.2170252553310898E-004
   7.2299999999998903        5.5092255751922403       0.99995941985271353        1.1839880424694302E-004
   7.2399999999998901        5.5192251752567003       0.99996058767265061        1.1517900649837890E-004
   7.2499999999998899        5.5292247868397437       0.99996172370602443        1.1204116760208936E-004
   7.2599999999998897        5.5392244096275709       0.99996282876277276        1.0898336422433198E-004
   7.2699999999998894        5.5492240433143856       0.99996390363380361        1.0600371363574313E-004
   7.2799999999998892        5.5592236876022074       0.99996494909139755        1.0310037297449756E-004
   7.2899999999998890        5.5692233422006874       0.99996596588960296        1.0027153851976878E-004
   7.2999999999998888        5.5792230068269273       0.99996695476462372        9.7515444975423374E-005
   7.3099999999998886        5.5892226812053032       0.99996791643520000        9.4830364763880652E-005
   7.3199999999998884        5.5992223650672939       0.99996885160298166        9.2214607330067566E-005
   7.3299999999998882        5.6092220581513086       0.99996976095289547        8.9666518455397217E-005
   7.3399999999998879        5.6192217602025254       0.99997064515350476        8.7184479581697716E-005
   7.3499999999998877        5.6292214709727277       0.99997150485736275        8.4766907145016881E-005
   7.3599999999998875        5.6392211902201446       0.99997234070135943        8.2412251919226808E-005
   7.3699999999998873        5.6492209177092985       0.99997315330706138        8.0118998369351106E-005
   7.3799999999998871        5.6592206532108511       0.99997394328104572        7.7885664014536393E-005
   7.3899999999998869        5.6692203965014576       0.99997471121522730        7.5710798800588533E-005
   7.3999999999998867        5.6792201473636190       0.99997545768718010        7.3592984481992885E-005
   7.4099999999998865        5.6892199055855430       0.99997618326045201        7.1530834013336950E-005
   7.4199999999998862        5.6992196709610026       0.99997688848487420        6.9522990950052785E-005
   7.4299999999998860        5.7092194432892027       0.99997757389686370        6.7568128858395634E-005
   7.4399999999998858        5.7192192223746465       0.99997824001972091        6.5664950734574415E-005
   7.4499999999998856        5.7292190080270053       0.99997888736392093        6.3812188432948896E-005
   7.4599999999998854        5.7392188000609927       0.99997951642739946        6.2008602103207631E-005
   7.4699999999998852        5.7492185982962400       0.99998012769583278        6.0252979636440163E-005
   7.4799999999998850        5.7592184025571749       0.99998072164291252        5.8544136120016179E-005
   7.4899999999998847        5.7692182126729037       0.99998129873061481        5.6880913301183952E-005
   7.4999999999998845        5.7792180284770946       0.99998185940946460        5.5262179059299716E-005
   7.5099999999998843        5.7892178498078648       0.99998240411879391        5.3686826886599218E-005
   7.5199999999998841        5.7992176765076699       0.99998293328699572        5.2153775377422283E-005
   7.5299999999998839        5.8092175084231963       0.99998344733177236        5.0661967725800754E-005
   7.5399999999998837        5.8192173454052547       0.99998394666037904        4.9210371231319995E-005
   7.5499999999998835        5.8292171873086769       0.99998443166986239        4.7797976813163704E-005
   7.5599999999998833        5.8392170339922149       0.99998490274729435        4.6423798532251620E-005
   7.5699999999998830        5.8492168853184436       0.99998536027000129        4.5086873121379506E-005
   7.5799999999998828        5.8592167411536620       0.99998580460578834        4.3786259523270621E-005
   7.5899999999998826        5.8692166013678007       0.99998623611315918        4.2521038436447759E-005
   7.5999999999998824        5.8792164658343307       0.99998665514153140        4.1290311868834827E-005
   7.6099999999998822        5.8892163344301718       0.99998706203144727        4.0093202698997029E-005
   7.6199999999998820        5.8992162070356065       0.99998745711478065        3.8928854244928528E-005
   7.6299999999998818        5.9092160835341927       0.99998784071493874        3.7796429840296618E-005
   7.6399999999998816        5.9192159638126807       0.99998821314706055        3.6695112418051464E-005
   7.6499999999998813        5.9292158477609327       0.99998857471821079        3.5624104101310583E-005
   7.6599999999998811        5.9392157352718415       0.99998892572756948        3.4582625801427336E-005
   7.6699999999998809        5.9492156262412523       0.99998926646661823        3.3569916823152895E-005
   7.6799999999998807        5.9592155205678887       0.99998959721932190        3.2585234476801379E-005
   7.6899999999998805        5.9692154181532757       0.99998991826230699        3.1627853697327959E-005
   7.6999999999998803        5.9792153189016695       0.99999022986503583        3.0697066670230149E-005
   7.7099999999998801        5.9892152227199862       0.99999053228997736        2.9792182464182634E-005
   7.7199999999998798        5.9992151295177312       0.99999082579277421        2.8912526670316415E-005
   7.7299999999998796        6.0092150392069330       0.99999111062240587        2.8057441048053269E-005
   7.7399999999998794        6.0192149517020788       0.99999138702134893        2.7226283177407003E-005
   7.7499999999998792        6.0292148669200465       0.99999165522573352        2.6418426117663256E-005
   7.7599999999998790        6.0392147847800466       0.99999191546549615        2.5633258072350118E-005
   7.7699999999998788        6.0492147052035561       0.99999216796452994        2.4870182060412130E-005
   7.7799999999998786        6.0592146281142627       0.99999241294083085        2.4128615593500850E-005
   7.7899999999998784        6.0692145534380053       0.99999265060664111        2.3407990359295468E-005
   7.7999999999998781        6.0792144811027171       0.99999288116858931        2.2707751910767595E-005
   7.8099999999998779        6.0892144110383697       0.99999310482782766        2.2027359361304749E-005
   7.8199999999998777        6.0992143431769188       0.99999332178016620        2.1366285085607680E-005
   7.8299999999998775        6.1092142774522538       0.99999353221620368        2.0724014426277146E-005
   7.8399999999998773        6.1192142138001424       0.99999373632145594        2.0100045406006385E-005
   7.8499999999998771        6.1292141521581840       0.99999393427648120        1.9493888445296066E-005
   7.8599999999998769        6.1392140924657586       0.99999412625700279        1.8905066085609098E-005
   7.8699999999998766        6.1492140346639808       0.99999431243402892        1.8333112717883318E-005
   7.8799999999998764        6.1592139786956510       0.99999449297396981        1.7777574316320669E-005
   7.8899999999998762        6.1692139245052111       0.99999466803875225        1.7238008177372147E-005
   7.8999999999998760        6.1792138720387015       0.99999483778593168        1.6713982663838413E-005
   7.9099999999998758        6.1892138212437162       0.99999500236880123        1.6205076954006662E-005
   7.9199999999998756        6.1992137720693616       0.99999516193649907        1.5710880795744981E-005
   7.9299999999998754        6.2092137244662142       0.99999531663411245        1.5230994265476144E-005
   7.9399999999998752        6.2192136783862821       0.99999546660278027        1.4765027531953466E-005
   7.9499999999998749        6.2292136337829653       0.99999561197979248        1.4312600624762050E-005
   7.9599999999998747        6.2392135906110182       0.99999575289868781        1.3873343207469446E-005
   7.9699999999998745        6.2492135488265124       0.99999588948934870        1.3446894355350522E-005
   7.9799999999998743        6.2592135083868001       0.99999602187809455        1.3032902337612000E-005
   7.9899999999998741        6.2692134692504791       0.99999615018777266        1.2631024404042912E-005
   7.9999999999998739        6.2792134313773582       0.99999627453784667        1.2240926576017908E-005
   8.0099999999998737        6.2892133947284252       0.99999639504448357        1.1862283441781157E-005
   8.0199999999998735        6.2992133592658135       0.99999651182063820        1.1494777955939291E-005
   8.0299999999998732        6.3092133249527702       0.99999662497613584        1.1138101243092620E-005
   8.0399999999998730        6.3192132917536243       0.99999673461775329        1.0791952405534594E-005
   8.0499999999998728        6.3292132596337591       0.99999684084929730        1.0456038334950273E-005
   8.0599999999998726        6.3392132285595810       0.99999694377168169        1.0130073528045312E-005
   8.0699999999998724        6.3492131984984903       0.99999704348300267        9.8137799060377723E-006
   8.0799999999998722        6.3592131694188563       0.99999714007861196        9.5068866379457954E-006
   8.0899999999998720        6.3692131412899871       0.99999723365118842        9.2091299676050251E-006
   8.0999999999998717        6.3792131140821047       0.99999732429080812        8.9202530443503568E-006
   8.1099999999998715        6.3892130877663194       0.99999741208501247        8.6400057572974609E-006
   8.1199999999998713        6.3992130623146046       0.99999749711887476        8.3681445731602334E-006
   8.1299999999998711        6.4092130376997725       0.99999757947506507        8.1044323775411591E-006
   8.1399999999998709        6.4192130138954493       0.99999765923391393        7.8486383196323350E-006
   8.1499999999998707        6.4292129908760538       0.99999773647347401        7.6005376602656907E-006
   8.1599999999998705        6.4392129686167747       0.99999781126958054        7.3599116232517068E-006
   8.1699999999998703        6.4492129470935469       0.99999788369591014        7.1265472499467500E-006
   8.1799999999998700        6.4592129262830325       0.99999795382403833        6.9002372569898809E-006
   8.1899999999998698        6.4692129061625989       0.99999802172349561        6.6807798971508048E-006
   8.1999999999998696        6.4792128867102994       0.99999808746182217        6.4679788232313913E-006
   8.2099999999998694        6.4892128679048513       0.99999815110462109        6.2616429549639702E-006
   8.2199999999998692        6.4992128497256196       0.99999821271561051        6.0615863488503878E-006
   8.2299999999998690        6.5092128321525973       0.99999827235667427        5.8676280708865698E-006
   8.2399999999998688        6.5192128151663873       0.99999833008791128        5.6795920721181152E-006
   8.2499999999998685        6.5292127987481843       0.99999838596768409        5.4973070669732009E-006
   8.2599999999998683        6.5392127828797584       0.99999844005266558        5.3206064143198364E-006
   8.2699999999998681        6.5492127675434384       0.99999849239788496        5.1493280011952803E-006
   8.2799999999998679        6.5592127527220949       0.99999854305677260        4.9833141291561667E-006
   8.2899999999998677        6.5692127383991261       0.99999859208120334        4.8224114031986468E-006
   8.2999999999998675        6.5792127245584391       0.99999863952153911        4.6664706231986029E-006
   8.3099999999998673        6.5892127111844392       0.99999868542667059        4.5153466778227235E-006
   8.3199999999998671        6.5992126982620132       0.99999872984405713        4.3688984408619687E-006
   8.3299999999998668        6.6092126857765150       0.99999877281976635        4.2269886699396888E-006
   8.3399999999998666        6.6192126737137524       0.99999881439851257        4.0894839075473855E-006
   8.3499999999998664        6.6292126620599738       0.99999885462369409        3.9562543843618290E-006
   8.3599999999998662        6.6392126508018556       0.99999889353742932        3.8271739247979561E-006
   8.3699999999998660        6.6492126399264881       0.99999893118059269        3.7021198547526886E-006
   8.3799999999998658        6.6592126294213649       0.99999896759284901        3.5809729114955238E-006
   8.3899999999998656        6.6692126192743704       0.99999900281268717        3.4636171556624385E-006
   8.3999999999998654        6.6792126094737680       0.99999903687745273        3.3499398853103504E-006
   8.4099999999998651        6.6892126000081902       0.99999906982338027        3.2398315519900660E-006
   8.4199999999998649        6.6992125908666242       0.99999910168562434        3.1331856787963298E-006
   8.4299999999998647        6.7092125820384050       0.99999913249828953        3.0298987803542633E-006
   8.4399999999998645        6.7192125735132020       0.99999916229446040        2.9298702847021550E-006
   8.4499999999998643        6.7292125652810126       0.99999919110622992        2.8330024570312286E-006
   8.4599999999998641        6.7392125573321495       0.99999921896472765        2.7392003252436649E-006
   8.4699999999998639        6.7492125496572308       0.99999924590014699        2.6483716072908228E-006
   8.4799999999998636        6.7592125422471732       0.99999927194177152        2.5604266402542278E-006
   8.4899999999998634        6.7692125350931818       0.99999929711800106        2.4752783111325522E-006
   8.4999999999998632        6.7792125281867408       0.99999932145637693        2.3928419892984338E-006
   8.5099999999998630        6.7892125215196062       0.99999934498360610        2.3130354605896078E-006
   8.5199999999998628        6.7992125150837959       0.99999936772558518        2.2357788629994430E-006
   8.5299999999998626        6.8092125088715845       0.99999938970742375        2.1609946239325860E-006
   8.5399999999998624        6.8192125028754926       0.99999941095346689        2.0886073989920240E-006
   8.5499999999998622        6.8292124970882808       0.99999943148731707        2.0185440122644668E-006
   8.5599999999998619        6.8392124915029422       0.99999945133185564        1.9507333980715493E-006
   8.5699999999998617        6.8492124861126946       0.99999947050926352        1.8851065441549293E-006
   8.5799999999998615        6.8592124809109754       0.99999948904104163        1.8215964362639406E-006
   8.5899999999998613        6.8692124758914330       0.99999950694803053        1.7601380041150257E-006
   8.5999999999998611        6.8792124710479206       0.99999952425042948        1.7006680686927364E-006
   8.6099999999998609        6.8892124663744916       0.99999954096781518        1.6431252908626466E-006
   8.6199999999998607        6.8992124618653907       0.99999955711916011        1.5874501212670700E-006
   8.6299999999998604        6.9092124575150500       0.99999957272284978        1.5335847514750157E-006
   8.6399999999998602        6.9192124533180817       0.99999958779670028        1.4814730663583515E-006
   8.6499999999998600        6.9292124492692748       0.99999960235797469        1.4310605976666675E-006
   8.6599999999998598        6.9392124453635882       0.99999961642339952        1.3822944787738590E-006
   8.6699999999998596        6.9492124415961438       0.99999963000918057        1.3351234005699559E-006
   8.6799999999998594        6.9592124379622247       0.99999964313101786        1.2894975684722325E-006
   8.6899999999998592        6.9692124344572681       0.99999965580412120        1.2453686605301353E-006
   8.6999999999998590        6.9792124310768608       0.99999966804322404        1.2026897865990504E-006
   8.7099999999998587        6.9892124278167342       0.99999967986259819        1.1614154485584272E-006
   8.7199999999998585        6.9992124246727601       0.99999969127606714        1.1215015015502432E-006
   8.7299999999998583        7.0092124216409468       0.99999970229701962        1.0829051162142754E-006
   8.7399999999998581        7.0192124187174354       0.99999971293842238        1.0455847418970992E-006
   8.7499999999998579        7.0292124158984928       0.99999972321283304        1.0095000708122018E-006
   8.7599999999998577        7.0392124131805094       0.99999973313241208        9.7461200312904100E-007
   8.7699999999998575        7.0492124105599974       0.99999974270893499        9.4088261296932787E-007
   8.7799999999998573        7.0592124080335825       0.99999975195380364        9.0827511528924798E-007
   8.7899999999998570        7.0692124055980043       0.99999976087805764        8.7675383362676557E-007
   8.7999999999998568        7.0792124032501107       0.99999976949238534        8.4628416869358055E-007
   8.8099999999998566        7.0892124009868533       0.99999977780713423        8.1683256779172311E-007
   8.8199999999998564        7.0992123988052880       0.99999978583232141        7.8836649503518263E-007
   8.8299999999998562        7.1092123967025671       0.99999979357764368        7.6085440235737164E-007
   8.8399999999998560        7.1192123946759391       0.99999980105248709        7.3426570128562204E-007
   8.8499999999998558        7.1292123927227458       0.99999980826593649        7.0857073546430293E-007
   8.8599999999998555        7.1392123908404166       0.99999981522678472        6.8374075390853298E-007
   8.8699999999998553        7.1492123890264683       0.99999982194354164        6.5974788497083990E-007
   8.8799999999998551        7.1592123872785018       0.99999982842444246        6.3656511100348982E-007
   8.8899999999998549        7.1692123855941983       0.99999983467745657        6.1416624369957703E-007
   8.8999999999998547        7.1792123839713176       0.99999984071029546        5.9252590009632287E-007
   8.9099999999998545        7.1892123824076952       0.99999984653042073        5.7161947922438633E-007
   8.9199999999998543        7.1992123809012405       0.99999985214505172        5.5142313938733695E-007
   8.9299999999998541        7.2092123794499345       0.99999985756117316        5.3191377605578087E-007
   8.9399999999998538        7.2192123780518251       0.99999986278554232        5.1306900036096796E-007
   8.9499999999998536        7.2292123767050285       0.99999986782469596        4.9486711817303598E-007
   8.9599999999998534        7.2392123754077229       0.99999987268495738        4.7728710974937280E-007
   8.9699999999998532        7.2492123741581516       0.99999987737244300        4.6030860993889484E-007
   8.9799999999998530        7.2592123729546154       0.99999988189306865        4.4391188892835306E-007
   8.9899999999998528        7.2692123717954757       0.99999988625255609        4.2807783351708390E-007
   8.9999999999998526        7.2792123706791481       0.99999989045643889        4.1278792890692403E-007
   9.0099999999998523        7.2892123696041038       0.99999989451006854        3.9802424099430385E-007
   9.0199999999998521        7.2992123685688659       0.99999989841861969        3.8376939915182408E-007
   9.0299999999998519        7.3092123675720089       0.99999990218709633        3.7000657948690540E-007
   9.0399999999998517        7.3192123666121569       0.99999990582033682        3.5671948856538028E-007
   9.0499999999998515        7.3292123656879804       0.99999990932301908        3.4389234758817114E-007
   9.0599999999998513        7.3392123647981968       0.99999991269966582        3.3150987700946677E-007
   9.0699999999998511        7.3492123639415681       0.99999991595464932        3.1955728158507485E-007
   9.0799999999998509        7.3592123631168986       0.99999991909219643        3.0802023583988609E-007
   9.0899999999998506        7.3692123623230348       0.99999992211639288        2.9688486994363984E-007
   9.0999999999998504        7.3792123615588618       0.99999992503118795        2.8613775598443096E-007
   9.1099999999998502        7.3892123608233060       0.99999992784039871        2.7576589462964106E-007
   9.1199999999998500        7.3992123601153299       0.99999993054771452        2.6575670216421721E-007
   9.1299999999998498        7.4092123594339325       0.99999993315670088        2.5609799789645659E-007
   9.1399999999998496        7.4192123587781476       0.99999993567080336        2.4677799192168483E-007
   9.1499999999998494        7.4292123581470433       0.99999993809335153        2.3778527323444190E-007
   9.1599999999998492        7.4392123575397200       0.99999994042756279        2.2910879818001120E-007
   9.1699999999998489        7.4492123569553099       0.99999994267654591        2.2073787923634274E-007
   9.1799999999998487        7.4592123563929764       0.99999994484330434        2.1266217411763511E-007
   9.1899999999998485        7.4692123558519112       0.99999994693074001        2.0487167519104822E-007
   9.1999999999998483        7.4792123553313354       0.99999994894165622        1.9735669919822260E-007
   9.2099999999998481        7.4892123548304976       0.99999995087876115        1.9010787727348092E-007
   9.2199999999998479        7.4992123543486731       0.99999995274467068        1.8311614525078272E-007
   9.2299999999998477        7.5092123538851618       0.99999995454191171        1.7637273425169486E-007
   9.2399999999998474        7.5192123534392898       0.99999995627292471        1.6986916154682758E-007
   9.2499999999998472        7.5292123530104069       0.99999995794006691        1.6359722168336970E-007
   9.2599999999998470        7.5392123525978860       0.99999995954561471        1.5754897787153629E-007
   9.2699999999998468        7.5492123522011214       0.99999996109176648        1.5171675362291754E-007
   9.2799999999998466        7.5592123518195304       0.99999996258064505        1.4609312463389059E-007
   9.2899999999998464        7.5692123514525500       0.99999996401430025        1.4067091090742345E-007
   9.2999999999998462        7.5792123510996383       0.99999996539471137        1.3544316910676610E-007
   9.3099999999998460        7.5892123507602731       0.99999996672378944        1.3040318513468445E-007
   9.3199999999998457        7.5992123504339490       0.99999996800337931        1.2554446693205099E-007
   9.3299999999998455        7.6092123501201812       0.99999996923526202        1.2086073748976042E-007
   9.3399999999998453        7.6192123498185005       0.99999997042115707        1.1634592806808909E-007
   9.3499999999998451        7.6292123495284558       0.99999997156272402        1.1199417161776580E-007
   9.3599999999998449        7.6392123492496120       0.99999997266156504        1.0779979639716475E-007
   9.3699999999998447        7.6492123489815498       0.99999997371922622        1.0375731978017374E-007
   9.3799999999998445        7.6592123487238641       0.99999997473720004        9.9861442249428239E-008
   9.3899999999998442        7.6692123484761661       0.99999997571692667        9.6107041569737328E-008
   9.3999999999998440        7.6792123482380799       0.99999997665979590        9.2489167136659209E-008
   9.4099999999998438        7.6892123480092440       0.99999997756714909        8.9003034495313511E-008
   9.4199999999998436        7.6992123477893095       0.99999997844028032        8.5644020024643168E-008
   9.4299999999998434        7.7092123475779397       0.99999997928043827        8.2407655782462512E-008
   9.4399999999998432        7.7192123473748122       0.99999998008882784        7.9289624506748171E-008
   9.4499999999998430        7.7292123471796144       0.99999998086661124        7.6285754768747469E-008
   9.4599999999998428        7.7392123469920460       0.99999998161490999        7.3392016273593685E-008
   9.4699999999998425        7.7492123468118175       0.99999998233480569        7.0604515304230190E-008
   9.4799999999998423        7.7592123466386509       0.99999998302734183        6.7919490304554923E-008
   9.4899999999998421        7.7692123464722771       0.99999998369352494        6.5333307597804139E-008
   9.4999999999998419        7.7792123463124367       0.99999998433432569        6.2842457236298771E-008
   9.5099999999998417        7.7892123461588820       0.99999998495068043        6.0443548978779191E-008
   9.5199999999998415        7.7992123460113723       0.99999998554349212        5.8133308391653894E-008
   9.5299999999998413        7.8092123458696765       0.99999998611363150        5.5908573070585023E-008
   9.5399999999998411        7.8192123457335718       0.99999998666193834        5.3766288978928966E-008
   9.5499999999998408        7.8292123456028451       0.99999998718922223        5.1703506899642970E-008
   9.5599999999998406        7.8392123454772893       0.99999998769626397        4.9717378997359487E-008
   9.5699999999998404        7.8492123453567055       0.99999998818381619        4.7805155487418456E-008
   9.5799999999998402        7.8592123452409028       0.99999998865260453        4.5964181408733964E-008
   9.5899999999998400        7.8692123451296974       0.99999998910332866        4.4191893497456169E-008
   9.5999999999998398        7.8792123450229115       0.99999998953666303        4.2485817158471446E-008
   9.6099999999998396        7.8892123449203746       0.99999998995325767        4.0843563531864033E-008
   9.6199999999998393        7.8992123448219225       0.99999999035373932        3.9262826651540651E-008
   9.6299999999998391        7.9092123447273970       0.99999999073871182        3.7741380693295960E-008
   9.6399999999998389        7.9192123446366463       0.99999999110875737        3.6277077309671125E-008
   9.6499999999998387        7.9292123445495237       0.99999999146443697        3.4867843049030434E-008
   9.6599999999998385        7.9392123444658891       0.99999999180629118        3.3511676856351704E-008
   9.6699999999998383        7.9492123443856055       0.99999999213484092        3.2206647653295272E-008
   9.6799999999998381        7.9592123443085434       0.99999999245058835        3.0950891995183713E-008
   9.6899999999998379        7.9692123442345766       0.99999999275401708        2.9742611802590074E-008
   9.6999999999998376        7.9792123441635843       0.99999999304559306        2.8580072165296344E-008
   9.7099999999998374        7.9892123440954501       0.99999999332576539        2.7461599216446411E-008
   9.7199999999998372        7.9992123440300631       0.99999999359496661        2.6385578074778388E-008
   9.7299999999998370        8.0092123439673149       0.99999999385361327        2.5350450852880581E-008
   9.7399999999998368        8.0192123439071015       0.99999999410210683        2.4354714729473040E-008
   9.7499999999998366        8.0292123438493235       0.99999999434083398        2.3396920083772940E-008
   9.7599999999998364        8.0392123437938867       0.99999999457016708        2.2475668690056873E-008
   9.7699999999998361        8.0492123437406971       0.99999999479046475        2.1589611970586528E-008
   9.7799999999998359        8.0592123436896674       0.99999999500207237        2.0737449305116302E-008
   9.7899999999998357        8.0692123436407108       0.99999999520532257        1.9917926395252023E-008
   9.7999999999998355        8.0792123435937473       0.99999999540053564        1.9129833681979419E-008
   9.8099999999998353        8.0892123435486969       0.99999999558802011        1.8372004814728985E-008
   9.8199999999998351        8.0992123435054832       0.99999999576807286        1.7643315170390748E-008
   9.8299999999998349        8.1092123434640335       0.99999999594097988        1.6942680420738046E-008
   9.8399999999998347        8.1192123434242784       0.99999999610701651        1.6269055146763817E-008
   9.8499999999998344        8.1292123433861505       0.99999999626644764        1.5621431498476130E-008
   9.8599999999998342        8.1392123433495858       0.99999999641952853        1.4998837898741776E-008
   9.8699999999998340        8.1492123433145203       0.99999999656650473        1.4400337789807681E-008
   9.8799999999998338        8.1592123432808954       0.99999999670761264        1.3825028421169804E-008
   9.8899999999998336        8.1692123432486543       0.99999999684307972        1.3272039677497980E-008
   9.8999999999998334        8.1792123432177402       0.99999999697312503        1.2740532945362917E-008
   9.9099999999998332        8.1892123431880997       0.99999999709795928        1.2229700017548340E-008
   9.9199999999998330        8.1992123431596831       0.99999999721778532        1.1738762033767000E-008
   9.9299999999998327        8.2092123431324406       0.99999999733279832        1.1266968456634091E-008
   9.9399999999998325        8.2192123431063244       0.99999999744318613        1.0813596081785442E-008
   9.9499999999998323        8.2292123430812900       0.99999999754912938        1.0377948081060795E-008
   9.9599999999998321        8.2392123430572930       0.99999999765080194        9.9593530777044932E-009
   9.9699999999998319        8.2492123430342925       0.99999999774837112        9.5571642525670734E-009
   9.9799999999998317        8.2592123430122477       0.99999999784199778        9.1707584803215410E-009
   9.9899999999998315        8.2692123429911195       0.99999999793183680        8.7995354947375781E-009
   9.9999999999998312        8.2792123429708724       0.99999999801803718        8.4429170820855691E-009
   10.009999999999831        8.2892123429514690       0.99999999810074203        8.1003463017702038E-009
   10.019999999999831        8.2992123429328757       0.99999999818008911        7.7712867333204954E-009
   10.029999999999831        8.3092123429150604       0.99999999825621100        7.4552217488893644E-009
   10.039999999999830        8.3192123428979894       0.99999999832923514        7.1516538104415569E-009
   10.049999999999830        8.3292123428816343       0.99999999839928411        6.8601037908335202E-009
   10.059999999999830        8.3392123428659648       0.99999999846647569        6.5801103180130593E-009
   10.069999999999830        8.3492123428509544       0.99999999853092336        6.3112291415900717E-009
   10.079999999999830        8.3592123428365745       0.99999999859273592        6.0530325210525127E-009
   10.089999999999829        8.3692123428228005       0.99999999865201827        5.8051086349239158E-009
   10.099999999999829        8.3792123428096073       0.99999999870887102        5.5670610101803615E-009
   10.109999999999829        8.3892123427969700       0.99999999876339107        5.3385079712657276E-009
   10.119999999999829        8.3992123427848675       0.99999999881567159        5.1190821080643930E-009
   10.129999999999828        8.4092123427732766       0.99999999886580193        4.9084297622103469E-009
   10.139999999999828        8.4192123427621759       0.99999999891386826        4.7062105311308408E-009
   10.149999999999828        8.4292123427515460       0.99999999895995317        4.5120967892413618E-009
   10.159999999999828        8.4392123427413672       0.99999999900413616        4.3257732257268265E-009
   10.169999999999828        8.4492123427316219       0.99999999904649362        4.1469363983614622E-009
   10.179999999999827        8.4592123427222905       0.99999999908709891        3.9752943028369304E-009
   10.189999999999827        8.4692123427133570       0.99999999912602255        3.8105659570848044E-009
   10.199999999999827        8.4792123427048054       0.99999999916333238        3.6524810000956288E-009
   10.209999999999827        8.4892123426966180       0.99999999919909344        3.5007793047523956E-009
   10.219999999999827        8.4992123426887822       0.99999999923336835        3.3552106042114394E-009
   10.229999999999826        8.5092123426812805       0.99999999926621730        3.2155341313784820E-009
   10.239999999999826        8.5192123426741020       0.99999999929769789        3.0815182710418305E-009
   10.249999999999826        8.5292123426672308       0.99999999932786576        2.9529402242386109E-009
   10.259999999999826        8.5392123426606545       0.99999999935677408        2.8295856844433588E-009
   10.269999999999825        8.5492123426543625       0.99999999938447415        2.7112485251813573E-009
   10.279999999999825        8.5592123426483404       0.99999999941101514        2.5977304986817686E-009
   10.289999999999825        8.5692123426425795       0.99999999943644424        2.4888409451978962E-009
   10.299999999999825        8.5792123426370672       0.99999999946080675        2.3843965126338425E-009
   10.309999999999825        8.5892123426317930       0.99999999948414631        2.2842208861283801E-009
   10.319999999999824        8.5992123426267479       0.99999999950650476        2.1881445272580803E-009
   10.329999999999824        8.6092123426219214       0.99999999952792229        2.0960044225326149E-009
   10.339999999999824        8.6192123426173044       0.99999999954843743        2.0076438408657016E-009
   10.349999999999824        8.6292123426128882       0.99999999956808727        1.9229120997153913E-009
   10.359999999999824        8.6392123426086638       0.99999999958690733        1.8416643395973185E-009
   10.369999999999823        8.6492123426046241       0.99999999960493169        1.7637613066841516E-009
   10.379999999999823        8.6592123426007603       0.99999999962219321        1.6890691432138104E-009
   10.389999999999823        8.6692123425970653       0.99999999963872332        1.6174591854380530E-009
   10.399999999999823        8.6792123425935319       0.99999999965455222        1.5488077688518009E-009
   10.409999999999823        8.6892123425901531       0.99999999966970887        1.4829960404520667E-009
   10.419999999999822        8.6992123425869234       0.99999999968422115        1.4199097777835803E-009
   10.429999999999822        8.7092123425838359       0.99999999969811582        1.3594392145361884E-009
   10.439999999999822        8.7192123425808834       0.99999999971141840        1.3014788724668367E-009
   10.449999999999822        8.7292123425780623       0.99999999972415343        1.2459273994264343E-009
   10.459999999999821        8.7392123425753656       0.99999999973634457        1.1926874132791621E-009
   10.469999999999821        8.7492123425727879       0.99999999974801457        1.1416653515088225E-009
   10.479999999999821        8.7592123425703239       0.99999999975918497        1.0927713263136356E-009
   10.489999999999821        8.7692123425679700       0.99999999976987675        1.0459189849974982E-009
   10.499999999999821        8.7792123425657209       0.99999999978010989        1.0010253754721084E-009
   10.509999999999820        8.7892123425635713       0.99999999978990350        9.5801081669055709E-010
   10.519999999999820        8.7992123425615176       0.99999999979927612        9.1679877383898263E-010
   10.529999999999820        8.8092123425595563       0.99999999980824528        8.7731573811869802E-010
   10.539999999999820        8.8192123425576820       0.99999999981682797        8.3949111095682230E-010
   10.549999999999820        8.8292123425558913       0.99999999982504040        8.0325709248889655E-010
   10.559999999999819        8.8392123425541804       0.99999999983289822        7.6854857416223836E-010
   10.569999999999819        8.8492123425525477       0.99999999984041632        7.3530303531389582E-010
   10.579999999999819        8.8592123425509879       0.99999999984760901        7.0346044358200355E-010
   10.589999999999819        8.8692123425494991       0.99999999985449006        6.7296315901413020E-010
   10.599999999999818        8.8792123425480778       0.99999999986107257        6.4375584174083689E-010
   10.609999999999818        8.8892123425467204       0.99999999986736932        6.1578536308715066E-010
   10.619999999999818        8.8992123425454253       0.99999999987339228        5.8900071999899377E-010
   10.629999999999818        8.9092123425441887       0.99999999987915311        5.6335295266581011E-010
   10.639999999999818        8.9192123425430072       0.99999999988466293        5.3879506522469139E-010
   10.649999999999817        8.9292123425418808       0.99999999988993249        5.1528194943523768E-010
   10.659999999999817        8.9392123425408059       0.99999999989497190        4.9277031121819042E-010
   10.669999999999817        8.9492123425397807       0.99999999989979105        4.7121859995455575E-010
   10.679999999999817        8.9592123425388017       0.99999999990439936        4.5058694044549524E-010
   10.689999999999817        8.9692123425378671       0.99999999990880573        4.3083706743670553E-010
   10.699999999999816        8.9792123425369770       0.99999999991301891        4.1193226261433837E-010
   10.709999999999816        8.9892123425361277       0.99999999991704713        3.9383729398273380E-010
   10.719999999999816        8.9992123425353174       0.99999999992089827        3.7651835753735520E-010
   10.729999999999816        9.0092123425345445       0.99999999992458000        3.5994302114932746E-010
   10.739999999999815        9.0192123425338089       0.99999999992809951        3.4408017058089208E-010
   10.749999999999815        9.0292123425331070       0.99999999993146382        3.2889995755391133E-010
   10.759999999999815        9.0392123425324371       0.99999999993467970        3.1437374979627558E-010
   10.769999999999815        9.0492123425317992       0.99999999993775346        3.0047408299370149E-010
   10.779999999999815        9.0592123425311915       0.99999999994069122        2.8717461457695412E-010
   10.789999999999814        9.0692123425306121       0.99999999994349886        2.7445007927698620E-010
   10.799999999999814        9.0792123425300613       0.99999999994618205        2.6227624638286563E-010
   10.809999999999814        9.0892123425295352       0.99999999994874611        2.5062987863966118E-010
   10.819999999999814        9.0992123425290359       0.99999999995119626        2.3948869272567719E-010
   10.829999999999814        9.1092123425285596       0.99999999995353750        2.2883132125057480E-010
   10.839999999999813        9.1192123425281064       0.99999999995577449        2.1863727621799139E-010
   10.849999999999813        9.1292123425276746       0.99999999995791178        2.0888691389827398E-010
   10.859999999999813        9.1392123425272640       0.99999999995995370        1.9956140105887875E-010
   10.869999999999813        9.1492123425268730       0.99999999996190436        1.9064268250185930E-010
   10.879999999999812        9.1592123425265015       0.99999999996376787        1.8211344985967374E-010
   10.889999999999812        9.1692123425261478       0.99999999996554789        1.7395711160228569E-010
   10.899999999999812        9.1792123425258119       0.99999999996724820        1.6615776421022095E-010
   10.909999999999812        9.1892123425254919       0.99999999996887223        1.5870016446986940E-010
   10.919999999999812        9.1992123425251879       0.99999999997042333        1.5156970284889511E-010
   10.929999999999811        9.2092123425249000       0.99999999997190470        1.4475237791113517E-010
   10.939999999999811        9.2192123425246262       0.99999999997331934        1.3823477173183563E-010
   10.949999999999811        9.2292123425243666       0.99999999997467026        1.3200402627548774E-010
   10.959999999999811        9.2392123425241195       0.99999999997596034        1.2604782069989535E-010
   10.969999999999811        9.2492123425238848       0.99999999997719213        1.2035434955142411E-010
   10.979999999999810        9.2592123425236625       0.99999999997836830        1.1491230181765724E-010
   10.989999999999810        9.2692123425234527       0.99999999997949118        1.0971084080491217E-010
   10.999999999999810        9.2792123425232536       0.99999999998056321        1.0473958480926003E-010
   11.009999999999810        9.2892123425230650       0.99999999998158673        9.9988588550835307E-011
   11.019999999999810        9.2992123425228854       0.99999999998256373        9.5448325342328826E-011
   11.029999999999809        9.3092123425227165       0.99999999998349631        9.1109669963624409E-011
   11.039999999999809        9.3192123425225564       0.99999999998438649        8.6963882215569117E-011
   11.049999999999809        9.3292123425224052       0.99999999998523614        8.3002591126860659E-011
   11.059999999999809        9.3392123425222611       0.99999999998604705        7.9217779788993939E-011
   11.069999999999808        9.3492123425221259       0.99999999998682099        7.5601770795133791E-011
   11.079999999999808        9.3592123425219977       0.99999999998755962        7.2147212259672917E-011
   11.089999999999808        9.3692123425218767       0.99999999998826450        6.8847064396094698E-011
   11.099999999999808        9.3792123425217628       0.99999999998893707        6.5694586631590764E-011
   11.109999999999808        9.3892123425216560       0.99999999998957889        6.2683325237683703E-011
   11.119999999999807        9.3992123425215546       0.99999999999019118        5.9807101456877558E-011
   11.129999999999807        9.4092123425214602       0.99999999999077538        5.7060000106103434E-011
   11.139999999999807        9.4192123425213712       0.99999999999133271        5.4436358638445519E-011
   11.149999999999807        9.4292123425212875       0.99999999999186440        5.1930756645325283E-011
   11.159999999999807        9.4392123425212091       0.99999999999237166        4.9538005781989238E-011
   11.169999999999806        9.4492123425211361       0.99999999999285549        4.7253140099789190E-011
   11.179999999999806        9.4592123425210666       0.99999999999331701        4.5071406769364497E-011
   11.189999999999806        9.4692123425210024       0.99999999999375722        4.2988257179433854E-011
   11.199999999999806        9.4792123425209418       0.99999999999417710        4.0999338396480851E-011
   11.209999999999805        9.4892123425208847       0.99999999999457756        3.9100484971173100E-011
   11.219999999999805        9.4992123425208330       0.99999999999495948        3.7287711077890420E-011
   11.229999999999805        9.5092123425207848       0.99999999999532363        3.5557202974253628E-011
   11.239999999999805        9.5192123425207402       0.99999999999567091        3.3905311768043018E-011
   11.249999999999805        9.5292123425206992       0.99999999999600198        3.2328546479374740E-011
   11.259999999999804        9.5392123425206616       0.99999999999631772        3.0823567386465174E-011
   11.269999999999804        9.5492123425206259       0.99999999999661870        2.9387179643758354E-011
   11.279999999999804        9.5592123425205937       0.99999999999690570        2.8016327161620099E-011
   11.289999999999804        9.5692123425205633       0.99999999999717926        2.6708086737215403E-011
   11.299999999999804        9.5792123425205364       0.99999999999744005        2.5459662426583502E-011
   11.309999999999803        9.5892123425205114       0.99999999999768863        2.4268380148308071E-011
   11.319999999999803        9.5992123425204898       0.99999999999792555        2.3131682509549061E-011
   11.329999999999803        9.6092123425204701       0.99999999999815137        2.2047123845558037E-011
   11.339999999999803        9.6192123425204521       0.99999999999836664        2.1012365464141157E-011
   11.349999999999802        9.6292123425204377       0.99999999999857181        2.0025171086863453E-011
   11.359999999999802        9.6392123425204250       0.99999999999876732        1.9083402479105411E-011
   11.369999999999802        9.6492123425204142       0.99999999999895361        1.8185015261388413E-011
   11.379999999999802        9.6592123425204051       0.99999999999913114        1.7328054894679705E-011
   11.389999999999802        9.6692123425203977       0.99999999999930034        1.6510652832670770E-011
   11.399999999999801        9.6792123425203922       0.99999999999946154        1.5731022834295583E-011
   11.409999999999801        9.6892123425203884       0.99999999999961509        1.4987457430017613E-011
   11.419999999999801        9.6992123425203847       0.99999999999976141        1.4278324535666975E-011
   11.429999999999801        9.7092123425203827       0.99999999999990075        1.3602064207852267E-011
   11.439999999999801        9.7192123425203825        1.0000000000000335        1.2957185535205473E-011
   11.449999999999800        9.7292123425203840        1.0000000000001601        1.2342263659943503E-011
   11.459999999999800        9.7392123425203856        1.0000000000002807        1.1755936924446514E-011
   11.469999999999800        9.7492123425203889        1.0000000000003955        1.1196904137761577E-011
   11.479999999999800        9.7592123425203940        1.0000000000005047        1.0663921957140831E-011
   11.489999999999799        9.7692123425203992        1.0000000000006088        1.0155802379916136E-011
   11.499999999999799        9.7792123425204061        1.0000000000007079        9.6714103411978730E-012
   11.509999999999799        9.7892123425204129        1.0000000000008022        9.2096614130640461E-012
   11.519999999999799        9.7992123425204216        1.0000000000008922        8.7695196010775883E-012
   11.529999999999799        9.8092123425204303        1.0000000000009777        8.3499952341349096E-012
   11.539999999999798        9.8192123425204407        1.0000000000010592        7.9501429438076072E-012
   11.549999999999798        9.8292123425204512        1.0000000000011366        7.5690597294920030E-012
   11.559999999999798        9.8392123425204634        1.0000000000012106        7.2058831058280837E-012
   11.569999999999798        9.8492123425204756        1.0000000000012810        6.8597893289906737E-012
   11.579999999999798        9.8592123425204896        1.0000000000013478        6.5299916985914785E-012
   11.589999999999797        9.8692123425205036        1.0000000000014115        6.2157389320612456E-012
   11.599999999999797        9.8792123425205176        1.0000000000014722        5.9163136085067887E-012
   11.609999999999797        9.8892123425205334        1.0000000000015299        5.6310306791583335E-012
   11.619999999999797        9.8992123425205492        1.0000000000015847        5.3592360416386369E-012
   11.629999999999797        9.9092123425205649        1.0000000000016369        5.1003051753968259E-012
   11.639999999999796        9.9192123425205807        1.0000000000016867        4.8536418357570939E-012
   11.649999999999796        9.9292123425205983        1.0000000000017339        4.6186768041353574E-012
   11.659999999999796        9.9392123425206158        1.0000000000017790        4.3948666920759922E-012
   11.669999999999796        9.9492123425206334        1.0000000000018219        4.1816927968558462E-012
   11.679999999999795        9.9592123425206509        1.0000000000018627        3.9786600064941521E-012
   11.689999999999795        9.9692123425206702        1.0000000000019016        3.7852957520947461E-012
   11.699999999999795        9.9792123425206896        1.0000000000019384        3.6011490055313972E-012
   11.709999999999795        9.9892123425207089        1.0000000000019735        3.4257893205680682E-012
   11.719999999999795        9.9992123425207282        1.0000000000020068        3.2588059155838214E-012
   11.729999999999794        10.009212342520749        1.0000000000020386        3.0998067961468502E-012
   11.739999999999794        10.019212342520770        1.0000000000020688        2.9484179157539650E-012
   11.749999999999794        10.029212342520792        1.0000000000020977        2.8042823731208581E-012
   11.759999999999794        10.039212342520813        1.0000000000021250        2.6670596444747303E-012
   11.769999999999794        10.049212342520834        1.0000000000021509        2.5364248493644997E-012
   11.779999999999793        10.059212342520855        1.0000000000021756        2.4120680485649183E-012
   11.789999999999793        10.069212342520876        1.0000000000021991        2.2936935727095960E-012
   11.799999999999793        10.079212342520899        1.0000000000022216        2.1810193803442677E-012
   11.809999999999793        10.089212342520922        1.0000000000022429        2.0737764441457222E-012
   11.819999999999792        10.099212342520945        1.0000000000022631        1.9717081641037417E-012
   11.829999999999792        10.109212342520967        1.0000000000022824        1.8745698065132448E-012
   11.839999999999792        10.119212342520990        1.0000000000023006        1.7821279676716659E-012
   11.849999999999792        10.129212342521013        1.0000000000023179        1.6941600612225391E-012
   11.859999999999792        10.139212342521036        1.0000000000023344        1.6104538281303251E-012
   11.869999999999791        10.149212342521059        1.0000000000023501        1.5308068683138254E-012
   11.879999999999791        10.159212342521082        1.0000000000023650        1.4550261930061198E-012
   11.889999999999791        10.169212342521105        1.0000000000023792        1.3829277969479247E-012
   11.899999999999791        10.179212342521129        1.0000000000023928        1.3143362495586417E-012
   11.909999999999791        10.189212342521154        1.0000000000024056        1.2490843042652355E-012
   11.919999999999790        10.199212342521179        1.0000000000024178        1.1870125252034851E-012
   11.929999999999790        10.209212342521203        1.0000000000024294        1.1279689305391642E-012
   11.939999999999790        10.219212342521228        1.0000000000024405        1.0718086516883718E-012
   11.949999999999790        10.229212342521253        1.0000000000024509        1.0183936077466098E-012
   11.959999999999789        10.239212342521277        1.0000000000024609        9.6759219446533773E-013
   11.969999999999789        10.249212342521302        1.0000000000024702        9.1927898714268152E-013
   11.979999999999789        10.259212342521327        1.0000000000024791        8.7333445682176853E-013
   11.989999999999789        10.269212342521351        1.0000000000024876        8.2964469921586527E-013
   11.999999999999789        10.279212342521376        1.0000000000024956        7.8810117580413559E-013
   12.009999999999788        10.289212342521401        1.0000000000025033        7.4860046656547126E-013
   12.019999999999788        10.299212342521425        1.0000000000025107        7.1104403384050226E-013
   12.029999999999788        10.309212342521450        1.0000000000025175        6.7533799683361813E-013
   12.039999999999788        10.319212342521475        1.0000000000025242        6.4139291628765823E-013
   12.049999999999788        10.329212342521499        1.0000000000025304        6.0912358888389122E-013
   12.059999999999787        10.339212342521524        1.0000000000025364        5.7844885093904232E-013
   12.069999999999787        10.349212342521549        1.0000000000025420        5.4929139098946916E-013
   12.079999999999787        10.359212342521573        1.0000000000025473        5.2157757087016872E-013
   12.089999999999787        10.369212342521598        1.0000000000025524        4.9523725491314592E-013
   12.099999999999786        10.379212342521624        1.0000000000025573        4.7020364690582262E-013
   12.109999999999786        10.389212342521651        1.0000000000025620        4.4641313446563818E-013
   12.119999999999786        10.399212342521677        1.0000000000025664        4.2380514050182038E-013
   12.129999999999786        10.409212342521704        1.0000000000025706        4.0232198144951106E-013
   12.139999999999786        10.419212342521730        1.0000000000025746        3.8190873197504154E-013
   12.149999999999785        10.429212342521756        1.0000000000025784        3.6251309586419307E-013
   12.159999999999785        10.439212342521783        1.0000000000025819        3.4408528281776853E-013
   12.169999999999785        10.449212342521809        1.0000000000025853        3.2657789089076762E-013
   12.179999999999785        10.459212342521836        1.0000000000025884        3.0994579432291931E-013
   12.189999999999785        10.469212342521862        1.0000000000025915        2.9414603651930301E-013
   12.199999999999784        10.479212342521889        1.0000000000025944        2.7913772795030334E-013
   12.209999999999784        10.489212342521915        1.0000000000025970        2.6488194875021263E-013
   12.219999999999784        10.499212342521941        1.0000000000025997        2.5134165580343694E-013
   12.229999999999784        10.509212342521968        1.0000000000026021        2.3848159411649354E-013
   12.239999999999783        10.519212342521994        1.0000000000026044        2.2626821228282965E-013
   12.249999999999783        10.529212342522021        1.0000000000026066        2.1466958185595399E-013
   12.259999999999783        10.539212342522047        1.0000000000026086        2.0365532045447816E-013
   12.269999999999783        10.549212342522074        1.0000000000026106        1.9319651843042067E-013
   12.279999999999783        10.559212342522100        1.0000000000026124        1.8326566893955306E-013
   12.289999999999782        10.569212342522126        1.0000000000026141        1.7383660125967531E-013
   12.299999999999782        10.579212342522153        1.0000000000026159        1.6488441720951116E-013
   12.309999999999782        10.589212342522179        1.0000000000026175        1.5638543052742544E-013
   12.319999999999782        10.599212342522206        1.0000000000026190        1.4831710907539663E-013
   12.329999999999782        10.609212342522232        1.0000000000026206        1.4065801973964208E-013
   12.339999999999781        10.619212342522259        1.0000000000026219        1.3338777590499863E-013
   12.349999999999781        10.629212342522285        1.0000000000026232        1.2648698738562244E-013
   12.359999999999781        10.639212342522312        1.0000000000026246        1.1993721269979557E-013
   12.369999999999781        10.649212342522338        1.0000000000026257        1.1372091358162485E-013
   12.379999999999781        10.659212342522364        1.0000000000026268        1.0782141162720067E-013
   12.389999999999780        10.669212342522391        1.0000000000026279        1.0222284697735679E-013
   12.399999999999780        10.679212342522417        1.0000000000026288        9.6910138943548187E-014
   12.409999999999780        10.689212342522444        1.0000000000026297        9.1868948487548544E-014
   12.419999999999780        10.699212342522470        1.0000000000026306        8.7085642469672031E-014
   12.429999999999779        10.709212342522497        1.0000000000026315        8.2547259584051871E-014
   12.439999999999779        10.719212342522523        1.0000000000026323        7.8241477903169156E-014
   12.449999999999779        10.729212342522549        1.0000000000026330        7.4156583957326177E-014
   12.459999999999779        10.739212342522576        1.0000000000026337        7.0281443278105772E-014
   12.469999999999779        10.749212342522602        1.0000000000026343        6.6605472338059109E-014
   12.479999999999778        10.759212342522629        1.0000000000026350        6.3118611821924026E-014
   12.489999999999778        10.769212342522655        1.0000000000026357        5.9811301167601866E-014
   12.499999999999778        10.779212342522682        1.0000000000026363        5.6674454317917243E-014
   12.509999999999778        10.789212342522708        1.0000000000026368        5.3699436626858551E-014
   12.519999999999778        10.799212342522734        1.0000000000026372        5.0878042866552552E-014
   12.529999999999777        10.809212342522761        1.0000000000026377        4.8202476283668526E-014
   12.539999999999777        10.819212342522787        1.0000000000026381        4.5665328656281954E-014
   12.549999999999777        10.829212342522814        1.0000000000026386        4.3259561304458399E-014
   12.559999999999777        10.839212342522840        1.0000000000026390        4.0978487009950130E-014
   12.569999999999776        10.849212342522867        1.0000000000026394        3.8815752802435031E-014
   12.579999999999776        10.859212342522893        1.0000000000026399        3.6765323571673898E-014
   12.589999999999776        10.869212342522919        1.0000000000026403        3.4821466466821780E-014
   12.599999999999776        10.879212342522946        1.0000000000026408        3.2978736045905920E-014
   12.609999999999776        10.889212342522972        1.0000000000026410        3.1231960140180056E-014
   12.619999999999775        10.899212342522999        1.0000000000026412        2.9576226399686497E-014
   12.629999999999775        10.909212342523025        1.0000000000026414        2.8006869487906022E-014
   12.639999999999775        10.919212342523052        1.0000000000026417        2.6519458894855159E-014
   12.649999999999775        10.929212342523078        1.0000000000026419        2.5109787339403306E-014
   12.659999999999775        10.939212342523104        1.0000000000026421        2.3773859732931571E-014
   12.669999999999774        10.949212342523131        1.0000000000026423        2.2507882677743920E-014
   12.679999999999774        10.959212342523157        1.0000000000026426        2.1308254474871733E-014
   12.689999999999774        10.969212342523184        1.0000000000026428        2.0171555617088019E-014
   12.699999999999774        10.979212342523210        1.0000000000026430        1.9094539744069399E-014
   12.709999999999773        10.989212342523237        1.0000000000026432        1.8074125037715204E-014
   12.719999999999773        10.999212342523263        1.0000000000026434        1.7107386036655618E-014
   12.729999999999773        11.009212342523290        1.0000000000026437        1.6191545849957142E-014
   12.739999999999773        11.019212342523316        1.0000000000026439        1.5323968750965495E-014
   12.749999999999773        11.029212342523342        1.0000000000026441        1.4502153133115616E-014
   12.759999999999772        11.039212342523369        1.0000000000026443        1.3723724810387506E-014
   12.769999999999772        11.049212342523395        1.0000000000026446        1.2986430645896894E-014
   12.779999999999772        11.059212342523422        1.0000000000026448        1.2288132492883076E-014
   12.789999999999772        11.069212342523448        1.0000000000026450        1.1626801433094275E-014
   12.799999999999772        11.079212342523475        1.0000000000026452        1.1000512298275004E-014
   12.809999999999771        11.089212342523501        1.0000000000026452        1.0407438461131923E-014
   12.819999999999771        11.099212342523527        1.0000000000026452        9.8458468827957485E-015
   12.829999999999771        11.109212342523554        1.0000000000026452        9.3140934044084309E-015
   12.839999999999771        11.119212342523580        1.0000000000026452        8.8106182710483424E-015
   12.849999999999770        11.129212342523607        1.0000000000026452        8.3339418767628852E-015
   12.859999999999770        11.139212342523633        1.0000000000026452        7.8826607200088755E-015
   12.869999999999770        11.149212342523660        1.0000000000026452        7.4554435593075794E-015
   12.879999999999770        11.159212342523686        1.0000000000026452        7.0510277594042792E-015
   12.889999999999770        11.169212342523712        1.0000000000026452        6.6682158186830078E-015
   12.899999999999769        11.179212342523739        1.0000000000026452        6.3058720690264025E-015
   12.909999999999769        11.189212342523765        1.0000000000026452        5.9629195397296254E-015
   12.919999999999769        11.199212342523792        1.0000000000026452        5.6383369774767958E-015
   12.929999999999769        11.209212342523818        1.0000000000026452        5.3311560147693217E-015
   12.939999999999769        11.219212342523845        1.0000000000026452        5.0404584795586901E-015
   12.949999999999768        11.229212342523871        1.0000000000026452        4.7653738391825575E-015
   12.959999999999768        11.239212342523897        1.0000000000026452        4.5050767720330594E-015
   12.969999999999768        11.249212342523924        1.0000000000026452        4.2587848607009353E-015
   12.979999999999768        11.259212342523950        1.0000000000026452        4.0257564006390089E-015
   12.989999999999768        11.269212342523977        1.0000000000026452        3.8052883186744552E-015
   12.999999999999767        11.279212342524003        1.0000000000026452        3.5967141959717623E-015
   13.009999999999767        11.289212342524030        1.0000000000026452        3.3994023903079914E-015
   13.019999999999767        11.299212342524056        1.0000000000026452        3.2127542527694071E-015
   13.029999999999767        11.309212342524082        1.0000000000026452        3.0362024342143753E-015
   13.039999999999766        11.319212342524109        1.0000000000026452        2.8692092770721373E-015
   13.049999999999766        11.329212342524135        1.0000000000026452        2.7112652882611739E-015
   13.059999999999766        11.339212342524162        1.0000000000026452        2.5618876892148636E-015
   13.069999999999766        11.349212342524188        1.0000000000026452        2.4206190391964801E-015
   13.079999999999766        11.359212342524215        1.0000000000026452        2.2870259282707100E-015
   13.089999999999765        11.369212342524241        1.0000000000026452        2.1606977364752308E-015
   13.099999999999765        11.379212342524267        1.0000000000026452        2.0412454559038786E-015
   13.109999999999765        11.389212342524294        1.0000000000026452        1.9283005725729311E-015
   13.119999999999765        11.399212342524320        1.0000000000026452        1.8215140050944242E-015
   13.129999999999765        11.409212342524347        1.0000000000026452        1.7205550973255507E-015
   13.139999999999764        11.419212342524373        1.0000000000026452        1.6251106623013898E-015
   13.149999999999764        11.429212342524400        1.0000000000026452        1.5348840748898277E-015
   13.159999999999764        11.439212342524426        1.0000000000026452        1.4495944107328407E-015
   13.169999999999764        11.449212342524453        1.0000000000026452        1.3689756291576287E-015
   13.179999999999763        11.459212342524479        1.0000000000026452        1.2927757978546857E-015
   13.189999999999763        11.469212342524505        1.0000000000026452        1.2207563572280384E-015
   13.199999999999763        11.479212342524532        1.0000000000026452        1.1526914224258391E-015
   13.209999999999763        11.489212342524558        1.0000000000026452        1.0883671211574989E-015
   13.219999999999763        11.499212342524585        1.0000000000026452        1.0275809654968296E-015
   13.229999999999762        11.509212342524611        1.0000000000026452        9.7014125595944990E-016
   13.239999999999762        11.519212342524638        1.0000000000026452        9.1586651622721185E-016
   13.249999999999762        11.529212342524664        1.0000000000026452        8.6458495697282027E-016
   13.259999999999762        11.539212342524690        1.0000000000026452        8.1613396731435005E-016
   13.269999999999762        11.549212342524717        1.0000000000026452        7.7035963250218458E-016
   13.279999999999761        11.559212342524743        1.0000000000026452        7.2711627651019182E-016
   13.289999999999761        11.569212342524770        1.0000000000026452        6.8626602826888185E-016
   13.299999999999761        11.579212342524796        1.0000000000026452        6.4767841034101510E-016
   13.309999999999761        11.589212342524823        1.0000000000026452        6.1122994889980004E-016
   13.319999999999760        11.599212342524849        1.0000000000026452        5.7680380392658881E-016
   13.329999999999760        11.609212342524875        1.0000000000026452        5.4428941859897319E-016
   13.339999999999760        11.619212342524902        1.0000000000026452        5.1358218689154740E-016
   13.349999999999760        11.629212342524928        1.0000000000026452        4.8458313846045443E-016
   13.359999999999760        11.639212342524955        1.0000000000026452        4.5719863992929337E-016
   13.369999999999759        11.649212342524981        1.0000000000026452        4.3134011173815029E-016
   13.379999999999759        11.659212342525008        1.0000000000026452        4.0692375975953264E-016
   13.389999999999759        11.669212342525034        1.0000000000026452        3.8387032092494262E-016
   13.399999999999759        11.679212342525060        1.0000000000026452        3.6210482214381434E-016
   13.409999999999759        11.689212342525087        1.0000000000026452        3.4155635183266306E-016
   13.419999999999758        11.699212342525113        1.0000000000026452        3.2215784340663413E-016
   13.429999999999758        11.709212342525140        1.0000000000026452        3.0384587011828881E-016
   13.439999999999758        11.719212342525166        1.0000000000026452        2.8656045065949914E-016
   13.449999999999758        11.729212342525193        1.0000000000026452        2.7024486497182597E-016
   13.459999999999757        11.739212342525219        1.0000000000026452        2.5484547973879560E-016
   13.469999999999757        11.749212342525245        1.0000000000026452        2.4031158306014313E-016
   13.479999999999757        11.759212342525272        1.0000000000026452        2.2659522783342088E-016
   13.489999999999757        11.769212342525298        1.0000000000026452        2.1365108339244220E-016
   13.499999999999757        11.779212342525325        1.0000000000026452        2.0143629497490811E-016
   13.509999999999756        11.789212342525351        1.0000000000026452        1.8991035061330043E-016
   13.519999999999756        11.799212342525378        1.0000000000026452        1.7903495506378014E-016
   13.529999999999756        11.809212342525404        1.0000000000026452        1.6877391040745394E-016
   13.539999999999756        11.819212342525431        1.0000000000026452        1.5909300297701619E-016
   13.549999999999756        11.829212342525457        1.0000000000026452        1.4995989627948572E-016
   13.559999999999755        11.839212342525483        1.0000000000026452        1.4134402960258322E-016
   13.569999999999755        11.849212342525510        1.0000000000026452        1.3321652200827784E-016
   13.579999999999755        11.859212342525536        1.0000000000026452        1.2555008143221269E-016
   13.589999999999755        11.869212342525563        1.0000000000026452        1.1831891862213892E-016
   13.599999999999755        11.879212342525589        1.0000000000026452        1.1149866566218131E-016
   13.609999999999754        11.889212342525616        1.0000000000026452        1.0506629884276471E-016
   13.619999999999754        11.899212342525642        1.0000000000026452        9.9000065648379897E-017
   13.629999999999754        11.909212342525668        1.0000000000026452        9.3279415647095406E-017
   13.639999999999754        11.919212342525695        1.0000000000026452        8.7884935076856632E-017
   13.649999999999753        11.929212342525721        1.0000000000026452        8.2798284934186355E-017
   13.659999999999753        11.939212342525748        1.0000000000026452        7.8002142380938204E-017
   13.669999999999753        11.949212342525774        1.0000000000026452        7.3480145294283660E-017
   13.679999999999753        11.959212342525801        1.0000000000026452        6.9216839794159401E-017
   13.689999999999753        11.969212342525827        1.0000000000026452        6.5197630590988237E-017
   13.699999999999752        11.979212342525853        1.0000000000026452        6.1408734004637634E-017
   13.709999999999752        11.989212342525880        1.0000000000026452        5.7837133513315306E-017
   13.719999999999752        11.999212342525906        1.0000000000026452        5.4470537698443522E-017
   13.729999999999752        12.009212342525933        1.0000000000026452        5.1297340458521045E-017
   13.739999999999752        12.019212342525959        1.0000000000026452        4.8306583371593767E-017
   13.749999999999751        12.029212342525986        1.0000000000026452        4.5487920092229167E-017
   13.759999999999751        12.039212342526012        1.0000000000026452        4.2831582674842949E-017
   13.769999999999751        12.049212342526038        1.0000000000026452        4.0328349720874710E-017
   13.779999999999751        12.059212342526065        1.0000000000026452        3.7969516252668333E-017
   13.789999999999750        12.069212342526091        1.0000000000026452        3.5746865221996810E-017
   13.799999999999750        12.079212342526118        1.0000000000026452        3.3652640565994000E-017
   13.809999999999750        12.089212342526144        1.0000000000026452        3.1679521727830569E-017
   13.819999999999750        12.099212342526171        1.0000000000026452        2.9820599563810801E-017
   13.829999999999750        12.109212342526197        1.0000000000026452        2.8069353562682616E-017
   13.839999999999749        12.119212342526223        1.0000000000026452        2.6419630306856574E-017
   13.849999999999749        12.129212342526250        1.0000000000026452        2.4865623108931443E-017
   13.859999999999749        12.139212342526276        1.0000000000026452        2.3401852760434476E-017
   13.869999999999749        12.149212342526303        1.0000000000026452        2.2023149333013287E-017
   13.879999999999749        12.159212342526329        1.0000000000026452        2.0724634975472590E-017
   13.889999999999748        12.169212342526356        1.0000000000026452        1.9501707653041801E-017
   13.899999999999748        12.179212342526382        1.0000000000026452        1.8350025778096797E-017
   13.909999999999748        12.189212342526409        1.0000000000026452        1.7265493684248991E-017
   13.919999999999748        12.199212342526435        1.0000000000026452        1.6244247898264889E-017
   13.929999999999747        12.209212342526461        1.0000000000026452        1.5282644166696379E-017
   13.939999999999747        12.219212342526488        1.0000000000026452        1.4377245196393198E-017
   13.949999999999747        12.229212342526514        1.0000000000026452        1.3524809070240575E-017
   13.959999999999747        12.239212342526541        1.0000000000026452        1.2722278301523201E-017
   13.969999999999747        12.249212342526567        1.0000000000026452        1.1966769492267182E-017
   13.979999999999746        12.259212342526594        1.0000000000026452        1.1255563562759996E-017
   13.989999999999746        12.269212342526620        1.0000000000026452        1.0586096521200079E-017
   13.999999999999746        12.279212342526646        1.0000000000026452        9.9559507440872416E-018
   14.009999999999746        12.289212342526673        1.0000000000026452        9.3628467395376743E-018
   14.019999999999746        12.299212342526699        1.0000000000026452        8.8046353671971129E-018
   14.029999999999745        12.309212342526726        1.0000000000026452        8.2792904898371785E-018
   14.039999999999745        12.319212342526752        1.0000000000026452        7.7849020330570081E-018
   14.049999999999745        12.329212342526779        1.0000000000026452        7.3196694307788683E-018
   14.059999999999745        12.339212342526805        1.0000000000026452        6.8818954354261877E-018
   14.069999999999744        12.349212342526831        1.0000000000026452        6.4699802728087686E-018
   14.079999999999744        12.359212342526858        1.0000000000026452        6.0824161228161843E-018
   14.089999999999744        12.369212342526884        1.0000000000026452        5.7177819080396193E-018
   14.099999999999744        12.379212342526911        1.0000000000026452        5.3747383734076257E-018
   14.109999999999744        12.389212342526937        1.0000000000026452        5.0520234408353041E-018
   14.119999999999743        12.399212342526964        1.0000000000026452        4.7484478237518774E-018
   14.129999999999743        12.409212342526990        1.0000000000026452        4.4628908871910988E-018
   14.139999999999743        12.419212342527016        1.0000000000026452        4.1942967399047742E-018
   14.149999999999743        12.429212342527043        1.0000000000026452        3.9416705456942165E-018
   14.159999999999743        12.439212342527069        1.0000000000026452        3.7040750418497798E-018
   14.169999999999742        12.449212342527096        1.0000000000026452        3.4806272532468683E-018
   14.179999999999742        12.459212342527122        1.0000000000026452        3.2704953912698685E-018
   14.189999999999742        12.469212342527149        1.0000000000026452        3.0728959273251834E-018
   14.199999999999742        12.479212342527175        1.0000000000026452        2.8870908312627101E-018
   14.209999999999742        12.489212342527201        1.0000000000026452        2.7123849655533331E-018
   14.219999999999741        12.499212342527228        1.0000000000026452        2.5481236265699181E-018
   14.229999999999741        12.509212342527254        1.0000000000026452        2.3936902247923311E-018
   14.239999999999741        12.519212342527281        1.0000000000026452        2.2485040962046384E-018
   14.249999999999741        12.529212342527307        1.0000000000026452        2.1120184375761734E-018
   14.259999999999740        12.539212342527334        1.0000000000026452        1.9837183587188721E-018
   14.269999999999740        12.549212342527360        1.0000000000026452        1.8631190451923981E-018
   14.279999999999740        12.559212342527386        1.0000000000026452        1.7497640252872221E-018
   14.289999999999740        12.569212342527413        1.0000000000026452        1.6432235354550927E-018
   14.299999999999740        12.579212342527439        1.0000000000026452        1.5430929786772612E-018
   14.309999999999739        12.589212342527466        1.0000000000026452        1.4489914705643691E-018
   14.319999999999739        12.599212342527492        1.0000000000026452        1.3605604682690112E-018
   14.329999999999739        12.609212342527519        1.0000000000026452        1.2774624775635077E-018
   14.339999999999739        12.619212342527545        1.0000000000026452        1.1993798336922060E-018
   14.349999999999739        12.629212342527572        1.0000000000026452        1.1260135518504564E-018
   14.359999999999738        12.639212342527598        1.0000000000026452        1.0570822433720247E-018
   14.369999999999738        12.649212342527624        1.0000000000026452        9.9232109392380686E-019
   14.379999999999738        12.659212342527651        1.0000000000026452        9.3148090021199598E-019
   14.389999999999738        12.669212342527677        1.0000000000026452        8.7432716189791718E-019
   14.399999999999737        12.679212342527704        1.0000000000026452        8.2063922560522308E-019
   14.409999999999737        12.689212342527730        1.0000000000026452        7.7020947807358267E-019
   14.419999999999737        12.699212342527757        1.0000000000026452        7.2284258567794677E-019
   14.429999999999737        12.709212342527783        1.0000000000026452        6.7835477768744133E-019
   14.439999999999737        12.719212342527809        1.0000000000026452        6.3657317078440897E-019
   14.449999999999736        12.729212342527836        1.0000000000026452        5.9733513250255185E-019
   14.459999999999736        12.739212342527862        1.0000000000026452        5.6048768137395154E-019
   14.469999999999736        12.749212342527889        1.0000000000026452        5.2588692169837358E-019
   14.479999999999736        12.759212342527915        1.0000000000026452        4.9339751096508740E-019
   14.489999999999736        12.769212342527942        1.0000000000026452        4.6289215806781910E-019
   14.499999999999735        12.779212342527968        1.0000000000026452        4.3425115055775303E-019
   14.509999999999735        12.789212342527994        1.0000000000026452        4.0736190927803768E-019
   14.519999999999735        12.799212342528021        1.0000000000026452        3.8211856881634529E-019
   14.529999999999735        12.809212342528047        1.0000000000026452        3.5842158229997888E-019
   14.539999999999734        12.819212342528074        1.0000000000026452        3.3617734914109538E-019
   14.549999999999734        12.829212342528100        1.0000000000026452        3.1529786441808317E-019
   14.559999999999734        12.839212342528127        1.0000000000026452        2.9570038865324970E-019
   14.569999999999734        12.849212342528153        1.0000000000026452        2.7730713681697612E-019
   14.579999999999734        12.859212342528179        1.0000000000026452        2.6004498545460524E-019
   14.589999999999733        12.869212342528206        1.0000000000026452        2.4384519689476133E-019
   14.599999999999733        12.879212342528232        1.0000000000026452        2.2864315955675551E-019
   14.609999999999733        12.889212342528259        1.0000000000026452        2.1437814343039779E-019
   14.619999999999733        12.899212342528285        1.0000000000026452        2.0099306985410022E-019
   14.629999999999733        12.909212342528312        1.0000000000026452        1.8843429476678135E-019
   14.639999999999732        12.919212342528338        1.0000000000026452        1.7665140465593441E-019
   14.649999999999732        12.929212342528364        1.0000000000026452        1.6559702446845221E-019
   14.659999999999732        12.939212342528391        1.0000000000026452        1.5522663679255425E-019
   14.669999999999732        12.949212342528417        1.0000000000026452        1.4549841165857423E-019
   14.679999999999731        12.959212342528444        1.0000000000026452        1.3637304634356548E-019
   14.689999999999731        12.969212342528470        1.0000000000026452        1.2781361459979339E-019
   14.699999999999731        12.979212342528497        1.0000000000026452        1.1978542476032000E-019
   14.709999999999731        12.989212342528523        1.0000000000026452        1.1225588620615797E-019
   14.719999999999731        12.999212342528550        1.0000000000026452        1.0519438370898077E-019
   14.729999999999730        13.009212342528576        1.0000000000026452        9.8572159191222893E-020
   14.739999999999730        13.019212342528602        1.0000000000026452        9.2362200471677946E-020
   14.749999999999730        13.029212342528629        1.0000000000026452        8.6539136589493075E-020
   14.759999999999730        13.039212342528655        1.0000000000026452        8.1079139322846959E-020
   14.769999999999730        13.049212342528682        1.0000000000026452        7.5959830540663173E-020
   14.779999999999729        13.059212342528708        1.0000000000026452        7.1160195046525978E-020
   14.789999999999729        13.069212342528735        1.0000000000026452        6.6660498593600070E-020
   14.799999999999729        13.079212342528761        1.0000000000026452        6.2442210767876033E-020
   14.809999999999729        13.089212342528787        1.0000000000026452        5.8487932454531590E-020
   14.819999999999729        13.099212342528814        1.0000000000026452        5.4781327618673287E-020
   14.829999999999728        13.109212342528840        1.0000000000026452        5.1307059147260734E-020
   14.839999999999728        13.119212342528867        1.0000000000026452        4.8050728513667331E-020
   14.849999999999728        13.129212342528893        1.0000000000026452        4.4998819040148080E-020
   14.859999999999728        13.139212342528920        1.0000000000026452        4.2138642546513064E-020
   14.869999999999727        13.149212342528946        1.0000000000026452        3.9458289185588893E-020
   14.879999999999727        13.159212342528972        1.0000000000026452        3.6946580277631720E-020
   14.889999999999727        13.169212342528999        1.0000000000026452        3.4593023966774039E-020
   14.899999999999727        13.179212342529025        1.0000000000026452        3.2387773532880335E-020
   14.909999999999727        13.189212342529052        1.0000000000026452        3.0321588201889636E-020
   14.919999999999726        13.199212342529078        1.0000000000026452        2.8385796306868895E-020
   14.929999999999726        13.209212342529105        1.0000000000026452        2.6572260660621698E-020
   14.939999999999726        13.219212342529131        1.0000000000026452        2.4873346008821718E-020
   14.949999999999726        13.229212342529157        1.0000000000026452        2.3281888440297633E-020
   14.959999999999726        13.239212342529184        1.0000000000026452        2.1791166638312477E-020
   14.969999999999725        13.249212342529210        1.0000000000026452        2.0394874863480469E-020
   14.979999999999725        13.259212342529237        1.0000000000026452        1.9087097565372206E-020
   14.989999999999725        13.269212342529263        1.0000000000026452        1.7862285525896575E-020
   14.999999999999725        13.279212342529290        1.0000000000026452        1.6715233443236410E-020
   15.009999999999724        13.289212342529316        1.0000000000026452        1.5641058870474175E-020
   15.019999999999724        13.299212342529342        1.0000000000026452        1.4635182428092921E-020
   15.029999999999724        13.309212342529369        1.0000000000026452        1.3693309214294049E-020
   15.039999999999724        13.319212342529395        1.0000000000026452        1.2811411341553570E-020
   15.049999999999724        13.329212342529422        1.0000000000026452        1.1985711532058699E-020
   15.059999999999723        13.339212342529448        1.0000000000026452        1.1212667708641258E-020
   15.069999999999723        13.349212342529475        1.0000000000026452        1.0488958521567885E-020
   15.079999999999723        13.359212342529501        1.0000000000026452        9.8114697550724800E-021
   15.089999999999723        13.369212342529528        1.0000000000026452        9.1772815608362657E-021
   15.099999999999723        13.379212342529554        1.0000000000026452        8.5836564687471315E-021
   15.109999999999722        13.389212342529580        1.0000000000026452        8.0280281282136172E-021
   15.119999999999722        13.399212342529607        1.0000000000026452        7.5079907360805570E-021
   15.129999999999722        13.409212342529633        1.0000000000026452        7.0212891098029174E-021
   15.139999999999722        13.419212342529660        1.0000000000026452        6.5658093669910947E-021
   15.149999999999721        13.429212342529686        1.0000000000026452        6.1395701747536591E-021
   15.159999999999721        13.439212342529713        1.0000000000026452        5.7407145344406488E-021
   15.169999999999721        13.449212342529739        1.0000000000026452        5.3675020694397604E-021
   15.179999999999721        13.459212342529765        1.0000000000026452        5.0183017856066387E-021
   15.189999999999721        13.469212342529792        1.0000000000026452        4.6915852757258782E-021
   15.199999999999720        13.479212342529818        1.0000000000026452        4.3859203411078695E-021
   15.209999999999720        13.489212342529845        1.0000000000026452        4.0999650050345023E-021
   15.219999999999720        13.499212342529871        1.0000000000026452        3.8324618942797671E-021
   15.229999999999720        13.509212342529898        1.0000000000026452        3.5822329663550620E-021
   15.239999999999720        13.519212342529924        1.0000000000026452        3.3481745614686066E-021
   15.249999999999719        13.529212342529950        1.0000000000026452        3.1292527594488076E-021
   15.259999999999719        13.539212342529977        1.0000000000026452        2.9244990230672254E-021
   15.269999999999719        13.549212342530003        1.0000000000026452        2.7330061103123736E-021
   15.279999999999719        13.559212342530030        1.0000000000026452        2.5539242392150248E-021
   15.289999999999718        13.569212342530056        1.0000000000026452        2.3864574898128614E-021
   15.299999999999718        13.579212342530083        1.0000000000026452        2.2298604287708405E-021
   15.309999999999718        13.589212342530109        1.0000000000026452        2.0834349430469890E-021
   15.319999999999718        13.599212342530135        1.0000000000026452        1.9465272698147185E-021
   15.329999999999718        13.609212342530162        1.0000000000026452        1.8185252106252195E-021
   15.339999999999717        13.619212342530188        1.0000000000026452        1.6988555185199164E-021
   15.349999999999717        13.629212342530215        1.0000000000026452        1.5869814474860596E-021
   15.359999999999717        13.639212342530241        1.0000000000026452        1.4824004542908411E-021
   15.369999999999717        13.649212342530268        1.0000000000026452        1.3846420433333371E-021
   15.379999999999717        13.659212342530294        1.0000000000026452        1.2932657457213901E-021
   15.389999999999716        13.669212342530320        1.0000000000026452        1.2078592243143550E-021
   15.399999999999716        13.679212342530347        1.0000000000026452        1.1280364969744596E-021
   15.409999999999716        13.689212342530373        1.0000000000026452        1.0534362707412705E-021
   15.419999999999716        13.699212342530400        1.0000000000026452        9.8372038008717459E-022
   15.429999999999715        13.709212342530426        1.0000000000026452        9.1857232282857333E-022
   15.439999999999715        13.719212342530453        1.0000000000026452        8.5769588765921258E-022
   15.449999999999715        13.729212342530479        1.0000000000026452        8.0081386764022703E-022
   15.459999999999715        13.739212342530505        1.0000000000026452        7.4766685432745544E-022
   15.469999999999715        13.749212342530532        1.0000000000026452        6.9801210754171106E-022
   15.479999999999714        13.759212342530558        1.0000000000026452        6.5162249609319894E-022
   15.489999999999714        13.769212342530585        1.0000000000026452        6.0828550505833401E-022
   15.499999999999714        13.779212342530611        1.0000000000026452        5.6780230547692447E-022
   15.509999999999714        13.789212342530638        1.0000000000026452        5.2998688259108430E-022
   15.519999999999714        13.799212342530664        1.0000000000026452        4.9466521898529382E-022
   15.529999999999713        13.809212342530691        1.0000000000026452        4.6167452921065986E-022
   15.539999999999713        13.819212342530717        1.0000000000026452        4.3086254268649621E-022
   15.549999999999713        13.829212342530743        1.0000000000026452        4.0208683186966477E-022
   15.559999999999713        13.839212342530770        1.0000000000026452        3.7521418286744936E-022
   15.569999999999713        13.849212342530796        1.0000000000026452        3.5012000584379798E-022
   15.579999999999712        13.859212342530823        1.0000000000026452        3.2668778273224057E-022
   15.589999999999712        13.869212342530849        1.0000000000026452        3.0480854992230414E-022
   15.599999999999712        13.879212342530876        1.0000000000026452        2.8438041373040465E-022
   15.609999999999712        13.889212342530902        1.0000000000026452        2.6530809660155670E-022
   15.619999999999711        13.899212342530928        1.0000000000026452        2.4750251211533925E-022
   15.629999999999711        13.909212342530955        1.0000000000026452        2.3088036698888512E-022
   15.639999999999711        13.919212342530981        1.0000000000026452        2.1536378838169227E-022
   15.649999999999711        13.929212342531008        1.0000000000026452        2.0087997491222792E-022
   15.659999999999711        13.939212342531034        1.0000000000026452        1.8736086989502486E-022
   15.669999999999710        13.949212342531061        1.0000000000026452        1.7474285539964383E-022
   15.679999999999710        13.959212342531087        1.0000000000026452        1.6296646581986298E-022
   15.689999999999710        13.969212342531113        1.0000000000026452        1.5197611972309870E-022
   15.699999999999710        13.979212342531140        1.0000000000026452        1.4171986882668689E-022
   15.709999999999710        13.989212342531166        1.0000000000026452        1.3214916301956366E-022
   15.719999999999709        13.999212342531193        1.0000000000026452        1.2321863041536574E-022
   15.729999999999709        14.009212342531219        1.0000000000026452        1.1488587148629424E-022
   15.739999999999709        14.019212342531246        1.0000000000026452        1.0711126638650122E-022
   15.749999999999709        14.029212342531272        1.0000000000026452        9.9857794629507590E-023
   15.759999999999708        14.039212342531298        1.0000000000026452        9.3090866336464678E-023
   15.769999999999708        14.049212342531325        1.0000000000026452        8.6778164321141175E-023
   15.779999999999708        14.059212342531351        1.0000000000026452        8.0889496323549706E-023
   15.789999999999708        14.069212342531378        1.0000000000026452        7.5396656747308624E-023
   15.799999999999708        14.079212342531404        1.0000000000026452        7.0273297296338411E-023
   15.809999999999707        14.089212342531431        1.0000000000026452        6.5494805944483441E-023
   15.819999999999707        14.099212342531457        1.0000000000026452        6.1038193707281287E-023
   15.829999999999707        14.109212342531483        1.0000000000026452        5.6881988718519480E-023
   15.839999999999707        14.119212342531510        1.0000000000026452        5.3006137145557891E-023
   15.849999999999707        14.129212342531536        1.0000000000026452        4.9391910506783057E-023
   15.859999999999706        14.139212342531563        1.0000000000026452        4.6021818982117265E-023
   15.869999999999706        14.149212342531589        1.0000000000026452        4.2879530333343730E-023
   15.879999999999706        14.159212342531616        1.0000000000026452        3.9949794075235036E-023
   15.889999999999706        14.169212342531642        1.0000000000026452        3.7218370561184787E-023
   15.899999999999705        14.179212342531669        1.0000000000026452        3.4671964668335250E-023
   15.909999999999705        14.189212342531695        1.0000000000026452        3.2298163787154668E-023
   15.919999999999705        14.199212342531721        1.0000000000026452        3.0085379839128650E-023
   15.929999999999705        14.209212342531748        1.0000000000026452        2.8022795063768647E-023
   15.939999999999705        14.219212342531774        1.0000000000026452        2.6100311332578725E-023
   15.949999999999704        14.229212342531801        1.0000000000026452        2.4308502763028557E-023
   15.959999999999704        14.239212342531827        1.0000000000026452        2.2638571420019202E-023
   15.969999999999704        14.249212342531854        1.0000000000026452        2.1082305905859129E-023
   15.979999999999704        14.259212342531880        1.0000000000026452        1.9632042652447511E-023
   15.989999999999704        14.269212342531906        1.0000000000026452        1.8280629741242701E-023
   15.999999999999703        14.279212342531933        1.0000000000026452        1.7021393087726022E-023
   16.009999999999703        14.289212342531959        1.0000000000026452        1.5848104837500938E-023
   16.019999999999705        14.299212342531986        1.0000000000026452        1.4754953830939163E-023
   16.029999999999706        14.309212342532012        1.0000000000026452        1.3736518002439413E-023
   16.039999999999708        14.319212342532039        1.0000000000026452        1.2787738588939758E-023
   16.049999999999709        14.329212342532065        1.0000000000026452        1.1903896030357144E-023
   16.059999999999711        14.339212342532091        1.0000000000026452        1.1080587452151464E-023
   16.069999999999713        14.349212342532118        1.0000000000026452        1.0313705627258504E-023
   16.079999999999714        14.359212342532144        1.0000000000026452        9.5994193212359350E-024
   16.089999999999716        14.369212342532171        1.0000000000026452        8.9341549306473644E-024
   16.099999999999717        14.379212342532197        1.0000000000026452        8.3145793304975524E-024
   16.109999999999719        14.389212342532224        1.0000000000026452        7.7375838519519181E-024
   16.119999999999720        14.399212342532250        1.0000000000026452        7.2002693166484964E-024
   16.129999999999722        14.409212342532276        1.0000000000026452        6.6999320586623004E-024
   16.139999999999723        14.419212342532303        1.0000000000026452        6.2340508696309311E-024
   16.149999999999725        14.429212342532329        1.0000000000026452        5.8002748067153172E-024
   16.159999999999727        14.439212342532356        1.0000000000026452        5.3964118069685465E-024
   16.169999999999728        14.449212342532382        1.0000000000026452        5.0204180553357286E-024
   16.179999999999730        14.459212342532409        1.0000000000026452        4.6703880569243221E-024
   16.189999999999731        14.469212342532435        1.0000000000026452        4.3445453673822142E-024
   16.199999999999733        14.479212342532461        1.0000000000026452        4.0412339382138545E-024
   16.209999999999734        14.489212342532488        1.0000000000026452        3.7589100366658617E-024
   16.219999999999736        14.499212342532514        1.0000000000026452        3.4961347024349591E-024
   16.229999999999738        14.509212342532541        1.0000000000026452        3.2515667059041792E-024
   16.239999999999739        14.519212342532567        1.0000000000026452        3.0239559749087479E-024
   16.249999999999741        14.529212342532594        1.0000000000026452        2.8121374591808864E-024
   16.259999999999742        14.539212342532620        1.0000000000026452        2.6150254036323661E-024
   16.269999999999744        14.549212342532647        1.0000000000026452        2.4316080035137989E-024
   16.279999999999745        14.559212342532673        1.0000000000026452        2.2609424162485804E-024
   16.289999999999747        14.569212342532699        1.0000000000026452        2.1021501063848732E-024
   16.299999999999748        14.579212342532726        1.0000000000026452        1.9544125016482234E-024
   16.309999999999750        14.589212342532752        1.0000000000026452        1.8169669395171612E-024
   16.319999999999752        14.599212342532779        1.0000000000026452        1.6891028850907806E-024
   16.329999999999753        14.609212342532805        1.0000000000026452        1.5701584022767725E-024
   16.339999999999755        14.619212342532832        1.0000000000026452        1.4595168615062995E-024
   16.349999999999756        14.629212342532858        1.0000000000026452        1.3566038682836424E-024
   16.359999999999758        14.639212342532884        1.0000000000026452        1.2608843979086399E-024
   16.369999999999759        14.649212342532911        1.0000000000026452        1.1718601226731438E-024
   16.379999999999761        14.659212342532937        1.0000000000026452        1.0890669187333374E-024
   16.389999999999763        14.669212342532964        1.0000000000026452        1.0120725407018124E-024
   16.399999999999764        14.679212342532990        1.0000000000026452        9.4047445279055880E-025
   16.409999999999766        14.689212342533017        1.0000000000026452        8.7389780607199488E-025
   16.419999999999767        14.699212342533043        1.0000000000026452        8.1199355211317641E-025
   16.429999999999769        14.709212342533069        1.0000000000026452        7.5443668388144604E-025
   16.439999999999770        14.719212342533096        1.0000000000026452        7.0092459542092606E-025
   16.449999999999772        14.729212342533122        1.0000000000026452        6.5117555236112154E-025
   16.459999999999773        14.739212342533149        1.0000000000026452        6.0492726584402700E-025
   16.469999999999775        14.749212342533175        1.0000000000026452        5.6193556294689436E-025
   16.479999999999777        14.759212342533202        1.0000000000026452        5.2197314713644428E-025
   16.489999999999778        14.769212342533228        1.0000000000026452        4.8482844271886954E-025
   16.499999999999780        14.779212342533254        1.0000000000026452        4.5030451765043701E-025
   16.509999999999781        14.789212342533281        1.0000000000026452        4.1821807944766407E-025
   16.519999999999783        14.799212342533307        1.0000000000026452        3.8839853928563813E-025
   16.529999999999784        14.809212342533334        1.0000000000026452        3.6068713969965317E-025
   16.539999999999786        14.819212342533360        1.0000000000026452        3.3493614161045788E-025
   16.549999999999788        14.829212342533387        1.0000000000026452        3.1100806667843681E-025
   16.559999999999789        14.839212342533413        1.0000000000026452        2.8877499125829330E-025
   16.569999999999791        14.849212342533439        1.0000000000026452        2.6811788847448979E-025
   16.579999999999792        14.859212342533466        1.0000000000026452        2.4892601516997703E-025
   16.589999999999794        14.869212342533492        1.0000000000026452        2.3109634069767754E-025
   16.599999999999795        14.879212342533519        1.0000000000026452        2.1453301472678258E-025
   16.609999999999797        14.889212342533545        1.0000000000026452        1.9914687142511544E-025
   16.619999999999798        14.899212342533572        1.0000000000026452        1.8485496755548109E-025
   16.629999999999800        14.909212342533598        1.0000000000026452        1.7158015218888680E-025
   16.639999999999802        14.919212342533624        1.0000000000026452        1.5925066589154279E-025
   16.649999999999803        14.929212342533651        1.0000000000026452        1.4779976738635872E-025
   16.659999999999805        14.939212342533677        1.0000000000026452        1.3716538582390769E-025
   16.669999999999806        14.949212342533704        1.0000000000026452        1.2728979692316324E-025
   16.679999999999808        14.959212342533730        1.0000000000026452        1.1811932135931438E-025
   16.689999999999809        14.969212342533757        1.0000000000026452        1.0960404388517446E-025
   16.699999999999811        14.979212342533783        1.0000000000026452        1.0169755177463730E-025
   16.709999999999813        14.989212342533810        1.0000000000026452        9.4356691271776284E-026
   16.719999999999814        14.999212342533836        1.0000000000026452        8.7541340817977266E-026
   16.729999999999816        15.009212342533862        1.0000000000026452        8.1214199912363464E-026
   16.739999999999817        15.019212342533889        1.0000000000026452        7.5340592538101542E-026
   16.749999999999819        15.029212342533915        1.0000000000026452        6.9888284159338389E-026
   16.759999999999820        15.039212342533942        1.0000000000026452        6.4827311360850027E-026
   16.769999999999822        15.049212342533968        1.0000000000026452        6.0129823265307368E-026
   16.779999999999824        15.059212342533995        1.0000000000026452        5.5769933921676519E-026
   16.789999999999825        15.069212342534021        1.0000000000026452        5.1723584912953825E-026
   16.799999999999827        15.079212342534047        1.0000000000026452        4.7968417482447941E-026
   16.809999999999828        15.089212342534074        1.0000000000026452        4.4483653525407226E-026
   16.819999999999830        15.099212342534100        1.0000000000026452        4.1249984837178125E-026
   16.829999999999831        15.109212342534127        1.0000000000026452        3.8249470050481793E-026
   16.839999999999833        15.119212342534153        1.0000000000026452        3.5465438733010603E-026
   16.849999999999834        15.129212342534180        1.0000000000026452        3.2882402152559353E-026
   16.859999999999836        15.139212342534206        1.0000000000026452        3.0485970250490942E-026
   16.869999999999838        15.149212342534232        1.0000000000026452        2.8262774395655496E-026
   16.879999999999839        15.159212342534259        1.0000000000026452        2.6200395520086231E-026
   16.889999999999841        15.169212342534285        1.0000000000026452        2.4287297265026401E-026
   16.899999999999842        15.179212342534312        1.0000000000026452        2.2512763791231276E-026
   16.909999999999844        15.189212342534338        1.0000000000026452        2.0866841931160507E-026
   16.919999999999845        15.199212342534365        1.0000000000026452        1.9340287382744579E-026
   16.929999999999847        15.209212342534391        1.0000000000026452        1.7924514664981662E-026
   16.939999999999849        15.219212342534417        1.0000000000026452        1.6611550574798561E-026
   16.949999999999850        15.229212342534444        1.0000000000026452        1.5393990902485111E-026
   16.959999999999852        15.239212342534470        1.0000000000026452        1.4264960179672838E-026
   16.969999999999853        15.249212342534497        1.0000000000026452        1.3218074249357555E-026
   16.979999999999855        15.259212342534523        1.0000000000026452        1.2247405461938131E-026
   16.989999999999856        15.269212342534550        1.0000000000026452        1.1347450314730837E-026
   16.999999999999858        15.279212342534576        1.0000000000026452        1.0513099364987172E-026
   17.009999999999859        15.289212342534602        1.0000000000026452        9.7396092581545017E-027
   17.019999999999861        15.299212342534629        1.0000000000026452        9.0225767240313443E-027
   17.029999999999863        15.309212342534655        1.0000000000026452        8.3579144036364789E-027
   17.039999999999864        15.319212342534682        1.0000000000026452        7.7418283790836658E-027
   17.049999999999866        15.329212342534708        1.0000000000026452        7.1707972875786796E-027
   17.059999999999867        15.339212342534735        1.0000000000026452        6.6415529088763287E-027
   17.069999999999869        15.349212342534761        1.0000000000026452        6.1510621231931548E-027
   17.079999999999870        15.359212342534788        1.0000000000026452        5.6965101437047031E-027
   17.089999999999872        15.369212342534814        1.0000000000026452        5.2752849344002408E-027
   17.099999999999874        15.379212342534840        1.0000000000026452        4.8849627302557984E-027
   17.109999999999875        15.389212342534867        1.0000000000026452        4.5232945824493883E-027
   17.119999999999877        15.399212342534893        1.0000000000026452        4.1881938567091451E-027
   17.129999999999878        15.409212342534920        1.0000000000026452        3.8777246178828406E-027
   17.139999999999880        15.419212342534946        1.0000000000026452        3.5900908384709568E-027
   17.149999999999881        15.429212342534973        1.0000000000026452        3.3236263731986203E-027
   17.159999999999883        15.439212342534999        1.0000000000026452        3.0767856457361634E-027
   17.169999999999884        15.449212342535025        1.0000000000026452        2.8481349974341790E-027
   17.179999999999886        15.459212342535052        1.0000000000026452        2.6363446514357667E-027
   17.189999999999888        15.469212342535078        1.0000000000026452        2.4401812487838963E-027
   17.199999999999889        15.479212342535105        1.0000000000026452        2.2585009161719958E-027
   17.209999999999891        15.489212342535131        1.0000000000026452        2.0902428278064076E-027
   17.219999999999892        15.499212342535158        1.0000000000026452        1.9344232264746000E-027
   17.229999999999894        15.509212342535184        1.0000000000026452        1.7901298713563781E-027
   17.239999999999895        15.519212342535210        1.0000000000026452        1.6565168823892687E-027
   17.249999999999897        15.529212342535237        1.0000000000026452        1.5327999531154096E-027
   17.259999999999899        15.539212342535263        1.0000000000026452        1.4182519059064865E-027
   17.269999999999900        15.549212342535290        1.0000000000026452        1.3121985652956265E-027
   17.279999999999902        15.559212342535316        1.0000000000026452        1.2140149268501200E-027
   17.289999999999903        15.569212342535343        1.0000000000026452        1.1231216006051411E-027
   17.299999999999905        15.579212342535369        1.0000000000026452        1.0389815095544784E-027
   17.309999999999906        15.589212342535395        1.0000000000026452        9.6109682506727539E-028
   17.319999999999908        15.599212342535422        1.0000000000026452        8.8900612237701335E-028
   17.329999999999909        15.609212342535448        1.0000000000026452        8.2228174047706826E-028
   17.339999999999911        15.619212342535475        1.0000000000026452        7.6052733186229406E-028
   17.349999999999913        15.629212342535501        1.0000000000026452        7.0337558858396659E-028
   17.359999999999914        15.639212342535528        1.0000000000026452        6.5048613204141596E-028
   17.369999999999916        15.649212342535554        1.0000000000026452        6.0154355482275624E-028
   17.379999999999917        15.659212342535580        1.0000000000026452        5.5625560373393195E-028
   17.389999999999919        15.669212342535607        1.0000000000026452        5.1435149392415677E-028
   17.399999999999920        15.679212342535633        1.0000000000026452        4.7558034473075020E-028
   17.409999999999922        15.689212342535660        1.0000000000026452        4.3970972853112502E-028
   17.419999999999924        15.699212342535686        1.0000000000026452        4.0652432450773042E-028
   17.429999999999925        15.709212342535713        1.0000000000026452        3.7582466980636813E-028
   17.439999999999927        15.719212342535739        1.0000000000026452        3.4742600110248803E-028
   17.449999999999928        15.729212342535766        1.0000000000026452        3.2115718008665768E-028
   17.459999999999930        15.739212342535792        1.0000000000026452        2.9685969684200817E-028
   17.469999999999931        15.749212342535818        1.0000000000026452        2.7438674551552553E-028
   17.479999999999933        15.759212342535845        1.0000000000026452        2.5360236708385720E-028
   17.489999999999934        15.769212342535871        1.0000000000026452        2.3438065438494995E-028
   17.499999999999936        15.779212342535898        1.0000000000026452        2.1660501493130124E-028
   17.509999999999938        15.789212342535924        1.0000000000026452        2.0016748734071779E-028
   17.519999999999939        15.799212342535951        1.0000000000026452        1.8496810751794271E-028
   17.529999999999941        15.809212342535977        1.0000000000026452        1.7091432099692209E-028
   17.539999999999942        15.819212342536003        1.0000000000026452        1.5792043811030813E-028
   17.549999999999944        15.829212342536030        1.0000000000026452        1.4590712889141673E-028
   17.559999999999945        15.839212342536056        1.0000000000026452        1.3480095483554834E-028
   17.569999999999947        15.849212342536083        1.0000000000026452        1.2453393485353432E-028
   17.579999999999949        15.859212342536109        1.0000000000026452        1.1504314294169243E-028
   17.589999999999950        15.869212342536136        1.0000000000026452        1.0627033527009461E-028
   17.599999999999952        15.879212342536162        1.0000000000026452        9.8161604556127149E-029
   17.609999999999953        15.889212342536188        1.0000000000026452        9.0667059743646586E-029
   17.619999999999955        15.899212342536215        1.0000000000026452        8.3740529150436188E-029
   17.629999999999956        15.909212342536241        1.0000000000026452        7.7339285378915748E-029
   17.639999999999958        15.919212342536268        1.0000000000026452        7.1423790407871514E-029
   17.649999999999959        15.929212342536294        1.0000000000026452        6.5957459397018305E-029
   17.659999999999961        15.939212342536321        1.0000000000026452        6.0906441842103645E-029
   17.669999999999963        15.949212342536347        1.0000000000026452        5.6239418816590730E-029
   17.679999999999964        15.959212342536373        1.0000000000026452        5.1927415127249198E-029
   17.689999999999966        15.969212342536400        1.0000000000026452        4.7943625295739008E-029
   17.699999999999967        15.979212342536426        1.0000000000026452        4.4263252356957046E-029
   17.709999999999969        15.989212342536453        1.0000000000026452        4.0863358537959156E-029
   17.719999999999970        15.999212342536479        1.0000000000026452        3.7722726949073126E-029
   17.729999999999972        16.009212342536507        1.0000000000026452        3.4821733481753235E-029
   17.739999999999974        16.019212342536534        1.0000000000026452        3.2142228166140707E-029
   17.749999999999975        16.029212342536560        1.0000000000026452        2.9667425295508544E-029
   17.759999999999977        16.039212342536587        1.0000000000026452        2.7381801675083242E-029
   17.769999999999978        16.049212342536613        1.0000000000026452        2.5271002399427458E-029
   17.779999999999980        16.059212342536640        1.0000000000026452        2.3321753605895816E-029
   17.789999999999981        16.069212342536666        1.0000000000026452        2.1521781691880272E-029
   17.799999999999983        16.079212342536692        1.0000000000026452        1.9859738520865502E-029
   17.809999999999985        16.089212342536719        1.0000000000026452        1.8325132176925719E-029
   17.819999999999986        16.099212342536745        1.0000000000026452        1.6908262859404875E-029
   17.829999999999988        16.109212342536772        1.0000000000026452        1.5600163539311537E-029
   17.839999999999989        16.119212342536798        1.0000000000026452        1.4392545026594044E-029
   17.849999999999991        16.129212342536825        1.0000000000026452        1.3277745123095349E-029
   17.859999999999992        16.139212342536851        1.0000000000026452        1.2248681559763897E-029
   17.869999999999994        16.149212342536877        1.0000000000026452        1.1298808438750214E-029
   17.879999999999995        16.159212342536904        1.0000000000026452        1.0422075921472423E-029
   17.889999999999997        16.169212342536930        1.0000000000026452        9.6128929227027647E-030
   17.899999999999999        16.179212342536957        1.0000000000026452        8.8660925883181644E-030
   17.910000000000000        16.189212342536983        1.0000000000026452        8.1769003506701585E-030
   17.920000000000002        16.199212342537010        1.0000000000026452        7.5409043706552275E-030
   17.930000000000003        16.209212342537036        1.0000000000026452        6.9540281895913517E-030
   17.940000000000005        16.219212342537062        1.0000000000026452        6.4125054270098062E-030
   17.950000000000006        16.229212342537089        1.0000000000026452        5.9128563725266333E-030
   17.960000000000008        16.239212342537115        1.0000000000026452        5.4518663311343663E-030
   17.970000000000010        16.249212342537142        1.0000000000026452        5.0265655916149853E-030
   17.980000000000011        16.259212342537168        1.0000000000026452        4.6342108973787789E-030
   17.990000000000013        16.269212342537195        1.0000000000026452        4.2722683079356046E-030
   18.000000000000014        16.279212342537221        1.0000000000026452        3.9383973474557705E-030
   18.010000000000016        16.289212342537247        1.0000000000026452        3.6304363445246774E-030
   18.020000000000017        16.299212342537274        1.0000000000026452        3.3463888742822291E-030
   18.030000000000019        16.309212342537300        1.0000000000026452        3.0844112207055283E-030
   18.040000000000020        16.319212342537327        1.0000000000026452        2.8428007828792335E-030
   18.050000000000022        16.329212342537353        1.0000000000026452        2.6199853547372368E-030
   18.060000000000024        16.339212342537380        1.0000000000026452        2.4145132129844369E-030
   18.070000000000025        16.349212342537406        1.0000000000026452        2.2250439527485761E-030
   18.080000000000027        16.359212342537433        1.0000000000026452        2.0503400149972758E-030
   18.090000000000028        16.369212342537459        1.0000000000026452        1.8892588539105594E-030
   18.100000000000030        16.379212342537485        1.0000000000026452        1.7407456962483369E-030
   18.110000000000031        16.389212342537512        1.0000000000026452        1.6038268483178854E-030
   18.120000000000033        16.399212342537538        1.0000000000026452        1.4776035094490405E-030
   18.130000000000035        16.409212342537565        1.0000000000026452        1.3612460539437903E-030
   18.140000000000036        16.419212342537591        1.0000000000026452        1.2539887463001123E-030
   18.150000000000038        16.429212342537618        1.0000000000026452        1.1551248571337096E-030
   18.160000000000039        16.439212342537644        1.0000000000026452        1.0640021496511482E-030
   18.170000000000041        16.449212342537670        1.0000000000026452        9.8001870877797300E-031
   18.180000000000042        16.459212342537697        1.0000000000026452        9.0261908712888701E-031
   18.190000000000044        16.469212342537723        1.0000000000026452        8.3129074393624109E-031
   18.200000000000045        16.479212342537750        1.0000000000026452        7.6556075483922945E-031
   18.210000000000047        16.489212342537776        1.0000000000026452        7.0499277208984988E-031
   18.220000000000049        16.499212342537803        1.0000000000026452        6.4918421626259371E-031
   18.230000000000050        16.509212342537829        1.0000000000026452        5.9776368197203087E-031
   18.240000000000052        16.519212342537855        1.0000000000026452        5.5038854141431431E-031
   18.250000000000053        16.529212342537882        1.0000000000026452        5.0674273076291728E-031
   18.260000000000055        16.539212342537908        1.0000000000026452        4.6653470557283083E-031
   18.270000000000056        16.549212342537935        1.0000000000026452        4.2949555238765889E-031
   18.280000000000058        16.559212342537961        1.0000000000026452        3.9537724470673318E-031
   18.290000000000060        16.569212342537988        1.0000000000026452        3.6395103236026759E-031
   18.300000000000061        16.579212342538014        1.0000000000026452        3.3500595416498315E-031
   18.310000000000063        16.589212342538040        1.0000000000026452        3.0834746449548511E-031
   18.320000000000064        16.599212342538067        1.0000000000026452        2.8379616511252207E-031
   18.330000000000066        16.609212342538093        1.0000000000026452        2.6118663424232662E-031
   18.340000000000067        16.619212342538120        1.0000000000026452        2.4036634550544223E-031
   18.350000000000069        16.629212342538146        1.0000000000026452        2.2119466985241011E-031
   18.360000000000070        16.639212342538173        1.0000000000026452        2.0354195418077771E-031
   18.370000000000072        16.649212342538199        1.0000000000026452        1.8728867078621493E-031
   18.380000000000074        16.659212342538225        1.0000000000026452        1.7232463224296234E-031
   18.390000000000075        16.669212342538252        1.0000000000026452        1.5854826671806218E-031
   18.400000000000077        16.679212342538278        1.0000000000026452        1.4586594910230769E-031
   18.410000000000078        16.689212342538305        1.0000000000026452        1.3419138369088191E-031
   18.420000000000080        16.699212342538331        1.0000000000026452        1.2344503447036320E-031
   18.430000000000081        16.709212342538358        1.0000000000026452        1.1355359936811729E-031
   18.440000000000083        16.719212342538384        1.0000000000026452        1.0444952509689208E-031
   18.450000000000085        16.729212342538410        1.0000000000026452        9.6070559483367850E-032
   18.460000000000086        16.739212342538437        1.0000000000026452        8.8359338406049518E-032
   18.470000000000088        16.749212342538463        1.0000000000026452        8.1263004686664809E-032
   18.480000000000089        16.759212342538490        1.0000000000026452        7.4732856481488933E-032
   18.490000000000091        16.769212342538516        1.0000000000026452        6.8724022905989224E-032
   18.500000000000092        16.779212342538543        1.0000000000026452        6.3195164799019429E-032
   18.510000000000094        16.789212342538569        1.0000000000026452        5.8108198692551942E-032
   18.520000000000095        16.799212342538596        1.0000000000026452        5.3428042200599712E-032
   18.530000000000097        16.809212342538622        1.0000000000026452        4.9122379177455833E-032
   18.540000000000099        16.819212342538648        1.0000000000026452        4.5161443121508995E-032
   18.550000000000100        16.829212342538675        1.0000000000026452        4.1517817417455010E-032
   18.560000000000102        16.839212342538701        1.0000000000026452        3.8166251117438608E-032
   18.570000000000103        16.849212342538728        1.0000000000026452        3.5083489061192174E-032
   18.580000000000105        16.859212342538754        1.0000000000026452        3.2248115227205229E-032
   18.590000000000106        16.869212342538781        1.0000000000026452        2.9640408291931101E-032
   18.600000000000108        16.879212342538807        1.0000000000026452        2.7242208452543002E-032
   18.610000000000110        16.889212342538833        1.0000000000026452        2.5036794641278774E-032
   18.620000000000111        16.899212342538860        1.0000000000026452        2.3008771326414060E-032
   18.630000000000113        16.909212342538886        1.0000000000026452        2.1143964156794915E-032
   18.640000000000114        16.919212342538913        1.0000000000026452        1.9429323764029798E-032
   18.650000000000116        16.929212342538939        1.0000000000026452        1.7852837089244952E-032
   18.660000000000117        16.939212342538966        1.0000000000026452        1.6403445650076802E-032
   18.670000000000119        16.949212342538992        1.0000000000026452        1.5070970208616433E-032
   18.680000000000121        16.959212342539018        1.0000000000026452        1.3846041342616730E-032
   18.690000000000122        16.969212342539045        1.0000000000026452        1.2720035460684558E-032
   18.700000000000124        16.979212342539071        1.0000000000026452        1.1685015837649549E-032
   18.710000000000125        16.989212342539098        1.0000000000026452        1.0733678279051987E-032
   18.720000000000127        16.999212342539124        1.0000000000026452        9.8593010539311100E-033
   18.730000000000128        17.009212342539151        1.0000000000026452        9.0556987630134162E-033
   18.740000000000130        17.019212342539177        1.0000000000026452        8.3171798351748743E-033
   18.750000000000131        17.029212342539203        1.0000000000026452        7.6385073688445767E-033
   18.760000000000133        17.039212342539230        1.0000000000026452        7.0148630569815909E-033
   18.770000000000135        17.049212342539256        1.0000000000026452        6.4418139545308952E-033
   18.780000000000136        17.059212342539283        1.0000000000026452        5.9152818659775993E-033
   18.790000000000138        17.069212342539309        1.0000000000026452        5.4315151478902119E-033
   18.800000000000139        17.079212342539336        1.0000000000026452        4.9870627372838963E-033
   18.810000000000141        17.089212342539362        1.0000000000026452        4.5787502313451929E-033
   18.820000000000142        17.099212342539388        1.0000000000026452        4.2036578576347892E-033
   18.830000000000144        17.109212342539415        1.0000000000026452        3.8591001864115110E-033
   18.840000000000146        17.119212342539441        1.0000000000026452        3.5426074482791913E-033
   18.850000000000147        17.129212342539468        1.0000000000026452        3.2519083310226789E-033
   18.860000000000149        17.139212342539494        1.0000000000026452        2.9849141393385957E-033
   18.870000000000150        17.149212342539521        1.0000000000026452        2.7397042102439009E-033
   18.880000000000152        17.159212342539547        1.0000000000026452        2.5145124853194465E-033
   18.890000000000153        17.169212342539574        1.0000000000026452        2.3077151486705747E-033
   18.900000000000155        17.179212342539600        1.0000000000026452        2.1178192466123799E-033
   18.910000000000156        17.189212342539626        1.0000000000026452        1.9434522116596788E-033
   18.920000000000158        17.199212342539653        1.0000000000026452        1.7833522194636314E-033
   18.930000000000160        17.209212342539679        1.0000000000026452        1.6363593129276624E-033
   18.940000000000161        17.219212342539706        1.0000000000026452        1.5014072328912376E-033
   18.950000000000163        17.229212342539732        1.0000000000026452        1.3775158995246784E-033
   18.960000000000164        17.239212342539759        1.0000000000026452        1.2637844929625792E-033
   18.970000000000166        17.249212342539785        1.0000000000026452        1.1593850857461161E-033
   18.980000000000167        17.259212342539811        1.0000000000026452        1.0635567833720485E-033
   18.990000000000169        17.269212342539838        1.0000000000026452        9.7560033268290157E-034
   19.000000000000171        17.279212342539864        1.0000000000026452        8.9487316100120051E-034
   19.010000000000172        17.289212342539891        1.0000000000026452        8.2078481183149722E-034
   19.020000000000174        17.299212342539917        1.0000000000026452        7.5279274564648909E-034
   19.030000000000175        17.309212342539944        1.0000000000026452        6.9039847675547455E-034
   19.040000000000177        17.319212342539970        1.0000000000026452        6.3314401954109061E-034
   19.050000000000178        17.329212342539996        1.0000000000026452        5.8060861945881405E-034
   19.060000000000180        17.339212342540023        1.0000000000026452        5.3240574613701160E-034
   19.070000000000181        17.349212342540049        1.0000000000026452        4.8818032770624897E-034
   19.080000000000183        17.359212342540076        1.0000000000026452        4.4760620713697227E-034
   19.090000000000185        17.369212342540102        1.0000000000026452        4.1038380288550726E-034
   19.100000000000186        17.379212342540129        1.0000000000026452        3.7623795754967487E-034
   19.110000000000188        17.389212342540155        1.0000000000026452        3.4491595952651937E-034
   19.120000000000189        17.399212342540181        1.0000000000026452        3.1618572385427730E-034
   19.130000000000191        17.409212342540208        1.0000000000026452        2.8983411951671957E-034
   19.140000000000192        17.419212342540234        1.0000000000026452        2.6566543149768332E-034
   19.150000000000194        17.429212342540261        1.0000000000026452        2.4349994680373058E-034
   19.160000000000196        17.439212342540287        1.0000000000026452        2.2317265452964552E-034
   19.170000000000197        17.449212342540314        1.0000000000026452        2.0453205083065736E-034
   19.180000000000199        17.459212342540340        1.0000000000026452        1.8743904039214452E-034
   19.190000000000200        17.469212342540366        1.0000000000026452        1.7176592665702213E-034
   19.200000000000202        17.479212342540393        1.0000000000026452        1.5739548368754224E-034
   19.210000000000203        17.489212342540419        1.0000000000026452        1.4422010310599839E-034
   19.220000000000205        17.499212342540446        1.0000000000026452        1.3214101008165110E-034
   19.230000000000206        17.509212342540472        1.0000000000026452        1.2106754281261196E-034
   19.240000000000208        17.519212342540499        1.0000000000026452        1.1091649039469411E-034
   19.250000000000210        17.529212342540525        1.0000000000026452        1.0161148437735999E-034
   19.260000000000211        17.539212342540552        1.0000000000026452        9.3082439682638228E-035
   19.270000000000213        17.549212342540578        1.0000000000026452        8.5265040908792916E-035
   19.280000000000214        17.559212342540604        1.0000000000026452        7.8100270358961108E-035
   19.290000000000216        17.569212342540631        1.0000000000026452        7.1533974428094476E-035
   19.300000000000217        17.579212342540657        1.0000000000026452        6.5516465251348367E-035
   19.310000000000219        17.589212342540684        1.0000000000026452        6.0002154765395417E-035
   19.320000000000221        17.599212342540710        1.0000000000026452        5.4949218562698959E-035
   19.330000000000222        17.609212342540737        1.0000000000026452        5.0319287129127447E-035
   19.340000000000224        17.619212342540763        1.0000000000026452        4.6077162248865679E-035
   19.350000000000225        17.629212342540789        1.0000000000026452        4.2190556538709662E-035
   19.360000000000227        17.639212342540816        1.0000000000026452        3.8629854237742879E-035
   19.370000000000228        17.649212342540842        1.0000000000026452        3.5367891529209872E-035
   19.380000000000230        17.659212342540869        1.0000000000026452        3.2379754810166497E-035
   19.390000000000231        17.669212342540895        1.0000000000026452        2.9642595452152226E-035
   19.400000000000233        17.679212342540922        1.0000000000026452        2.7135459713579207E-035
   19.410000000000235        17.689212342540948        1.0000000000026452        2.4839132572577807E-035
   19.420000000000236        17.699212342540974        1.0000000000026452        2.2735994348426476E-035
   19.430000000000238        17.709212342541001        1.0000000000026452        2.0809889071113870E-035
   19.440000000000239        17.719212342541027        1.0000000000026452        1.9046003642667710E-035
   19.450000000000241        17.729212342541054        1.0000000000026452        1.7430756911221750E-035
   19.460000000000242        17.739212342541080        1.0000000000026452        1.5951697849917858E-035
   19.470000000000244        17.749212342541107        1.0000000000026452        1.4597412098149685E-035
   19.480000000000246        17.759212342541133        1.0000000000026452        1.3357436182804028E-035
   19.490000000000247        17.769212342541159        1.0000000000026452        1.2222178792465848E-035
   19.500000000000249        17.779212342541186        1.0000000000026452        1.1182848528409669E-035
   19.510000000000250        17.789212342541212        1.0000000000026452        1.0231387602959799E-035
   19.520000000000252        17.799212342541239        1.0000000000026452        9.3604109987922705E-036
   19.530000000000253        17.809212342541265        1.0000000000026452        8.5631506422744070E-036
   19.540000000000255        17.819212342541292        1.0000000000026452        7.8334041802711114E-036
   19.550000000000257        17.829212342541318        1.0000000000026452        7.1654879832461210E-036
   19.560000000000258        17.839212342541344        1.0000000000026452        6.5541940281868570E-036
   19.570000000000260        17.849212342541371        1.0000000000026452        5.9947503430996556E-036
   19.580000000000261        17.859212342541397        1.0000000000026452        5.4827847207574885E-036
   19.590000000000263        17.869212342541424        1.0000000000026452        5.0142914332181543E-036
   19.600000000000264        17.879212342541450        1.0000000000026452        4.5856007005361064E-036
   19.610000000000266        17.889212342541477        1.0000000000026452        4.1933506872209664E-036
   19.620000000000267        17.899212342541503        1.0000000000026452        3.8344618184931855E-036
   19.630000000000269        17.909212342541529        1.0000000000026452        3.5061132253838095E-036
   19.640000000000271        17.919212342541556        1.0000000000026452        3.2057211433417787E-036
   19.650000000000272        17.929212342541582        1.0000000000026452        2.9309191033599998E-036
   19.660000000000274        17.939212342541609        1.0000000000026452        2.6795397678128897E-036
   19.670000000000275        17.949212342541635        1.0000000000026452        2.4495982753074038E-036
   19.680000000000277        17.959212342541662        1.0000000000026452        2.2392769699733376E-036
   19.690000000000278        17.969212342541688        1.0000000000026452        2.0469114008365969E-036
   19.700000000000280        17.979212342541715        1.0000000000026452        1.8709774863044428E-036
   19.710000000000282        17.989212342541741        1.0000000000026452        1.7100797474118328E-036
   19.720000000000283        17.999212342541767        1.0000000000026452        1.5629405213948398E-036
   19.730000000000285        18.009212342541794        1.0000000000026452        1.4283900744277577E-036
   19.740000000000286        18.019212342541820        1.0000000000026452        1.3053575390372723E-036
   19.750000000000288        18.029212342541847        1.0000000000026452        1.1928626078381785E-036
   19.760000000000289        18.039212342541873        1.0000000000026452        1.0900079208648542E-036
   19.770000000000291        18.049212342541900        1.0000000000026452        9.9597208894178894E-037
   19.780000000000292        18.059212342541926        1.0000000000026452        9.1000330028234890E-037
   19.790000000000294        18.069212342541952        1.0000000000026452        8.3141346186205538E-037
   19.800000000000296        18.079212342541979        1.0000000000026452        7.5957283111260567E-037
   19.810000000000297        18.089212342542005        1.0000000000026452        6.9390509715474833E-037
   19.820000000000299        18.099212342542032        1.0000000000026452        6.3388287415867344E-037
   19.830000000000300        18.109212342542058        1.0000000000026452        5.7902357251435296E-037
   19.840000000000302        18.119212342542085        1.0000000000026452        5.2888561633385003E-037
   19.850000000000303        18.129212342542111        1.0000000000026452        4.8306497841375280E-037
   19.860000000000305        18.139212342542137        1.0000000000026452        4.4119200617764238E-037
   19.870000000000307        18.149212342542164        1.0000000000026452        4.0292851431340061E-037
   19.880000000000308        18.159212342542190        1.0000000000026452        3.6796512183429148E-037
   19.890000000000310        18.169212342542217        1.0000000000026452        3.3601881314090629E-037
   19.900000000000311        18.179212342542243        1.0000000000026452        3.0683070435682895E-037
   19.910000000000313        18.189212342542270        1.0000000000026452        2.8016399776674219E-037
   19.920000000000314        18.199212342542296        1.0000000000026452        2.5580210861312012E-037
   19.930000000000316        18.209212342542322        1.0000000000026452        2.3354694981717527E-037
   19.940000000000317        18.219212342542349        1.0000000000026452        2.1321736139102114E-037
   19.950000000000319        18.229212342542375        1.0000000000026452        1.9464767240996257E-037
   19.960000000000321        18.239212342542402        1.0000000000026452        1.7768638442459800E-037
   19.970000000000322        18.249212342542428        1.0000000000026452        1.6219496611950387E-037
   19.980000000000324        18.259212342542455        1.0000000000026452        1.4804674987555781E-037
   19.990000000000325        18.269212342542481        1.0000000000026452        1.3512592167276393E-037
   20.000000000000327        18.279212342542507        1.0000000000026452        1.2332659648557363E-037
   20.010000000000328        18.289212342542534        1.0000000000026452        1.1255197197848138E-037
