   0.0000000000000000        0.0000000000000000        150.00000000000000     
   2.5000000000000001E-002   0.0000000000000000        147.03805090963220     
   5.0000000000000003E-002   0.0000000000000000        144.64056962166367     
   7.5000000000000011E-002   0.0000000000000000        142.52148279593678     
  0.10000000000000001        0.0000000000000000        140.57720009047443     
  0.12500000000000000        0.0000000000000000        138.75995949680672     
  0.15000000000000002        0.0000000000000000        137.04308613544538     
  0.17500000000000002        0.0000000000000000        135.40963713305464     
  0.20000000000000001        0.0000000000000000        133.84792478038139     
  0.22500000000000001        0.0000000000000000        132.34943163260769     
  0.25000000000000000        0.0000000000000000        130.90770554562437     
  0.27500000000000002        0.0000000000000000        129.51771588121034     
  0.30000000000000004        0.0000000000000000        128.17545136725218     
  0.32500000000000001        0.0000000000000000        126.87765529982596     
  0.35000000000000003        0.0000000000000000        125.62164381948450     
  0.37500000000000000        0.0000000000000000        124.40517697237159     
  0.40000000000000002        0.0000000000000000        123.22636468103994     
  0.42500000000000004        0.0000000000000000        122.08359658640785     
  0.45000000000000001        0.0000000000000000        120.97548868120198     
  0.47500000000000003        0.0000000000000000        119.90084204569864     
  0.50000000000000000        0.0000000000000000        118.85861049219717     
  0.52500000000000002        0.0000000000000000        117.84787488957778     
  0.55000000000000004        0.0000000000000000        116.86782257877552     
  0.57500000000000007        0.0000000000000000        115.91773072402364     
  0.60000000000000009        0.0000000000000000        114.99695274564002     
  0.62500000000000000        0.0000000000000000        114.10490719283074     
  0.65000000000000002        0.0000000000000000        113.24106856799412     
  0.67500000000000004        0.0000000000000000        112.40495972586858     
  0.70000000000000007        0.0000000000000000        111.59614555387731     
  0.72500000000000009        0.0000000000000000        110.81422770248415     
  0.75000000000000000        0.0000000000000000        110.05884018199446     
  0.77500000000000002        0.0000000000000000        109.32964567898829     
  0.80000000000000004        0.0000000000000000        108.62633247427966     
  0.82500000000000007        0.0000000000000000        107.94861186697243     
  0.85000000000000009        0.0000000000000000        107.29621602730614     
  0.87500000000000000        0.0000000000000000        106.66889621563156     
  0.90000000000000002        0.0000000000000000        106.06642131684221     
  0.92500000000000004        0.0000000000000000        105.48857664952193     
  0.95000000000000007        0.0000000000000000        104.93516301742980     
  0.97500000000000009        0.0000000000000000        104.40599597809515     
   1.0000000000000000        0.0000000000000000        103.90090530954031     
 
   0.0000000000000000        2.5000000000000001E-002   150.00000000000000     
   2.5000000000000001E-002   2.5000000000000001E-002   147.51855482661776     
   5.0000000000000003E-002   2.5000000000000001E-002   145.24912595067823     
   7.5000000000000011E-002   2.5000000000000001E-002   143.16859000327912     
  0.10000000000000001        2.5000000000000001E-002   141.23603653514257     
  0.12500000000000000        2.5000000000000001E-002   139.42077562750856     
  0.15000000000000002        2.5000000000000001E-002   137.70164324430661     
  0.17500000000000002        2.5000000000000001E-002   136.06382904027751     
  0.20000000000000001        2.5000000000000001E-002   134.49661470780902     
  0.22500000000000001        2.5000000000000001E-002   132.99198204991626     
  0.25000000000000000        2.5000000000000001E-002   131.54376049399988     
  0.27500000000000002        2.5000000000000001E-002   130.14708903023998     
  0.30000000000000004        2.5000000000000001E-002   128.79806371503153     
  0.32500000000000001        2.5000000000000001E-002   127.49349835190749     
  0.35000000000000003        2.5000000000000001E-002   126.23075677674198     
  0.37500000000000000        2.5000000000000001E-002   125.00763205055834     
  0.40000000000000002        2.5000000000000001E-002   123.82225736194668     
  0.42500000000000004        2.5000000000000001E-002   122.67303897035977     
  0.45000000000000001        2.5000000000000001E-002   121.55860485060829     
  0.47500000000000003        2.5000000000000001E-002   120.47776476748334     
  0.50000000000000000        2.5000000000000001E-002   119.42947883233236     
  0.52500000000000002        2.5000000000000001E-002   118.41283246172911     
  0.55000000000000004        2.5000000000000001E-002   117.42701624186769     
  0.57500000000000007        2.5000000000000001E-002   116.47130960286466     
  0.60000000000000009        2.5000000000000001E-002   115.54506748751311     
  0.62500000000000000        2.5000000000000001E-002   114.64770939879963     
  0.65000000000000002        2.5000000000000001E-002   113.77871035518857     
  0.67500000000000004        2.5000000000000001E-002   112.93759338908812     
  0.70000000000000007        2.5000000000000001E-002   112.12392330329000     
  0.72500000000000009        2.5000000000000001E-002   111.33730146017298     
  0.75000000000000000        2.5000000000000001E-002   110.57736142439015     
  0.77500000000000002        2.5000000000000001E-002   109.84376531533323     
  0.80000000000000004        2.5000000000000001E-002   109.13620075354321     
  0.82500000000000007        2.5000000000000001E-002   108.45437830732058     
  0.85000000000000009        2.5000000000000001E-002   107.79802936348096     
  0.87500000000000000        2.5000000000000001E-002   107.16690436053668     
  0.90000000000000002        2.5000000000000001E-002   106.56077133433794     
  0.92500000000000004        2.5000000000000001E-002   105.97941473596740     
  0.95000000000000007        2.5000000000000001E-002   105.42263448991000     
  0.97500000000000009        2.5000000000000001E-002   104.89024526756835     
   1.0000000000000000        2.5000000000000001E-002   104.38207595735476     
 
   0.0000000000000000        5.0000000000000003E-002   150.00000000000000     
   2.5000000000000001E-002   5.0000000000000003E-002   147.78704244616063     
   5.0000000000000003E-002   5.0000000000000003E-002   145.66878935115247     
   7.5000000000000011E-002   5.0000000000000003E-002   143.66771473135904     
  0.10000000000000001        5.0000000000000003E-002   141.77758041930818     
  0.12500000000000000        5.0000000000000003E-002   139.98546323377866     
  0.15000000000000002        5.0000000000000003E-002   138.27888217399502     
  0.17500000000000002        5.0000000000000003E-002   136.64742107593995     
  0.20000000000000001        5.0000000000000003E-002   135.08272296066119     
  0.22500000000000001        5.0000000000000003E-002   133.57812136524856     
  0.25000000000000000        5.0000000000000003E-002   132.12826535021901     
  0.27500000000000002        5.0000000000000003E-002   130.72881603071835     
  0.30000000000000004        5.0000000000000003E-002   129.37621611072666     
  0.32500000000000001        5.0000000000000003E-002   128.06751761603050     
  0.35000000000000003        5.0000000000000003E-002   126.80025288501777     
  0.37500000000000000        5.0000000000000003E-002   125.57233709117325     
  0.40000000000000002        5.0000000000000003E-002   124.38199374582896     
  0.42500000000000004        5.0000000000000003E-002   123.22769708247631     
  0.45000000000000001        5.0000000000000003E-002   122.10812698338830     
  0.47500000000000003        5.0000000000000003E-002   121.02213334129425     
  0.50000000000000000        5.0000000000000003E-002   119.96870760792014     
  0.52500000000000002        5.0000000000000003E-002   118.94695988313867     
  0.55000000000000004        5.0000000000000003E-002   117.95610032410154     
  0.57500000000000007        5.0000000000000003E-002   116.99542395805442     
  0.60000000000000009        5.0000000000000003E-002   116.06429820274829     
  0.62500000000000000        5.0000000000000003E-002   115.16215255966627     
  0.65000000000000002        5.0000000000000003E-002   114.28847006487244     
  0.67500000000000004        5.0000000000000003E-002   113.44278017200550     
  0.70000000000000007        5.0000000000000003E-002   112.62465281002162     
  0.72500000000000009        5.0000000000000003E-002   111.83369341052773     
  0.75000000000000000        5.0000000000000003E-002   111.06953874006003     
  0.77500000000000002        5.0000000000000003E-002   110.33185340441128     
  0.80000000000000004        5.0000000000000003E-002   109.62032691723937     
  0.82500000000000007        5.0000000000000003E-002   108.93467124528573     
  0.85000000000000009        5.0000000000000003E-002   108.27461875876035     
  0.87500000000000000        5.0000000000000003E-002   107.63992052869632     
  0.90000000000000002        5.0000000000000003E-002   107.03034492400566     
  0.92500000000000004        5.0000000000000003E-002   106.44567647009990     
  0.95000000000000007        5.0000000000000003E-002   105.88571493867468     
  0.97500000000000009        5.0000000000000003E-002   105.35027464491364     
   1.0000000000000000        5.0000000000000003E-002   104.83918393420895     
 
   0.0000000000000000        7.5000000000000011E-002   150.00000000000000     
   2.5000000000000001E-002   7.5000000000000011E-002   147.96082560687231     
   5.0000000000000003E-002   7.5000000000000011E-002   145.97127427641180     
   7.5000000000000011E-002   7.5000000000000011E-002   144.05589915169634     
  0.10000000000000001        7.5000000000000011E-002   142.22110717695253     
  0.12500000000000000        7.5000000000000011E-002   140.46461471430280     
  0.15000000000000002        7.5000000000000011E-002   138.78100114195482     
  0.17500000000000002        7.5000000000000011E-002   137.16425012882601     
  0.20000000000000001        7.5000000000000011E-002   135.60873469364694     
  0.22500000000000001        7.5000000000000011E-002   134.10951510019788     
  0.25000000000000000        7.5000000000000011E-002   132.66236351090899     
  0.27500000000000002        7.5000000000000011E-002   131.26369363168786     
  0.30000000000000004        7.5000000000000011E-002   129.91046708112603     
  0.32500000000000001        7.5000000000000011E-002   128.60010311647022     
  0.35000000000000003        7.5000000000000011E-002   127.33040005612538     
  0.37500000000000000        7.5000000000000011E-002   126.09946968328799     
  0.40000000000000002        7.5000000000000011E-002   124.90568344771940     
  0.42500000000000004        7.5000000000000011E-002   123.74762863032812     
  0.45000000000000001        7.5000000000000011E-002   122.62407265917403     
  0.47500000000000003        7.5000000000000011E-002   121.53393400638491     
  0.50000000000000000        7.5000000000000011E-002   120.47625837491501     
  0.52500000000000002        7.5000000000000011E-002   119.45019913880365     
  0.55000000000000004        7.5000000000000011E-002   118.45500121334524     
  0.57500000000000007        7.5000000000000011E-002   117.48998770250304     
  0.60000000000000009        7.5000000000000011E-002   116.55454880575921     
  0.62500000000000000        7.5000000000000011E-002   115.64813257224472     
  0.65000000000000002        7.5000000000000011E-002   114.77023717262941     
  0.67500000000000004        7.5000000000000011E-002   113.92040442403980     
  0.70000000000000007        7.5000000000000011E-002   113.09821435426339     
  0.72500000000000009        7.5000000000000011E-002   112.30328063185623     
  0.75000000000000000        7.5000000000000011E-002   111.53524672091095     
  0.77500000000000002        7.5000000000000011E-002   110.79378264501253     
  0.80000000000000004        7.5000000000000011E-002   110.07858226571733     
  0.82500000000000007        7.5000000000000011E-002   109.38936099782249     
  0.85000000000000009        7.5000000000000011E-002   108.72585389757838     
  0.87500000000000000        7.5000000000000011E-002   108.08781407148278     
  0.90000000000000002        7.5000000000000011E-002   107.47501136288858     
  0.92500000000000004        7.5000000000000011E-002   106.88723128175185     
  0.95000000000000007        7.5000000000000011E-002   106.32427414977515     
  0.97500000000000009        7.5000000000000011E-002   105.78595443920253     
   1.0000000000000000        7.5000000000000011E-002   105.27210028883154     
 
   0.0000000000000000       0.10000000000000001        150.00000000000000     
   2.5000000000000001E-002  0.10000000000000001        148.08498570491699     
   5.0000000000000003E-002  0.10000000000000001        146.19958299592611     
   7.5000000000000011E-002  0.10000000000000001        144.36350042206209     
  0.10000000000000001       0.10000000000000001        142.58633442250297     
  0.12500000000000000       0.10000000000000001        140.87088730452490     
  0.15000000000000002       0.10000000000000001        139.21625755069564     
  0.17500000000000002       0.10000000000000001        137.61984360376240     
  0.20000000000000001       0.10000000000000001        136.07845058490250     
  0.22500000000000001       0.10000000000000001        134.58884083098690     
  0.25000000000000000       0.10000000000000001        133.14797996153112     
  0.27500000000000002       0.10000000000000001        131.75312790399803     
  0.30000000000000004       0.10000000000000001        130.40185546561943     
  0.32500000000000001       0.10000000000000001        129.09202771259891     
  0.35000000000000003       0.10000000000000001        127.82177453972568     
  0.37500000000000000       0.10000000000000001        126.58945813813382     
  0.40000000000000002       0.10000000000000001        125.39364173143238     
  0.42500000000000004       0.10000000000000001        124.23306133194262     
  0.45000000000000001       0.10000000000000001        123.10660101659504     
  0.47500000000000003       0.10000000000000001        122.01327165015640     
  0.50000000000000000       0.10000000000000001        120.95219274655148     
  0.52500000000000002       0.10000000000000001        119.92257708381558     
  0.55000000000000004       0.10000000000000001        118.92371768797287     
  0.57500000000000007       0.10000000000000001        117.95497683285298     
  0.60000000000000009       0.10000000000000001        117.01577674554071     
  0.62500000000000000       0.10000000000000001        116.10559175092396     
  0.65000000000000002       0.10000000000000001        115.22394162936065     
  0.67500000000000004       0.10000000000000001        114.37038599726090     
  0.70000000000000007       0.10000000000000001        113.54451955113593     
  0.72500000000000009       0.10000000000000001        112.74596804172280     
  0.75000000000000000       0.10000000000000001        111.97438486671489     
  0.77500000000000002       0.10000000000000001        111.22944818901055     
  0.80000000000000004       0.10000000000000001        110.51085850279497     
  0.82500000000000007       0.10000000000000001        109.81833658270864     
  0.85000000000000009       0.10000000000000001        109.15162176224780     
  0.87500000000000000       0.10000000000000001        108.51047049676815     
  0.90000000000000002       0.10000000000000001        107.89465517431411     
  0.92500000000000004       0.10000000000000001        107.30396314424387     
  0.95000000000000007       0.10000000000000001        106.73819593947167     
  0.97500000000000009       0.10000000000000001        106.19716867328987     
   1.0000000000000000       0.10000000000000001        105.68070959632246     
 
   0.0000000000000000       0.12500000000000000        150.00000000000000     
   2.5000000000000001E-002  0.12500000000000000        148.17953421686926     
   5.0000000000000003E-002  0.12500000000000000        146.37857158031341     
   7.5000000000000011E-002  0.12500000000000000        144.61218511812282     
  0.10000000000000001       0.12500000000000000        142.88984278647212     
  0.12500000000000000       0.12500000000000000        141.21634253059818     
  0.15000000000000002       0.12500000000000000        139.59329815254065     
  0.17500000000000002       0.12500000000000000        138.02041615062555     
  0.20000000000000001       0.12500000000000000        136.49638321121390     
  0.22500000000000001       0.12500000000000000        135.01941767731597     
  0.25000000000000000       0.12500000000000000        133.58758760023062     
  0.27500000000000002       0.12500000000000000        132.19898255715364     
  0.30000000000000004       0.12500000000000000        130.85179916475462     
  0.32500000000000001       0.12500000000000000        129.54437772858023     
  0.35000000000000003       0.12500000000000000        128.27521225204441     
  0.37500000000000000       0.12500000000000000        127.04294659808916     
  0.40000000000000002       0.12500000000000000        125.84636400793370     
  0.42500000000000004       0.12500000000000000        124.68437394941492     
  0.45000000000000001       0.12500000000000000        123.55599842510705     
  0.47500000000000003       0.12500000000000000        122.46035883109413     
  0.50000000000000000       0.12500000000000000        121.39666387731900     
  0.52500000000000002       0.12500000000000000        120.36419876193443     
  0.55000000000000004       0.12500000000000000        119.36231562187754     
  0.57500000000000007       0.12500000000000000        118.39042519539535     
  0.60000000000000009       0.12500000000000000        117.44798959262664     
  0.62500000000000000       0.12500000000000000        116.53451605654986     
  0.65000000000000002       0.12500000000000000        115.64955159662837     
  0.67500000000000004       0.12500000000000000        114.79267838450716     
  0.70000000000000007       0.12500000000000000        113.96350981129683     
  0.72500000000000009       0.12500000000000000        113.16168711718419     
  0.75000000000000000       0.12500000000000000        112.38687651521542     
  0.77500000000000002       0.12500000000000000        111.63876674151980     
  0.80000000000000004       0.12500000000000000        110.91706697374353     
  0.82500000000000007       0.12500000000000000        110.22150506796923     
  0.85000000000000009       0.12500000000000000        109.55182607193613     
  0.87500000000000000       0.12500000000000000        108.90779097902806     
  0.90000000000000002       0.12500000000000000        108.28917569335599     
  0.92500000000000004       0.12500000000000000        107.69577018143796     
  0.95000000000000007       0.12500000000000000        107.12737779057797     
  0.97500000000000009       0.12500000000000000        106.58381471816298     
   1.0000000000000000       0.12500000000000000        106.06490961983249     
 
   0.0000000000000000       0.15000000000000002        150.00000000000000     
   2.5000000000000001E-002  0.15000000000000002        148.25457958224678     
   5.0000000000000003E-002  0.15000000000000002        146.52298399033569     
   7.5000000000000011E-002  0.15000000000000002        144.81682568364386     
  0.10000000000000001       0.15000000000000002        143.14450907466446     
  0.12500000000000000       0.15000000000000002        141.51134187885506     
  0.15000000000000002       0.15000000000000002        139.92017637824341     
  0.17500000000000002       0.15000000000000002        138.37213963498525     
  0.20000000000000001       0.15000000000000002        136.86724843201142     
  0.22500000000000001       0.15000000000000002        135.40485906683244     
  0.25000000000000000       0.15000000000000002        133.98397020492152     
  0.27500000000000002       0.15000000000000002        132.60341555963143     
  0.30000000000000004       0.15000000000000002        131.26198090766491     
  0.32500000000000001       0.15000000000000002        129.95847178492284     
  0.35000000000000003       0.15000000000000002        128.69175014178282     
  0.37500000000000000       0.15000000000000002        127.46075199424465     
  0.40000000000000002       0.15000000000000002        126.26449375279847     
  0.42500000000000004       0.15000000000000002        125.10207203267663     
  0.45000000000000001       0.15000000000000002        123.97265990332421     
  0.47500000000000003       0.15000000000000002        122.87550137179412     
  0.50000000000000000       0.15000000000000002        121.80990516969574     
  0.52500000000000002       0.15000000000000002        120.77523846472543     
  0.55000000000000004       0.15000000000000002        119.77092084220776     
  0.57500000000000007       0.15000000000000002        118.79641873422425     
  0.60000000000000009       0.15000000000000002        117.85124037302046     
  0.62500000000000000       0.15000000000000002        116.93493128602056     
  0.65000000000000002       0.15000000000000002        116.04707031609563     
  0.67500000000000004       0.15000000000000002        115.18726613284254     
  0.70000000000000007       0.15000000000000002        114.35515419235985     
  0.72500000000000009       0.15000000000000002        113.55039410050145     
  0.75000000000000000       0.15000000000000002        112.77266733544270     
  0.77500000000000002       0.15000000000000002        112.02167528810979     
  0.80000000000000004       0.15000000000000002        111.29713758269038     
  0.82500000000000007       0.15000000000000002        110.59879064348880     
  0.85000000000000009       0.15000000000000002        109.92638647849935     
  0.87500000000000000       0.15000000000000002        109.27969165405192     
  0.90000000000000002       0.15000000000000002        108.65848643864383     
  0.92500000000000004       0.15000000000000002        108.06256409757417     
  0.95000000000000007       0.15000000000000002        107.49173032323941     
  0.97500000000000009       0.15000000000000002        106.94580278895147     
   1.0000000000000000       0.15000000000000002        106.42461081692934     
 
   0.0000000000000000       0.17500000000000002        150.00000000000000     
   2.5000000000000001E-002  0.17500000000000002        148.31580012178208     
   5.0000000000000003E-002  0.17500000000000002        146.64195911513892     
   7.5000000000000011E-002  0.17500000000000002        144.98762455145257     
  0.10000000000000001       0.17500000000000002        143.36002594968662     
  0.12500000000000000       0.17500000000000002        141.76433953191406     
  0.15000000000000002       0.17500000000000002        140.20392584659260     
  0.17500000000000002       0.17500000000000002        138.68071757906048     
  0.20000000000000001       0.17500000000000002        137.19561181501436     
  0.22500000000000001       0.17500000000000002        135.74879995308086     
  0.25000000000000000       0.17500000000000002        134.34001859299133     
  0.27500000000000002       0.17500000000000002        132.96872856878542     
  0.30000000000000004       0.17500000000000002        131.63423712135091     
  0.32500000000000001       0.17500000000000002        130.33577836166324     
  0.35000000000000003       0.17500000000000002        129.07256453591950     
  0.37500000000000000       0.17500000000000002        127.84381748430827     
  0.40000000000000002       0.17500000000000002        126.64878697633893     
  0.42500000000000004       0.17500000000000002        125.48676052516909     
  0.45000000000000001       0.17500000000000002        124.35706778371889     
  0.47500000000000003       0.17500000000000002        123.25908158306235     
  0.50000000000000000       0.17500000000000002        122.19221696494432     
  0.52500000000000002       0.17500000000000002        121.15592908506385     
  0.55000000000000004       0.17500000000000002        120.14971054800387     
  0.57500000000000007       0.17500000000000002        119.17308852627343     
  0.60000000000000009       0.17500000000000002        118.22562187921045     
  0.62500000000000000       0.17500000000000002        117.30689839841629     
  0.65000000000000002       0.17500000000000002        116.41653224889109     
  0.67500000000000004       0.17500000000000002        115.55416163840751     
  0.70000000000000007       0.17500000000000002        114.71944672479856     
  0.72500000000000009       0.17500000000000002        113.91206775701941     
  0.75000000000000000       0.17500000000000002        113.13172343794410     
  0.77500000000000002       0.17500000000000002        112.37812949278614     
  0.80000000000000004       0.17500000000000002        111.65101742541934     
  0.82500000000000007       0.17500000000000002        110.95013344479621     
  0.85000000000000009       0.17500000000000002        110.27523754452056     
  0.87500000000000000       0.17500000000000002        109.62610272003644     
  0.90000000000000002       0.17500000000000002        109.00251430959324     
  0.92500000000000004       0.17500000000000002        108.40426944697522     
  0.95000000000000007       0.17500000000000002        107.83117661585395     
  0.97500000000000009       0.17500000000000002        107.28305529747418     
   1.0000000000000000       0.17500000000000002        106.75973570519349     
 
   0.0000000000000000       0.20000000000000001        150.00000000000000     
   2.5000000000000001E-002  0.20000000000000001        148.36666178974284     
   5.0000000000000003E-002  0.20000000000000001        146.74142779698511     
   7.5000000000000011E-002  0.20000000000000001        145.13168745734140     
  0.10000000000000001       0.20000000000000001        143.54363064071541     
  0.12500000000000000       0.20000000000000001        141.98206445252225     
  0.15000000000000002       0.20000000000000001        140.45046989715252     
  0.17500000000000002       0.20000000000000001        138.95119301965005     
  0.20000000000000001       0.20000000000000001        137.48568129590453     
  0.22500000000000001       0.20000000000000001        136.05471033748535     
  0.25000000000000000       0.20000000000000001        134.65857564517748     
  0.27500000000000002       0.20000000000000001        133.29724300116794     
  0.30000000000000004       0.20000000000000001        131.97046064728994     
  0.32500000000000001       0.20000000000000001        130.67784000445968     
  0.35000000000000003       0.20000000000000001        129.41891215592378     
  0.37500000000000000       0.20000000000000001        128.19316643073006     
  0.40000000000000002       0.20000000000000001        127.00007614307972     
  0.42500000000000004       0.20000000000000001        125.83911530794211     
  0.45000000000000001       0.20000000000000001        124.70976912331989     
  0.47500000000000003       0.20000000000000001        123.61154021179216     
  0.50000000000000000       0.20000000000000001        122.54395202195541     
  0.52500000000000002       0.20000000000000001        121.50655036258190     
  0.55000000000000004       0.20000000000000001        120.49890373847052     
  0.57500000000000007       0.20000000000000001        119.52060294365529     
  0.60000000000000009       0.20000000000000001        118.57126021913162     
  0.62500000000000000       0.20000000000000001        117.65050817954285     
  0.65000000000000002       0.20000000000000001        116.75799864264472     
  0.67500000000000004       0.20000000000000001        115.89340144709790     
  0.70000000000000007       0.20000000000000001        115.05640331140737     
  0.72500000000000009       0.20000000000000001        114.24670676483360     
  0.75000000000000000       0.20000000000000001        113.46402916652833     
  0.77500000000000002       0.20000000000000001        112.70810181967127     
  0.80000000000000004       0.20000000000000001        111.97866918140446     
  0.82500000000000007       0.20000000000000001        111.27548816575613     
  0.85000000000000009       0.20000000000000001        110.59832753475021     
  0.87500000000000000       0.20000000000000001        109.94696737198015     
  0.90000000000000002       0.20000000000000001        109.32119863271760     
  0.92500000000000004       0.20000000000000001        108.72082276487953     
  0.95000000000000007       0.20000000000000001        108.14565139572707     
  0.97500000000000009       0.20000000000000001        107.59550607989787     
   1.0000000000000000       0.20000000000000001        107.07021810521137     
 
   0.0000000000000000       0.22500000000000001        150.00000000000000     
   2.5000000000000001E-002  0.22500000000000001        148.40941924020422     
   5.0000000000000003E-002  0.22500000000000001        146.82540282571750     
   7.5000000000000011E-002  0.22500000000000001        145.25406684021249     
  0.10000000000000001       0.22500000000000001        143.70074470331133     
  0.12500000000000000       0.22500000000000001        142.16981774030705     
  0.15000000000000002       0.22500000000000001        140.66469626984517     
  0.17500000000000002       0.22500000000000001        139.18790330648244     
  0.20000000000000001       0.22500000000000001        137.74121001146844     
  0.22500000000000001       0.22500000000000001        136.32578445577855     
  0.25000000000000000       0.22500000000000001        134.94233064906547     
  0.27500000000000002       0.22500000000000001        133.59120714341901     
  0.30000000000000004       0.22500000000000001        132.27252246218131     
  0.32500000000000001       0.22500000000000001        130.98620885296160     
  0.35000000000000003       0.22500000000000001        129.73207765258584     
  0.37500000000000000       0.22500000000000001        128.50985993960833     
  0.40000000000000002       0.22500000000000001        127.31923585730746     
  0.42500000000000004       0.22500000000000001        126.15985544019966     
  0.45000000000000001       0.22500000000000001        125.03135318982640     
  0.47500000000000003       0.22500000000000001        123.93335811883101     
  0.50000000000000000       0.22500000000000001        122.86550054850322     
  0.52500000000000002       0.22500000000000001        121.82741660483788     
  0.55000000000000004       0.22500000000000001        120.81875109964106     
  0.57500000000000007       0.22500000000000001        119.83915929074566     
  0.60000000000000009       0.22500000000000001        118.88830787411759     
  0.62500000000000000       0.22500000000000001        117.96587545797875     
  0.65000000000000002       0.22500000000000001        117.07155269504699     
  0.67500000000000004       0.22500000000000001        116.20504219593202     
  0.70000000000000007       0.22500000000000001        115.36605830889940     
  0.72500000000000009       0.22500000000000001        114.55432682437936     
  0.75000000000000000       0.22500000000000001        113.76958464366426     
  0.77500000000000002       0.22500000000000001        113.01157943796596     
  0.80000000000000004       0.22500000000000001        112.28006931477124     
  0.82500000000000007       0.22500000000000001        111.57482250207386     
  0.85000000000000009       0.22500000000000001        110.89561705674400     
  0.87500000000000000       0.22500000000000001        110.24224060041620     
  0.90000000000000002       0.22500000000000001        109.61449008441738     
  0.92500000000000004       0.22500000000000001        109.01217158409843     
  0.95000000000000007       0.22500000000000001        108.43510012227713     
  0.97500000000000009       0.22500000000000001        107.88309952117882     
   1.0000000000000000       0.22500000000000001        107.35600228217120     
 
   0.0000000000000000       0.25000000000000000        150.00000000000000     
   2.5000000000000001E-002  0.25000000000000000        148.44561234535632     
   5.0000000000000003E-002  0.25000000000000000        146.89669742546806     
   7.5000000000000011E-002  0.25000000000000000        145.35843237447963     
  0.10000000000000001       0.25000000000000000        143.83546359200994     
  0.12500000000000000       0.25000000000000000        142.33176553554952     
  0.15000000000000002       0.25000000000000000        140.85059413543848     
  0.17500000000000002       0.25000000000000000        139.39451392496616     
  0.20000000000000001       0.25000000000000000        137.96547098770836     
  0.22500000000000001       0.25000000000000000        136.56488682509496     
  0.25000000000000000       0.25000000000000000        135.19375535188669     
  0.27500000000000002       0.25000000000000000        133.85273246126138     
  0.30000000000000004       0.25000000000000000        132.54221320505471     
  0.32500000000000001       0.25000000000000000        131.26239529261966     
  0.35000000000000003       0.25000000000000000        130.01332966184961     
  0.37500000000000000       0.25000000000000000        128.79495981781000     
  0.40000000000000002       0.25000000000000000        127.60715190634234     
  0.42500000000000004       0.25000000000000000        126.44971740572254     
  0.45000000000000001       0.25000000000000000        125.32243007695489     
  0.47500000000000003       0.25000000000000000        124.22503852520231     
  0.50000000000000000       0.25000000000000000        123.15727544838869     
  0.52500000000000002       0.25000000000000000        122.11886440862526     
  0.55000000000000004       0.25000000000000000        121.10952476451020     
  0.57500000000000007       0.25000000000000000        120.12897524556881     
  0.60000000000000009       0.25000000000000000        119.17693652861428     
  0.62500000000000000       0.25000000000000000        118.25313308320749     
  0.65000000000000002       0.25000000000000000        117.35729448363247     
  0.67500000000000004       0.25000000000000000        116.48915633268363     
  0.70000000000000007       0.25000000000000000        115.64846090387879     
  0.72500000000000009       0.25000000000000000        114.83495758012026     
  0.75000000000000000       0.25000000000000000        114.04840314578335     
  0.77500000000000002       0.25000000000000000        113.28856197375701     
  0.80000000000000004       0.25000000000000000        112.55520613764054     
  0.82500000000000007       0.25000000000000000        111.84811547102420     
  0.85000000000000009       0.25000000000000000        111.16707758973564     
  0.87500000000000000       0.25000000000000000        110.51188788852338     
  0.90000000000000002       0.25000000000000000        109.88234952043750     
  0.92500000000000004       0.25000000000000000        109.27827336481968     
  0.95000000000000007       0.25000000000000000        108.69947798810402     
  0.97500000000000009       0.25000000000000000        108.14578960036911     
   1.0000000000000000       0.25000000000000000        107.61704200964283     
 
   0.0000000000000000       0.27500000000000002        150.00000000000000     
   2.5000000000000001E-002  0.27500000000000002        148.47633271575313     
   5.0000000000000003E-002  0.27500000000000002        146.95734215631850     
   7.5000000000000011E-002  0.27500000000000002        145.44750164022810     
  0.10000000000000001       0.27500000000000002        143.95091175469946     
  0.12500000000000000       0.27500000000000002        142.47118667444281     
  0.15000000000000002       0.27500000000000002        141.01140081139343     
  0.17500000000000002       0.27500000000000002        139.57408727023517     
  0.20000000000000001       0.27500000000000002        138.16127318930390     
  0.22500000000000001       0.27500000000000002        136.77453650500644     
  0.25000000000000000       0.27500000000000002        135.41507147212508     
  0.27500000000000002       0.27500000000000002        134.08375414468500     
  0.30000000000000004       0.27500000000000002        132.78120260415670     
  0.32500000000000001       0.27500000000000002        131.50782945061263     
  0.35000000000000003       0.27500000000000002        130.26388588438309     
  0.37500000000000000       0.27500000000000002        129.04949776343963     
  0.40000000000000002       0.27500000000000002        127.86469454452930     
  0.42500000000000004       0.27500000000000002        126.70943219939326     
  0.45000000000000001       0.27500000000000002        125.58361118706837     
  0.47500000000000003       0.27500000000000002        124.48709045663480     
  0.50000000000000000       0.27500000000000002        123.41969831122421     
  0.52500000000000002       0.27500000000000002        122.38124081676442     
  0.55000000000000004       0.27500000000000002        121.37150830420569     
  0.57500000000000007       0.27500000000000002        120.39028039840525     
  0.60000000000000009       0.27500000000000002        119.43732991156300     
  0.62500000000000000       0.27500000000000002        118.51242586260457     
  0.65000000000000002       0.27500000000000002        117.61533582359179     
  0.67500000000000004       0.27500000000000002        116.74582774729146     
  0.70000000000000007       0.27500000000000002        115.90367139381200     
  0.72500000000000009       0.27500000000000002        115.08863944643947     
  0.75000000000000000       0.27500000000000002        114.30050838559197     
  0.77500000000000002       0.27500000000000002        113.53905917363831     
  0.80000000000000004       0.27500000000000002        112.80407779100958     
  0.82500000000000007       0.27500000000000002        112.09535565464680     
  0.85000000000000009       0.27500000000000002        111.41268994265087     
  0.87500000000000000       0.27500000000000002        110.75588384350432     
  0.90000000000000002       0.27500000000000002        110.12474674398963     
  0.92500000000000004       0.27500000000000002        109.51909436663870     
  0.95000000000000007       0.27500000000000002        108.93874886495034     
  0.97500000000000009       0.27500000000000002        108.38353888255085     
   1.0000000000000000       0.27500000000000002        107.85329958078265     
 
   0.0000000000000000       0.30000000000000004        150.00000000000000     
   2.5000000000000001E-002  0.30000000000000004        148.50237636133758     
   5.0000000000000003E-002  0.30000000000000004        147.00883684382467     
   7.5000000000000011E-002  0.30000000000000004        145.52332027541482     
  0.10000000000000001       0.30000000000000004        144.04949511211709     
  0.12500000000000000       0.30000000000000004        142.59066859612872     
  0.15000000000000002       0.30000000000000004        141.14973516545720     
  0.17500000000000002       0.30000000000000004        139.72916115527710     
  0.20000000000000001       0.30000000000000004        138.33099799426537     
  0.22500000000000001       0.30000000000000004        136.95691453350202     
  0.25000000000000000       0.30000000000000004        135.60823988692223     
  0.27500000000000002       0.30000000000000004        134.28601004119696     
  0.30000000000000004       0.30000000000000004        132.99101361627433     
  0.32500000000000001       0.30000000000000004        131.72383402129120     
  0.35000000000000003       0.30000000000000004        130.48488666163081     
  0.37500000000000000       0.30000000000000004        129.27445080703623     
  0.40000000000000002       0.30000000000000004        128.09269630894178     
  0.42500000000000004       0.30000000000000004        126.93970566025268     
  0.45000000000000001       0.30000000000000004        125.81549201529073     
  0.47500000000000003       0.30000000000000004        124.72001380304424     
  0.50000000000000000       0.30000000000000004        123.65318652310891     
  0.52500000000000002       0.30000000000000004        122.61489224300229     
  0.55000000000000004       0.30000000000000004        121.60498723714279     
  0.57500000000000007       0.30000000000000004        120.62330813228327     
  0.60000000000000009       0.30000000000000004        119.66967685662786     
  0.62500000000000000       0.30000000000000004        118.74390463205607     
  0.65000000000000002       0.30000000000000004        117.84579520083867     
  0.67500000000000004       0.30000000000000004        116.97514743907860     
  0.70000000000000007       0.30000000000000004        116.13175747763822     
  0.72500000000000009       0.30000000000000004        115.31542042623333     
  0.75000000000000000       0.30000000000000004        114.52593177650685     
  0.77500000000000002       0.30000000000000004        113.76308854419467     
  0.80000000000000004       0.30000000000000004        113.02669019811266     
  0.82500000000000007       0.30000000000000004        112.31653941390232     
  0.85000000000000009       0.30000000000000004        111.63244268271703     
  0.87500000000000000       0.30000000000000004        110.97421079885342     
  0.90000000000000002       0.30000000000000004        110.34165924537822     
  0.92500000000000004       0.30000000000000004        109.73460849279515     
  0.95000000000000007       0.30000000000000004        109.15288422250759     
  0.97500000000000009       0.30000000000000004        108.59631748410131     
   1.0000000000000000       0.30000000000000004        108.06474479314581     
 
   0.0000000000000000       0.32500000000000001        150.00000000000000     
   2.5000000000000001E-002  0.32500000000000001        148.52433588577250     
   5.0000000000000003E-002  0.32500000000000001        147.05230858222814     
   7.5000000000000011E-002  0.32500000000000001        145.58744750548988     
  0.10000000000000001       0.32500000000000001        144.13307982222531     
  0.12500000000000000       0.32500000000000001        142.69225743249780     
  0.15000000000000002       0.32500000000000001        141.26771009902967     
  0.17500000000000002       0.32500000000000001        139.86182419115079     
  0.20000000000000001       0.32500000000000001        138.47664309897866     
  0.22500000000000001       0.32500000000000001        137.11388374781419     
  0.25000000000000000       0.32500000000000001        135.77496350086511     
  0.27500000000000002       0.32500000000000001        134.46103251690641     
  0.30000000000000004       0.32500000000000001        133.17300779845255     
  0.32500000000000001       0.32500000000000001        131.91160635664667     
  0.35000000000000003       0.32500000000000001        130.67737593381293     
  0.37500000000000000       0.32500000000000001        129.47072249413281     
  0.40000000000000002       0.32500000000000001        128.29193422394908     
  0.42500000000000004       0.32500000000000001        127.14120211738498     
  0.45000000000000001       0.32500000000000001        126.01863741079781     
  0.47500000000000003       0.32500000000000001        124.92428621714262     
  0.50000000000000000       0.32500000000000001        123.85814173516513     
  0.52500000000000002       0.32500000000000001        122.82015439499307     
  0.55000000000000004       0.32500000000000001        121.81024026907994     
  0.57500000000000007       0.32500000000000001        120.82828803695745     
  0.60000000000000009       0.32500000000000001        119.87416475060907     
  0.62500000000000000       0.32500000000000001        118.94772060815309     
  0.65000000000000002       0.32500000000000001        118.04879290862812     
  0.67500000000000004       0.32500000000000001        117.17720933054616     
  0.70000000000000007       0.32500000000000001        116.33279065142887     
  0.72500000000000009       0.32500000000000001        115.51535300434900     
  0.75000000000000000       0.32500000000000001        114.72470975000749     
  0.77500000000000002       0.32500000000000001        113.96067302852093     
  0.80000000000000004       0.32500000000000001        113.22305504334415     
  0.82500000000000007       0.32500000000000001        112.51166912013282     
  0.85000000000000009       0.32500000000000001        111.82633057546170     
  0.87500000000000000       0.32500000000000001        111.16685742381401     
  0.90000000000000002       0.32500000000000001        110.53307094587466     
  0.92500000000000004       0.32500000000000001        109.92479613665608     
  0.95000000000000007       0.32500000000000001        109.34186204818366     
  0.97500000000000009       0.32500000000000001        108.78410203820098     
   1.0000000000000000       0.32500000000000001        108.25135393351242     
 
   0.0000000000000000       0.35000000000000003        150.00000000000000     
   2.5000000000000001E-002  0.35000000000000003        148.54265859952412     
   5.0000000000000003E-002  0.35000000000000003        147.08861409382556     
   7.5000000000000011E-002  0.35000000000000003        145.64108134209093     
  0.10000000000000001       0.35000000000000003        144.20311923879626     
  0.12500000000000000       0.35000000000000003        142.77757121260746     
  0.15000000000000002       0.35000000000000003        141.36702360701298     
  0.17500000000000002       0.35000000000000003        139.97378241131801     
  0.20000000000000001       0.35000000000000003        138.59986646268408     
  0.22500000000000001       0.35000000000000003        137.24701385791073     
  0.25000000000000000       0.35000000000000003        135.91669785181764     
  0.27500000000000002       0.35000000000000003        134.61014872711098     
  0.30000000000000004       0.35000000000000003        133.32837870398268     
  0.32500000000000001       0.35000000000000003        132.07220767303014     
  0.35000000000000003       0.35000000000000003        130.84228822284169     
  0.37500000000000000       0.35000000000000003        129.63912901173310     
  0.40000000000000002       0.35000000000000003        128.46311597533682     
  0.42500000000000004       0.35000000000000003        127.31453117454039     
  0.45000000000000001       0.35000000000000003        126.19356929337286     
  0.47500000000000003       0.35000000000000003        125.10035191956325     
  0.50000000000000000       0.35000000000000003        124.03493980541604     
  0.52500000000000002       0.35000000000000003        122.99734333272481     
  0.55000000000000004       0.35000000000000003        121.98753140722633     
  0.57500000000000007       0.35000000000000003        121.00543899585772     
  0.60000000000000009       0.35000000000000003        120.05097350069791     
  0.62500000000000000       0.35000000000000003        119.12402014131889     
  0.65000000000000002       0.35000000000000003        118.22444649497463     
  0.67500000000000004       0.35000000000000003        117.35210632304923     
  0.70000000000000007       0.35000000000000003        116.50684279318210     
  0.72500000000000009       0.35000000000000003        115.68849118972622     
  0.75000000000000000       0.35000000000000003        114.89688119065316     
  0.77500000000000002       0.35000000000000003        114.13183877653749     
  0.80000000000000004       0.35000000000000003        113.39318782661009     
  0.82500000000000007       0.35000000000000003        112.68075144782313     
  0.85000000000000009       0.35000000000000003        111.99435307518284     
  0.87500000000000000       0.35000000000000003        111.33381737506625     
  0.90000000000000002       0.35000000000000003        110.69897097765009     
  0.92500000000000004       0.35000000000000003        110.08964305977105     
  0.95000000000000007       0.35000000000000003        109.50566579536994     
  0.97500000000000009       0.35000000000000003        108.94687468700643     
   1.0000000000000000       0.35000000000000003        108.41310878867066     
 
   0.0000000000000000       0.37500000000000000        150.00000000000000     
   2.5000000000000001E-002  0.37500000000000000        148.55768441849850     
   5.0000000000000003E-002  0.37500000000000000        147.11840785145858     
   7.5000000000000011E-002  0.37500000000000000        145.68514453025207     
  0.10000000000000001       0.37500000000000000        144.26074457826141     
  0.12500000000000000       0.37500000000000000        142.84788457212292     
  0.15000000000000002       0.37500000000000000        141.44903070509685     
  0.17500000000000002       0.37500000000000000        140.06641538442432     
  0.20000000000000001       0.37500000000000000        138.70202648252899     
  0.22500000000000001       0.37500000000000000        137.35760736932716     
  0.25000000000000000       0.37500000000000000        136.03466532138373     
  0.27500000000000002       0.37500000000000000        134.73448583573727     
  0.30000000000000004       0.37500000000000000        133.45815061733691     
  0.32500000000000001       0.37500000000000000        132.20655740864947     
  0.35000000000000003       0.37500000000000000        130.98044027279062     
  0.37500000000000000       0.37500000000000000        129.78038935462126     
  0.40000000000000002       0.37500000000000000        128.60686949112454     
  0.42500000000000004       0.37500000000000000        127.46023731206675     
  0.45000000000000001       0.37500000000000000        126.34075666858995     
  0.47500000000000003       0.37500000000000000        125.24861236232142     
  0.50000000000000000       0.37500000000000000        124.18392223421094     
  0.52500000000000002       0.37500000000000000        123.14674772326387     
  0.55000000000000004       0.37500000000000000        122.13710303124262     
  0.57500000000000007       0.37500000000000000        121.15496303854914     
  0.60000000000000009       0.37500000000000000        120.20027011500589     
  0.62500000000000000       0.37500000000000000        119.27293996144974     
  0.65000000000000002       0.37500000000000000        118.37286660690221     
  0.67500000000000004       0.37500000000000000        117.49992667349403     
  0.70000000000000007       0.37500000000000000        116.65398300852415     
  0.72500000000000009       0.37500000000000000        115.83488777072061     
  0.75000000000000000       0.37500000000000000        115.04248504634141     
  0.77500000000000002       0.37500000000000000        114.27661306036559     
  0.80000000000000004       0.37500000000000000        113.53710603873559     
  0.82500000000000007       0.37500000000000000        112.82379576936697     
  0.85000000000000009       0.37500000000000000        112.13651290238029     
  0.87500000000000000       0.37500000000000000        111.47508802361817     
  0.90000000000000002       0.37500000000000000        110.83935252988830     
  0.92500000000000004       0.37500000000000000        110.22913932940806     
  0.95000000000000007       0.37500000000000000        109.64428338651837     
  0.97500000000000009       0.37500000000000000        109.08462212578415     
   1.0000000000000000       0.37500000000000000        108.54999570701573     
 
   0.0000000000000000       0.40000000000000002        150.00000000000000     
   2.5000000000000001E-002  0.40000000000000002        148.56967122301145     
   5.0000000000000003E-002  0.40000000000000002        147.14218836325836     
   7.5000000000000011E-002  0.40000000000000002        145.72034434919760     
  0.10000000000000001       0.40000000000000002        144.30682997187446     
  0.12500000000000000       0.40000000000000002        142.90419179252615     
  0.15000000000000002       0.40000000000000002        141.51479925682710     
  0.17500000000000002       0.40000000000000002        140.14082193875322     
  0.20000000000000001       0.40000000000000002        138.78421671368022     
  0.22500000000000001       0.40000000000000002        137.44672381548537     
  0.25000000000000000       0.40000000000000002        136.12987022865278     
  0.27500000000000002       0.40000000000000002        134.83497867711742     
  0.30000000000000004       0.40000000000000002        133.56318052097828     
  0.32500000000000001       0.40000000000000002        132.31543107144032     
  0.35000000000000003       0.40000000000000002        131.09252610505021     
  0.37500000000000000       0.40000000000000002        129.89511864283685     
  0.40000000000000002       0.40000000000000002        128.72373532247343     
  0.42500000000000004       0.40000000000000002        127.57879191401210     
  0.45000000000000001       0.40000000000000002        126.46060770659884     
  0.47500000000000003       0.40000000000000002        125.36941862692170     
  0.50000000000000000       0.40000000000000002        124.30538904584255     
  0.52500000000000002       0.40000000000000002        123.26862229487723     
  0.55000000000000004       0.40000000000000002        122.25916995593106     
  0.57500000000000007       0.40000000000000002        121.27704001209050     
  0.60000000000000009       0.40000000000000002        120.32220395932688     
  0.62500000000000000       0.40000000000000002        119.39460298257222     
  0.65000000000000002       0.40000000000000002        118.49415329769037     
  0.67500000000000004       0.40000000000000002        117.62075075550059     
  0.70000000000000007       0.40000000000000002        116.77427479669993     
  0.72500000000000009       0.40000000000000002        115.95459183829111     
  0.75000000000000000       0.40000000000000002        115.16155816362621     
  0.77500000000000002       0.40000000000000002        114.39502237984775     
  0.80000000000000004       0.40000000000000002        113.65482749859964     
  0.82500000000000007       0.40000000000000002        112.94081268852894     
  0.85000000000000009       0.40000000000000002        112.25281474135338     
  0.87500000000000000       0.40000000000000002        111.59066928713806     
  0.90000000000000002       0.40000000000000002        110.95421178887702     
  0.92500000000000004       0.40000000000000002        110.34327834145448     
  0.95000000000000007       0.40000000000000002        109.75770629551147     
  0.97500000000000009       0.40000000000000002        109.19733472259605     
   1.0000000000000000       0.40000000000000002        108.66200473416167     
 
   0.0000000000000000       0.42500000000000004        150.00000000000000     
   2.5000000000000001E-002  0.42500000000000004        148.57881211028874     
   5.0000000000000003E-002  0.42500000000000004        147.16033002936595     
   7.5000000000000011E-002  0.42500000000000004        145.74721453140552     
  0.10000000000000001       0.42500000000000004        144.34203916751258     
  0.12500000000000000       0.42500000000000004        142.94725336928022     
  0.15000000000000002       0.42500000000000004        141.56515259093240     
  0.17500000000000002       0.42500000000000004        140.19785640008126     
  0.20000000000000001       0.42500000000000004        138.84729461795334     
  0.22500000000000001       0.42500000000000004        137.51520095028130     
  0.25000000000000000       0.42500000000000004        136.20311310062442     
  0.27500000000000002       0.42500000000000004        134.91237812310155     
  0.30000000000000004       0.42500000000000004        133.64416171801852     
  0.32500000000000001       0.42500000000000004        132.39946025108327     
  0.35000000000000003       0.42500000000000004        131.17911443313287     
  0.37500000000000000       0.42500000000000004        129.98382378920221     
  0.40000000000000002       0.42500000000000004        128.81416124192017     
  0.42500000000000004       0.42500000000000004        127.67058731490934     
  0.45000000000000001       0.42500000000000004        126.55346361687144     
  0.47500000000000003       0.42500000000000004        125.46306539292395     
  0.50000000000000000       0.42500000000000004        124.39959302736024     
  0.52500000000000002       0.42500000000000004        123.36318245447144     
  0.55000000000000004       0.42500000000000004        122.35391448551397     
  0.57500000000000007       0.42500000000000004        121.37182309455481     
  0.60000000000000009       0.42500000000000004        120.41690272763888     
  0.62500000000000000       0.42500000000000004        119.48911471182193     
  0.65000000000000002       0.42500000000000004        118.58839284578653     
  0.67500000000000004       0.42500000000000004        117.71464825411799     
  0.70000000000000007       0.42500000000000004        116.86777358448387     
  0.72500000000000009       0.42500000000000004        116.04764662211763     
  0.75000000000000000       0.42500000000000004        115.25413339002466     
  0.77500000000000002       0.42500000000000004        114.48709079679946     
  0.80000000000000004       0.42500000000000004        113.74636888728610     
  0.82500000000000007       0.42500000000000004        113.03181274479591     
  0.85000000000000009       0.42500000000000004        112.34326408736636     
  0.87500000000000000       0.42500000000000004        111.68056259470342     
  0.90000000000000002       0.42500000000000004        111.04354699702704     
  0.92500000000000004       0.42500000000000004        110.43205595202164     
  0.95000000000000007       0.42500000000000004        109.84592873147702     
  0.97500000000000009       0.42500000000000004        109.28500573492697     
   1.0000000000000000       0.42500000000000004        108.74912884361576     
 
   0.0000000000000000       0.45000000000000001        150.00000000000000     
   2.5000000000000001E-002  0.45000000000000001        148.58524718877766     
   5.0000000000000003E-002  0.45000000000000001        147.17310511251119     
   7.5000000000000011E-002  0.45000000000000001        145.76614457954631     
  0.10000000000000001       0.45000000000000001        144.36685879749052     
  0.12500000000000000       0.45000000000000001        142.97762992615000     
  0.15000000000000002       0.45000000000000001        141.60070133754070     
  0.17500000000000002       0.45000000000000001        140.23815645268584     
  0.20000000000000001       0.45000000000000001        138.89190440777057     
  0.22500000000000001       0.45000000000000001        137.56367226706186     
  0.25000000000000000       0.45000000000000001        136.25500310046218     
  0.27500000000000002       0.45000000000000001        134.96725899664588     
  0.30000000000000004       0.45000000000000001        133.70162797691100     
  0.32500000000000001       0.45000000000000001        132.45913378174117     
  0.35000000000000003       0.45000000000000001        131.24064758719572     
  0.37500000000000000       0.45000000000000001        130.04690083891910     
  0.40000000000000002       0.45000000000000001        128.87849854109558     
  0.42500000000000004       0.45000000000000001        127.73593248683378     
  0.45000000000000001       0.45000000000000001        126.61959405305367     
  0.47500000000000003       0.45000000000000001        125.52978630054224     
  0.50000000000000000       0.45000000000000001        124.46673521620293     
  0.52500000000000002       0.45000000000000001        123.43060001013394     
  0.55000000000000004       0.45000000000000001        122.42148243709835     
  0.57500000000000007       0.45000000000000001        121.43943515297633     
  0.60000000000000009       0.45000000000000001        120.48446914485211     
  0.62500000000000000       0.45000000000000001        119.55656029129004     
  0.65000000000000002       0.45000000000000001        118.65565511951564     
  0.67500000000000004       0.45000000000000001        117.78167583070110     
  0.70000000000000007       0.45000000000000001        116.93452466499984     
  0.72500000000000009       0.45000000000000001        116.11408767567073     
  0.75000000000000000       0.45000000000000001        115.32023797755555     
  0.77500000000000002       0.45000000000000001        114.55283853003931     
  0.80000000000000004       0.45000000000000001        113.81174450894926     
  0.82500000000000007       0.45000000000000001        113.09680531600239     
  0.85000000000000009       0.45000000000000001        112.40786626861249     
  0.87500000000000000       0.45000000000000001        111.74477000728221     
  0.90000000000000002       0.45000000000000001        111.10735765250617     
  0.92500000000000004       0.45000000000000001        110.49546973812816     
  0.95000000000000007       0.45000000000000001        109.90894694344807     
  0.97500000000000009       0.45000000000000001        109.34763064201898     
   1.0000000000000000       0.45000000000000001        108.81136328099261     
 
   0.0000000000000000       0.47500000000000003        150.00000000000000     
   2.5000000000000001E-002  0.47500000000000003        148.58907153231070     
   5.0000000000000003E-002  0.47500000000000003        147.18069865235472     
   7.5000000000000011E-002  0.47500000000000003        145.77739987677779     
  0.10000000000000001       0.47500000000000003        144.38162151675314     
  0.12500000000000000       0.47500000000000003        142.99570620028891     
  0.15000000000000002       0.47500000000000003        141.62186638039458     
  0.17500000000000002       0.47500000000000003        140.26216366535107     
  0.20000000000000001       0.47500000000000003        138.91849429338123     
  0.22500000000000001       0.47500000000000003        137.59258060973340     
  0.25000000000000000       0.47500000000000003        136.28596803751626     
  0.27500000000000002       0.47500000000000003        135.00002678610895     
  0.30000000000000004       0.47500000000000003        133.73595741123867     
  0.32500000000000001       0.47500000000000003        132.49479931177456     
  0.35000000000000003       0.47500000000000003        131.27744129498970     
  0.37500000000000000       0.47500000000000003        130.08463343818292     
  0.40000000000000002       0.47500000000000003        128.91699959670930     
  0.42500000000000004       0.47500000000000003        127.77505003827666     
  0.45000000000000001       0.47500000000000003        126.65919380796717     
  0.47500000000000003       0.47500000000000003        125.56975053998842     
  0.50000000000000000       0.47500000000000003        124.50696152677561     
  0.52500000000000002       0.47500000000000003        123.47099993276282     
  0.55000000000000004       0.47500000000000003        122.46198009976925     
  0.57500000000000007       0.47500000000000003        121.47996593540016     
  0.60000000000000009       0.47500000000000003        120.52497840750333     
  0.62500000000000000       0.47500000000000003        119.59700218897039     
  0.65000000000000002       0.47500000000000003        118.69599151028478     
  0.67500000000000004       0.47500000000000003        117.82187528417114     
  0.70000000000000007       0.47500000000000003        116.97456156914394     
  0.72500000000000009       0.47500000000000003        116.15394143800968     
  0.75000000000000000       0.47500000000000003        115.35989231448754     
  0.77500000000000002       0.47500000000000003        114.59228083685282     
  0.80000000000000004       0.47500000000000003        113.85096530246931     
  0.82500000000000007       0.47500000000000003        113.13579774165204     
  0.85000000000000009       0.47500000000000003        112.44662566379884     
  0.87500000000000000       0.47500000000000003        111.78329351330692     
  0.90000000000000002       0.47500000000000003        111.14564386758728     
  0.92500000000000004       0.47500000000000003        110.53351840453669     
  0.95000000000000007       0.47500000000000003        109.94675866216822     
  0.97500000000000009       0.47500000000000003        109.38520660870850     
   1.0000000000000000       0.47500000000000003        108.84870503732922     
 
   0.0000000000000000       0.50000000000000000        150.00000000000000     
   2.5000000000000001E-002  0.50000000000000000        148.59034028811021     
   5.0000000000000003E-002  0.50000000000000000        147.18321808781940     
   7.5000000000000011E-002  0.50000000000000000        145.78113475845765     
  0.10000000000000001       0.50000000000000000        144.38652119245543     
  0.12500000000000000       0.50000000000000000        143.00170697785768     
  0.15000000000000002       0.50000000000000000        141.62889431839733     
  0.17500000000000002       0.50000000000000000        140.27013753494228     
  0.20000000000000001       0.50000000000000000        138.92732849066977     
  0.22500000000000001       0.50000000000000000        137.60218784097430     
  0.25000000000000000       0.50000000000000000        136.29626165376038     
  0.27500000000000002       0.50000000000000000        135.01092269903455     
  0.30000000000000004       0.50000000000000000        133.74737557016019     
  0.32500000000000001       0.50000000000000000        132.50666475912871     
  0.35000000000000003       0.50000000000000000        131.28968484280546     
  0.37500000000000000       0.50000000000000000        130.09719202211340     
  0.40000000000000002       0.50000000000000000        128.92981636928221     
  0.42500000000000004       0.50000000000000000        127.78807426159655     
  0.45000000000000001       0.50000000000000000        126.67238060055001     
  0.47500000000000003       0.50000000000000000        125.58306052466884     
  0.50000000000000000       0.50000000000000000        124.52036041814821     
  0.52500000000000002       0.50000000000000000        123.48445809437254     
  0.55000000000000004       0.50000000000000000        122.47547209381580     
  0.57500000000000007       0.50000000000000000        121.49347008135172     
  0.60000000000000009       0.50000000000000000        120.53847636079051     
  0.62500000000000000       0.50000000000000000        119.61047854680342     
  0.65000000000000002       0.50000000000000000        118.70943344848205     
  0.67500000000000004       0.50000000000000000        117.83527222655489     
  0.70000000000000007       0.50000000000000000        116.98790488939497     
  0.72500000000000009       0.50000000000000000        116.16722419273664     
  0.75000000000000000       0.50000000000000000        115.37310900553179     
  0.77500000000000002       0.50000000000000000        114.60542720041514     
  0.80000000000000004       0.50000000000000000        113.86403812242290     
  0.82500000000000007       0.50000000000000000        113.14879468433773     
  0.85000000000000009       0.50000000000000000        112.45954513162377     
  0.87500000000000000       0.50000000000000000        111.79613451455931     
  0.90000000000000002       0.50000000000000000        111.15840589999934     
  0.92500000000000004       0.50000000000000000        110.54620135026313     
  0.95000000000000007       0.50000000000000000        109.95936269197939     
  0.97500000000000009       0.50000000000000000        109.39773209331773     
   1.0000000000000000       0.50000000000000000        108.86115246387399     
 
   0.0000000000000000       0.52500000000000002        150.00000000000000     
   2.5000000000000001E-002  0.52500000000000002        148.58907153231070     
   5.0000000000000003E-002  0.52500000000000002        147.18069865235492     
   7.5000000000000011E-002  0.52500000000000002        145.77739987677811     
  0.10000000000000001       0.52500000000000002        144.38162151675340     
  0.12500000000000000       0.52500000000000002        142.99570620028902     
  0.15000000000000002       0.52500000000000002        141.62186638039455     
  0.17500000000000002       0.52500000000000002        140.26216366535101     
  0.20000000000000001       0.52500000000000002        138.91849429338123     
  0.22500000000000001       0.52500000000000002        137.59258060973352     
  0.25000000000000000       0.52500000000000002        136.28596803751626     
  0.27500000000000002       0.52500000000000002        135.00002678610895     
  0.30000000000000004       0.52500000000000002        133.73595741123884     
  0.32500000000000001       0.52500000000000002        132.49479931177467     
  0.35000000000000003       0.52500000000000002        131.27744129498981     
  0.37500000000000000       0.52500000000000002        130.08463343818309     
  0.40000000000000002       0.52500000000000002        128.91699959670964     
  0.42500000000000004       0.52500000000000002        127.77505003827710     
  0.45000000000000001       0.52500000000000002        126.65919380796758     
  0.47500000000000003       0.52500000000000002        125.56975053998883     
  0.50000000000000000       0.52500000000000002        124.50696152677597     
  0.52500000000000002       0.52500000000000002        123.47099993276321     
  0.55000000000000004       0.52500000000000002        122.46198009976960     
  0.57500000000000007       0.52500000000000002        121.47996593540047     
  0.60000000000000009       0.52500000000000002        120.52497840750354     
  0.62500000000000000       0.52500000000000002        119.59700218897068     
  0.65000000000000002       0.52500000000000002        118.69599151028508     
  0.67500000000000004       0.52500000000000002        117.82187528417154     
  0.70000000000000007       0.52500000000000002        116.97456156914440     
  0.72500000000000009       0.52500000000000002        116.15394143801009     
  0.75000000000000000       0.52500000000000002        115.35989231448774     
  0.77500000000000002       0.52500000000000002        114.59228083685301     
  0.80000000000000004       0.52500000000000002        113.85096530246952     
  0.82500000000000007       0.52500000000000002        113.13579774165234     
  0.85000000000000009       0.52500000000000002        112.44662566379908     
  0.87500000000000000       0.52500000000000002        111.78329351330723     
  0.90000000000000002       0.52500000000000002        111.14564386758762     
  0.92500000000000004       0.52500000000000002        110.53351840453702     
  0.95000000000000007       0.52500000000000002        109.94675866216858     
  0.97500000000000009       0.52500000000000002        109.38520660870887     
   1.0000000000000000       0.52500000000000002        108.84870503732957     
 
   0.0000000000000000       0.55000000000000004        150.00000000000000     
   2.5000000000000001E-002  0.55000000000000004        148.58524718877769     
   5.0000000000000003E-002  0.55000000000000004        147.17310511251131     
   7.5000000000000011E-002  0.55000000000000004        145.76614457954648     
  0.10000000000000001       0.55000000000000004        144.36685879749083     
  0.12500000000000000       0.55000000000000004        142.97762992615031     
  0.15000000000000002       0.55000000000000004        141.60070133754087     
  0.17500000000000002       0.55000000000000004        140.23815645268598     
  0.20000000000000001       0.55000000000000004        138.89190440777071     
  0.22500000000000001       0.55000000000000004        137.56367226706203     
  0.25000000000000000       0.55000000000000004        136.25500310046235     
  0.27500000000000002       0.55000000000000004        134.96725899664628     
  0.30000000000000004       0.55000000000000004        133.70162797691151     
  0.32500000000000001       0.55000000000000004        132.45913378174154     
  0.35000000000000003       0.55000000000000004        131.24064758719601     
  0.37500000000000000       0.55000000000000004        130.04690083891950     
  0.40000000000000002       0.55000000000000004        128.87849854109601     
  0.42500000000000004       0.55000000000000004        127.73593248683432     
  0.45000000000000001       0.55000000000000004        126.61959405305431     
  0.47500000000000003       0.55000000000000004        125.52978630054285     
  0.50000000000000000       0.55000000000000004        124.46673521620355     
  0.52500000000000002       0.55000000000000004        123.43060001013444     
  0.55000000000000004       0.55000000000000004        122.42148243709896     
  0.57500000000000007       0.55000000000000004        121.43943515297697     
  0.60000000000000009       0.55000000000000004        120.48446914485272     
  0.62500000000000000       0.55000000000000004        119.55656029129061     
  0.65000000000000002       0.55000000000000004        118.65565511951625     
  0.67500000000000004       0.55000000000000004        117.78167583070181     
  0.70000000000000007       0.55000000000000004        116.93452466500059     
  0.72500000000000009       0.55000000000000004        116.11408767567136     
  0.75000000000000000       0.55000000000000004        115.32023797755619     
  0.77500000000000002       0.55000000000000004        114.55283853003985     
  0.80000000000000004       0.55000000000000004        113.81174450894994     
  0.82500000000000007       0.55000000000000004        113.09680531600306     
  0.85000000000000009       0.55000000000000004        112.40786626861312     
  0.87500000000000000       0.55000000000000004        111.74477000728287     
  0.90000000000000002       0.55000000000000004        111.10735765250685     
  0.92500000000000004       0.55000000000000004        110.49546973812888     
  0.95000000000000007       0.55000000000000004        109.90894694344880     
  0.97500000000000009       0.55000000000000004        109.34763064201979     
   1.0000000000000000       0.55000000000000004        108.81136328099339     
 
   0.0000000000000000       0.57500000000000007        150.00000000000000     
   2.5000000000000001E-002  0.57500000000000007        148.57881211028879     
   5.0000000000000003E-002  0.57500000000000007        147.16033002936609     
   7.5000000000000011E-002  0.57500000000000007        145.74721453140589     
  0.10000000000000001       0.57500000000000007        144.34203916751301     
  0.12500000000000000       0.57500000000000007        142.94725336928065     
  0.15000000000000002       0.57500000000000007        141.56515259093271     
  0.17500000000000002       0.57500000000000007        140.19785640008155     
  0.20000000000000001       0.57500000000000007        138.84729461795368     
  0.22500000000000001       0.57500000000000007        137.51520095028167     
  0.25000000000000000       0.57500000000000007        136.20311310062499     
  0.27500000000000002       0.57500000000000007        134.91237812310223     
  0.30000000000000004       0.57500000000000007        133.64416171801926     
  0.32500000000000001       0.57500000000000007        132.39946025108389     
  0.35000000000000003       0.57500000000000007        131.17911443313352     
  0.37500000000000000       0.57500000000000007        129.98382378920289     
  0.40000000000000002       0.57500000000000007        128.81416124192083     
  0.42500000000000004       0.57500000000000007        127.67058731491009     
  0.45000000000000001       0.57500000000000007        126.55346361687224     
  0.47500000000000003       0.57500000000000007        125.46306539292472     
  0.50000000000000000       0.57500000000000007        124.39959302736101     
  0.52500000000000002       0.57500000000000007        123.36318245447207     
  0.55000000000000004       0.57500000000000007        122.35391448551468     
  0.57500000000000007       0.57500000000000007        121.37182309455572     
  0.60000000000000009       0.57500000000000007        120.41690272763978     
  0.62500000000000000       0.57500000000000007        119.48911471182274     
  0.65000000000000002       0.57500000000000007        118.58839284578734     
  0.67500000000000004       0.57500000000000007        117.71464825411897     
  0.70000000000000007       0.57500000000000007        116.86777358448475     
  0.72500000000000009       0.57500000000000007        116.04764662211855     
  0.75000000000000000       0.57500000000000007        115.25413339002564     
  0.77500000000000002       0.57500000000000007        114.48709079680030     
  0.80000000000000004       0.57500000000000007        113.74636888728691     
  0.82500000000000007       0.57500000000000007        113.03181274479684     
  0.85000000000000009       0.57500000000000007        112.34326408736720     
  0.87500000000000000       0.57500000000000007        111.68056259470431     
  0.90000000000000002       0.57500000000000007        111.04354699702805     
  0.92500000000000004       0.57500000000000007        110.43205595202269     
  0.95000000000000007       0.57500000000000007        109.84592873147801     
  0.97500000000000009       0.57500000000000007        109.28500573492786     
   1.0000000000000000       0.57500000000000007        108.74912884361665     
 
   0.0000000000000000       0.60000000000000009        150.00000000000000     
   2.5000000000000001E-002  0.60000000000000009        148.56967122301157     
   5.0000000000000003E-002  0.60000000000000009        147.14218836325867     
   7.5000000000000011E-002  0.60000000000000009        145.72034434919814     
  0.10000000000000001       0.60000000000000009        144.30682997187495     
  0.12500000000000000       0.60000000000000009        142.90419179252663     
  0.15000000000000002       0.60000000000000009        141.51479925682759     
  0.17500000000000002       0.60000000000000009        140.14082193875379     
  0.20000000000000001       0.60000000000000009        138.78421671368082     
  0.22500000000000001       0.60000000000000009        137.44672381548605     
  0.25000000000000000       0.60000000000000009        136.12987022865357     
  0.27500000000000002       0.60000000000000009        134.83497867711839     
  0.30000000000000004       0.60000000000000009        133.56318052097930     
  0.32500000000000001       0.60000000000000009        132.31543107144134     
  0.35000000000000003       0.60000000000000009        131.09252610505112     
  0.37500000000000000       0.60000000000000009        129.89511864283779     
  0.40000000000000002       0.60000000000000009        128.72373532247434     
  0.42500000000000004       0.60000000000000009        127.57879191401300     
  0.45000000000000001       0.60000000000000009        126.46060770659976     
  0.47500000000000003       0.60000000000000009        125.36941862692267     
  0.50000000000000000       0.60000000000000009        124.30538904584348     
  0.52500000000000002       0.60000000000000009        123.26862229487810     
  0.55000000000000004       0.60000000000000009        122.25916995593201     
  0.57500000000000007       0.60000000000000009        121.27704001209143     
  0.60000000000000009       0.60000000000000009        120.32220395932784     
  0.62500000000000000       0.60000000000000009        119.39460298257319     
  0.65000000000000002       0.60000000000000009        118.49415329769134     
  0.67500000000000004       0.60000000000000009        117.62075075550159     
  0.70000000000000007       0.60000000000000009        116.77427479670101     
  0.72500000000000009       0.60000000000000009        115.95459183829230     
  0.75000000000000000       0.60000000000000009        115.16155816362746     
  0.77500000000000002       0.60000000000000009        114.39502237984883     
  0.80000000000000004       0.60000000000000009        113.65482749860061     
  0.82500000000000007       0.60000000000000009        112.94081268853007     
  0.85000000000000009       0.60000000000000009        112.25281474135456     
  0.87500000000000000       0.60000000000000009        111.59066928713916     
  0.90000000000000002       0.60000000000000009        110.95421178887815     
  0.92500000000000004       0.60000000000000009        110.34327834145576     
  0.95000000000000007       0.60000000000000009        109.75770629551266     
  0.97500000000000009       0.60000000000000009        109.19733472259712     
   1.0000000000000000       0.60000000000000009        108.66200473416264     
 
   0.0000000000000000       0.62500000000000000        150.00000000000000     
   2.5000000000000001E-002  0.62500000000000000        148.55768441849864     
   5.0000000000000003E-002  0.62500000000000000        147.11840785145884     
   7.5000000000000011E-002  0.62500000000000000        145.68514453025259     
  0.10000000000000001       0.62500000000000000        144.26074457826195     
  0.12500000000000000       0.62500000000000000        142.84788457212355     
  0.15000000000000002       0.62500000000000000        141.44903070509750     
  0.17500000000000002       0.62500000000000000        140.06641538442508     
  0.20000000000000001       0.62500000000000000        138.70202648252987     
  0.22500000000000001       0.62500000000000000        137.35760736932812     
  0.25000000000000000       0.62500000000000000        136.03466532138469     
  0.27500000000000002       0.62500000000000000        134.73448583573833     
  0.30000000000000004       0.62500000000000000        133.45815061733805     
  0.32500000000000001       0.62500000000000000        132.20655740865070     
  0.35000000000000003       0.62500000000000000        130.98044027279184     
  0.37500000000000000       0.62500000000000000        129.78038935462243     
  0.40000000000000002       0.62500000000000000        128.60686949112568     
  0.42500000000000004       0.62500000000000000        127.46023731206795     
  0.45000000000000001       0.62500000000000000        126.34075666859113     
  0.47500000000000003       0.62500000000000000        125.24861236232256     
  0.50000000000000000       0.62500000000000000        124.18392223421205     
  0.52500000000000002       0.62500000000000000        123.14674772326497     
  0.55000000000000004       0.62500000000000000        122.13710303124365     
  0.57500000000000007       0.62500000000000000        121.15496303855012     
  0.60000000000000009       0.62500000000000000        120.20027011500690     
  0.62500000000000000       0.62500000000000000        119.27293996145085     
  0.65000000000000002       0.62500000000000000        118.37286660690329     
  0.67500000000000004       0.62500000000000000        117.49992667349524     
  0.70000000000000007       0.62500000000000000        116.65398300852544     
  0.72500000000000009       0.62500000000000000        115.83488777072199     
  0.75000000000000000       0.62500000000000000        115.04248504634272     
  0.77500000000000002       0.62500000000000000        114.27661306036683     
  0.80000000000000004       0.62500000000000000        113.53710603873685     
  0.82500000000000007       0.62500000000000000        112.82379576936832     
  0.85000000000000009       0.62500000000000000        112.13651290238170     
  0.87500000000000000       0.62500000000000000        111.47508802361959     
  0.90000000000000002       0.62500000000000000        110.83935252988964     
  0.92500000000000004       0.62500000000000000        110.22913932940931     
  0.95000000000000007       0.62500000000000000        109.64428338651960     
  0.97500000000000009       0.62500000000000000        109.08462212578527     
   1.0000000000000000       0.62500000000000000        108.54999570701682     
 
   0.0000000000000000       0.65000000000000002        150.00000000000000     
   2.5000000000000001E-002  0.65000000000000002        148.54265859952426     
   5.0000000000000003E-002  0.65000000000000002        147.08861409382573     
   7.5000000000000011E-002  0.65000000000000002        145.64108134209124     
  0.10000000000000001       0.65000000000000002        144.20311923879677     
  0.12500000000000000       0.65000000000000002        142.77757121260817     
  0.15000000000000002       0.65000000000000002        141.36702360701383     
  0.17500000000000002       0.65000000000000002        139.97378241131906     
  0.20000000000000001       0.65000000000000002        138.59986646268527     
  0.22500000000000001       0.65000000000000002        137.24701385791192     
  0.25000000000000000       0.65000000000000002        135.91669785181881     
  0.27500000000000002       0.65000000000000002        134.61014872711212     
  0.30000000000000004       0.65000000000000002        133.32837870398384     
  0.32500000000000001       0.65000000000000002        132.07220767303156     
  0.35000000000000003       0.65000000000000002        130.84228822284314     
  0.37500000000000000       0.65000000000000002        129.63912901173450     
  0.40000000000000002       0.65000000000000002        128.46311597533813     
  0.42500000000000004       0.65000000000000002        127.31453117454168     
  0.45000000000000001       0.65000000000000002        126.19356929337415     
  0.47500000000000003       0.65000000000000002        125.10035191956445     
  0.50000000000000000       0.65000000000000002        124.03493980541721     
  0.52500000000000002       0.65000000000000002        122.99734333272595     
  0.55000000000000004       0.65000000000000002        121.98753140722737     
  0.57500000000000007       0.65000000000000002        121.00543899585873     
  0.60000000000000009       0.65000000000000002        120.05097350069894     
  0.62500000000000000       0.65000000000000002        119.12402014131992     
  0.65000000000000002       0.65000000000000002        118.22444649497574     
  0.67500000000000004       0.65000000000000002        117.35210632305048     
  0.70000000000000007       0.65000000000000002        116.50684279318348     
  0.72500000000000009       0.65000000000000002        115.68849118972753     
  0.75000000000000000       0.65000000000000002        114.89688119065443     
  0.77500000000000002       0.65000000000000002        114.13183877653880     
  0.80000000000000004       0.65000000000000002        113.39318782661154     
  0.82500000000000007       0.65000000000000002        112.68075144782473     
  0.85000000000000009       0.65000000000000002        111.99435307518439     
  0.87500000000000000       0.65000000000000002        111.33381737506777     
  0.90000000000000002       0.65000000000000002        110.69897097765147     
  0.92500000000000004       0.65000000000000002        110.08964305977241     
  0.95000000000000007       0.65000000000000002        109.50566579537114     
  0.97500000000000009       0.65000000000000002        108.94687468700751     
   1.0000000000000000       0.65000000000000002        108.41310878867171     
 
   0.0000000000000000       0.67500000000000004        150.00000000000000     
   2.5000000000000001E-002  0.67500000000000004        148.52433588577256     
   5.0000000000000003E-002  0.67500000000000004        147.05230858222836     
   7.5000000000000011E-002  0.67500000000000004        145.58744750549008     
  0.10000000000000001       0.67500000000000004        144.13307982222577     
  0.12500000000000000       0.67500000000000004        142.69225743249862     
  0.15000000000000002       0.67500000000000004        141.26771009903072     
  0.17500000000000002       0.67500000000000004        139.86182419115201     
  0.20000000000000001       0.67500000000000004        138.47664309897996     
  0.22500000000000001       0.67500000000000004        137.11388374781552     
  0.25000000000000000       0.67500000000000004        135.77496350086639     
  0.27500000000000002       0.67500000000000004        134.46103251690764     
  0.30000000000000004       0.67500000000000004        133.17300779845388     
  0.32500000000000001       0.67500000000000004        131.91160635664821     
  0.35000000000000003       0.67500000000000004        130.67737593381457     
  0.37500000000000000       0.67500000000000004        129.47072249413438     
  0.40000000000000002       0.67500000000000004        128.29193422395056     
  0.42500000000000004       0.67500000000000004        127.14120211738644     
  0.45000000000000001       0.67500000000000004        126.01863741079920     
  0.47500000000000003       0.67500000000000004        124.92428621714403     
  0.50000000000000000       0.67500000000000004        123.85814173516650     
  0.52500000000000002       0.67500000000000004        122.82015439499423     
  0.55000000000000004       0.67500000000000004        121.81024026908109     
  0.57500000000000007       0.67500000000000004        120.82828803695865     
  0.60000000000000009       0.67500000000000004        119.87416475061026     
  0.62500000000000000       0.67500000000000004        118.94772060815423     
  0.65000000000000002       0.67500000000000004        118.04879290862931     
  0.67500000000000004       0.67500000000000004        117.17720933054754     
  0.70000000000000007       0.67500000000000004        116.33279065143027     
  0.72500000000000009       0.67500000000000004        115.51535300435037     
  0.75000000000000000       0.67500000000000004        114.72470975000886     
  0.77500000000000002       0.67500000000000004        113.96067302852238     
  0.80000000000000004       0.67500000000000004        113.22305504334572     
  0.82500000000000007       0.67500000000000004        112.51166912013451     
  0.85000000000000009       0.67500000000000004        111.82633057546336     
  0.87500000000000000       0.67500000000000004        111.16685742381559     
  0.90000000000000002       0.67500000000000004        110.53307094587619     
  0.92500000000000004       0.67500000000000004        109.92479613665762     
  0.95000000000000007       0.67500000000000004        109.34186204818498     
  0.97500000000000009       0.67500000000000004        108.78410203820208     
   1.0000000000000000       0.67500000000000004        108.25135393351340     
 
   0.0000000000000000       0.70000000000000007        150.00000000000000     
   2.5000000000000001E-002  0.70000000000000007        148.50237636133767     
   5.0000000000000003E-002  0.70000000000000007        147.00883684382498     
   7.5000000000000011E-002  0.70000000000000007        145.52332027541527     
  0.10000000000000001       0.70000000000000007        144.04949511211760     
  0.12500000000000000       0.70000000000000007        142.59066859612955     
  0.15000000000000002       0.70000000000000007        141.14973516545828     
  0.17500000000000002       0.70000000000000007        139.72916115527838     
  0.20000000000000001       0.70000000000000007        138.33099799426680     
  0.22500000000000001       0.70000000000000007        136.95691453350349     
  0.25000000000000000       0.70000000000000007        135.60823988692368     
  0.27500000000000002       0.70000000000000007        134.28601004119838     
  0.30000000000000004       0.70000000000000007        132.99101361627575     
  0.32500000000000001       0.70000000000000007        131.72383402129265     
  0.35000000000000003       0.70000000000000007        130.48488666163252     
  0.37500000000000000       0.70000000000000007        129.27445080703794     
  0.40000000000000002       0.70000000000000007        128.09269630894337     
  0.42500000000000004       0.70000000000000007        126.93970566025428     
  0.45000000000000001       0.70000000000000007        125.81549201529234     
  0.47500000000000003       0.70000000000000007        124.72001380304583     
  0.50000000000000000       0.70000000000000007        123.65318652311041     
  0.52500000000000002       0.70000000000000007        122.61489224300364     
  0.55000000000000004       0.70000000000000007        121.60498723714407     
  0.57500000000000007       0.70000000000000007        120.62330813228458     
  0.60000000000000009       0.70000000000000007        119.66967685662912     
  0.62500000000000000       0.70000000000000007        118.74390463205738     
  0.65000000000000002       0.70000000000000007        117.84579520084007     
  0.67500000000000004       0.70000000000000007        116.97514743908015     
  0.70000000000000007       0.70000000000000007        116.13175747763972     
  0.72500000000000009       0.70000000000000007        115.31542042623491     
  0.75000000000000000       0.70000000000000007        114.52593177650839     
  0.77500000000000002       0.70000000000000007        113.76308854419626     
  0.80000000000000004       0.70000000000000007        113.02669019811439     
  0.82500000000000007       0.70000000000000007        112.31653941390410     
  0.85000000000000009       0.70000000000000007        111.63244268271882     
  0.87500000000000000       0.70000000000000007        110.97421079885514     
  0.90000000000000002       0.70000000000000007        110.34165924537993     
  0.92500000000000004       0.70000000000000007        109.73460849279675     
  0.95000000000000007       0.70000000000000007        109.15288422250907     
  0.97500000000000009       0.70000000000000007        108.59631748410260     
   1.0000000000000000       0.70000000000000007        108.06474479314701     
 
   0.0000000000000000       0.72500000000000009        150.00000000000000     
   2.5000000000000001E-002  0.72500000000000009        148.47633271575319     
   5.0000000000000003E-002  0.72500000000000009        146.95734215631870     
   7.5000000000000011E-002  0.72500000000000009        145.44750164022847     
  0.10000000000000001       0.72500000000000009        143.95091175470000     
  0.12500000000000000       0.72500000000000009        142.47118667444352     
  0.15000000000000002       0.72500000000000009        141.01140081139445     
  0.17500000000000002       0.72500000000000009        139.57408727023636     
  0.20000000000000001       0.72500000000000009        138.16127318930526     
  0.22500000000000001       0.72500000000000009        136.77453650500789     
  0.25000000000000000       0.72500000000000009        135.41507147212656     
  0.27500000000000002       0.72500000000000009        134.08375414468642     
  0.30000000000000004       0.72500000000000009        132.78120260415815     
  0.32500000000000001       0.72500000000000009        131.50782945061425     
  0.35000000000000003       0.72500000000000009        130.26388588438479     
  0.37500000000000000       0.72500000000000009        129.04949776344131     
  0.40000000000000002       0.72500000000000009        127.86469454453098     
  0.42500000000000004       0.72500000000000009        126.70943219939490     
  0.45000000000000001       0.72500000000000009        125.58361118707012     
  0.47500000000000003       0.72500000000000009        124.48709045663644     
  0.50000000000000000       0.72500000000000009        123.41969831122583     
  0.52500000000000002       0.72500000000000009        122.38124081676588     
  0.55000000000000004       0.72500000000000009        121.37150830420713     
  0.57500000000000007       0.72500000000000009        120.39028039840660     
  0.60000000000000009       0.72500000000000009        119.43732991156436     
  0.62500000000000000       0.72500000000000009        118.51242586260594     
  0.65000000000000002       0.72500000000000009        117.61533582359331     
  0.67500000000000004       0.72500000000000009        116.74582774729315     
  0.70000000000000007       0.72500000000000009        115.90367139381361     
  0.72500000000000009       0.72500000000000009        115.08863944644108     
  0.75000000000000000       0.72500000000000009        114.30050838559374     
  0.77500000000000002       0.72500000000000009        113.53905917364001     
  0.80000000000000004       0.72500000000000009        112.80407779101138     
  0.82500000000000007       0.72500000000000009        112.09535565464869     
  0.85000000000000009       0.72500000000000009        111.41268994265285     
  0.87500000000000000       0.72500000000000009        110.75588384350633     
  0.90000000000000002       0.72500000000000009        110.12474674399162     
  0.92500000000000004       0.72500000000000009        109.51909436664043     
  0.95000000000000007       0.72500000000000009        108.93874886495189     
  0.97500000000000009       0.72500000000000009        108.38353888255233     
   1.0000000000000000       0.72500000000000009        107.85329958078408     
 
   0.0000000000000000       0.75000000000000000        150.00000000000000     
   2.5000000000000001E-002  0.75000000000000000        148.44561234535644     
   5.0000000000000003E-002  0.75000000000000000        146.89669742546829     
   7.5000000000000011E-002  0.75000000000000000        145.35843237448012     
  0.10000000000000001       0.75000000000000000        143.83546359201057     
  0.12500000000000000       0.75000000000000000        142.33176553555037     
  0.15000000000000002       0.75000000000000000        140.85059413543954     
  0.17500000000000002       0.75000000000000000        139.39451392496727     
  0.20000000000000001       0.75000000000000000        137.96547098770961     
  0.22500000000000001       0.75000000000000000        136.56488682509635     
  0.25000000000000000       0.75000000000000000        135.19375535188811     
  0.27500000000000002       0.75000000000000000        133.85273246126278     
  0.30000000000000004       0.75000000000000000        132.54221320505633     
  0.32500000000000001       0.75000000000000000        131.26239529262133     
  0.35000000000000003       0.75000000000000000        130.01332966185134     
  0.37500000000000000       0.75000000000000000        128.79495981781170     
  0.40000000000000002       0.75000000000000000        127.60715190634411     
  0.42500000000000004       0.75000000000000000        126.44971740572426     
  0.45000000000000001       0.75000000000000000        125.32243007695666     
  0.47500000000000003       0.75000000000000000        124.22503852520408     
  0.50000000000000000       0.75000000000000000        123.15727544839051     
  0.52500000000000002       0.75000000000000000        122.11886440862695     
  0.55000000000000004       0.75000000000000000        121.10952476451180     
  0.57500000000000007       0.75000000000000000        120.12897524557039     
  0.60000000000000009       0.75000000000000000        119.17693652861570     
  0.62500000000000000       0.75000000000000000        118.25313308320899     
  0.65000000000000002       0.75000000000000000        117.35729448363411     
  0.67500000000000004       0.75000000000000000        116.48915633268543     
  0.70000000000000007       0.75000000000000000        115.64846090388059     
  0.72500000000000009       0.75000000000000000        114.83495758012204     
  0.75000000000000000       0.75000000000000000        114.04840314578520     
  0.77500000000000002       0.75000000000000000        113.28856197375887     
  0.80000000000000004       0.75000000000000000        112.55520613764237     
  0.82500000000000007       0.75000000000000000        111.84811547102613     
  0.85000000000000009       0.75000000000000000        111.16707758973760     
  0.87500000000000000       0.75000000000000000        110.51188788852541     
  0.90000000000000002       0.75000000000000000        109.88234952043950     
  0.92500000000000004       0.75000000000000000        109.27827336482147     
  0.95000000000000007       0.75000000000000000        108.69947798810574     
  0.97500000000000009       0.75000000000000000        108.14578960037076     
   1.0000000000000000       0.75000000000000000        107.61704200964446     
 
   0.0000000000000000       0.77500000000000002        150.00000000000000     
   2.5000000000000001E-002  0.77500000000000002        148.40941924020439     
   5.0000000000000003E-002  0.77500000000000002        146.82540282571776     
   7.5000000000000011E-002  0.77500000000000002        145.25406684021291     
  0.10000000000000001       0.77500000000000002        143.70074470331184     
  0.12500000000000000       0.77500000000000002        142.16981774030785     
  0.15000000000000002       0.77500000000000002        140.66469626984610     
  0.17500000000000002       0.77500000000000002        139.18790330648346     
  0.20000000000000001       0.77500000000000002        137.74121001146969     
  0.22500000000000001       0.77500000000000002        136.32578445577985     
  0.25000000000000000       0.77500000000000002        134.94233064906672     
  0.27500000000000002       0.77500000000000002        133.59120714342049     
  0.30000000000000004       0.77500000000000002        132.27252246218296     
  0.32500000000000001       0.77500000000000002        130.98620885296339     
  0.35000000000000003       0.77500000000000002        129.73207765258761     
  0.37500000000000000       0.77500000000000002        128.50985993961012     
  0.40000000000000002       0.77500000000000002        127.31923585730934     
  0.42500000000000004       0.77500000000000002        126.15985544020145     
  0.45000000000000001       0.77500000000000002        125.03135318982821     
  0.47500000000000003       0.77500000000000002        123.93335811883296     
  0.50000000000000000       0.77500000000000002        122.86550054850515     
  0.52500000000000002       0.77500000000000002        121.82741660483970     
  0.55000000000000004       0.77500000000000002        120.81875109964287     
  0.57500000000000007       0.77500000000000002        119.83915929074742     
  0.60000000000000009       0.77500000000000002        118.88830787411922     
  0.62500000000000000       0.77500000000000002        117.96587545798036     
  0.65000000000000002       0.77500000000000002        117.07155269504872     
  0.67500000000000004       0.77500000000000002        116.20504219593386     
  0.70000000000000007       0.77500000000000002        115.36605830890126     
  0.72500000000000009       0.77500000000000002        114.55432682438128     
  0.75000000000000000       0.77500000000000002        113.76958464366622     
  0.77500000000000002       0.77500000000000002        113.01157943796780     
  0.80000000000000004       0.77500000000000002        112.28006931477312     
  0.82500000000000007       0.77500000000000002        111.57482250207585     
  0.85000000000000009       0.77500000000000002        110.89561705674595     
  0.87500000000000000       0.77500000000000002        110.24224060041819     
  0.90000000000000002       0.77500000000000002        109.61449008441942     
  0.92500000000000004       0.77500000000000002        109.01217158410033     
  0.95000000000000007       0.77500000000000002        108.43510012227885     
  0.97500000000000009       0.77500000000000002        107.88309952118047     
   1.0000000000000000       0.77500000000000002        107.35600228217280     
 
   0.0000000000000000       0.80000000000000004        150.00000000000000     
   2.5000000000000001E-002  0.80000000000000004        148.36666178974318     
   5.0000000000000003E-002  0.80000000000000004        146.74142779698556     
   7.5000000000000011E-002  0.80000000000000004        145.13168745734194     
  0.10000000000000001       0.80000000000000004        143.54363064071606     
  0.12500000000000000       0.80000000000000004        141.98206445252308     
  0.15000000000000002       0.80000000000000004        140.45046989715345     
  0.17500000000000002       0.80000000000000004        138.95119301965101     
  0.20000000000000001       0.80000000000000004        137.48568129590564     
  0.22500000000000001       0.80000000000000004        136.05471033748648     
  0.25000000000000000       0.80000000000000004        134.65857564517864     
  0.27500000000000002       0.80000000000000004        133.29724300116933     
  0.30000000000000004       0.80000000000000004        131.97046064729153     
  0.32500000000000001       0.80000000000000004        130.67784000446136     
  0.35000000000000003       0.80000000000000004        129.41891215592560     
  0.37500000000000000       0.80000000000000004        128.19316643073191     
  0.40000000000000002       0.80000000000000004        127.00007614308161     
  0.42500000000000004       0.80000000000000004        125.83911530794404     
  0.45000000000000001       0.80000000000000004        124.70976912332182     
  0.47500000000000003       0.80000000000000004        123.61154021179415     
  0.50000000000000000       0.80000000000000004        122.54395202195738     
  0.52500000000000002       0.80000000000000004        121.50655036258382     
  0.55000000000000004       0.80000000000000004        120.49890373847239     
  0.57500000000000007       0.80000000000000004        119.52060294365714     
  0.60000000000000009       0.80000000000000004        118.57126021913332     
  0.62500000000000000       0.80000000000000004        117.65050817954456     
  0.65000000000000002       0.80000000000000004        116.75799864264653     
  0.67500000000000004       0.80000000000000004        115.89340144709976     
  0.70000000000000007       0.80000000000000004        115.05640331140935     
  0.72500000000000009       0.80000000000000004        114.24670676483569     
  0.75000000000000000       0.80000000000000004        113.46402916653037     
  0.77500000000000002       0.80000000000000004        112.70810181967323     
  0.80000000000000004       0.80000000000000004        111.97866918140649     
  0.82500000000000007       0.80000000000000004        111.27548816575816     
  0.85000000000000009       0.80000000000000004        110.59832753475216     
  0.87500000000000000       0.80000000000000004        109.94696737198203     
  0.90000000000000002       0.80000000000000004        109.32119863271950     
  0.92500000000000004       0.80000000000000004        108.72082276488149     
  0.95000000000000007       0.80000000000000004        108.14565139572898     
  0.97500000000000009       0.80000000000000004        107.59550607989958     
   1.0000000000000000       0.80000000000000004        107.07021810521297     
 
   0.0000000000000000       0.82500000000000007        150.00000000000000     
   2.5000000000000001E-002  0.82500000000000007        148.31580012178242     
   5.0000000000000003E-002  0.82500000000000007        146.64195911513937     
   7.5000000000000011E-002  0.82500000000000007        144.98762455145328     
  0.10000000000000001       0.82500000000000007        143.36002594968738     
  0.12500000000000000       0.82500000000000007        141.76433953191494     
  0.15000000000000002       0.82500000000000007        140.20392584659353     
  0.17500000000000002       0.82500000000000007        138.68071757906159     
  0.20000000000000001       0.82500000000000007        137.19561181501538     
  0.22500000000000001       0.82500000000000007        135.74879995308197     
  0.25000000000000000       0.82500000000000007        134.34001859299244     
  0.27500000000000002       0.82500000000000007        132.96872856878673     
  0.30000000000000004       0.82500000000000007        131.63423712135253     
  0.32500000000000001       0.82500000000000007        130.33577836166506     
  0.35000000000000003       0.82500000000000007        129.07256453592154     
  0.37500000000000000       0.82500000000000007        127.84381748431031     
  0.40000000000000002       0.82500000000000007        126.64878697634093     
  0.42500000000000004       0.82500000000000007        125.48676052517126     
  0.45000000000000001       0.82500000000000007        124.35706778372096     
  0.47500000000000003       0.82500000000000007        123.25908158306446     
  0.50000000000000000       0.82500000000000007        122.19221696494640     
  0.52500000000000002       0.82500000000000007        121.15592908506589     
  0.55000000000000004       0.82500000000000007        120.14971054800597     
  0.57500000000000007       0.82500000000000007        119.17308852627542     
  0.60000000000000009       0.82500000000000007        118.22562187921234     
  0.62500000000000000       0.82500000000000007        117.30689839841808     
  0.65000000000000002       0.82500000000000007        116.41653224889291     
  0.67500000000000004       0.82500000000000007        115.55416163840951     
  0.70000000000000007       0.82500000000000007        114.71944672480058     
  0.72500000000000009       0.82500000000000007        113.91206775702152     
  0.75000000000000000       0.82500000000000007        113.13172343794622     
  0.77500000000000002       0.82500000000000007        112.37812949278813     
  0.80000000000000004       0.82500000000000007        111.65101742542136     
  0.82500000000000007       0.82500000000000007        110.95013344479827     
  0.85000000000000009       0.82500000000000007        110.27523754452255     
  0.87500000000000000       0.82500000000000007        109.62610272003839     
  0.90000000000000002       0.82500000000000007        109.00251430959520     
  0.92500000000000004       0.82500000000000007        108.40426944697708     
  0.95000000000000007       0.82500000000000007        107.83117661585584     
  0.97500000000000009       0.82500000000000007        107.28305529747595     
   1.0000000000000000       0.82500000000000007        106.75973570519524     
 
   0.0000000000000000       0.85000000000000009        150.00000000000000     
   2.5000000000000001E-002  0.85000000000000009        148.25457958224715     
   5.0000000000000003E-002  0.85000000000000009        146.52298399033631     
   7.5000000000000011E-002  0.85000000000000009        144.81682568364465     
  0.10000000000000001       0.85000000000000009        143.14450907466517     
  0.12500000000000000       0.85000000000000009        141.51134187885572     
  0.15000000000000002       0.85000000000000009        139.92017637824418     
  0.17500000000000002       0.85000000000000009        138.37213963498615     
  0.20000000000000001       0.85000000000000009        136.86724843201242     
  0.22500000000000001       0.85000000000000009        135.40485906683341     
  0.25000000000000000       0.85000000000000009        133.98397020492254     
  0.27500000000000002       0.85000000000000009        132.60341555963271     
  0.30000000000000004       0.85000000000000009        131.26198090766655     
  0.32500000000000001       0.85000000000000009        129.95847178492471     
  0.35000000000000003       0.85000000000000009        128.69175014178498     
  0.37500000000000000       0.85000000000000009        127.46075199424689     
  0.40000000000000002       0.85000000000000009        126.26449375280066     
  0.42500000000000004       0.85000000000000009        125.10207203267886     
  0.45000000000000001       0.85000000000000009        123.97265990332636     
  0.47500000000000003       0.85000000000000009        122.87550137179628     
  0.50000000000000000       0.85000000000000009        121.80990516969783     
  0.52500000000000002       0.85000000000000009        120.77523846472761     
  0.55000000000000004       0.85000000000000009        119.77092084220992     
  0.57500000000000007       0.85000000000000009        118.79641873422632     
  0.60000000000000009       0.85000000000000009        117.85124037302251     
  0.62500000000000000       0.85000000000000009        116.93493128602252     
  0.65000000000000002       0.85000000000000009        116.04707031609762     
  0.67500000000000004       0.85000000000000009        115.18726613284466     
  0.70000000000000007       0.85000000000000009        114.35515419236195     
  0.72500000000000009       0.85000000000000009        113.55039410050368     
  0.75000000000000000       0.85000000000000009        112.77266733544491     
  0.77500000000000002       0.85000000000000009        112.02167528811191     
  0.80000000000000004       0.85000000000000009        111.29713758269250     
  0.82500000000000007       0.85000000000000009        110.59879064349086     
  0.85000000000000009       0.85000000000000009        109.92638647850137     
  0.87500000000000000       0.85000000000000009        109.27969165405392     
  0.90000000000000002       0.85000000000000009        108.65848643864580     
  0.92500000000000004       0.85000000000000009        108.06256409757600     
  0.95000000000000007       0.85000000000000009        107.49173032324123     
  0.97500000000000009       0.85000000000000009        106.94580278895327     
   1.0000000000000000       0.85000000000000009        106.42461081693114     
 
   0.0000000000000000       0.87500000000000000        150.00000000000000     
   2.5000000000000001E-002  0.87500000000000000        148.17953421686957     
   5.0000000000000003E-002  0.87500000000000000        146.37857158031395     
   7.5000000000000011E-002  0.87500000000000000        144.61218511812348     
  0.10000000000000001       0.87500000000000000        142.88984278647283     
  0.12500000000000000       0.87500000000000000        141.21634253059889     
  0.15000000000000002       0.87500000000000000        139.59329815254145     
  0.17500000000000002       0.87500000000000000        138.02041615062649     
  0.20000000000000001       0.87500000000000000        136.49638321121483     
  0.22500000000000001       0.87500000000000000        135.01941767731699     
  0.25000000000000000       0.87500000000000000        133.58758760023179     
  0.27500000000000002       0.87500000000000000        132.19898255715515     
  0.30000000000000004       0.87500000000000000        130.85179916475630     
  0.32500000000000001       0.87500000000000000        129.54437772858213     
  0.35000000000000003       0.87500000000000000        128.27521225204649     
  0.37500000000000000       0.87500000000000000        127.04294659809138     
  0.40000000000000002       0.87500000000000000        125.84636400793605     
  0.42500000000000004       0.87500000000000000        124.68437394941733     
  0.45000000000000001       0.87500000000000000        123.55599842510939     
  0.47500000000000003       0.87500000000000000        122.46035883109644     
  0.50000000000000000       0.87500000000000000        121.39666387732115     
  0.52500000000000002       0.87500000000000000        120.36419876193659     
  0.55000000000000004       0.87500000000000000        119.36231562187970     
  0.57500000000000007       0.87500000000000000        118.39042519539738     
  0.60000000000000009       0.87500000000000000        117.44798959262863     
  0.62500000000000000       0.87500000000000000        116.53451605655196     
  0.65000000000000002       0.87500000000000000        115.64955159663043     
  0.67500000000000004       0.87500000000000000        114.79267838450933     
  0.70000000000000007       0.87500000000000000        113.96350981129909     
  0.72500000000000009       0.87500000000000000        113.16168711718639     
  0.75000000000000000       0.87500000000000000        112.38687651521768     
  0.77500000000000002       0.87500000000000000        111.63876674152209     
  0.80000000000000004       0.87500000000000000        110.91706697374593     
  0.82500000000000007       0.87500000000000000        110.22150506797151     
  0.85000000000000009       0.87500000000000000        109.55182607193828     
  0.87500000000000000       0.87500000000000000        108.90779097903012     
  0.90000000000000002       0.87500000000000000        108.28917569335800     
  0.92500000000000004       0.87500000000000000        107.69577018143994     
  0.95000000000000007       0.87500000000000000        107.12737779058001     
  0.97500000000000009       0.87500000000000000        106.58381471816496     
   1.0000000000000000       0.87500000000000000        106.06490961983447     
 
   0.0000000000000000       0.90000000000000002        150.00000000000000     
   2.5000000000000001E-002  0.90000000000000002        148.08498570491713     
   5.0000000000000003E-002  0.90000000000000002        146.19958299592642     
   7.5000000000000011E-002  0.90000000000000002        144.36350042206249     
  0.10000000000000001       0.90000000000000002        142.58633442250354     
  0.12500000000000000       0.90000000000000002        140.87088730452564     
  0.15000000000000002       0.90000000000000002        139.21625755069658     
  0.17500000000000002       0.90000000000000002        137.61984360376337     
  0.20000000000000001       0.90000000000000002        136.07845058490358     
  0.22500000000000001       0.90000000000000002        134.58884083098803     
  0.25000000000000000       0.90000000000000002        133.14797996153249     
  0.27500000000000002       0.90000000000000002        131.75312790399957     
  0.30000000000000004       0.90000000000000002        130.40185546562117     
  0.32500000000000001       0.90000000000000002        129.09202771260084     
  0.35000000000000003       0.90000000000000002        127.82177453972774     
  0.37500000000000000       0.90000000000000002        126.58945813813595     
  0.40000000000000002       0.90000000000000002        125.39364173143467     
  0.42500000000000004       0.90000000000000002        124.23306133194498     
  0.45000000000000001       0.90000000000000002        123.10660101659730     
  0.47500000000000003       0.90000000000000002        122.01327165015861     
  0.50000000000000000       0.90000000000000002        120.95219274655362     
  0.52500000000000002       0.90000000000000002        119.92257708381770     
  0.55000000000000004       0.90000000000000002        118.92371768797491     
  0.57500000000000007       0.90000000000000002        117.95497683285505     
  0.60000000000000009       0.90000000000000002        117.01577674554282     
  0.62500000000000000       0.90000000000000002        116.10559175092625     
  0.65000000000000002       0.90000000000000002        115.22394162936297     
  0.67500000000000004       0.90000000000000002        114.37038599726324     
  0.70000000000000007       0.90000000000000002        113.54451955113836     
  0.72500000000000009       0.90000000000000002        112.74596804172516     
  0.75000000000000000       0.90000000000000002        111.97438486671722     
  0.77500000000000002       0.90000000000000002        111.22944818901287     
  0.80000000000000004       0.90000000000000002        110.51085850279735     
  0.82500000000000007       0.90000000000000002        109.81833658271098     
  0.85000000000000009       0.90000000000000002        109.15162176225013     
  0.87500000000000000       0.90000000000000002        108.51047049677041     
  0.90000000000000002       0.90000000000000002        107.89465517431634     
  0.92500000000000004       0.90000000000000002        107.30396314424604     
  0.95000000000000007       0.90000000000000002        106.73819593947391     
  0.97500000000000009       0.90000000000000002        106.19716867329207     
   1.0000000000000000       0.90000000000000002        105.68070959632460     
 
   0.0000000000000000       0.92500000000000004        150.00000000000000     
   2.5000000000000001E-002  0.92500000000000004        147.96082560687267     
   5.0000000000000003E-002  0.92500000000000004        145.97127427641226     
   7.5000000000000011E-002  0.92500000000000004        144.05589915169696     
  0.10000000000000001       0.92500000000000004        142.22110717695327     
  0.12500000000000000       0.92500000000000004        140.46461471430354     
  0.15000000000000002       0.92500000000000004        138.78100114195570     
  0.17500000000000002       0.92500000000000004        137.16425012882698     
  0.20000000000000001       0.92500000000000004        135.60873469364805     
  0.22500000000000001       0.92500000000000004        134.10951510019913     
  0.25000000000000000       0.92500000000000004        132.66236351091041     
  0.27500000000000002       0.92500000000000004        131.26369363168951     
  0.30000000000000004       0.92500000000000004        129.91046708112782     
  0.32500000000000001       0.92500000000000004        128.60010311647230     
  0.35000000000000003       0.92500000000000004        127.33040005612769     
  0.37500000000000000       0.92500000000000004        126.09946968329028     
  0.40000000000000002       0.92500000000000004        124.90568344772176     
  0.42500000000000004       0.92500000000000004        123.74762863033047     
  0.45000000000000001       0.92500000000000004        122.62407265917633     
  0.47500000000000003       0.92500000000000004        121.53393400638706     
  0.50000000000000000       0.92500000000000004        120.47625837491712     
  0.52500000000000002       0.92500000000000004        119.45019913880567     
  0.55000000000000004       0.92500000000000004        118.45500121334730     
  0.57500000000000007       0.92500000000000004        117.48998770250513     
  0.60000000000000009       0.92500000000000004        116.55454880576144     
  0.62500000000000000       0.92500000000000004        115.64813257224709     
  0.65000000000000002       0.92500000000000004        114.77023717263189     
  0.67500000000000004       0.92500000000000004        113.92040442404230     
  0.70000000000000007       0.92500000000000004        113.09821435426588     
  0.72500000000000009       0.92500000000000004        112.30328063185861     
  0.75000000000000000       0.92500000000000004        111.53524672091326     
  0.77500000000000002       0.92500000000000004        110.79378264501491     
  0.80000000000000004       0.92500000000000004        110.07858226571975     
  0.82500000000000007       0.92500000000000004        109.38936099782488     
  0.85000000000000009       0.92500000000000004        108.72585389758075     
  0.87500000000000000       0.92500000000000004        108.08781407148527     
  0.90000000000000002       0.92500000000000004        107.47501136289092     
  0.92500000000000004       0.92500000000000004        106.88723128175420     
  0.95000000000000007       0.92500000000000004        106.32427414977754     
  0.97500000000000009       0.92500000000000004        105.78595443920486     
   1.0000000000000000       0.92500000000000004        105.27210028883381     
 
   0.0000000000000000       0.95000000000000007        150.00000000000000     
   2.5000000000000001E-002  0.95000000000000007        147.78704244616085     
   5.0000000000000003E-002  0.95000000000000007        145.66878935115278     
   7.5000000000000011E-002  0.95000000000000007        143.66771473135964     
  0.10000000000000001       0.95000000000000007        141.77758041930892     
  0.12500000000000000       0.95000000000000007        139.98546323377943     
  0.15000000000000002       0.95000000000000007        138.27888217399587     
  0.17500000000000002       0.95000000000000007        136.64742107594094     
  0.20000000000000001       0.95000000000000007        135.08272296066238     
  0.22500000000000001       0.95000000000000007        133.57812136525001     
  0.25000000000000000       0.95000000000000007        132.12826535022066     
  0.27500000000000002       0.95000000000000007        130.72881603072022     
  0.30000000000000004       0.95000000000000007        129.37621611072862     
  0.32500000000000001       0.95000000000000007        128.06751761603277     
  0.35000000000000003       0.95000000000000007        126.80025288502020     
  0.37500000000000000       0.95000000000000007        125.57233709117568     
  0.40000000000000002       0.95000000000000007        124.38199374583127     
  0.42500000000000004       0.95000000000000007        123.22769708247858     
  0.45000000000000001       0.95000000000000007        122.10812698339049     
  0.47500000000000003       0.95000000000000007        121.02213334129631     
  0.50000000000000000       0.95000000000000007        119.96870760792214     
  0.52500000000000002       0.95000000000000007        118.94695988314066     
  0.55000000000000004       0.95000000000000007        117.95610032410367     
  0.57500000000000007       0.95000000000000007        116.99542395805669     
  0.60000000000000009       0.95000000000000007        116.06429820275069     
  0.62500000000000000       0.95000000000000007        115.16215255966878     
  0.65000000000000002       0.95000000000000007        114.28847006487499     
  0.67500000000000004       0.95000000000000007        113.44278017200810     
  0.70000000000000007       0.95000000000000007        112.62465281002432     
  0.72500000000000009       0.95000000000000007        111.83369341053029     
  0.75000000000000000       0.95000000000000007        111.06953874006247     
  0.77500000000000002       0.95000000000000007        110.33185340441372     
  0.80000000000000004       0.95000000000000007        109.62032691724180     
  0.82500000000000007       0.95000000000000007        108.93467124528814     
  0.85000000000000009       0.95000000000000007        108.27461875876287     
  0.87500000000000000       0.95000000000000007        107.63992052869894     
  0.90000000000000002       0.95000000000000007        107.03034492400820     
  0.92500000000000004       0.95000000000000007        106.44567647010238     
  0.95000000000000007       0.95000000000000007        105.88571493867713     
  0.97500000000000009       0.95000000000000007        105.35027464491611     
   1.0000000000000000       0.95000000000000007        104.83918393421139     
 
   0.0000000000000000       0.97500000000000009        150.00000000000000     
   2.5000000000000001E-002  0.97500000000000009        147.51855482661801     
   5.0000000000000003E-002  0.97500000000000009        145.24912595067866     
   7.5000000000000011E-002  0.97500000000000009        143.16859000327980     
  0.10000000000000001       0.97500000000000009        141.23603653514328     
  0.12500000000000000       0.97500000000000009        139.42077562750941     
  0.15000000000000002       0.97500000000000009        137.70164324430749     
  0.17500000000000002       0.97500000000000009        136.06382904027862     
  0.20000000000000001       0.97500000000000009        134.49661470781047     
  0.22500000000000001       0.97500000000000009        132.99198204991791     
  0.25000000000000000       0.97500000000000009        131.54376049400176     
  0.27500000000000002       0.97500000000000009        130.14708903024206     
  0.30000000000000004       0.97500000000000009        128.79806371503366     
  0.32500000000000001       0.97500000000000009        127.49349835190976     
  0.35000000000000003       0.97500000000000009        126.23075677674443     
  0.37500000000000000       0.97500000000000009        125.00763205056089     
  0.40000000000000002       0.97500000000000009        123.82225736194917     
  0.42500000000000004       0.97500000000000009        122.67303897036210     
  0.45000000000000001       0.97500000000000009        121.55860485061066     
  0.47500000000000003       0.97500000000000009        120.47776476748570     
  0.50000000000000000       0.97500000000000009        119.42947883233458     
  0.52500000000000002       0.97500000000000009        118.41283246173127     
  0.55000000000000004       0.97500000000000009        117.42701624186998     
  0.57500000000000007       0.97500000000000009        116.47130960286715     
  0.60000000000000009       0.97500000000000009        115.54506748751565     
  0.62500000000000000       0.97500000000000009        114.64770939880225     
  0.65000000000000002       0.97500000000000009        113.77871035519119     
  0.67500000000000004       0.97500000000000009        112.93759338909084     
  0.70000000000000007       0.97500000000000009        112.12392330329277     
  0.72500000000000009       0.97500000000000009        111.33730146017572     
  0.75000000000000000       0.97500000000000009        110.57736142439283     
  0.77500000000000002       0.97500000000000009        109.84376531533584     
  0.80000000000000004       0.97500000000000009        109.13620075354569     
  0.82500000000000007       0.97500000000000009        108.45437830732307     
  0.85000000000000009       0.97500000000000009        107.79802936348355     
  0.87500000000000000       0.97500000000000009        107.16690436053933     
  0.90000000000000002       0.97500000000000009        106.56077133434063     
  0.92500000000000004       0.97500000000000009        105.97941473597001     
  0.95000000000000007       0.97500000000000009        105.42263448991257     
  0.97500000000000009       0.97500000000000009        104.89024526757088     
   1.0000000000000000       0.97500000000000009        104.38207595735719     
 
   0.0000000000000000        1.0000000000000000        150.00000000000000     
   2.5000000000000001E-002   1.0000000000000000        147.03805090963240     
   5.0000000000000003E-002   1.0000000000000000        144.64056962166410     
   7.5000000000000011E-002   1.0000000000000000        142.52148279593740     
  0.10000000000000001        1.0000000000000000        140.57720009047509     
  0.12500000000000000        1.0000000000000000        138.75995949680751     
  0.15000000000000002        1.0000000000000000        137.04308613544623     
  0.17500000000000002        1.0000000000000000        135.40963713305570     
  0.20000000000000001        1.0000000000000000        133.84792478038275     
  0.22500000000000001        1.0000000000000000        132.34943163260920     
  0.25000000000000000        1.0000000000000000        130.90770554562624     
  0.27500000000000002        1.0000000000000000        129.51771588121244     
  0.30000000000000004        1.0000000000000000        128.17545136725434     
  0.32500000000000001        1.0000000000000000        126.87765529982821     
  0.35000000000000003        1.0000000000000000        125.62164381948693     
  0.37500000000000000        1.0000000000000000        124.40517697237408     
  0.40000000000000002        1.0000000000000000        123.22636468104234     
  0.42500000000000004        1.0000000000000000        122.08359658641025     
  0.45000000000000001        1.0000000000000000        120.97548868120438     
  0.47500000000000003        1.0000000000000000        119.90084204570104     
  0.50000000000000000        1.0000000000000000        118.85861049219943     
  0.52500000000000002        1.0000000000000000        117.84787488957996     
  0.55000000000000004        1.0000000000000000        116.86782257877775     
  0.57500000000000007        1.0000000000000000        115.91773072402610     
  0.60000000000000009        1.0000000000000000        114.99695274564259     
  0.62500000000000000        1.0000000000000000        114.10490719283329     
  0.65000000000000002        1.0000000000000000        113.24106856799672     
  0.67500000000000004        1.0000000000000000        112.40495972587132     
  0.70000000000000007        1.0000000000000000        111.59614555388006     
  0.72500000000000009        1.0000000000000000        110.81422770248687     
  0.75000000000000000        1.0000000000000000        110.05884018199711     
  0.77500000000000002        1.0000000000000000        109.32964567899091     
  0.80000000000000004        1.0000000000000000        108.62633247428218     
  0.82500000000000007        1.0000000000000000        107.94861186697491     
  0.85000000000000009        1.0000000000000000        107.29621602730870     
  0.87500000000000000        1.0000000000000000        106.66889621563421     
  0.90000000000000002        1.0000000000000000        106.06642131684490     
  0.92500000000000004        1.0000000000000000        105.48857664952460     
  0.95000000000000007        1.0000000000000000        104.93516301743239     
  0.97500000000000009        1.0000000000000000        104.40599597809766     
   1.0000000000000000        1.0000000000000000        103.90090530954281     
 
