      0.10      1       0.00000         20.0000
      0.10      2       0.00200         20.0000
      0.10      3       0.00400         20.0000
      0.10      4       0.00600         20.0013
      0.10      5       0.00800         20.0576
      0.10      6       0.01000         22.6421
      0.10      7       0.01200        141.1607

      0.20      1       0.00000         20.0000
      0.20      2       0.00200         20.0000
      0.20      3       0.00400         20.0001
      0.20      4       0.00600         20.0055
      0.20      5       0.00800         20.1974
      0.20      6       0.01000         26.5233
      0.20      7       0.01200        203.1577

      0.30      1       0.00000         20.0000
      0.30      2       0.00200         20.0000
      0.30      3       0.00400         20.0005
      0.30      4       0.00600         20.0146
      0.30      5       0.00800         20.4274
      0.30      6       0.01000         30.9330
      0.30      7       0.01200        234.9374

      0.40      1       0.00000         20.0000
      0.40      2       0.00200         20.0000
      0.40      3       0.00400         20.0011
      0.40      4       0.00600         20.0303
      0.40      5       0.00800         20.7476
      0.40      6       0.01000         35.5137
      0.40      7       0.01200        251.2818

      0.50      1       0.00000         20.0000
      0.50      2       0.00200         20.0001
      0.50      3       0.00400         20.0022
      0.50      4       0.00600         20.0542
      0.50      5       0.00800         21.1540
      0.50      6       0.01000         40.0880
      0.50      7       0.01200        259.7394

      0.60      1       0.00000         20.0000
      0.60      2       0.00200         20.0002
      0.60      3       0.00400         20.0041
      0.60      4       0.00600         20.0877
      0.60      5       0.00800         21.6411
      0.60      6       0.01000         44.5699
      0.60      7       0.01200        264.1652

      0.70      1       0.00000         20.0000
      0.70      2       0.00200         20.0003
      0.70      3       0.00400         20.0068
      0.70      4       0.00600         20.1320
      0.70      5       0.00800         22.2028
      0.70      6       0.01000         48.9202
      0.70      7       0.01200        266.5278

      0.80      1       0.00000         20.0000
      0.80      2       0.00200         20.0005
      0.80      3       0.00400         20.0106
      0.80      4       0.00600         20.1882
      0.80      5       0.00800         22.8328
      0.80      6       0.01000         53.1230
      0.80      7       0.01200        267.8329

      0.90      1       0.00000         20.0001
      0.90      2       0.00200         20.0008
      0.90      3       0.00400         20.0157
      0.90      4       0.00600         20.2572
      0.90      5       0.00800         23.5252
      0.90      6       0.01000         57.1743
      0.90      7       0.01200        268.5940

      1.00      1       0.00000         20.0001
      1.00      2       0.00200         20.0013
      1.00      3       0.00400         20.0225
      1.00      4       0.00600         20.3396
      1.00      5       0.00800         24.2742
      1.00      6       0.01000         61.0758
      1.00      7       0.01200        269.0738

      1.10      1       0.00000         20.0002
      1.10      2       0.00200         20.0019
      1.10      3       0.00400         20.0311
      1.10      4       0.00600         20.4361
      1.10      5       0.00800         25.0746
      1.10      6       0.01000         64.8319
      1.10      7       0.01200        269.4064

      1.20      1       0.00000         20.0003
      1.20      2       0.00200         20.0028
      1.20      3       0.00400         20.0417
      1.20      4       0.00600         20.5471
      1.20      5       0.00800         25.9213
      1.20      6       0.01000         68.4482
      1.20      7       0.01200        269.6606

      1.30      1       0.00000         20.0005
      1.30      2       0.00200         20.0038
      1.30      3       0.00400         20.0546
      1.30      4       0.00600         20.6728
      1.30      5       0.00800         26.8097
      1.30      6       0.01000         71.9309
      1.30      7       0.01200        269.8715

      1.40      1       0.00000         20.0007
      1.40      2       0.00200         20.0052
      1.40      3       0.00400         20.0701
      1.40      4       0.00600         20.8136
      1.40      5       0.00800         27.7356
      1.40      6       0.01000         75.2860
      1.40      7       0.01200        270.0575

      1.50      1       0.00000         20.0010
      1.50      2       0.00200         20.0069
      1.50      3       0.00400         20.0883
      1.50      4       0.00600         20.9696
      1.50      5       0.00800         28.6950
      1.50      6       0.01000         78.5194
      1.50      7       0.01200        270.2278

      1.60      1       0.00000         20.0013
      1.60      2       0.00200         20.0090
      1.60      3       0.00400         20.1095
      1.60      4       0.00600         21.1408
      1.60      5       0.00800         29.6843
      1.60      6       0.01000         81.6370
      1.60      7       0.01200        270.3874

      1.70      1       0.00000         20.0018
      1.70      2       0.00200         20.0116
      1.70      3       0.00400         20.1339
      1.70      4       0.00600         21.3272
      1.70      5       0.00800         30.7000
      1.70      6       0.01000         84.6440
      1.70      7       0.01200        270.5390

      1.80      1       0.00000         20.0023
      1.80      2       0.00200         20.0147
      1.80      3       0.00400         20.1617
      1.80      4       0.00600         21.5287
      1.80      5       0.00800         31.7391
      1.80      6       0.01000         87.5458
      1.80      7       0.01200        270.6840

      1.90      1       0.00000         20.0030
      1.90      2       0.00200         20.0183
      1.90      3       0.00400         20.1931
      1.90      4       0.00600         21.7453
      1.90      5       0.00800         32.7987
      1.90      6       0.01000         90.3473
      1.90      7       0.01200        270.8233

      2.00      1       0.00000         20.0039
      2.00      2       0.00200         20.0226
      2.00      3       0.00400         20.2283
      2.00      4       0.00600         21.9766
      2.00      5       0.00800         33.8762
      2.00      6       0.01000         93.0530
      2.00      7       0.01200        270.9575

      2.10      1       0.00000         20.0049
      2.10      2       0.00200         20.0275
      2.10      3       0.00400         20.2674
      2.10      4       0.00600         22.2225
      2.10      5       0.00800         34.9690
      2.10      6       0.01000         95.6675
      2.10      7       0.01200        271.0870

      2.20      1       0.00000         20.0061
      2.20      2       0.00200         20.0332
      2.20      3       0.00400         20.3106
      2.20      4       0.00600         22.4828
      2.20      5       0.00800         36.0749
      2.20      6       0.01000         98.1947
      2.20      7       0.01200        271.2120

      2.30      1       0.00000         20.0076
      2.30      2       0.00200         20.0398
      2.30      3       0.00400         20.3580
      2.30      4       0.00600         22.7571
      2.30      5       0.00800         37.1918
      2.30      6       0.01000        100.6388
      2.30      7       0.01200        271.3328

      2.40      1       0.00000         20.0093
      2.40      2       0.00200         20.0472
      2.40      3       0.00400         20.4098
      2.40      4       0.00600         23.0451
      2.40      5       0.00800         38.3179
      2.40      6       0.01000        103.0035
      2.40      7       0.01200        271.4496

      2.50      1       0.00000         20.0113
      2.50      2       0.00200         20.0555
      2.50      3       0.00400         20.4661
      2.50      4       0.00600         23.3465
      2.50      5       0.00800         39.4514
      2.50      6       0.01000        105.2922
      2.50      7       0.01200        271.5626

      2.60      1       0.00000         20.0137
      2.60      2       0.00200         20.0649
      2.60      3       0.00400         20.5269
      2.60      4       0.00600         23.6609
      2.60      5       0.00800         40.5906
      2.60      6       0.01000        107.5084
      2.60      7       0.01200        271.6719

      2.70      1       0.00000         20.0164
      2.70      2       0.00200         20.0753
      2.70      3       0.00400         20.5925
      2.70      4       0.00600         23.9879
      2.70      5       0.00800         41.7340
      2.70      6       0.01000        109.6552
      2.70      7       0.01200        271.7777

      2.80      1       0.00000         20.0194
      2.80      2       0.00200         20.0869
      2.80      3       0.00400         20.6629
      2.80      4       0.00600         24.3272
      2.80      5       0.00800         42.8804
      2.80      6       0.01000        111.7356
      2.80      7       0.01200        271.8803

      2.90      1       0.00000         20.0229
      2.90      2       0.00200         20.0997
      2.90      3       0.00400         20.7382
      2.90      4       0.00600         24.6784
      2.90      5       0.00800         44.0284
      2.90      6       0.01000        113.7525
      2.90      7       0.01200        271.9796

      3.00      1       0.00000         20.0269
      3.00      2       0.00200         20.1138
      3.00      3       0.00400         20.8183
      3.00      4       0.00600         25.0410
      3.00      5       0.00800         45.1769
      3.00      6       0.01000        115.7087
      3.00      7       0.01200        272.0760

      3.10      1       0.00000         20.0314
      3.10      2       0.00200         20.1292
      3.10      3       0.00400         20.9035
      3.10      4       0.00600         25.4148
      3.10      5       0.00800         46.3248
      3.10      6       0.01000        117.6066
      3.10      7       0.01200        272.1694

      3.20      1       0.00000         20.0364
      3.20      2       0.00200         20.1460
      3.20      3       0.00400         20.9937
      3.20      4       0.00600         25.7991
      3.20      5       0.00800         47.4713
      3.20      6       0.01000        119.4488
      3.20      7       0.01200        272.2600

      3.30      1       0.00000         20.0419
      3.30      2       0.00200         20.1643
      3.30      3       0.00400         21.0890
      3.30      4       0.00600         26.1938
      3.30      5       0.00800         48.6153
      3.30      6       0.01000        121.2375
      3.30      7       0.01200        272.3480

      3.40      1       0.00000         20.0481
      3.40      2       0.00200         20.1841
      3.40      3       0.00400         21.1893
      3.40      4       0.00600         26.5983
      3.40      5       0.00800         49.7562
      3.40      6       0.01000        122.9749
      3.40      7       0.01200        272.4334

      3.50      1       0.00000         20.0550
      3.50      2       0.00200         20.2055
      3.50      3       0.00400         21.2948
      3.50      4       0.00600         27.0122
      3.50      5       0.00800         50.8931
      3.50      6       0.01000        124.6632
      3.50      7       0.01200        272.5163

      3.60      1       0.00000         20.0626
      3.60      2       0.00200         20.2285
      3.60      3       0.00400         21.4054
      3.60      4       0.00600         27.4352
      3.60      5       0.00800         52.0255
      3.60      6       0.01000        126.3044
      3.60      7       0.01200        272.5969

      3.70      1       0.00000         20.0709
      3.70      2       0.00200         20.2533
      3.70      3       0.00400         21.5211
      3.70      4       0.00600         27.8668
      3.70      5       0.00800         53.1527
      3.70      6       0.01000        127.9003
      3.70      7       0.01200        272.6753

      3.80      1       0.00000         20.0800
      3.80      2       0.00200         20.2798
      3.80      3       0.00400         21.6420
      3.80      4       0.00600         28.3067
      3.80      5       0.00800         54.2742
      3.80      6       0.01000        129.4527
      3.80      7       0.01200        272.7515

      3.90      1       0.00000         20.0899
      3.90      2       0.00200         20.3081
      3.90      3       0.00400         21.7679
      3.90      4       0.00600         28.7545
      3.90      5       0.00800         55.3895
      3.90      6       0.01000        130.9634
      3.90      7       0.01200        272.8256

      4.00      1       0.00000         20.1007
      4.00      2       0.00200         20.3382
      4.00      3       0.00400         21.8989
      4.00      4       0.00600         29.2098
      4.00      5       0.00800         56.4981
      4.00      6       0.01000        132.4339
      4.00      7       0.01200        272.8977

      4.10      1       0.00000         20.1125
      4.10      2       0.00200         20.3703
      4.10      3       0.00400         22.0351
      4.10      4       0.00600         29.6722
      4.10      5       0.00800         57.5997
      4.10      6       0.01000        133.8659
      4.10      7       0.01200        272.9679

      4.20      1       0.00000         20.1252
      4.20      2       0.00200         20.4043
      4.20      3       0.00400         22.1762
      4.20      4       0.00600         30.1414
      4.20      5       0.00800         58.6939
      4.20      6       0.01000        135.2608
      4.20      7       0.01200        273.0362

      4.30      1       0.00000         20.1389
      4.30      2       0.00200         20.4403
      4.30      3       0.00400         22.3223
      4.30      4       0.00600         30.6169
      4.30      5       0.00800         59.7805
      4.30      6       0.01000        136.6201
      4.30      7       0.01200        273.1028

      4.40      1       0.00000         20.1537
      4.40      2       0.00200         20.4784
      4.40      3       0.00400         22.4734
      4.40      4       0.00600         31.0986
      4.40      5       0.00800         60.8590
      4.40      6       0.01000        137.9450
      4.40      7       0.01200        273.1677

      4.50      1       0.00000         20.1696
      4.50      2       0.00200         20.5185
      4.50      3       0.00400         22.6294
      4.50      4       0.00600         31.5860
      4.50      5       0.00800         61.9293
      4.50      6       0.01000        139.2368
      4.50      7       0.01200        273.2309

      4.60      1       0.00000         20.1867
      4.60      2       0.00200         20.5608
      4.60      3       0.00400         22.7903
      4.60      4       0.00600         32.0788
      4.60      5       0.00800         62.9911
      4.60      6       0.01000        140.4968
      4.60      7       0.01200        273.2926

      4.70      1       0.00000         20.2049
      4.70      2       0.00200         20.6053
      4.70      3       0.00400         22.9560
      4.70      4       0.00600         32.5767
      4.70      5       0.00800         64.0443
      4.70      6       0.01000        141.7262
      4.70      7       0.01200        273.3527

      4.80      1       0.00000         20.2244
      4.80      2       0.00200         20.6519
      4.80      3       0.00400         23.1264
      4.80      4       0.00600         33.0793
      4.80      5       0.00800         65.0887
      4.80      6       0.01000        142.9260
      4.80      7       0.01200        273.4114

      4.90      1       0.00000         20.2452
      4.90      2       0.00200         20.7008
      4.90      3       0.00400         23.3015
      4.90      4       0.00600         33.5865
      4.90      5       0.00800         66.1241
      4.90      6       0.01000        144.0974
      4.90      7       0.01200        273.4686

      5.00      1       0.00000         20.2673
      5.00      2       0.00200         20.7520
      5.00      3       0.00400         23.4813
      5.00      4       0.00600         34.0978
      5.00      5       0.00800         67.1505
      5.00      6       0.01000        145.2412
      5.00      7       0.01200        273.5245

      5.10      1       0.00000         20.2907
      5.10      2       0.00200         20.8054
      5.10      3       0.00400         23.6656
      5.10      4       0.00600         34.6130
      5.10      5       0.00800         68.1678
      5.10      6       0.01000        146.3586
      5.10      7       0.01200        273.5791

      5.20      1       0.00000         20.3156
      5.20      2       0.00200         20.8612
      5.20      3       0.00400         23.8544
      5.20      4       0.00600         35.1318
      5.20      5       0.00800         69.1758
      5.20      6       0.01000        147.4504
      5.20      7       0.01200        273.6324

      5.30      1       0.00000         20.3419
      5.30      2       0.00200         20.9193
      5.30      3       0.00400         24.0476
      5.30      4       0.00600         35.6540
      5.30      5       0.00800         70.1744
      5.30      6       0.01000        148.5175
      5.30      7       0.01200        273.6845

      5.40      1       0.00000         20.3697
      5.40      2       0.00200         20.9798
      5.40      3       0.00400         24.2451
      5.40      4       0.00600         36.1793
      5.40      5       0.00800         71.1638
      5.40      6       0.01000        149.5607
      5.40      7       0.01200        273.7354

      5.50      1       0.00000         20.3991
      5.50      2       0.00200         21.0428
      5.50      3       0.00400         24.4470
      5.50      4       0.00600         36.7075
      5.50      5       0.00800         72.1438
      5.50      6       0.01000        150.5809
      5.50      7       0.01200        273.7852

      5.60      1       0.00000         20.4300
      5.60      2       0.00200         21.1081
      5.60      3       0.00400         24.6530
      5.60      4       0.00600         37.2383
      5.60      5       0.00800         73.1143
      5.60      6       0.01000        151.5789
      5.60      7       0.01200        273.8339

      5.70      1       0.00000         20.4625
      5.70      2       0.00200         21.1759
      5.70      3       0.00400         24.8631
      5.70      4       0.00600         37.7714
      5.70      5       0.00800         74.0755
      5.70      6       0.01000        152.5553
      5.70      7       0.01200        273.8815

      5.80      1       0.00000         20.4967
      5.80      2       0.00200         21.2461
      5.80      3       0.00400         25.0773
      5.80      4       0.00600         38.3068
      5.80      5       0.00800         75.0272
      5.80      6       0.01000        153.5110
      5.80      7       0.01200        273.9280

      5.90      1       0.00000         20.5325
      5.90      2       0.00200         21.3188
      5.90      3       0.00400         25.2955
      5.90      4       0.00600         38.8441
      5.90      5       0.00800         75.9696
      5.90      6       0.01000        154.4465
      5.90      7       0.01200        273.9736

      6.00      1       0.00000         20.5700
      6.00      2       0.00200         21.3940
      6.00      3       0.00400         25.5175
      6.00      4       0.00600         39.3831
      6.00      5       0.00800         76.9026
      6.00      6       0.01000        155.3625
      6.00      7       0.01200        274.0183

      6.10      1       0.00000         20.6094
      6.10      2       0.00200         21.4717
      6.10      3       0.00400         25.7433
      6.10      4       0.00600         39.9238
      6.10      5       0.00800         77.8263
      6.10      6       0.01000        156.2597
      6.10      7       0.01200        274.0620

      6.20      1       0.00000         20.6504
      6.20      2       0.00200         21.5519
      6.20      3       0.00400         25.9728
      6.20      4       0.00600         40.4657
      6.20      5       0.00800         78.7407
      6.20      6       0.01000        157.1387
      6.20      7       0.01200        274.1047

      6.30      1       0.00000         20.6933
      6.30      2       0.00200         21.6346
      6.30      3       0.00400         26.2060
      6.30      4       0.00600         41.0089
      6.30      5       0.00800         79.6458
      6.30      6       0.01000        157.9999
      6.30      7       0.01200        274.1467

      6.40      1       0.00000         20.7381
      6.40      2       0.00200         21.7199
      6.40      3       0.00400         26.4427
      6.40      4       0.00600         41.5531
      6.40      5       0.00800         80.5417
      6.40      6       0.01000        158.8441
      6.40      7       0.01200        274.1878

      6.50      1       0.00000         20.7847
      6.50      2       0.00200         21.8077
      6.50      3       0.00400         26.6829
      6.50      4       0.00600         42.0981
      6.50      5       0.00800         81.4285
      6.50      6       0.01000        159.6716
      6.50      7       0.01200        274.2280

      6.60      1       0.00000         20.8332
      6.60      2       0.00200         21.8980
      6.60      3       0.00400         26.9265
      6.60      4       0.00600         42.6438
      6.60      5       0.00800         82.3063
      6.60      6       0.01000        160.4831
      6.60      7       0.01200        274.2675

      6.70      1       0.00000         20.8837
      6.70      2       0.00200         21.9909
      6.70      3       0.00400         27.1734
      6.70      4       0.00600         43.1900
      6.70      5       0.00800         83.1750
      6.70      6       0.01000        161.2790
      6.70      7       0.01200        274.3062

      6.80      1       0.00000         20.9361
      6.80      2       0.00200         22.0863
      6.80      3       0.00400         27.4235
      6.80      4       0.00600         43.7366
      6.80      5       0.00800         84.0347
      6.80      6       0.01000        162.0597
      6.80      7       0.01200        274.3441

      6.90      1       0.00000         20.9905
      6.90      2       0.00200         22.1843
      6.90      3       0.00400         27.6768
      6.90      4       0.00600         44.2835
      6.90      5       0.00800         84.8857
      6.90      6       0.01000        162.8258
      6.90      7       0.01200        274.3814

      7.00      1       0.00000         21.0470
      7.00      2       0.00200         22.2848
      7.00      3       0.00400         27.9332
      7.00      4       0.00600         44.8304
      7.00      5       0.00800         85.7278
      7.00      6       0.01000        163.5776
      7.00      7       0.01200        274.4179

      7.10      1       0.00000         21.1054
      7.10      2       0.00200         22.3878
      7.10      3       0.00400         28.1925
      7.10      4       0.00600         45.3773
      7.10      5       0.00800         86.5612
      7.10      6       0.01000        164.3157
      7.10      7       0.01200        274.4538

      7.20      1       0.00000         21.1659
      7.20      2       0.00200         22.4934
      7.20      3       0.00400         28.4548
      7.20      4       0.00600         45.9241
      7.20      5       0.00800         87.3860
      7.20      6       0.01000        165.0402
      7.20      7       0.01200        274.4890

      7.30      1       0.00000         21.2285
      7.30      2       0.00200         22.6016
      7.30      3       0.00400         28.7199
      7.30      4       0.00600         46.4706
      7.30      5       0.00800         88.2023
      7.30      6       0.01000        165.7518
      7.30      7       0.01200        274.5235

      7.40      1       0.00000         21.2932
      7.40      2       0.00200         22.7123
      7.40      3       0.00400         28.9877
      7.40      4       0.00600         47.0168
      7.40      5       0.00800         89.0101
      7.40      6       0.01000        166.4506
      7.40      7       0.01200        274.5574

      7.50      1       0.00000         21.3600
      7.50      2       0.00200         22.8255
      7.50      3       0.00400         29.2583
      7.50      4       0.00600         47.5624
      7.50      5       0.00800         89.8096
      7.50      6       0.01000        167.1372
      7.50      7       0.01200        274.5908

      7.60      1       0.00000         21.4289
      7.60      2       0.00200         22.9412
      7.60      3       0.00400         29.5314
      7.60      4       0.00600         48.1075
      7.60      5       0.00800         90.6008
      7.60      6       0.01000        167.8118
      7.60      7       0.01200        274.6235

      7.70      1       0.00000         21.5000
      7.70      2       0.00200         23.0594
      7.70      3       0.00400         29.8071
      7.70      4       0.00600         48.6518
      7.70      5       0.00800         91.3838
      7.70      6       0.01000        168.4747
      7.70      7       0.01200        274.6557

      7.80      1       0.00000         21.5732
      7.80      2       0.00200         23.1802
      7.80      3       0.00400         30.0853
      7.80      4       0.00600         49.1954
      7.80      5       0.00800         92.1587
      7.80      6       0.01000        169.1263
      7.80      7       0.01200        274.6873

      7.90      1       0.00000         21.6486
      7.90      2       0.00200         23.3034
      7.90      3       0.00400         30.3658
      7.90      4       0.00600         49.7382
      7.90      5       0.00800         92.9257
      7.90      6       0.01000        169.7670
      7.90      7       0.01200        274.7183

      8.00      1       0.00000         21.7263
      8.00      2       0.00200         23.4291
      8.00      3       0.00400         30.6487
      8.00      4       0.00600         50.2800
      8.00      5       0.00800         93.6847
      8.00      6       0.01000        170.3969
      8.00      7       0.01200        274.7489

      8.10      1       0.00000         21.8061
      8.10      2       0.00200         23.5573
      8.10      3       0.00400         30.9338
      8.10      4       0.00600         50.8207
      8.10      5       0.00800         94.4360
      8.10      6       0.01000        171.0163
      8.10      7       0.01200        274.7789

      8.20      1       0.00000         21.8881
      8.20      2       0.00200         23.6880
      8.20      3       0.00400         31.2211
      8.20      4       0.00600         51.3604
      8.20      5       0.00800         95.1795
      8.20      6       0.01000        171.6256
      8.20      7       0.01200        274.8085

      8.30      1       0.00000         21.9724
      8.30      2       0.00200         23.8211
      8.30      3       0.00400         31.5105
      8.30      4       0.00600         51.8988
      8.30      5       0.00800         95.9155
      8.30      6       0.01000        172.2251
      8.30      7       0.01200        274.8375

      8.40      1       0.00000         22.0589
      8.40      2       0.00200         23.9566
      8.40      3       0.00400         31.8019
      8.40      4       0.00600         52.4361
      8.40      5       0.00800         96.6439
      8.40      6       0.01000        172.8149
      8.40      7       0.01200        274.8661

      8.50      1       0.00000         22.1476
      8.50      2       0.00200         24.0946
      8.50      3       0.00400         32.0953
      8.50      4       0.00600         52.9720
      8.50      5       0.00800         97.3649
      8.50      6       0.01000        173.3953
      8.50      7       0.01200        274.8942

      8.60      1       0.00000         22.2386
      8.60      2       0.00200         24.2350
      8.60      3       0.00400         32.3907
      8.60      4       0.00600         53.5065
      8.60      5       0.00800         98.0786
      8.60      6       0.01000        173.9665
      8.60      7       0.01200        274.9219

      8.70      1       0.00000         22.3319
      8.70      2       0.00200         24.3777
      8.70      3       0.00400         32.6879
      8.70      4       0.00600         54.0397
      8.70      5       0.00800         98.7850
      8.70      6       0.01000        174.5289
      8.70      7       0.01200        274.9491

      8.80      1       0.00000         22.4274
      8.80      2       0.00200         24.5229
      8.80      3       0.00400         32.9869
      8.80      4       0.00600         54.5713
      8.80      5       0.00800         99.4843
      8.80      6       0.01000        175.0826
      8.80      7       0.01200        274.9759

      8.90      1       0.00000         22.5251
      8.90      2       0.00200         24.6703
      8.90      3       0.00400         33.2877
      8.90      4       0.00600         55.1014
      8.90      5       0.00800        100.1766
      8.90      6       0.01000        175.6278
      8.90      7       0.01200        275.0023

      9.00      1       0.00000         22.6252
      9.00      2       0.00200         24.8202
      9.00      3       0.00400         33.5901
      9.00      4       0.00600         55.6300
      9.00      5       0.00800        100.8619
      9.00      6       0.01000        176.1647
      9.00      7       0.01200        275.0283

      9.10      1       0.00000         22.7275
      9.10      2       0.00200         24.9723
      9.10      3       0.00400         33.8941
      9.10      4       0.00600         56.1569
      9.10      5       0.00800        101.5403
      9.10      6       0.01000        176.6936
      9.10      7       0.01200        275.0539

      9.20      1       0.00000         22.8321
      9.20      2       0.00200         25.1268
      9.20      3       0.00400         34.1997
      9.20      4       0.00600         56.6821
      9.20      5       0.00800        102.2120
      9.20      6       0.01000        177.2146
      9.20      7       0.01200        275.0791

      9.30      1       0.00000         22.9390
      9.30      2       0.00200         25.2836
      9.30      3       0.00400         34.5068
      9.30      4       0.00600         57.2056
      9.30      5       0.00800        102.8769
      9.30      6       0.01000        177.7279
      9.30      7       0.01200        275.1040

      9.40      1       0.00000         23.0481
      9.40      2       0.00200         25.4426
      9.40      3       0.00400         34.8154
      9.40      4       0.00600         57.7274
      9.40      5       0.00800        103.5353
      9.40      6       0.01000        178.2338
      9.40      7       0.01200        275.1284

      9.50      1       0.00000         23.1595
      9.50      2       0.00200         25.6039
      9.50      3       0.00400         35.1253
      9.50      4       0.00600         58.2474
      9.50      5       0.00800        104.1872
      9.50      6       0.01000        178.7323
      9.50      7       0.01200        275.1525

      9.60      1       0.00000         23.2732
      9.60      2       0.00200         25.7674
      9.60      3       0.00400         35.4366
      9.60      4       0.00600         58.7656
      9.60      5       0.00800        104.8327
      9.60      6       0.01000        179.2237
      9.60      7       0.01200        275.1763

      9.70      1       0.00000         23.3891
      9.70      2       0.00200         25.9331
      9.70      3       0.00400         35.7492
      9.70      4       0.00600         59.2820
      9.70      5       0.00800        105.4719
      9.70      6       0.01000        179.7081
      9.70      7       0.01200        275.1997

      9.80      1       0.00000         23.5074
      9.80      2       0.00200         26.1010
      9.80      3       0.00400         36.0630
      9.80      4       0.00600         59.7964
      9.80      5       0.00800        106.1048
      9.80      6       0.01000        180.1856
      9.80      7       0.01200        275.2228

      9.90      1       0.00000         23.6278
      9.90      2       0.00200         26.2711
      9.90      3       0.00400         36.3781
      9.90      4       0.00600         60.3090
      9.90      5       0.00800        106.7316
      9.90      6       0.01000        180.6566
      9.90      7       0.01200        275.2456

     10.00      1       0.00000         23.7506
     10.00      2       0.00200         26.4434
     10.00      3       0.00400         36.6943
     10.00      4       0.00600         60.8196
     10.00      5       0.00800        107.3523
     10.00      6       0.01000        181.1210
     10.00      7       0.01200        275.2680

     10.10      1       0.00000         23.8756
     10.10      2       0.00200         26.6178
     10.10      3       0.00400         37.0116
     10.10      4       0.00600         61.3283
     10.10      5       0.00800        107.9670
     10.10      6       0.01000        181.5790
     10.10      7       0.01200        275.2902

     10.20      1       0.00000         24.0028
     10.20      2       0.00200         26.7942
     10.20      3       0.00400         37.3299
     10.20      4       0.00600         61.8351
     10.20      5       0.00800        108.5758
     10.20      6       0.01000        182.0309
     10.20      7       0.01200        275.3120

     10.30      1       0.00000         24.1323
     10.30      2       0.00200         26.9728
     10.30      3       0.00400         37.6493
     10.30      4       0.00600         62.3398
     10.30      5       0.00800        109.1788
     10.30      6       0.01000        182.4766
     10.30      7       0.01200        275.3335

     10.40      1       0.00000         24.2640
     10.40      2       0.00200         27.1535
     10.40      3       0.00400         37.9696
     10.40      4       0.00600         62.8426
     10.40      5       0.00800        109.7760
     10.40      6       0.01000        182.9164
     10.40      7       0.01200        275.3548

     10.50      1       0.00000         24.3979
     10.50      2       0.00200         27.3362
     10.50      3       0.00400         38.2909
     10.50      4       0.00600         63.3433
     10.50      5       0.00800        110.3676
     10.50      6       0.01000        183.3504
     10.50      7       0.01200        275.3757

     10.60      1       0.00000         24.5340
     10.60      2       0.00200         27.5209
     10.60      3       0.00400         38.6131
     10.60      4       0.00600         63.8420
     10.60      5       0.00800        110.9536
     10.60      6       0.01000        183.7786
     10.60      7       0.01200        275.3964

     10.70      1       0.00000         24.6724
     10.70      2       0.00200         27.7076
     10.70      3       0.00400         38.9361
     10.70      4       0.00600         64.3386
     10.70      5       0.00800        111.5341
     10.70      6       0.01000        184.2013
     10.70      7       0.01200        275.4168

     10.80      1       0.00000         24.8129
     10.80      2       0.00200         27.8963
     10.80      3       0.00400         39.2599
     10.80      4       0.00600         64.8332
     10.80      5       0.00800        112.1091
     10.80      6       0.01000        184.6186
     10.80      7       0.01200        275.4370

     10.90      1       0.00000         24.9556
     10.90      2       0.00200         28.0870
     10.90      3       0.00400         39.5845
     10.90      4       0.00600         65.3258
     10.90      5       0.00800        112.6788
     10.90      6       0.01000        185.0305
     10.90      7       0.01200        275.4569

     11.00      1       0.00000         25.1005
     11.00      2       0.00200         28.2796
     11.00      3       0.00400         39.9099
     11.00      4       0.00600         65.8162
     11.00      5       0.00800        113.2433
     11.00      6       0.01000        185.4372
     11.00      7       0.01200        275.4765

     11.10      1       0.00000         25.2476
     11.10      2       0.00200         28.4741
     11.10      3       0.00400         40.2359
     11.10      4       0.00600         66.3046
     11.10      5       0.00800        113.8025
     11.10      6       0.01000        185.8387
     11.10      7       0.01200        275.4959

     11.20      1       0.00000         25.3968
     11.20      2       0.00200         28.6705
     11.20      3       0.00400         40.5626
     11.20      4       0.00600         66.7908
     11.20      5       0.00800        114.3565
     11.20      6       0.01000        186.2353
     11.20      7       0.01200        275.5150

     11.30      1       0.00000         25.5481
     11.30      2       0.00200         28.8688
     11.30      3       0.00400         40.8900
     11.30      4       0.00600         67.2750
     11.30      5       0.00800        114.9056
     11.30      6       0.01000        186.6270
     11.30      7       0.01200        275.5339

     11.40      1       0.00000         25.7016
     11.40      2       0.00200         29.0689
     11.40      3       0.00400         41.2179
     11.40      4       0.00600         67.7571
     11.40      5       0.00800        115.4496
     11.40      6       0.01000        187.0138
     11.40      7       0.01200        275.5526

     11.50      1       0.00000         25.8572
     11.50      2       0.00200         29.2709
     11.50      3       0.00400         41.5464
     11.50      4       0.00600         68.2370
     11.50      5       0.00800        115.9887
     11.50      6       0.01000        187.3959
     11.50      7       0.01200        275.5710

     11.60      1       0.00000         26.0149
     11.60      2       0.00200         29.4746
     11.60      3       0.00400         41.8755
     11.60      4       0.00600         68.7149
     11.60      5       0.00800        116.5229
     11.60      6       0.01000        187.7734
     11.60      7       0.01200        275.5892

     11.70      1       0.00000         26.1747
     11.70      2       0.00200         29.6802
     11.70      3       0.00400         42.2050
     11.70      4       0.00600         69.1907
     11.70      5       0.00800        117.0524
     11.70      6       0.01000        188.1464
     11.70      7       0.01200        275.6072

     11.80      1       0.00000         26.3365
     11.80      2       0.00200         29.8875
     11.80      3       0.00400         42.5351
     11.80      4       0.00600         69.6643
     11.80      5       0.00800        117.5771
     11.80      6       0.01000        188.5150
     11.80      7       0.01200        275.6250

     11.90      1       0.00000         26.5004
     11.90      2       0.00200         30.0965
     11.90      3       0.00400         42.8655
     11.90      4       0.00600         70.1358
     11.90      5       0.00800        118.0972
     11.90      6       0.01000        188.8792
     11.90      7       0.01200        275.6426

     12.00      1       0.00000         26.6664
     12.00      2       0.00200         30.3073
     12.00      3       0.00400         43.1964
     12.00      4       0.00600         70.6053
     12.00      5       0.00800        118.6127
     12.00      6       0.01000        189.2391
     12.00      7       0.01200        275.6599

     12.10      1       0.00000         26.8344
     12.10      2       0.00200         30.5197
     12.10      3       0.00400         43.5277
     12.10      4       0.00600         71.0726
     12.10      5       0.00800        119.1236
     12.10      6       0.01000        189.5949
     12.10      7       0.01200        275.6771

     12.20      1       0.00000         27.0043
     12.20      2       0.00200         30.7339
     12.20      3       0.00400         43.8594
     12.20      4       0.00600         71.5378
     12.20      5       0.00800        119.6301
     12.20      6       0.01000        189.9466
     12.20      7       0.01200        275.6940

     12.30      1       0.00000         27.1763
     12.30      2       0.00200         30.9496
     12.30      3       0.00400         44.1914
     12.30      4       0.00600         72.0009
     12.30      5       0.00800        120.1321
     12.30      6       0.01000        190.2942
     12.30      7       0.01200        275.7108

     12.40      1       0.00000         27.3503
     12.40      2       0.00200         31.1671
     12.40      3       0.00400         44.5237
     12.40      4       0.00600         72.4620
     12.40      5       0.00800        120.6299
     12.40      6       0.01000        190.6379
     12.40      7       0.01200        275.7274

     12.50      1       0.00000         27.5262
     12.50      2       0.00200         31.3861
     12.50      3       0.00400         44.8563
     12.50      4       0.00600         72.9209
     12.50      5       0.00800        121.1233
     12.50      6       0.01000        190.9777
     12.50      7       0.01200        275.7437

     12.60      1       0.00000         27.7041
     12.60      2       0.00200         31.6067
     12.60      3       0.00400         45.1891
     12.60      4       0.00600         73.3777
     12.60      5       0.00800        121.6125
     12.60      6       0.01000        191.3138
     12.60      7       0.01200        275.7599

     12.70      1       0.00000         27.8839
     12.70      2       0.00200         31.8288
     12.70      3       0.00400         45.5222
     12.70      4       0.00600         73.8325
     12.70      5       0.00800        122.0975
     12.70      6       0.01000        191.6461
     12.70      7       0.01200        275.7759

     12.80      1       0.00000         28.0656
     12.80      2       0.00200         32.0525
     12.80      3       0.00400         45.8556
     12.80      4       0.00600         74.2852
     12.80      5       0.00800        122.5785
     12.80      6       0.01000        191.9747
     12.80      7       0.01200        275.7918

     12.90      1       0.00000         28.2492
     12.90      2       0.00200         32.2778
     12.90      3       0.00400         46.1891
     12.90      4       0.00600         74.7358
     12.90      5       0.00800        123.0553
     12.90      6       0.01000        192.2997
     12.90      7       0.01200        275.8074

     13.00      1       0.00000         28.4347
     13.00      2       0.00200         32.5045
     13.00      3       0.00400         46.5228
     13.00      4       0.00600         75.1843
     13.00      5       0.00800        123.5282
     13.00      6       0.01000        192.6213
     13.00      7       0.01200        275.8229

     13.10      1       0.00000         28.6221
     13.10      2       0.00200         32.7327
     13.10      3       0.00400         46.8567
     13.10      4       0.00600         75.6308
     13.10      5       0.00800        123.9971
     13.10      6       0.01000        192.9393
     13.10      7       0.01200        275.8382

     13.20      1       0.00000         28.8113
     13.20      2       0.00200         32.9623
     13.20      3       0.00400         47.1907
     13.20      4       0.00600         76.0753
     13.20      5       0.00800        124.4621
     13.20      6       0.01000        193.2540
     13.20      7       0.01200        275.8534

     13.30      1       0.00000         29.0023
     13.30      2       0.00200         33.1934
     13.30      3       0.00400         47.5248
     13.30      4       0.00600         76.5177
     13.30      5       0.00800        124.9233
     13.30      6       0.01000        193.5653
     13.30      7       0.01200        275.8684

     13.40      1       0.00000         29.1951
     13.40      2       0.00200         33.4259
     13.40      3       0.00400         47.8590
     13.40      4       0.00600         76.9580
     13.40      5       0.00800        125.3807
     13.40      6       0.01000        193.8734
     13.40      7       0.01200        275.8832

     13.50      1       0.00000         29.3898
     13.50      2       0.00200         33.6598
     13.50      3       0.00400         48.1934
     13.50      4       0.00600         77.3964
     13.50      5       0.00800        125.8343
     13.50      6       0.01000        194.1782
     13.50      7       0.01200        275.8979

     13.60      1       0.00000         29.5862
     13.60      2       0.00200         33.8951
     13.60      3       0.00400         48.5277
     13.60      4       0.00600         77.8327
     13.60      5       0.00800        126.2843
     13.60      6       0.01000        194.4799
     13.60      7       0.01200        275.9124

     13.70      1       0.00000         29.7843
     13.70      2       0.00200         34.1317
     13.70      3       0.00400         48.8622
     13.70      4       0.00600         78.2671
     13.70      5       0.00800        126.7306
     13.70      6       0.01000        194.7784
     13.70      7       0.01200        275.9268

     13.80      1       0.00000         29.9842
     13.80      2       0.00200         34.3697
     13.80      3       0.00400         49.1966
     13.80      4       0.00600         78.6994
     13.80      5       0.00800        127.1733
     13.80      6       0.01000        195.0739
     13.80      7       0.01200        275.9410

     13.90      1       0.00000         30.1858
     13.90      2       0.00200         34.6089
     13.90      3       0.00400         49.5311
     13.90      4       0.00600         79.1298
     13.90      5       0.00800        127.6125
     13.90      6       0.01000        195.3664
     13.90      7       0.01200        275.9551

     14.00      1       0.00000         30.3891
     14.00      2       0.00200         34.8495
     14.00      3       0.00400         49.8655
     14.00      4       0.00600         79.5582
     14.00      5       0.00800        128.0482
     14.00      6       0.01000        195.6560
     14.00      7       0.01200        275.9691

     14.10      1       0.00000         30.5941
     14.10      2       0.00200         35.0913
     14.10      3       0.00400         50.2000
     14.10      4       0.00600         79.9846
     14.10      5       0.00800        128.4804
     14.10      6       0.01000        195.9426
     14.10      7       0.01200        275.9829

     14.20      1       0.00000         30.8007
     14.20      2       0.00200         35.3344
     14.20      3       0.00400         50.5344
     14.20      4       0.00600         80.4090
     14.20      5       0.00800        128.9093
     14.20      6       0.01000        196.2264
     14.20      7       0.01200        275.9965

     14.30      1       0.00000         31.0090
     14.30      2       0.00200         35.5787
     14.30      3       0.00400         50.8688
     14.30      4       0.00600         80.8316
     14.30      5       0.00800        129.3347
     14.30      6       0.01000        196.5074
     14.30      7       0.01200        276.0100

     14.40      1       0.00000         31.2189
     14.40      2       0.00200         35.8242
     14.40      3       0.00400         51.2031
     14.40      4       0.00600         81.2522
     14.40      5       0.00800        129.7569
     14.40      6       0.01000        196.7856
     14.40      7       0.01200        276.0234

     14.50      1       0.00000         31.4304
     14.50      2       0.00200         36.0710
     14.50      3       0.00400         51.5374
     14.50      4       0.00600         81.6708
     14.50      5       0.00800        130.1758
     14.50      6       0.01000        197.0612
     14.50      7       0.01200        276.0367

     14.60      1       0.00000         31.6435
     14.60      2       0.00200         36.3188
     14.60      3       0.00400         51.8716
     14.60      4       0.00600         82.0876
     14.60      5       0.00800        130.5914
     14.60      6       0.01000        197.3340
     14.60      7       0.01200        276.0498

     14.70      1       0.00000         31.8582
     14.70      2       0.00200         36.5679
     14.70      3       0.00400         52.2056
     14.70      4       0.00600         82.5025
     14.70      5       0.00800        131.0039
     14.70      6       0.01000        197.6043
     14.70      7       0.01200        276.0628

     14.80      1       0.00000         32.0744
     14.80      2       0.00200         36.8181
     14.80      3       0.00400         52.5396
     14.80      4       0.00600         82.9155
     14.80      5       0.00800        131.4132
     14.80      6       0.01000        197.8719
     14.80      7       0.01200        276.0757

     14.90      1       0.00000         32.2921
     14.90      2       0.00200         37.0694
     14.90      3       0.00400         52.8734
     14.90      4       0.00600         83.3266
     14.90      5       0.00800        131.8194
     14.90      6       0.01000        198.1371
     14.90      7       0.01200        276.0884

     15.00      1       0.00000         32.5114
     15.00      2       0.00200         37.3218
     15.00      3       0.00400         53.2071
     15.00      4       0.00600         83.7358
     15.00      5       0.00800        132.2226
     15.00      6       0.01000        198.3997
     15.00      7       0.01200        276.1011

     15.10      1       0.00000         32.7321
     15.10      2       0.00200         37.5752
     15.10      3       0.00400         53.5407
     15.10      4       0.00600         84.1432
     15.10      5       0.00800        132.6227
     15.10      6       0.01000        198.6599
     15.10      7       0.01200        276.1136

     15.20      1       0.00000         32.9543
     15.20      2       0.00200         37.8298
     15.20      3       0.00400         53.8741
     15.20      4       0.00600         84.5488
     15.20      5       0.00800        133.0198
     15.20      6       0.01000        198.9176
     15.20      7       0.01200        276.1260

     15.30      1       0.00000         33.1780
     15.30      2       0.00200         38.0853
     15.30      3       0.00400         54.2074
     15.30      4       0.00600         84.9525
     15.30      5       0.00800        133.4140
     15.30      6       0.01000        199.1730
     15.30      7       0.01200        276.1383

     15.40      1       0.00000         33.4031
     15.40      2       0.00200         38.3419
     15.40      3       0.00400         54.5405
     15.40      4       0.00600         85.3545
     15.40      5       0.00800        133.8053
     15.40      6       0.01000        199.4261
     15.40      7       0.01200        276.1504

     15.50      1       0.00000         33.6296
     15.50      2       0.00200         38.5996
     15.50      3       0.00400         54.8734
     15.50      4       0.00600         85.7546
     15.50      5       0.00800        134.1938
     15.50      6       0.01000        199.6768
     15.50      7       0.01200        276.1625

     15.60      1       0.00000         33.8576
     15.60      2       0.00200         38.8582
     15.60      3       0.00400         55.2061
     15.60      4       0.00600         86.1530
     15.60      5       0.00800        134.5793
     15.60      6       0.01000        199.9253
     15.60      7       0.01200        276.1744

     15.70      1       0.00000         34.0869
     15.70      2       0.00200         39.1177
     15.70      3       0.00400         55.5386
     15.70      4       0.00600         86.5495
     15.70      5       0.00800        134.9621
     15.70      6       0.01000        200.1715
     15.70      7       0.01200        276.1863

     15.80      1       0.00000         34.3175
     15.80      2       0.00200         39.3782
     15.80      3       0.00400         55.8709
     15.80      4       0.00600         86.9443
     15.80      5       0.00800        135.3422
     15.80      6       0.01000        200.4156
     15.80      7       0.01200        276.1980

     15.90      1       0.00000         34.5495
     15.90      2       0.00200         39.6397
     15.90      3       0.00400         56.2029
     15.90      4       0.00600         87.3374
     15.90      5       0.00800        135.7195
     15.90      6       0.01000        200.6575
     15.90      7       0.01200        276.2096

     16.00      1       0.00000         34.7829
     16.00      2       0.00200         39.9021
     16.00      3       0.00400         56.5348
     16.00      4       0.00600         87.7287
     16.00      5       0.00800        136.0941
     16.00      6       0.01000        200.8972
     16.00      7       0.01200        276.2212

     16.10      1       0.00000         35.0175
     16.10      2       0.00200         40.1654
     16.10      3       0.00400         56.8664
     16.10      4       0.00600         88.1183
     16.10      5       0.00800        136.4660
     16.10      6       0.01000        201.1349
     16.10      7       0.01200        276.2326

     16.20      1       0.00000         35.2534
     16.20      2       0.00200         40.4296
     16.20      3       0.00400         57.1977
     16.20      4       0.00600         88.5062
     16.20      5       0.00800        136.8353
     16.20      6       0.01000        201.3705
     16.20      7       0.01200        276.2439

     16.30      1       0.00000         35.4906
     16.30      2       0.00200         40.6946
     16.30      3       0.00400         57.5289
     16.30      4       0.00600         88.8924
     16.30      5       0.00800        137.2021
     16.30      6       0.01000        201.6041
     16.30      7       0.01200        276.2551

     16.40      1       0.00000         35.7291
     16.40      2       0.00200         40.9605
     16.40      3       0.00400         57.8597
     16.40      4       0.00600         89.2769
     16.40      5       0.00800        137.5663
     16.40      6       0.01000        201.8356
     16.40      7       0.01200        276.2663

     16.50      1       0.00000         35.9687
     16.50      2       0.00200         41.2272
     16.50      3       0.00400         58.1903
     16.50      4       0.00600         89.6598
     16.50      5       0.00800        137.9279
     16.50      6       0.01000        202.0652
     16.50      7       0.01200        276.2773

     16.60      1       0.00000         36.2096
     16.60      2       0.00200         41.4948
     16.60      3       0.00400         58.5206
     16.60      4       0.00600         90.0409
     16.60      5       0.00800        138.2871
     16.60      6       0.01000        202.2929
     16.60      7       0.01200        276.2882

     16.70      1       0.00000         36.4517
     16.70      2       0.00200         41.7632
     16.70      3       0.00400         58.8507
     16.70      4       0.00600         90.4205
     16.70      5       0.00800        138.6437
     16.70      6       0.01000        202.5186
     16.70      7       0.01200        276.2991

     16.80      1       0.00000         36.6950
     16.80      2       0.00200         42.0323
     16.80      3       0.00400         59.1804
     16.80      4       0.00600         90.7983
     16.80      5       0.00800        138.9980
     16.80      6       0.01000        202.7425
     16.80      7       0.01200        276.3098

     16.90      1       0.00000         36.9394
     16.90      2       0.00200         42.3023
     16.90      3       0.00400         59.5099
     16.90      4       0.00600         91.1746
     16.90      5       0.00800        139.3499
     16.90      6       0.01000        202.9645
     16.90      7       0.01200        276.3205

     17.00      1       0.00000         37.1850
     17.00      2       0.00200         42.5730
     17.00      3       0.00400         59.8391
     17.00      4       0.00600         91.5493
     17.00      5       0.00800        139.6993
     17.00      6       0.01000        203.1847
     17.00      7       0.01200        276.3311

     17.10      1       0.00000         37.4317
     17.10      2       0.00200         42.8444
     17.10      3       0.00400         60.1679
     17.10      4       0.00600         91.9223
     17.10      5       0.00800        140.0465
     17.10      6       0.01000        203.4030
     17.10      7       0.01200        276.3416

     17.20      1       0.00000         37.6795
     17.20      2       0.00200         43.1166
     17.20      3       0.00400         60.4965
     17.20      4       0.00600         92.2938
     17.20      5       0.00800        140.3913
     17.20      6       0.01000        203.6196
     17.20      7       0.01200        276.3520

     17.30      1       0.00000         37.9284
     17.30      2       0.00200         43.3895
     17.30      3       0.00400         60.8248
     17.30      4       0.00600         92.6637
     17.30      5       0.00800        140.7338
     17.30      6       0.01000        203.8345
     17.30      7       0.01200        276.3623

     17.40      1       0.00000         38.1784
     17.40      2       0.00200         43.6631
     17.40      3       0.00400         61.1527
     17.40      4       0.00600         93.0320
     17.40      5       0.00800        141.0741
     17.40      6       0.01000        204.0476
     17.40      7       0.01200        276.3725

     17.50      1       0.00000         38.4295
     17.50      2       0.00200         43.9373
     17.50      3       0.00400         61.4803
     17.50      4       0.00600         93.3988
     17.50      5       0.00800        141.4122
     17.50      6       0.01000        204.2590
     17.50      7       0.01200        276.3827

     17.60      1       0.00000         38.6815
     17.60      2       0.00200         44.2123
     17.60      3       0.00400         61.8076
     17.60      4       0.00600         93.7641
     17.60      5       0.00800        141.7480
     17.60      6       0.01000        204.4687
     17.60      7       0.01200        276.3927

     17.70      1       0.00000         38.9346
     17.70      2       0.00200         44.4879
     17.70      3       0.00400         62.1345
     17.70      4       0.00600         94.1278
     17.70      5       0.00800        142.0817
     17.70      6       0.01000        204.6768
     17.70      7       0.01200        276.4027

     17.80      1       0.00000         39.1888
     17.80      2       0.00200         44.7641
     17.80      3       0.00400         62.4611
     17.80      4       0.00600         94.4900
     17.80      5       0.00800        142.4132
     17.80      6       0.01000        204.8833
     17.80      7       0.01200        276.4127

     17.90      1       0.00000         39.4439
     17.90      2       0.00200         45.0410
     17.90      3       0.00400         62.7874
     17.90      4       0.00600         94.8508
     17.90      5       0.00800        142.7426
     17.90      6       0.01000        205.0881
     17.90      7       0.01200        276.4225

     18.00      1       0.00000         39.7000
     18.00      2       0.00200         45.3185
     18.00      3       0.00400         63.1134
     18.00      4       0.00600         95.2100
     18.00      5       0.00800        143.0699
     18.00      6       0.01000        205.2914
     18.00      7       0.01200        276.4323

     18.10      1       0.00000         39.9570
     18.10      2       0.00200         45.5966
     18.10      3       0.00400         63.4389
     18.10      4       0.00600         95.5678
     18.10      5       0.00800        143.3951
     18.10      6       0.01000        205.4931
     18.10      7       0.01200        276.4419

     18.20      1       0.00000         40.2150
     18.20      2       0.00200         45.8753
     18.20      3       0.00400         63.7642
     18.20      4       0.00600         95.9240
     18.20      5       0.00800        143.7183
     18.20      6       0.01000        205.6933
     18.20      7       0.01200        276.4515

     18.30      1       0.00000         40.4739
     18.30      2       0.00200         46.1545
     18.30      3       0.00400         64.0890
     18.30      4       0.00600         96.2789
     18.30      5       0.00800        144.0394
     18.30      6       0.01000        205.8919
     18.30      7       0.01200        276.4611

     18.40      1       0.00000         40.7337
     18.40      2       0.00200         46.4343
     18.40      3       0.00400         64.4135
     18.40      4       0.00600         96.6323
     18.40      5       0.00800        144.3586
     18.40      6       0.01000        206.0891
     18.40      7       0.01200        276.4705

     18.50      1       0.00000         40.9945
     18.50      2       0.00200         46.7147
     18.50      3       0.00400         64.7377
     18.50      4       0.00600         96.9843
     18.50      5       0.00800        144.6757
     18.50      6       0.01000        206.2847
     18.50      7       0.01200        276.4799

     18.60      1       0.00000         41.2561
     18.60      2       0.00200         46.9956
     18.60      3       0.00400         65.0615
     18.60      4       0.00600         97.3348
     18.60      5       0.00800        144.9910
     18.60      6       0.01000        206.4790
     18.60      7       0.01200        276.4893

     18.70      1       0.00000         41.5185
     18.70      2       0.00200         47.2771
     18.70      3       0.00400         65.3849
     18.70      4       0.00600         97.6840
     18.70      5       0.00800        145.3042
     18.70      6       0.01000        206.6717
     18.70      7       0.01200        276.4985

     18.80      1       0.00000         41.7818
     18.80      2       0.00200         47.5590
     18.80      3       0.00400         65.7079
     18.80      4       0.00600         98.0318
     18.80      5       0.00800        145.6156
     18.80      6       0.01000        206.8631
     18.80      7       0.01200        276.5077

     18.90      1       0.00000         42.0460
     18.90      2       0.00200         47.8415
     18.90      3       0.00400         66.0306
     18.90      4       0.00600         98.3782
     18.90      5       0.00800        145.9251
     18.90      6       0.01000        207.0531
     18.90      7       0.01200        276.5168

     19.00      1       0.00000         42.3110
     19.00      2       0.00200         48.1244
     19.00      3       0.00400         66.3529
     19.00      4       0.00600         98.7232
     19.00      5       0.00800        146.2328
     19.00      6       0.01000        207.2417
     19.00      7       0.01200        276.5259

     19.10      1       0.00000         42.5767
     19.10      2       0.00200         48.4078
     19.10      3       0.00400         66.6748
     19.10      4       0.00600         99.0668
     19.10      5       0.00800        146.5386
     19.10      6       0.01000        207.4289
     19.10      7       0.01200        276.5348

     19.20      1       0.00000         42.8433
     19.20      2       0.00200         48.6917
     19.20      3       0.00400         66.9963
     19.20      4       0.00600         99.4091
     19.20      5       0.00800        146.8426
     19.20      6       0.01000        207.6148
     19.20      7       0.01200        276.5438

     19.30      1       0.00000         43.1106
     19.30      2       0.00200         48.9760
     19.30      3       0.00400         67.3174
     19.30      4       0.00600         99.7501
     19.30      5       0.00800        147.1447
     19.30      6       0.01000        207.7993
     19.30      7       0.01200        276.5526

     19.40      1       0.00000         43.3787
     19.40      2       0.00200         49.2607
     19.40      3       0.00400         67.6382
     19.40      4       0.00600        100.0898
     19.40      5       0.00800        147.4452
     19.40      6       0.01000        207.9826
     19.40      7       0.01200        276.5614

     19.50      1       0.00000         43.6476
     19.50      2       0.00200         49.5459
     19.50      3       0.00400         67.9585
     19.50      4       0.00600        100.4281
     19.50      5       0.00800        147.7438
     19.50      6       0.01000        208.1646
     19.50      7       0.01200        276.5701

     19.60      1       0.00000         43.9171
     19.60      2       0.00200         49.8315
     19.60      3       0.00400         68.2785
     19.60      4       0.00600        100.7651
     19.60      5       0.00800        148.0407
     19.60      6       0.01000        208.3453
     19.60      7       0.01200        276.5788

     19.70      1       0.00000         44.1874
     19.70      2       0.00200         50.1176
     19.70      3       0.00400         68.5980
     19.70      4       0.00600        101.1009
     19.70      5       0.00800        148.3359
     19.70      6       0.01000        208.5247
     19.70      7       0.01200        276.5874

     19.80      1       0.00000         44.4584
     19.80      2       0.00200         50.4040
     19.80      3       0.00400         68.9172
     19.80      4       0.00600        101.4353
     19.80      5       0.00800        148.6295
     19.80      6       0.01000        208.7029
     19.80      7       0.01200        276.5960

     19.90      1       0.00000         44.7301
     19.90      2       0.00200         50.6908
     19.90      3       0.00400         69.2360
     19.90      4       0.00600        101.7685
     19.90      5       0.00800        148.9213
     19.90      6       0.01000        208.8799
     19.90      7       0.01200        276.6045

     20.00      1       0.00000         45.0025
     20.00      2       0.00200         50.9779
     20.00      3       0.00400         69.5543
     20.00      4       0.00600        102.1004
     20.00      5       0.00800        149.2115
     20.00      6       0.01000        209.0557
     20.00      7       0.01200        276.6129

     20.10      1       0.00000         45.2755
     20.10      2       0.00200         51.2655
     20.10      3       0.00400         69.8723
     20.10      4       0.00600        102.4311
     20.10      5       0.00800        149.5000
     20.10      6       0.01000        209.2303
     20.10      7       0.01200        276.6213

     20.20      1       0.00000         45.5491
     20.20      2       0.00200         51.5533
     20.20      3       0.00400         70.1898
     20.20      4       0.00600        102.7606
     20.20      5       0.00800        149.7869
     20.20      6       0.01000        209.4037
     20.20      7       0.01200        276.6296

     20.30      1       0.00000         45.8234
     20.30      2       0.00200         51.8416
     20.30      3       0.00400         70.5070
     20.30      4       0.00600        103.0888
     20.30      5       0.00800        150.0723
     20.30      6       0.01000        209.5759
     20.30      7       0.01200        276.6378

     20.40      1       0.00000         46.0984
     20.40      2       0.00200         52.1301
     20.40      3       0.00400         70.8237
     20.40      4       0.00600        103.4157
     20.40      5       0.00800        150.3560
     20.40      6       0.01000        209.7470
     20.40      7       0.01200        276.6460

     20.50      1       0.00000         46.3739
     20.50      2       0.00200         52.4190
     20.50      3       0.00400         71.1400
     20.50      4       0.00600        103.7415
     20.50      5       0.00800        150.6382
     20.50      6       0.01000        209.9170
     20.50      7       0.01200        276.6542

     20.60      1       0.00000         46.6500
     20.60      2       0.00200         52.7082
     20.60      3       0.00400         71.4560
     20.60      4       0.00600        104.0661
     20.60      5       0.00800        150.9188
     20.60      6       0.01000        210.0858
     20.60      7       0.01200        276.6623

     20.70      1       0.00000         46.9267
     20.70      2       0.00200         52.9977
     20.70      3       0.00400         71.7715
     20.70      4       0.00600        104.3895
     20.70      5       0.00800        151.1979
     20.70      6       0.01000        210.2536
     20.70      7       0.01200        276.6703

     20.80      1       0.00000         47.2040
     20.80      2       0.00200         53.2875
     20.80      3       0.00400         72.0866
     20.80      4       0.00600        104.7117
     20.80      5       0.00800        151.4755
     20.80      6       0.01000        210.4203
     20.80      7       0.01200        276.6783

     20.90      1       0.00000         47.4818
     20.90      2       0.00200         53.5775
     20.90      3       0.00400         72.4012
     20.90      4       0.00600        105.0328
     20.90      5       0.00800        151.7516
     20.90      6       0.01000        210.5859
     20.90      7       0.01200        276.6863

     21.00      1       0.00000         47.7602
     21.00      2       0.00200         53.8679
     21.00      3       0.00400         72.7155
     21.00      4       0.00600        105.3526
     21.00      5       0.00800        152.0263
     21.00      6       0.01000        210.7504
     21.00      7       0.01200        276.6942

     21.10      1       0.00000         48.0391
     21.10      2       0.00200         54.1585
     21.10      3       0.00400         73.0293
     21.10      4       0.00600        105.6714
     21.10      5       0.00800        152.2994
     21.10      6       0.01000        210.9139
     21.10      7       0.01200        276.7020

     21.20      1       0.00000         48.3186
     21.20      2       0.00200         54.4493
     21.20      3       0.00400         73.3427
     21.20      4       0.00600        105.9890
     21.20      5       0.00800        152.5711
     21.20      6       0.01000        211.0763
     21.20      7       0.01200        276.7098

     21.30      1       0.00000         48.5985
     21.30      2       0.00200         54.7404
     21.30      3       0.00400         73.6557
     21.30      4       0.00600        106.3054
     21.30      5       0.00800        152.8414
     21.30      6       0.01000        211.2378
     21.30      7       0.01200        276.7175

     21.40      1       0.00000         48.8789
     21.40      2       0.00200         55.0318
     21.40      3       0.00400         73.9683
     21.40      4       0.00600        106.6208
     21.40      5       0.00800        153.1103
     21.40      6       0.01000        211.3982
     21.40      7       0.01200        276.7252

     21.50      1       0.00000         49.1599
     21.50      2       0.00200         55.3233
     21.50      3       0.00400         74.2805
     21.50      4       0.00600        106.9350
     21.50      5       0.00800        153.3778
     21.50      6       0.01000        211.5576
     21.50      7       0.01200        276.7329

     21.60      1       0.00000         49.4413
     21.60      2       0.00200         55.6151
     21.60      3       0.00400         74.5922
     21.60      4       0.00600        107.2481
     21.60      5       0.00800        153.6439
     21.60      6       0.01000        211.7160
     21.60      7       0.01200        276.7404

     21.70      1       0.00000         49.7231
     21.70      2       0.00200         55.9071
     21.70      3       0.00400         74.9035
     21.70      4       0.00600        107.5601
     21.70      5       0.00800        153.9086
     21.70      6       0.01000        211.8735
     21.70      7       0.01200        276.7480

     21.80      1       0.00000         50.0054
     21.80      2       0.00200         56.1993
     21.80      3       0.00400         75.2144
     21.80      4       0.00600        107.8711
     21.80      5       0.00800        154.1720
     21.80      6       0.01000        212.0300
     21.80      7       0.01200        276.7555

     21.90      1       0.00000         50.2882
     21.90      2       0.00200         56.4917
     21.90      3       0.00400         75.5249
     21.90      4       0.00600        108.1810
     21.90      5       0.00800        154.4340
     21.90      6       0.01000        212.1856
     21.90      7       0.01200        276.7630

     22.00      1       0.00000         50.5713
     22.00      2       0.00200         56.7842
     22.00      3       0.00400         75.8349
     22.00      4       0.00600        108.4898
     22.00      5       0.00800        154.6948
     22.00      6       0.01000        212.3402
     22.00      7       0.01200        276.7704

     22.10      1       0.00000         50.8549
     22.10      2       0.00200         57.0770
     22.10      3       0.00400         76.1445
     22.10      4       0.00600        108.7975
     22.10      5       0.00800        154.9542
     22.10      6       0.01000        212.4939
     22.10      7       0.01200        276.7777

     22.20      1       0.00000         51.1389
     22.20      2       0.00200         57.3699
     22.20      3       0.00400         76.4537
     22.20      4       0.00600        109.1042
     22.20      5       0.00800        155.2123
     22.20      6       0.01000        212.6467
     22.20      7       0.01200        276.7850

     22.30      1       0.00000         51.4233
     22.30      2       0.00200         57.6629
     22.30      3       0.00400         76.7624
     22.30      4       0.00600        109.4098
     22.30      5       0.00800        155.4691
     22.30      6       0.01000        212.7985
     22.30      7       0.01200        276.7923

     22.40      1       0.00000         51.7081
     22.40      2       0.00200         57.9562
     22.40      3       0.00400         77.0707
     22.40      4       0.00600        109.7145
     22.40      5       0.00800        155.7247
     22.40      6       0.01000        212.9495
     22.40      7       0.01200        276.7996

     22.50      1       0.00000         51.9933
     22.50      2       0.00200         58.2495
     22.50      3       0.00400         77.3786
     22.50      4       0.00600        110.0180
     22.50      5       0.00800        155.9790
     22.50      6       0.01000        213.0996
     22.50      7       0.01200        276.8068

     22.60      1       0.00000         52.2788
     22.60      2       0.00200         58.5430
     22.60      3       0.00400         77.6861
     22.60      4       0.00600        110.3206
     22.60      5       0.00800        156.2321
     22.60      6       0.01000        213.2489
     22.60      7       0.01200        276.8139

     22.70      1       0.00000         52.5647
     22.70      2       0.00200         58.8367
     22.70      3       0.00400         77.9931
     22.70      4       0.00600        110.6222
     22.70      5       0.00800        156.4840
     22.70      6       0.01000        213.3972
     22.70      7       0.01200        276.8210

     22.80      1       0.00000         52.8509
     22.80      2       0.00200         59.1304
     22.80      3       0.00400         78.2997
     22.80      4       0.00600        110.9227
     22.80      5       0.00800        156.7346
     22.80      6       0.01000        213.5447
     22.80      7       0.01200        276.8281

     22.90      1       0.00000         53.1374
     22.90      2       0.00200         59.4243
     22.90      3       0.00400         78.6059
     22.90      4       0.00600        111.2223
     22.90      5       0.00800        156.9841
     22.90      6       0.01000        213.6914
     22.90      7       0.01200        276.8351

     23.00      1       0.00000         53.4243
     23.00      2       0.00200         59.7182
     23.00      3       0.00400         78.9116
     23.00      4       0.00600        111.5209
     23.00      5       0.00800        157.2323
     23.00      6       0.01000        213.8373
     23.00      7       0.01200        276.8421

     23.10      1       0.00000         53.7115
     23.10      2       0.00200         60.0123
     23.10      3       0.00400         79.2169
     23.10      4       0.00600        111.8185
     23.10      5       0.00800        157.4794
     23.10      6       0.01000        213.9823
     23.10      7       0.01200        276.8490

     23.20      1       0.00000         53.9990
     23.20      2       0.00200         60.3065
     23.20      3       0.00400         79.5218
     23.20      4       0.00600        112.1152
     23.20      5       0.00800        157.7253
     23.20      6       0.01000        214.1265
     23.20      7       0.01200        276.8560

     23.30      1       0.00000         54.2867
     23.30      2       0.00200         60.6007
     23.30      3       0.00400         79.8263
     23.30      4       0.00600        112.4109
     23.30      5       0.00800        157.9701
     23.30      6       0.01000        214.2699
     23.30      7       0.01200        276.8628

     23.40      1       0.00000         54.5748
     23.40      2       0.00200         60.8950
     23.40      3       0.00400         80.1303
     23.40      4       0.00600        112.7056
     23.40      5       0.00800        158.2137
     23.40      6       0.01000        214.4126
     23.40      7       0.01200        276.8697

     23.50      1       0.00000         54.8632
     23.50      2       0.00200         61.1894
     23.50      3       0.00400         80.4339
     23.50      4       0.00600        112.9994
     23.50      5       0.00800        158.4562
     23.50      6       0.01000        214.5544
     23.50      7       0.01200        276.8764

     23.60      1       0.00000         55.1518
     23.60      2       0.00200         61.4839
     23.60      3       0.00400         80.7370
     23.60      4       0.00600        113.2922
     23.60      5       0.00800        158.6976
     23.60      6       0.01000        214.6955
     23.60      7       0.01200        276.8832

     23.70      1       0.00000         55.4406
     23.70      2       0.00200         61.7784
     23.70      3       0.00400         81.0397
     23.70      4       0.00600        113.5841
     23.70      5       0.00800        158.9379
     23.70      6       0.01000        214.8358
     23.70      7       0.01200        276.8899

     23.80      1       0.00000         55.7298
     23.80      2       0.00200         62.0730
     23.80      3       0.00400         81.3420
     23.80      4       0.00600        113.8751
     23.80      5       0.00800        159.1771
     23.80      6       0.01000        214.9753
     23.80      7       0.01200        276.8966

     23.90      1       0.00000         56.0191
     23.90      2       0.00200         62.3676
     23.90      3       0.00400         81.6439
     23.90      4       0.00600        114.1652
     23.90      5       0.00800        159.4152
     23.90      6       0.01000        215.1141
     23.90      7       0.01200        276.9033

     24.00      1       0.00000         56.3087
     24.00      2       0.00200         62.6623
     24.00      3       0.00400         81.9453
     24.00      4       0.00600        114.4544
     24.00      5       0.00800        159.6523
     24.00      6       0.01000        215.2522
     24.00      7       0.01200        276.9099

     24.10      1       0.00000         56.5985
     24.10      2       0.00200         62.9570
     24.10      3       0.00400         82.2463
     24.10      4       0.00600        114.7427
     24.10      5       0.00800        159.8883
     24.10      6       0.01000        215.3895
     24.10      7       0.01200        276.9164

     24.20      1       0.00000         56.8885
     24.20      2       0.00200         63.2517
     24.20      3       0.00400         82.5468
     24.20      4       0.00600        115.0300
     24.20      5       0.00800        160.1232
     24.20      6       0.01000        215.5261
     24.20      7       0.01200        276.9230

     24.30      1       0.00000         57.1788
     24.30      2       0.00200         63.5464
     24.30      3       0.00400         82.8469
     24.30      4       0.00600        115.3165
     24.30      5       0.00800        160.3572
     24.30      6       0.01000        215.6620
     24.30      7       0.01200        276.9295

     24.40      1       0.00000         57.4692
     24.40      2       0.00200         63.8411
     24.40      3       0.00400         83.1466
     24.40      4       0.00600        115.6021
     24.40      5       0.00800        160.5901
     24.40      6       0.01000        215.7971
     24.40      7       0.01200        276.9360

     24.50      1       0.00000         57.7598
     24.50      2       0.00200         64.1359
     24.50      3       0.00400         83.4458
     24.50      4       0.00600        115.8869
     24.50      5       0.00800        160.8219
     24.50      6       0.01000        215.9316
     24.50      7       0.01200        276.9424

     24.60      1       0.00000         58.0506
     24.60      2       0.00200         64.4307
     24.60      3       0.00400         83.7447
     24.60      4       0.00600        116.1707
     24.60      5       0.00800        161.0528
     24.60      6       0.01000        216.0654
     24.60      7       0.01200        276.9488

     24.70      1       0.00000         58.3416
     24.70      2       0.00200         64.7254
     24.70      3       0.00400         84.0430
     24.70      4       0.00600        116.4537
     24.70      5       0.00800        161.2827
     24.70      6       0.01000        216.1985
     24.70      7       0.01200        276.9552

     24.80      1       0.00000         58.6327
     24.80      2       0.00200         65.0202
     24.80      3       0.00400         84.3410
     24.80      4       0.00600        116.7359
     24.80      5       0.00800        161.5116
     24.80      6       0.01000        216.3310
     24.80      7       0.01200        276.9615

     24.90      1       0.00000         58.9240
     24.90      2       0.00200         65.3149
     24.90      3       0.00400         84.6385
     24.90      4       0.00600        117.0172
     24.90      5       0.00800        161.7395
     24.90      6       0.01000        216.4627
     24.90      7       0.01200        276.9678

     25.00      1       0.00000         59.2154
     25.00      2       0.00200         65.6096
     25.00      3       0.00400         84.9356
     25.00      4       0.00600        117.2976
     25.00      5       0.00800        161.9664
     25.00      6       0.01000        216.5938
     25.00      7       0.01200        276.9741

     25.10      1       0.00000         59.5070
     25.10      2       0.00200         65.9043
     25.10      3       0.00400         85.2322
     25.10      4       0.00600        117.5773
     25.10      5       0.00800        162.1924
     25.10      6       0.01000        216.7243
     25.10      7       0.01200        276.9803

     25.20      1       0.00000         59.7987
     25.20      2       0.00200         66.1989
     25.20      3       0.00400         85.5285
     25.20      4       0.00600        117.8561
     25.20      5       0.00800        162.4175
     25.20      6       0.01000        216.8541
     25.20      7       0.01200        276.9866

     25.30      1       0.00000         60.0906
     25.30      2       0.00200         66.4935
     25.30      3       0.00400         85.8243
     25.30      4       0.00600        118.1341
     25.30      5       0.00800        162.6416
     25.30      6       0.01000        216.9833
     25.30      7       0.01200        276.9927

     25.40      1       0.00000         60.3825
     25.40      2       0.00200         66.7881
     25.40      3       0.00400         86.1196
     25.40      4       0.00600        118.4112
     25.40      5       0.00800        162.8648
     25.40      6       0.01000        217.1118
     25.40      7       0.01200        276.9989

     25.50      1       0.00000         60.6746
     25.50      2       0.00200         67.0826
     25.50      3       0.00400         86.4145
     25.50      4       0.00600        118.6876
     25.50      5       0.00800        163.0870
     25.50      6       0.01000        217.2397
     25.50      7       0.01200        277.0050

     25.60      1       0.00000         60.9668
     25.60      2       0.00200         67.3771
     25.60      3       0.00400         86.7090
     25.60      4       0.00600        118.9631
     25.60      5       0.00800        163.3084
     25.60      6       0.01000        217.3670
     25.60      7       0.01200        277.0111

     25.70      1       0.00000         61.2590
     25.70      2       0.00200         67.6715
     25.70      3       0.00400         87.0031
     25.70      4       0.00600        119.2379
     25.70      5       0.00800        163.5289
     25.70      6       0.01000        217.4937
     25.70      7       0.01200        277.0172

     25.80      1       0.00000         61.5514
     25.80      2       0.00200         67.9659
     25.80      3       0.00400         87.2967
     25.80      4       0.00600        119.5118
     25.80      5       0.00800        163.7484
     25.80      6       0.01000        217.6197
     25.80      7       0.01200        277.0232

     25.90      1       0.00000         61.8439
     25.90      2       0.00200         68.2602
     25.90      3       0.00400         87.5899
     25.90      4       0.00600        119.7850
     25.90      5       0.00800        163.9671
     25.90      6       0.01000        217.7452
     25.90      7       0.01200        277.0292

     26.00      1       0.00000         62.1364
     26.00      2       0.00200         68.5544
     26.00      3       0.00400         87.8827
     26.00      4       0.00600        120.0574
     26.00      5       0.00800        164.1849
     26.00      6       0.01000        217.8701
     26.00      7       0.01200        277.0352

     26.10      1       0.00000         62.4290
     26.10      2       0.00200         68.8485
     26.10      3       0.00400         88.1750
     26.10      4       0.00600        120.3290
     26.10      5       0.00800        164.4019
     26.10      6       0.01000        217.9944
     26.10      7       0.01200        277.0411

     26.20      1       0.00000         62.7216
     26.20      2       0.00200         69.1426
     26.20      3       0.00400         88.4669
     26.20      4       0.00600        120.5999
     26.20      5       0.00800        164.6180
     26.20      6       0.01000        218.1181
     26.20      7       0.01200        277.0471

     26.30      1       0.00000         63.0144
     26.30      2       0.00200         69.4366
     26.30      3       0.00400         88.7584
     26.30      4       0.00600        120.8700
     26.30      5       0.00800        164.8332
     26.30      6       0.01000        218.2413
     26.30      7       0.01200        277.0530

     26.40      1       0.00000         63.3071
     26.40      2       0.00200         69.7305
     26.40      3       0.00400         89.0494
     26.40      4       0.00600        121.1393
     26.40      5       0.00800        165.0476
     26.40      6       0.01000        218.3638
     26.40      7       0.01200        277.0588

     26.50      1       0.00000         63.5999
     26.50      2       0.00200         70.0242
     26.50      3       0.00400         89.3400
     26.50      4       0.00600        121.4079
     26.50      5       0.00800        165.2612
     26.50      6       0.01000        218.4859
     26.50      7       0.01200        277.0647

     26.60      1       0.00000         63.8928
     26.60      2       0.00200         70.3179
     26.60      3       0.00400         89.6302
     26.60      4       0.00600        121.6757
     26.60      5       0.00800        165.4739
     26.60      6       0.01000        218.6073
     26.60      7       0.01200        277.0705

     26.70      1       0.00000         64.1857
     26.70      2       0.00200         70.6115
     26.70      3       0.00400         89.9200
     26.70      4       0.00600        121.9428
     26.70      5       0.00800        165.6859
     26.70      6       0.01000        218.7282
     26.70      7       0.01200        277.0763

     26.80      1       0.00000         64.4786
     26.80      2       0.00200         70.9050
     26.80      3       0.00400         90.2093
     26.80      4       0.00600        122.2092
     26.80      5       0.00800        165.8970
     26.80      6       0.01000        218.8486
     26.80      7       0.01200        277.0820

     26.90      1       0.00000         64.7715
     26.90      2       0.00200         71.1984
     26.90      3       0.00400         90.4982
     26.90      4       0.00600        122.4748
     26.90      5       0.00800        166.1073
     26.90      6       0.01000        218.9684
     26.90      7       0.01200        277.0877

     27.00      1       0.00000         65.0645
     27.00      2       0.00200         71.4916
     27.00      3       0.00400         90.7867
     27.00      4       0.00600        122.7397
     27.00      5       0.00800        166.3168
     27.00      6       0.01000        219.0877
     27.00      7       0.01200        277.0935

     27.10      1       0.00000         65.3574
     27.10      2       0.00200         71.7848
     27.10      3       0.00400         91.0747
     27.10      4       0.00600        123.0039
     27.10      5       0.00800        166.5255
     27.10      6       0.01000        219.2065
     27.10      7       0.01200        277.0991

     27.20      1       0.00000         65.6504
     27.20      2       0.00200         72.0778
     27.20      3       0.00400         91.3623
     27.20      4       0.00600        123.2674
     27.20      5       0.00800        166.7335
     27.20      6       0.01000        219.3248
     27.20      7       0.01200        277.1048

     27.30      1       0.00000         65.9433
     27.30      2       0.00200         72.3706
     27.30      3       0.00400         91.6495
     27.30      4       0.00600        123.5301
     27.30      5       0.00800        166.9407
     27.30      6       0.01000        219.4425
     27.30      7       0.01200        277.1104

     27.40      1       0.00000         66.2363
     27.40      2       0.00200         72.6634
     27.40      3       0.00400         91.9363
     27.40      4       0.00600        123.7922
     27.40      5       0.00800        167.1471
     27.40      6       0.01000        219.5597
     27.40      7       0.01200        277.1160

     27.50      1       0.00000         66.5292
     27.50      2       0.00200         72.9560
     27.50      3       0.00400         92.2226
     27.50      4       0.00600        124.0536
     27.50      5       0.00800        167.3528
     27.50      6       0.01000        219.6764
     27.50      7       0.01200        277.1216

     27.60      1       0.00000         66.8221
     27.60      2       0.00200         73.2485
     27.60      3       0.00400         92.5085
     27.60      4       0.00600        124.3142
     27.60      5       0.00800        167.5577
     27.60      6       0.01000        219.7926
     27.60      7       0.01200        277.1272

     27.70      1       0.00000         67.1150
     27.70      2       0.00200         73.5408
     27.70      3       0.00400         92.7940
     27.70      4       0.00600        124.5742
     27.70      5       0.00800        167.7618
     27.70      6       0.01000        219.9084
     27.70      7       0.01200        277.1327

     27.80      1       0.00000         67.4078
     27.80      2       0.00200         73.8330
     27.80      3       0.00400         93.0790
     27.80      4       0.00600        124.8335
     27.80      5       0.00800        167.9653
     27.80      6       0.01000        220.0236
     27.80      7       0.01200        277.1382

     27.90      1       0.00000         67.7006
     27.90      2       0.00200         74.1250
     27.90      3       0.00400         93.3637
     27.90      4       0.00600        125.0921
     27.90      5       0.00800        168.1680
     27.90      6       0.01000        220.1383
     27.90      7       0.01200        277.1437

     28.00      1       0.00000         67.9934
     28.00      2       0.00200         74.4169
     28.00      3       0.00400         93.6479
     28.00      4       0.00600        125.3500
     28.00      5       0.00800        168.3700
     28.00      6       0.01000        220.2526
     28.00      7       0.01200        277.1492

     28.10      1       0.00000         68.2861
     28.10      2       0.00200         74.7086
     28.10      3       0.00400         93.9317
     28.10      4       0.00600        125.6073
     28.10      5       0.00800        168.5712
     28.10      6       0.01000        220.3664
     28.10      7       0.01200        277.1546

     28.20      1       0.00000         68.5788
     28.20      2       0.00200         75.0002
     28.20      3       0.00400         94.2150
     28.20      4       0.00600        125.8638
     28.20      5       0.00800        168.7718
     28.20      6       0.01000        220.4797
     28.20      7       0.01200        277.1600

     28.30      1       0.00000         68.8714
     28.30      2       0.00200         75.2916
     28.30      3       0.00400         94.4980
     28.30      4       0.00600        126.1198
     28.30      5       0.00800        168.9716
     28.30      6       0.01000        220.5926
     28.30      7       0.01200        277.1654

     28.40      1       0.00000         69.1640
     28.40      2       0.00200         75.5828
     28.40      3       0.00400         94.7805
     28.40      4       0.00600        126.3750
     28.40      5       0.00800        169.1707
     28.40      6       0.01000        220.7050
     28.40      7       0.01200        277.1708

     28.50      1       0.00000         69.4565
     28.50      2       0.00200         75.8738
     28.50      3       0.00400         95.0626
     28.50      4       0.00600        126.6296
     28.50      5       0.00800        169.3692
     28.50      6       0.01000        220.8169
     28.50      7       0.01200        277.1762

     28.60      1       0.00000         69.7489
     28.60      2       0.00200         76.1647
     28.60      3       0.00400         95.3443
     28.60      4       0.00600        126.8836
     28.60      5       0.00800        169.5670
     28.60      6       0.01000        220.9284
     28.60      7       0.01200        277.1815

     28.70      1       0.00000         70.0413
     28.70      2       0.00200         76.4554
     28.70      3       0.00400         95.6255
     28.70      4       0.00600        127.1369
     28.70      5       0.00800        169.7641
     28.70      6       0.01000        221.0394
     28.70      7       0.01200        277.1868

     28.80      1       0.00000         70.3335
     28.80      2       0.00200         76.7459
     28.80      3       0.00400         95.9063
     28.80      4       0.00600        127.3896
     28.80      5       0.00800        169.9605
     28.80      6       0.01000        221.1500
     28.80      7       0.01200        277.1921

     28.90      1       0.00000         70.6257
     28.90      2       0.00200         77.0363
     28.90      3       0.00400         96.1868
     28.90      4       0.00600        127.6417
     28.90      5       0.00800        170.1562
     28.90      6       0.01000        221.2601
     28.90      7       0.01200        277.1974

     29.00      1       0.00000         70.9178
     29.00      2       0.00200         77.3264
     29.00      3       0.00400         96.4667
     29.00      4       0.00600        127.8931
     29.00      5       0.00800        170.3513
     29.00      6       0.01000        221.3698
     29.00      7       0.01200        277.2026

     29.10      1       0.00000         71.2098
     29.10      2       0.00200         77.6164
     29.10      3       0.00400         96.7463
     29.10      4       0.00600        128.1439
     29.10      5       0.00800        170.5457
     29.10      6       0.01000        221.4791
     29.10      7       0.01200        277.2078

     29.20      1       0.00000         71.5017
     29.20      2       0.00200         77.9061
     29.20      3       0.00400         97.0255
     29.20      4       0.00600        128.3940
     29.20      5       0.00800        170.7395
     29.20      6       0.01000        221.5880
     29.20      7       0.01200        277.2130

     29.30      1       0.00000         71.7935
     29.30      2       0.00200         78.1957
     29.30      3       0.00400         97.3042
     29.30      4       0.00600        128.6435
     29.30      5       0.00800        170.9326
     29.30      6       0.01000        221.6964
     29.30      7       0.01200        277.2182

     29.40      1       0.00000         72.0852
     29.40      2       0.00200         78.4851
     29.40      3       0.00400         97.5825
     29.40      4       0.00600        128.8925
     29.40      5       0.00800        171.1251
     29.40      6       0.01000        221.8044
     29.40      7       0.01200        277.2234

     29.50      1       0.00000         72.3768
     29.50      2       0.00200         78.7742
     29.50      3       0.00400         97.8604
     29.50      4       0.00600        129.1408
     29.50      5       0.00800        171.3170
     29.50      6       0.01000        221.9120
     29.50      7       0.01200        277.2285

     29.60      1       0.00000         72.6683
     29.60      2       0.00200         79.0632
     29.60      3       0.00400         98.1379
     29.60      4       0.00600        129.3885
     29.60      5       0.00800        171.5082
     29.60      6       0.01000        222.0192
     29.60      7       0.01200        277.2337

     29.70      1       0.00000         72.9596
     29.70      2       0.00200         79.3520
     29.70      3       0.00400         98.4150
     29.70      4       0.00600        129.6356
     29.70      5       0.00800        171.6988
     29.70      6       0.01000        222.1260
     29.70      7       0.01200        277.2388

     29.80      1       0.00000         73.2509
     29.80      2       0.00200         79.6405
     29.80      3       0.00400         98.6916
     29.80      4       0.00600        129.8821
     29.80      5       0.00800        171.8888
     29.80      6       0.01000        222.2324
     29.80      7       0.01200        277.2438

     29.90      1       0.00000         73.5420
     29.90      2       0.00200         79.9289
     29.90      3       0.00400         98.9678
     29.90      4       0.00600        130.1280
     29.90      5       0.00800        172.0782
     29.90      6       0.01000        222.3384
     29.90      7       0.01200        277.2489

     30.00      1       0.00000         73.8330
     30.00      2       0.00200         80.2170
     30.00      3       0.00400         99.2437
     30.00      4       0.00600        130.3733
     30.00      5       0.00800        172.2670
     30.00      6       0.01000        222.4439
     30.00      7       0.01200        277.2540

     30.10      1       0.00000         74.1238
     30.10      2       0.00200         80.5049
     30.10      3       0.00400         99.5191
     30.10      4       0.00600        130.6180
     30.10      5       0.00800        172.4551
     30.10      6       0.01000        222.5491
     30.10      7       0.01200        277.2590

     30.20      1       0.00000         74.4145
     30.20      2       0.00200         80.7926
     30.20      3       0.00400         99.7941
     30.20      4       0.00600        130.8621
     30.20      5       0.00800        172.6427
     30.20      6       0.01000        222.6539
     30.20      7       0.01200        277.2640

     30.30      1       0.00000         74.7051
     30.30      2       0.00200         81.0800
     30.30      3       0.00400        100.0686
     30.30      4       0.00600        131.1057
     30.30      5       0.00800        172.8297
     30.30      6       0.01000        222.7584
     30.30      7       0.01200        277.2690

     30.40      1       0.00000         74.9955
     30.40      2       0.00200         81.3672
     30.40      3       0.00400        100.3428
     30.40      4       0.00600        131.3487
     30.40      5       0.00800        173.0161
     30.40      6       0.01000        222.8624
     30.40      7       0.01200        277.2740

     30.50      1       0.00000         75.2858
     30.50      2       0.00200         81.6543
     30.50      3       0.00400        100.6166
     30.50      4       0.00600        131.5911
     30.50      5       0.00800        173.2019
     30.50      6       0.01000        222.9661
     30.50      7       0.01200        277.2789

     30.60      1       0.00000         75.5759
     30.60      2       0.00200         81.9410
     30.60      3       0.00400        100.8899
     30.60      4       0.00600        131.8329
     30.60      5       0.00800        173.3871
     30.60      6       0.01000        223.0694
     30.60      7       0.01200        277.2839

     30.70      1       0.00000         75.8658
     30.70      2       0.00200         82.2276
     30.70      3       0.00400        101.1628
     30.70      4       0.00600        132.0741
     30.70      5       0.00800        173.5718
     30.70      6       0.01000        223.1723
     30.70      7       0.01200        277.2888

     30.80      1       0.00000         76.1556
     30.80      2       0.00200         82.5139
     30.80      3       0.00400        101.4353
     30.80      4       0.00600        132.3148
     30.80      5       0.00800        173.7559
     30.80      6       0.01000        223.2748
     30.80      7       0.01200        277.2937

     30.90      1       0.00000         76.4453
     30.90      2       0.00200         82.7999
     30.90      3       0.00400        101.7074
     30.90      4       0.00600        132.5550
     30.90      5       0.00800        173.9394
     30.90      6       0.01000        223.3770
     30.90      7       0.01200        277.2986

     31.00      1       0.00000         76.7347
     31.00      2       0.00200         83.0858
     31.00      3       0.00400        101.9791
     31.00      4       0.00600        132.7945
     31.00      5       0.00800        174.1224
     31.00      6       0.01000        223.4788
     31.00      7       0.01200        277.3034

     31.10      1       0.00000         77.0240
     31.10      2       0.00200         83.3714
     31.10      3       0.00400        102.2504
     31.10      4       0.00600        133.0335
     31.10      5       0.00800        174.3048
     31.10      6       0.01000        223.5803
     31.10      7       0.01200        277.3083

     31.20      1       0.00000         77.3132
     31.20      2       0.00200         83.6567
     31.20      3       0.00400        102.5213
     31.20      4       0.00600        133.2720
     31.20      5       0.00800        174.4866
     31.20      6       0.01000        223.6814
     31.20      7       0.01200        277.3131

     31.30      1       0.00000         77.6021
     31.30      2       0.00200         83.9418
     31.30      3       0.00400        102.7918
     31.30      4       0.00600        133.5099
     31.30      5       0.00800        174.6680
     31.30      6       0.01000        223.7822
     31.30      7       0.01200        277.3179

     31.40      1       0.00000         77.8909
     31.40      2       0.00200         84.2267
     31.40      3       0.00400        103.0618
     31.40      4       0.00600        133.7473
     31.40      5       0.00800        174.8487
     31.40      6       0.01000        223.8826
     31.40      7       0.01200        277.3227

     31.50      1       0.00000         78.1795
     31.50      2       0.00200         84.5113
     31.50      3       0.00400        103.3315
     31.50      4       0.00600        133.9841
     31.50      5       0.00800        175.0290
     31.50      6       0.01000        223.9827
     31.50      7       0.01200        277.3275

     31.60      1       0.00000         78.4679
     31.60      2       0.00200         84.7956
     31.60      3       0.00400        103.6007
     31.60      4       0.00600        134.2204
     31.60      5       0.00800        175.2087
     31.60      6       0.01000        224.0824
     31.60      7       0.01200        277.3323

     31.70      1       0.00000         78.7561
     31.70      2       0.00200         85.0797
     31.70      3       0.00400        103.8696
     31.70      4       0.00600        134.4562
     31.70      5       0.00800        175.3879
     31.70      6       0.01000        224.1818
     31.70      7       0.01200        277.3370

     31.80      1       0.00000         79.0442
     31.80      2       0.00200         85.3636
     31.80      3       0.00400        104.1380
     31.80      4       0.00600        134.6914
     31.80      5       0.00800        175.5665
     31.80      6       0.01000        224.2808
     31.80      7       0.01200        277.3418

     31.90      1       0.00000         79.3320
     31.90      2       0.00200         85.6472
     31.90      3       0.00400        104.4060
     31.90      4       0.00600        134.9261
     31.90      5       0.00800        175.7446
     31.90      6       0.01000        224.3796
     31.90      7       0.01200        277.3465

     32.00      1       0.00000         79.6196
     32.00      2       0.00200         85.9305
     32.00      3       0.00400        104.6737
     32.00      4       0.00600        135.1603
     32.00      5       0.00800        175.9223
     32.00      6       0.01000        224.4780
     32.00      7       0.01200        277.3512

     32.10      1       0.00000         79.9071
     32.10      2       0.00200         86.2136
     32.10      3       0.00400        104.9409
     32.10      4       0.00600        135.3939
     32.10      5       0.00800        176.0994
     32.10      6       0.01000        224.5760
     32.10      7       0.01200        277.3559

     32.20      1       0.00000         80.1943
     32.20      2       0.00200         86.4964
     32.20      3       0.00400        105.2077
     32.20      4       0.00600        135.6271
     32.20      5       0.00800        176.2760
     32.20      6       0.01000        224.6738
     32.20      7       0.01200        277.3605

     32.30      1       0.00000         80.4814
     32.30      2       0.00200         86.7789
     32.30      3       0.00400        105.4741
     32.30      4       0.00600        135.8597
     32.30      5       0.00800        176.4520
     32.30      6       0.01000        224.7712
     32.30      7       0.01200        277.3652

     32.40      1       0.00000         80.7682
     32.40      2       0.00200         87.0612
     32.40      3       0.00400        105.7401
     32.40      4       0.00600        136.0918
     32.40      5       0.00800        176.6276
     32.40      6       0.01000        224.8683
     32.40      7       0.01200        277.3698

     32.50      1       0.00000         81.0548
     32.50      2       0.00200         87.3432
     32.50      3       0.00400        106.0057
     32.50      4       0.00600        136.3233
     32.50      5       0.00800        176.8027
     32.50      6       0.01000        224.9651
     32.50      7       0.01200        277.3745

     32.60      1       0.00000         81.3412
     32.60      2       0.00200         87.6249
     32.60      3       0.00400        106.2710
     32.60      4       0.00600        136.5544
     32.60      5       0.00800        176.9773
     32.60      6       0.01000        225.0616
     32.60      7       0.01200        277.3791

     32.70      1       0.00000         81.6274
     32.70      2       0.00200         87.9064
     32.70      3       0.00400        106.5358
     32.70      4       0.00600        136.7850
     32.70      5       0.00800        177.1514
     32.70      6       0.01000        225.1577
     32.70      7       0.01200        277.3837

     32.80      1       0.00000         81.9134
     32.80      2       0.00200         88.1875
     32.80      3       0.00400        106.8002
     32.80      4       0.00600        137.0150
     32.80      5       0.00800        177.3250
     32.80      6       0.01000        225.2536
     32.80      7       0.01200        277.3882

     32.90      1       0.00000         82.1991
     32.90      2       0.00200         88.4684
     32.90      3       0.00400        107.0642
     32.90      4       0.00600        137.2446
     32.90      5       0.00800        177.4982
     32.90      6       0.01000        225.3491
     32.90      7       0.01200        277.3928

     33.00      1       0.00000         82.4846
     33.00      2       0.00200         88.7491
     33.00      3       0.00400        107.3278
     33.00      4       0.00600        137.4737
     33.00      5       0.00800        177.6708
     33.00      6       0.01000        225.4444
     33.00      7       0.01200        277.3974

     33.10      1       0.00000         82.7699
     33.10      2       0.00200         89.0294
     33.10      3       0.00400        107.5910
     33.10      4       0.00600        137.7022
     33.10      5       0.00800        177.8430
     33.10      6       0.01000        225.5393
     33.10      7       0.01200        277.4019

     33.20      1       0.00000         83.0550
     33.20      2       0.00200         89.3095
     33.20      3       0.00400        107.8538
     33.20      4       0.00600        137.9303
     33.20      5       0.00800        178.0147
     33.20      6       0.01000        225.6340
     33.20      7       0.01200        277.4064

     33.30      1       0.00000         83.3399
     33.30      2       0.00200         89.5893
     33.30      3       0.00400        108.1162
     33.30      4       0.00600        138.1579
     33.30      5       0.00800        178.1860
     33.30      6       0.01000        225.7283
     33.30      7       0.01200        277.4109

     33.40      1       0.00000         83.6245
     33.40      2       0.00200         89.8688
     33.40      3       0.00400        108.3782
     33.40      4       0.00600        138.3850
     33.40      5       0.00800        178.3568
     33.40      6       0.01000        225.8224
     33.40      7       0.01200        277.4154

     33.50      1       0.00000         83.9088
     33.50      2       0.00200         90.1481
     33.50      3       0.00400        108.6399
     33.50      4       0.00600        138.6116
     33.50      5       0.00800        178.5271
     33.50      6       0.01000        225.9162
     33.50      7       0.01200        277.4199

     33.60      1       0.00000         84.1930
     33.60      2       0.00200         90.4270
     33.60      3       0.00400        108.9011
     33.60      4       0.00600        138.8377
     33.60      5       0.00800        178.6969
     33.60      6       0.01000        226.0096
     33.60      7       0.01200        277.4244

     33.70      1       0.00000         84.4769
     33.70      2       0.00200         90.7057
     33.70      3       0.00400        109.1619
     33.70      4       0.00600        139.0634
     33.70      5       0.00800        178.8664
     33.70      6       0.01000        226.1028
     33.70      7       0.01200        277.4288

     33.80      1       0.00000         84.7605
     33.80      2       0.00200         90.9840
     33.80      3       0.00400        109.4224
     33.80      4       0.00600        139.2886
     33.80      5       0.00800        179.0353
     33.80      6       0.01000        226.1958
     33.80      7       0.01200        277.4333

     33.90      1       0.00000         85.0440
     33.90      2       0.00200         91.2621
     33.90      3       0.00400        109.6824
     33.90      4       0.00600        139.5132
     33.90      5       0.00800        179.2038
     33.90      6       0.01000        226.2884
     33.90      7       0.01200        277.4377

     34.00      1       0.00000         85.3271
     34.00      2       0.00200         91.5399
     34.00      3       0.00400        109.9420
     34.00      4       0.00600        139.7375
     34.00      5       0.00800        179.3719
     34.00      6       0.01000        226.3807
     34.00      7       0.01200        277.4421

     34.10      1       0.00000         85.6101
     34.10      2       0.00200         91.8174
     34.10      3       0.00400        110.2013
     34.10      4       0.00600        139.9612
     34.10      5       0.00800        179.5395
     34.10      6       0.01000        226.4728
     34.10      7       0.01200        277.4465

     34.20      1       0.00000         85.8927
     34.20      2       0.00200         92.0946
     34.20      3       0.00400        110.4602
     34.20      4       0.00600        140.1845
     34.20      5       0.00800        179.7067
     34.20      6       0.01000        226.5646
     34.20      7       0.01200        277.4509

     34.30      1       0.00000         86.1752
     34.30      2       0.00200         92.3715
     34.30      3       0.00400        110.7186
     34.30      4       0.00600        140.4073
     34.30      5       0.00800        179.8734
     34.30      6       0.01000        226.6561
     34.30      7       0.01200        277.4552

     34.40      1       0.00000         86.4573
     34.40      2       0.00200         92.6481
     34.40      3       0.00400        110.9767
     34.40      4       0.00600        140.6297
     34.40      5       0.00800        180.0397
     34.40      6       0.01000        226.7474
     34.40      7       0.01200        277.4596

     34.50      1       0.00000         86.7392
     34.50      2       0.00200         92.9244
     34.50      3       0.00400        111.2344
     34.50      4       0.00600        140.8516
     34.50      5       0.00800        180.2056
     34.50      6       0.01000        226.8384
     34.50      7       0.01200        277.4640

     34.60      1       0.00000         87.0209
     34.60      2       0.00200         93.2005
     34.60      3       0.00400        111.4917
     34.60      4       0.00600        141.0730
     34.60      5       0.00800        180.3711
     34.60      6       0.01000        226.9291
     34.60      7       0.01200        277.4683

     34.70      1       0.00000         87.3023
     34.70      2       0.00200         93.4762
     34.70      3       0.00400        111.7486
     34.70      4       0.00600        141.2940
     34.70      5       0.00800        180.5361
     34.70      6       0.01000        227.0196
     34.70      7       0.01200        277.4726

     34.80      1       0.00000         87.5834
     34.80      2       0.00200         93.7516
     34.80      3       0.00400        112.0051
     34.80      4       0.00600        141.5145
     34.80      5       0.00800        180.7007
     34.80      6       0.01000        227.1098
     34.80      7       0.01200        277.4769

     34.90      1       0.00000         87.8643
     34.90      2       0.00200         94.0267
     34.90      3       0.00400        112.2612
     34.90      4       0.00600        141.7346
     34.90      5       0.00800        180.8649
     34.90      6       0.01000        227.1997
     34.90      7       0.01200        277.4812

     35.00      1       0.00000         88.1449
     35.00      2       0.00200         94.3015
     35.00      3       0.00400        112.5170
     35.00      4       0.00600        141.9542
     35.00      5       0.00800        181.0286
     35.00      6       0.01000        227.2894
     35.00      7       0.01200        277.4855

     35.10      1       0.00000         88.4253
     35.10      2       0.00200         94.5760
     35.10      3       0.00400        112.7723
     35.10      4       0.00600        142.1734
     35.10      5       0.00800        181.1920
     35.10      6       0.01000        227.3788
     35.10      7       0.01200        277.4898

     35.20      1       0.00000         88.7053
     35.20      2       0.00200         94.8502
     35.20      3       0.00400        113.0273
     35.20      4       0.00600        142.3921
     35.20      5       0.00800        181.3550
     35.20      6       0.01000        227.4680
     35.20      7       0.01200        277.4940

     35.30      1       0.00000         88.9851
     35.30      2       0.00200         95.1241
     35.30      3       0.00400        113.2819
     35.30      4       0.00600        142.6104
     35.30      5       0.00800        181.5175
     35.30      6       0.01000        227.5569
     35.30      7       0.01200        277.4983

     35.40      1       0.00000         89.2647
     35.40      2       0.00200         95.3977
     35.40      3       0.00400        113.5361
     35.40      4       0.00600        142.8283
     35.40      5       0.00800        181.6796
     35.40      6       0.01000        227.6456
     35.40      7       0.01200        277.5025

     35.50      1       0.00000         89.5439
     35.50      2       0.00200         95.6710
     35.50      3       0.00400        113.7899
     35.50      4       0.00600        143.0457
     35.50      5       0.00800        181.8414
     35.50      6       0.01000        227.7340
     35.50      7       0.01200        277.5067

     35.60      1       0.00000         89.8229
     35.60      2       0.00200         95.9440
     35.60      3       0.00400        114.0433
     35.60      4       0.00600        143.2627
     35.60      5       0.00800        182.0027
     35.60      6       0.01000        227.8222
     35.60      7       0.01200        277.5109

     35.70      1       0.00000         90.1017
     35.70      2       0.00200         96.2167
     35.70      3       0.00400        114.2963
     35.70      4       0.00600        143.4792
     35.70      5       0.00800        182.1637
     35.70      6       0.01000        227.9101
     35.70      7       0.01200        277.5151

     35.80      1       0.00000         90.3801
     35.80      2       0.00200         96.4890
     35.80      3       0.00400        114.5490
     35.80      4       0.00600        143.6953
     35.80      5       0.00800        182.3242
     35.80      6       0.01000        227.9978
     35.80      7       0.01200        277.5193

     35.90      1       0.00000         90.6583
     35.90      2       0.00200         96.7611
     35.90      3       0.00400        114.8012
     35.90      4       0.00600        143.9110
     35.90      5       0.00800        182.4844
     35.90      6       0.01000        228.0853
     35.90      7       0.01200        277.5235

     36.00      1       0.00000         90.9361
     36.00      2       0.00200         97.0328
     36.00      3       0.00400        115.0531
     36.00      4       0.00600        144.1262
     36.00      5       0.00800        182.6441
     36.00      6       0.01000        228.1725
     36.00      7       0.01200        277.5277

     36.10      1       0.00000         91.2137
     36.10      2       0.00200         97.3042
     36.10      3       0.00400        115.3046
     36.10      4       0.00600        144.3410
     36.10      5       0.00800        182.8035
     36.10      6       0.01000        228.2595
     36.10      7       0.01200        277.5318

     36.20      1       0.00000         91.4910
     36.20      2       0.00200         97.5753
     36.20      3       0.00400        115.5557
     36.20      4       0.00600        144.5554
     36.20      5       0.00800        182.9625
     36.20      6       0.01000        228.3462
     36.20      7       0.01200        277.5360

     36.30      1       0.00000         91.7681
     36.30      2       0.00200         97.8461
     36.30      3       0.00400        115.8065
     36.30      4       0.00600        144.7694
     36.30      5       0.00800        183.1211
     36.30      6       0.01000        228.4327
     36.30      7       0.01200        277.5401

     36.40      1       0.00000         92.0448
     36.40      2       0.00200         98.1166
     36.40      3       0.00400        116.0568
     36.40      4       0.00600        144.9829
     36.40      5       0.00800        183.2793
     36.40      6       0.01000        228.5190
     36.40      7       0.01200        277.5442

     36.50      1       0.00000         92.3213
     36.50      2       0.00200         98.3868
     36.50      3       0.00400        116.3068
     36.50      4       0.00600        145.1960
     36.50      5       0.00800        183.4372
     36.50      6       0.01000        228.6050
     36.50      7       0.01200        277.5483

     36.60      1       0.00000         92.5974
     36.60      2       0.00200         98.6566
     36.60      3       0.00400        116.5564
     36.60      4       0.00600        145.4088
     36.60      5       0.00800        183.5947
     36.60      6       0.01000        228.6908
     36.60      7       0.01200        277.5524

     36.70      1       0.00000         92.8733
     36.70      2       0.00200         98.9261
     36.70      3       0.00400        116.8057
     36.70      4       0.00600        145.6210
     36.70      5       0.00800        183.7518
     36.70      6       0.01000        228.7764
     36.70      7       0.01200        277.5565

     36.80      1       0.00000         93.1489
     36.80      2       0.00200         99.1953
     36.80      3       0.00400        117.0545
     36.80      4       0.00600        145.8329
     36.80      5       0.00800        183.9085
     36.80      6       0.01000        228.8618
     36.80      7       0.01200        277.5606

     36.90      1       0.00000         93.4242
     36.90      2       0.00200         99.4642
     36.90      3       0.00400        117.3030
     36.90      4       0.00600        146.0444
     36.90      5       0.00800        184.0649
     36.90      6       0.01000        228.9469
     36.90      7       0.01200        277.5647

     37.00      1       0.00000         93.6992
     37.00      2       0.00200         99.7328
     37.00      3       0.00400        117.5511
     37.00      4       0.00600        146.2554
     37.00      5       0.00800        184.2209
     37.00      6       0.01000        229.0318
     37.00      7       0.01200        277.5687

     37.10      1       0.00000         93.9739
     37.10      2       0.00200        100.0010
     37.10      3       0.00400        117.7988
     37.10      4       0.00600        146.4661
     37.10      5       0.00800        184.3765
     37.10      6       0.01000        229.1165
     37.10      7       0.01200        277.5728

     37.20      1       0.00000         94.2483
     37.20      2       0.00200        100.2689
     37.20      3       0.00400        118.0461
     37.20      4       0.00600        146.6763
     37.20      5       0.00800        184.5318
     37.20      6       0.01000        229.2010
     37.20      7       0.01200        277.5768

     37.30      1       0.00000         94.5224
     37.30      2       0.00200        100.5366
     37.30      3       0.00400        118.2931
     37.30      4       0.00600        146.8862
     37.30      5       0.00800        184.6867
     37.30      6       0.01000        229.2852
     37.30      7       0.01200        277.5808

     37.40      1       0.00000         94.7963
     37.40      2       0.00200        100.8038
     37.40      3       0.00400        118.5396
     37.40      4       0.00600        147.0956
     37.40      5       0.00800        184.8413
     37.40      6       0.01000        229.3693
     37.40      7       0.01200        277.5848

     37.50      1       0.00000         95.0698
     37.50      2       0.00200        101.0708
     37.50      3       0.00400        118.7859
     37.50      4       0.00600        147.3046
     37.50      5       0.00800        184.9955
     37.50      6       0.01000        229.4531
     37.50      7       0.01200        277.5888

     37.60      1       0.00000         95.3430
     37.60      2       0.00200        101.3374
     37.60      3       0.00400        119.0317
     37.60      4       0.00600        147.5132
     37.60      5       0.00800        185.1494
     37.60      6       0.01000        229.5367
     37.60      7       0.01200        277.5928

     37.70      1       0.00000         95.6159
     37.70      2       0.00200        101.6037
     37.70      3       0.00400        119.2772
     37.70      4       0.00600        147.7215
     37.70      5       0.00800        185.3029
     37.70      6       0.01000        229.6201
     37.70      7       0.01200        277.5968

     37.80      1       0.00000         95.8885
     37.80      2       0.00200        101.8697
     37.80      3       0.00400        119.5222
     37.80      4       0.00600        147.9293
     37.80      5       0.00800        185.4560
     37.80      6       0.01000        229.7033
     37.80      7       0.01200        277.6008

     37.90      1       0.00000         96.1608
     37.90      2       0.00200        102.1354
     37.90      3       0.00400        119.7670
     37.90      4       0.00600        148.1367
     37.90      5       0.00800        185.6088
     37.90      6       0.01000        229.7863
     37.90      7       0.01200        277.6047

     38.00      1       0.00000         96.4329
     38.00      2       0.00200        102.4007
     38.00      3       0.00400        120.0113
     38.00      4       0.00600        148.3438
     38.00      5       0.00800        185.7613
     38.00      6       0.01000        229.8690
     38.00      7       0.01200        277.6087

     38.10      1       0.00000         96.7046
     38.10      2       0.00200        102.6657
     38.10      3       0.00400        120.2553
     38.10      4       0.00600        148.5504
     38.10      5       0.00800        185.9134
     38.10      6       0.01000        229.9516
     38.10      7       0.01200        277.6126

     38.20      1       0.00000         96.9760
     38.20      2       0.00200        102.9304
     38.20      3       0.00400        120.4989
     38.20      4       0.00600        148.7567
     38.20      5       0.00800        186.0652
     38.20      6       0.01000        230.0340
     38.20      7       0.01200        277.6166

     38.30      1       0.00000         97.2470
     38.30      2       0.00200        103.1947
     38.30      3       0.00400        120.7421
     38.30      4       0.00600        148.9626
     38.30      5       0.00800        186.2167
     38.30      6       0.01000        230.1161
     38.30      7       0.01200        277.6205

     38.40      1       0.00000         97.5178
     38.40      2       0.00200        103.4588
     38.40      3       0.00400        120.9850
     38.40      4       0.00600        149.1680
     38.40      5       0.00800        186.3678
     38.40      6       0.01000        230.1981
     38.40      7       0.01200        277.6244

     38.50      1       0.00000         97.7883
     38.50      2       0.00200        103.7224
     38.50      3       0.00400        121.2275
     38.50      4       0.00600        149.3731
     38.50      5       0.00800        186.5185
     38.50      6       0.01000        230.2798
     38.50      7       0.01200        277.6283

     38.60      1       0.00000         98.0585
     38.60      2       0.00200        103.9858
     38.60      3       0.00400        121.4696
     38.60      4       0.00600        149.5779
     38.60      5       0.00800        186.6690
     38.60      6       0.01000        230.3614
     38.60      7       0.01200        277.6322

     38.70      1       0.00000         98.3283
     38.70      2       0.00200        104.2488
     38.70      3       0.00400        121.7114
     38.70      4       0.00600        149.7822
     38.70      5       0.00800        186.8191
     38.70      6       0.01000        230.4427
     38.70      7       0.01200        277.6361

     38.80      1       0.00000         98.5978
     38.80      2       0.00200        104.5116
     38.80      3       0.00400        121.9527
     38.80      4       0.00600        149.9861
     38.80      5       0.00800        186.9689
     38.80      6       0.01000        230.5239
     38.80      7       0.01200        277.6399

     38.90      1       0.00000         98.8671
     38.90      2       0.00200        104.7739
     38.90      3       0.00400        122.1938
     38.90      4       0.00600        150.1897
     38.90      5       0.00800        187.1183
     38.90      6       0.01000        230.6048
     38.90      7       0.01200        277.6438

     39.00      1       0.00000         99.1360
     39.00      2       0.00200        105.0360
     39.00      3       0.00400        122.4344
     39.00      4       0.00600        150.3929
     39.00      5       0.00800        187.2674
     39.00      6       0.01000        230.6856
     39.00      7       0.01200        277.6477

     39.10      1       0.00000         99.4046
     39.10      2       0.00200        105.2977
     39.10      3       0.00400        122.6747
     39.10      4       0.00600        150.5957
     39.10      5       0.00800        187.4162
     39.10      6       0.01000        230.7662
     39.10      7       0.01200        277.6515

     39.20      1       0.00000         99.6729
     39.20      2       0.00200        105.5591
     39.20      3       0.00400        122.9146
     39.20      4       0.00600        150.7982
     39.20      5       0.00800        187.5647
     39.20      6       0.01000        230.8465
     39.20      7       0.01200        277.6554

     39.30      1       0.00000         99.9408
     39.30      2       0.00200        105.8201
     39.30      3       0.00400        123.1542
     39.30      4       0.00600        151.0002
     39.30      5       0.00800        187.7129
     39.30      6       0.01000        230.9267
     39.30      7       0.01200        277.6592

     39.40      1       0.00000        100.2085
     39.40      2       0.00200        106.0808
     39.40      3       0.00400        123.3934
     39.40      4       0.00600        151.2019
     39.40      5       0.00800        187.8607
     39.40      6       0.01000        231.0067
     39.40      7       0.01200        277.6630

     39.50      1       0.00000        100.4758
     39.50      2       0.00200        106.3412
     39.50      3       0.00400        123.6322
     39.50      4       0.00600        151.4032
     39.50      5       0.00800        188.0082
     39.50      6       0.01000        231.0865
     39.50      7       0.01200        277.6668

     39.60      1       0.00000        100.7429
     39.60      2       0.00200        106.6013
     39.60      3       0.00400        123.8707
     39.60      4       0.00600        151.6042
     39.60      5       0.00800        188.1554
     39.60      6       0.01000        231.1662
     39.60      7       0.01200        277.6706

     39.70      1       0.00000        101.0096
     39.70      2       0.00200        106.8610
     39.70      3       0.00400        124.1088
     39.70      4       0.00600        151.8048
     39.70      5       0.00800        188.3023
     39.70      6       0.01000        231.2456
     39.70      7       0.01200        277.6744

     39.80      1       0.00000        101.2759
     39.80      2       0.00200        107.1204
     39.80      3       0.00400        124.3466
     39.80      4       0.00600        152.0050
     39.80      5       0.00800        188.4489
     39.80      6       0.01000        231.3248
     39.80      7       0.01200        277.6782

     39.90      1       0.00000        101.5420
     39.90      2       0.00200        107.3794
     39.90      3       0.00400        124.5839
     39.90      4       0.00600        152.2048
     39.90      5       0.00800        188.5952
     39.90      6       0.01000        231.4039
     39.90      7       0.01200        277.6820

     40.00      1       0.00000        101.8077
     40.00      2       0.00200        107.6381
     40.00      3       0.00400        124.8210
     40.00      4       0.00600        152.4043
     40.00      5       0.00800        188.7412
     40.00      6       0.01000        231.4828
     40.00      7       0.01200        277.6857

     40.10      1       0.00000        102.0732
     40.10      2       0.00200        107.8965
     40.10      3       0.00400        125.0576
     40.10      4       0.00600        152.6035
     40.10      5       0.00800        188.8868
     40.10      6       0.01000        231.5615
     40.10      7       0.01200        277.6895

     40.20      1       0.00000        102.3383
     40.20      2       0.00200        108.1546
     40.20      3       0.00400        125.2939
     40.20      4       0.00600        152.8022
     40.20      5       0.00800        189.0322
     40.20      6       0.01000        231.6400
     40.20      7       0.01200        277.6932

     40.30      1       0.00000        102.6030
     40.30      2       0.00200        108.4123
     40.30      3       0.00400        125.5299
     40.30      4       0.00600        153.0006
     40.30      5       0.00800        189.1772
     40.30      6       0.01000        231.7183
     40.30      7       0.01200        277.6970

     40.40      1       0.00000        102.8675
     40.40      2       0.00200        108.6696
     40.40      3       0.00400        125.7654
     40.40      4       0.00600        153.1987
     40.40      5       0.00800        189.3219
     40.40      6       0.01000        231.7965
     40.40      7       0.01200        277.7007

     40.50      1       0.00000        103.1316
     40.50      2       0.00200        108.9267
     40.50      3       0.00400        126.0007
     40.50      4       0.00600        153.3963
     40.50      5       0.00800        189.4664
     40.50      6       0.01000        231.8745
     40.50      7       0.01200        277.7044

     40.60      1       0.00000        103.3954
     40.60      2       0.00200        109.1834
     40.60      3       0.00400        126.2355
     40.60      4       0.00600        153.5937
     40.60      5       0.00800        189.6105
     40.60      6       0.01000        231.9523
     40.60      7       0.01200        277.7081

     40.70      1       0.00000        103.6589
     40.70      2       0.00200        109.4398
     40.70      3       0.00400        126.4701
     40.70      4       0.00600        153.7906
     40.70      5       0.00800        189.7544
     40.70      6       0.01000        232.0299
     40.70      7       0.01200        277.7118

     40.80      1       0.00000        103.9221
     40.80      2       0.00200        109.6958
     40.80      3       0.00400        126.7042
     40.80      4       0.00600        153.9873
     40.80      5       0.00800        189.8979
     40.80      6       0.01000        232.1074
     40.80      7       0.01200        277.7155

     40.90      1       0.00000        104.1849
     40.90      2       0.00200        109.9515
     40.90      3       0.00400        126.9380
     40.90      4       0.00600        154.1835
     40.90      5       0.00800        190.0412
     40.90      6       0.01000        232.1847
     40.90      7       0.01200        277.7192

     41.00      1       0.00000        104.4474
     41.00      2       0.00200        110.2068
     41.00      3       0.00400        127.1714
     41.00      4       0.00600        154.3794
     41.00      5       0.00800        190.1841
     41.00      6       0.01000        232.2618
     41.00      7       0.01200        277.7229

     41.10      1       0.00000        104.7096
     41.10      2       0.00200        110.4619
     41.10      3       0.00400        127.4045
     41.10      4       0.00600        154.5750
     41.10      5       0.00800        190.3268
     41.10      6       0.01000        232.3387
     41.10      7       0.01200        277.7266

     41.20      1       0.00000        104.9715
     41.20      2       0.00200        110.7166
     41.20      3       0.00400        127.6373
     41.20      4       0.00600        154.7702
     41.20      5       0.00800        190.4692
     41.20      6       0.01000        232.4155
     41.20      7       0.01200        277.7302

     41.30      1       0.00000        105.2330
     41.30      2       0.00200        110.9709
     41.30      3       0.00400        127.8696
     41.30      4       0.00600        154.9651
     41.30      5       0.00800        190.6112
     41.30      6       0.01000        232.4921
     41.30      7       0.01200        277.7339

     41.40      1       0.00000        105.4942
     41.40      2       0.00200        111.2249
     41.40      3       0.00400        128.1017
     41.40      4       0.00600        155.1596
     41.40      5       0.00800        190.7530
     41.40      6       0.01000        232.5685
     41.40      7       0.01200        277.7375

     41.50      1       0.00000        105.7551
     41.50      2       0.00200        111.4786
     41.50      3       0.00400        128.3333
     41.50      4       0.00600        155.3538
     41.50      5       0.00800        190.8945
     41.50      6       0.01000        232.6447
     41.50      7       0.01200        277.7412

     41.60      1       0.00000        106.0156
     41.60      2       0.00200        111.7319
     41.60      3       0.00400        128.5646
     41.60      4       0.00600        155.5476
     41.60      5       0.00800        191.0358
     41.60      6       0.01000        232.7208
     41.60      7       0.01200        277.7448

     41.70      1       0.00000        106.2758
     41.70      2       0.00200        111.9849
     41.70      3       0.00400        128.7956
     41.70      4       0.00600        155.7411
     41.70      5       0.00800        191.1767
     41.70      6       0.01000        232.7968
     41.70      7       0.01200        277.7484

     41.80      1       0.00000        106.5357
     41.80      2       0.00200        112.2376
     41.80      3       0.00400        129.0262
     41.80      4       0.00600        155.9342
     41.80      5       0.00800        191.3174
     41.80      6       0.01000        232.8725
     41.80      7       0.01200        277.7521

     41.90      1       0.00000        106.7953
     41.90      2       0.00200        112.4899
     41.90      3       0.00400        129.2565
     41.90      4       0.00600        156.1270
     41.90      5       0.00800        191.4577
     41.90      6       0.01000        232.9481
     41.90      7       0.01200        277.7557

     42.00      1       0.00000        107.0545
     42.00      2       0.00200        112.7419
     42.00      3       0.00400        129.4864
     42.00      4       0.00600        156.3195
     42.00      5       0.00800        191.5978
     42.00      6       0.01000        233.0236
     42.00      7       0.01200        277.7593

     42.10      1       0.00000        107.3134
     42.10      2       0.00200        112.9935
     42.10      3       0.00400        129.7160
     42.10      4       0.00600        156.5116
     42.10      5       0.00800        191.7377
     42.10      6       0.01000        233.0988
     42.10      7       0.01200        277.7629

     42.20      1       0.00000        107.5719
     42.20      2       0.00200        113.2448
     42.20      3       0.00400        129.9452
     42.20      4       0.00600        156.7034
     42.20      5       0.00800        191.8772
     42.20      6       0.01000        233.1739
     42.20      7       0.01200        277.7664

     42.30      1       0.00000        107.8302
     42.30      2       0.00200        113.4958
     42.30      3       0.00400        130.1740
     42.30      4       0.00600        156.8949
     42.30      5       0.00800        192.0165
     42.30      6       0.01000        233.2489
     42.30      7       0.01200        277.7700

     42.40      1       0.00000        108.0881
     42.40      2       0.00200        113.7465
     42.40      3       0.00400        130.4026
     42.40      4       0.00600        157.0860
     42.40      5       0.00800        192.1554
     42.40      6       0.01000        233.3237
     42.40      7       0.01200        277.7736

     42.50      1       0.00000        108.3457
     42.50      2       0.00200        113.9967
     42.50      3       0.00400        130.6307
     42.50      4       0.00600        157.2767
     42.50      5       0.00800        192.2942
     42.50      6       0.01000        233.3983
     42.50      7       0.01200        277.7772

     42.60      1       0.00000        108.6029
     42.60      2       0.00200        114.2467
     42.60      3       0.00400        130.8586
     42.60      4       0.00600        157.4672
     42.60      5       0.00800        192.4326
     42.60      6       0.01000        233.4728
     42.60      7       0.01200        277.7807

     42.70      1       0.00000        108.8598
     42.70      2       0.00200        114.4963
     42.70      3       0.00400        131.0860
     42.70      4       0.00600        157.6573
     42.70      5       0.00800        192.5708
     42.70      6       0.01000        233.5471
     42.70      7       0.01200        277.7843

     42.80      1       0.00000        109.1164
     42.80      2       0.00200        114.7456
     42.80      3       0.00400        131.3132
     42.80      4       0.00600        157.8471
     42.80      5       0.00800        192.7087
     42.80      6       0.01000        233.6212
     42.80      7       0.01200        277.7878

     42.90      1       0.00000        109.3726
     42.90      2       0.00200        114.9945
     42.90      3       0.00400        131.5399
     42.90      4       0.00600        158.0365
     42.90      5       0.00800        192.8463
     42.90      6       0.01000        233.6952
     42.90      7       0.01200        277.7913

     43.00      1       0.00000        109.6285
     43.00      2       0.00200        115.2431
     43.00      3       0.00400        131.7664
     43.00      4       0.00600        158.2257
     43.00      5       0.00800        192.9837
     43.00      6       0.01000        233.7691
     43.00      7       0.01200        277.7948

     43.10      1       0.00000        109.8841
     43.10      2       0.00200        115.4914
     43.10      3       0.00400        131.9925
     43.10      4       0.00600        158.4145
     43.10      5       0.00800        193.1207
     43.10      6       0.01000        233.8428
     43.10      7       0.01200        277.7984

     43.20      1       0.00000        110.1393
     43.20      2       0.00200        115.7393
     43.20      3       0.00400        132.2182
     43.20      4       0.00600        158.6029
     43.20      5       0.00800        193.2576
     43.20      6       0.01000        233.9163
     43.20      7       0.01200        277.8019

     43.30      1       0.00000        110.3942
     43.30      2       0.00200        115.9869
     43.30      3       0.00400        132.4436
     43.30      4       0.00600        158.7911
     43.30      5       0.00800        193.3941
     43.30      6       0.01000        233.9897
     43.30      7       0.01200        277.8054

     43.40      1       0.00000        110.6488
     43.40      2       0.00200        116.2342
     43.40      3       0.00400        132.6687
     43.40      4       0.00600        158.9789
     43.40      5       0.00800        193.5304
     43.40      6       0.01000        234.0629
     43.40      7       0.01200        277.8089

     43.50      1       0.00000        110.9031
     43.50      2       0.00200        116.4811
     43.50      3       0.00400        132.8934
     43.50      4       0.00600        159.1664
     43.50      5       0.00800        193.6665
     43.50      6       0.01000        234.1360
     43.50      7       0.01200        277.8124

     43.60      1       0.00000        111.1570
     43.60      2       0.00200        116.7276
     43.60      3       0.00400        133.1178
     43.60      4       0.00600        159.3535
     43.60      5       0.00800        193.8023
     43.60      6       0.01000        234.2089
     43.60      7       0.01200        277.8158

     43.70      1       0.00000        111.4105
     43.70      2       0.00200        116.9739
     43.70      3       0.00400        133.3418
     43.70      4       0.00600        159.5404
     43.70      5       0.00800        193.9378
     43.70      6       0.01000        234.2817
     43.70      7       0.01200        277.8193

     43.80      1       0.00000        111.6638
     43.80      2       0.00200        117.2198
     43.80      3       0.00400        133.5655
     43.80      4       0.00600        159.7269
     43.80      5       0.00800        194.0730
     43.80      6       0.01000        234.3544
     43.80      7       0.01200        277.8228

     43.90      1       0.00000        111.9167
     43.90      2       0.00200        117.4653
     43.90      3       0.00400        133.7889
     43.90      4       0.00600        159.9131
     43.90      5       0.00800        194.2080
     43.90      6       0.01000        234.4268
     43.90      7       0.01200        277.8262

     44.00      1       0.00000        112.1692
     44.00      2       0.00200        117.7105
     44.00      3       0.00400        134.0119
     44.00      4       0.00600        160.0990
     44.00      5       0.00800        194.3428
     44.00      6       0.01000        234.4992
     44.00      7       0.01200        277.8297

     44.10      1       0.00000        112.4215
     44.10      2       0.00200        117.9554
     44.10      3       0.00400        134.2345
     44.10      4       0.00600        160.2846
     44.10      5       0.00800        194.4773
     44.10      6       0.01000        234.5714
     44.10      7       0.01200        277.8331

     44.20      1       0.00000        112.6734
     44.20      2       0.00200        118.1999
     44.20      3       0.00400        134.4569
     44.20      4       0.00600        160.4698
     44.20      5       0.00800        194.6115
     44.20      6       0.01000        234.6434
     44.20      7       0.01200        277.8366

     44.30      1       0.00000        112.9249
     44.30      2       0.00200        118.4441
     44.30      3       0.00400        134.6789
     44.30      4       0.00600        160.6548
     44.30      5       0.00800        194.7455
     44.30      6       0.01000        234.7153
     44.30      7       0.01200        277.8400

     44.40      1       0.00000        113.1761
     44.40      2       0.00200        118.6880
     44.40      3       0.00400        134.9005
     44.40      4       0.00600        160.8394
     44.40      5       0.00800        194.8792
     44.40      6       0.01000        234.7871
     44.40      7       0.01200        277.8434

     44.50      1       0.00000        113.4270
     44.50      2       0.00200        118.9315
     44.50      3       0.00400        135.1218
     44.50      4       0.00600        161.0237
     44.50      5       0.00800        195.0127
     44.50      6       0.01000        234.8587
     44.50      7       0.01200        277.8468

     44.60      1       0.00000        113.6776
     44.60      2       0.00200        119.1747
     44.60      3       0.00400        135.3428
     44.60      4       0.00600        161.2077
     44.60      5       0.00800        195.1459
     44.60      6       0.01000        234.9301
     44.60      7       0.01200        277.8503

     44.70      1       0.00000        113.9278
     44.70      2       0.00200        119.4176
     44.70      3       0.00400        135.5635
     44.70      4       0.00600        161.3913
     44.70      5       0.00800        195.2789
     44.70      6       0.01000        235.0015
     44.70      7       0.01200        277.8537

     44.80      1       0.00000        114.1777
     44.80      2       0.00200        119.6601
     44.80      3       0.00400        135.7838
     44.80      4       0.00600        161.5747
     44.80      5       0.00800        195.4116
     44.80      6       0.01000        235.0726
     44.80      7       0.01200        277.8571

     44.90      1       0.00000        114.4272
     44.90      2       0.00200        119.9022
     44.90      3       0.00400        136.0038
     44.90      4       0.00600        161.7578
     44.90      5       0.00800        195.5441
     44.90      6       0.01000        235.1437
     44.90      7       0.01200        277.8604

     45.00      1       0.00000        114.6764
     45.00      2       0.00200        120.1441
     45.00      3       0.00400        136.2234
     45.00      4       0.00600        161.9405
     45.00      5       0.00800        195.6763
     45.00      6       0.01000        235.2146
     45.00      7       0.01200        277.8638

     45.10      1       0.00000        114.9253
     45.10      2       0.00200        120.3856
     45.10      3       0.00400        136.4427
     45.10      4       0.00600        162.1229
     45.10      5       0.00800        195.8083
     45.10      6       0.01000        235.2853
     45.10      7       0.01200        277.8672

     45.20      1       0.00000        115.1738
     45.20      2       0.00200        120.6267
     45.20      3       0.00400        136.6617
     45.20      4       0.00600        162.3051
     45.20      5       0.00800        195.9401
     45.20      6       0.01000        235.3560
     45.20      7       0.01200        277.8706

     45.30      1       0.00000        115.4220
     45.30      2       0.00200        120.8676
     45.30      3       0.00400        136.8803
     45.30      4       0.00600        162.4869
     45.30      5       0.00800        196.0716
     45.30      6       0.01000        235.4264
     45.30      7       0.01200        277.8739

     45.40      1       0.00000        115.6699
     45.40      2       0.00200        121.1080
     45.40      3       0.00400        137.0986
     45.40      4       0.00600        162.6684
     45.40      5       0.00800        196.2028
     45.40      6       0.01000        235.4968
     45.40      7       0.01200        277.8773

     45.50      1       0.00000        115.9174
     45.50      2       0.00200        121.3482
     45.50      3       0.00400        137.3166
     45.50      4       0.00600        162.8496
     45.50      5       0.00800        196.3338
     45.50      6       0.01000        235.5670
     45.50      7       0.01200        277.8806

     45.60      1       0.00000        116.1646
     45.60      2       0.00200        121.5880
     45.60      3       0.00400        137.5342
     45.60      4       0.00600        163.0305
     45.60      5       0.00800        196.4646
     45.60      6       0.01000        235.6370
     45.60      7       0.01200        277.8840

     45.70      1       0.00000        116.4115
     45.70      2       0.00200        121.8275
     45.70      3       0.00400        137.7515
     45.70      4       0.00600        163.2111
     45.70      5       0.00800        196.5951
     45.70      6       0.01000        235.7070
     45.70      7       0.01200        277.8873

     45.80      1       0.00000        116.6580
     45.80      2       0.00200        122.0666
     45.80      3       0.00400        137.9685
     45.80      4       0.00600        163.3914
     45.80      5       0.00800        196.7254
     45.80      6       0.01000        235.7768
     45.80      7       0.01200        277.8907

     45.90      1       0.00000        116.9042
     45.90      2       0.00200        122.3054
     45.90      3       0.00400        138.1852
     45.90      4       0.00600        163.5714
     45.90      5       0.00800        196.8555
     45.90      6       0.01000        235.8464
     45.90      7       0.01200        277.8940

     46.00      1       0.00000        117.1500
     46.00      2       0.00200        122.5439
     46.00      3       0.00400        138.4015
     46.00      4       0.00600        163.7510
     46.00      5       0.00800        196.9853
     46.00      6       0.01000        235.9159
     46.00      7       0.01200        277.8973

     46.10      1       0.00000        117.3955
     46.10      2       0.00200        122.7820
     46.10      3       0.00400        138.6175
     46.10      4       0.00600        163.9304
     46.10      5       0.00800        197.1149
     46.10      6       0.01000        235.9853
     46.10      7       0.01200        277.9006

     46.20      1       0.00000        117.6407
     46.20      2       0.00200        123.0198
     46.20      3       0.00400        138.8331
     46.20      4       0.00600        164.1095
     46.20      5       0.00800        197.2442
     46.20      6       0.01000        236.0546
     46.20      7       0.01200        277.9039

     46.30      1       0.00000        117.8855
     46.30      2       0.00200        123.2572
     46.30      3       0.00400        139.0484
     46.30      4       0.00600        164.2883
     46.30      5       0.00800        197.3733
     46.30      6       0.01000        236.1237
     46.30      7       0.01200        277.9072

     46.40      1       0.00000        118.1300
     46.40      2       0.00200        123.4944
     46.40      3       0.00400        139.2635
     46.40      4       0.00600        164.4668
     46.40      5       0.00800        197.5022
     46.40      6       0.01000        236.1927
     46.40      7       0.01200        277.9105

     46.50      1       0.00000        118.3742
     46.50      2       0.00200        123.7311
     46.50      3       0.00400        139.4781
     46.50      4       0.00600        164.6450
     46.50      5       0.00800        197.6309
     46.50      6       0.01000        236.2616
     46.50      7       0.01200        277.9138

     46.60      1       0.00000        118.6180
     46.60      2       0.00200        123.9676
     46.60      3       0.00400        139.6925
     46.60      4       0.00600        164.8229
     46.60      5       0.00800        197.7593
     46.60      6       0.01000        236.3303
     46.60      7       0.01200        277.9171

     46.70      1       0.00000        118.8615
     46.70      2       0.00200        124.2037
     46.70      3       0.00400        139.9065
     46.70      4       0.00600        165.0005
     46.70      5       0.00800        197.8875
     46.70      6       0.01000        236.3989
     46.70      7       0.01200        277.9203

     46.80      1       0.00000        119.1047
     46.80      2       0.00200        124.4395
     46.80      3       0.00400        140.1202
     46.80      4       0.00600        165.1778
     46.80      5       0.00800        198.0154
     46.80      6       0.01000        236.4674
     46.80      7       0.01200        277.9236

     46.90      1       0.00000        119.3475
     46.90      2       0.00200        124.6749
     46.90      3       0.00400        140.3336
     46.90      4       0.00600        165.3548
     46.90      5       0.00800        198.1431
     46.90      6       0.01000        236.5357
     46.90      7       0.01200        277.9269

     47.00      1       0.00000        119.5900
     47.00      2       0.00200        124.9100
     47.00      3       0.00400        140.5466
     47.00      4       0.00600        165.5315
     47.00      5       0.00800        198.2706
     47.00      6       0.01000        236.6039
     47.00      7       0.01200        277.9301

     47.10      1       0.00000        119.8321
     47.10      2       0.00200        125.1448
     47.10      3       0.00400        140.7593
     47.10      4       0.00600        165.7079
     47.10      5       0.00800        198.3979
     47.10      6       0.01000        236.6720
     47.10      7       0.01200        277.9334

     47.20      1       0.00000        120.0739
     47.20      2       0.00200        125.3792
     47.20      3       0.00400        140.9717
     47.20      4       0.00600        165.8841
     47.20      5       0.00800        198.5249
     47.20      6       0.01000        236.7399
     47.20      7       0.01200        277.9366

     47.30      1       0.00000        120.3154
     47.30      2       0.00200        125.6133
     47.30      3       0.00400        141.1838
     47.30      4       0.00600        166.0599
     47.30      5       0.00800        198.6517
     47.30      6       0.01000        236.8077
     47.30      7       0.01200        277.9398

     47.40      1       0.00000        120.5565
     47.40      2       0.00200        125.8471
     47.40      3       0.00400        141.3955
     47.40      4       0.00600        166.2354
     47.40      5       0.00800        198.7783
     47.40      6       0.01000        236.8754
     47.40      7       0.01200        277.9431

     47.50      1       0.00000        120.7973
     47.50      2       0.00200        126.0806
     47.50      3       0.00400        141.6070
     47.50      4       0.00600        166.4107
     47.50      5       0.00800        198.9046
     47.50      6       0.01000        236.9430
     47.50      7       0.01200        277.9463

     47.60      1       0.00000        121.0378
     47.60      2       0.00200        126.3137
     47.60      3       0.00400        141.8181
     47.60      4       0.00600        166.5857
     47.60      5       0.00800        199.0308
     47.60      6       0.01000        237.0105
     47.60      7       0.01200        277.9495

     47.70      1       0.00000        121.2779
     47.70      2       0.00200        126.5464
     47.70      3       0.00400        142.0288
     47.70      4       0.00600        166.7603
     47.70      5       0.00800        199.1567
     47.70      6       0.01000        237.0778
     47.70      7       0.01200        277.9527

     47.80      1       0.00000        121.5177
     47.80      2       0.00200        126.7789
     47.80      3       0.00400        142.2393
     47.80      4       0.00600        166.9347
     47.80      5       0.00800        199.2824
     47.80      6       0.01000        237.1450
     47.80      7       0.01200        277.9559

     47.90      1       0.00000        121.7572
     47.90      2       0.00200        127.0110
     47.90      3       0.00400        142.4494
     47.90      4       0.00600        167.1088
     47.90      5       0.00800        199.4078
     47.90      6       0.01000        237.2120
     47.90      7       0.01200        277.9591

     48.00      1       0.00000        121.9963
     48.00      2       0.00200        127.2427
     48.00      3       0.00400        142.6593
     48.00      4       0.00600        167.2826
     48.00      5       0.00800        199.5331
     48.00      6       0.01000        237.2790
     48.00      7       0.01200        277.9623

     48.10      1       0.00000        122.2351
     48.10      2       0.00200        127.4742
     48.10      3       0.00400        142.8688
     48.10      4       0.00600        167.4562
     48.10      5       0.00800        199.6581
     48.10      6       0.01000        237.3458
     48.10      7       0.01200        277.9655

     48.20      1       0.00000        122.4736
     48.20      2       0.00200        127.7053
     48.20      3       0.00400        143.0779
     48.20      4       0.00600        167.6294
     48.20      5       0.00800        199.7829
     48.20      6       0.01000        237.4125
     48.20      7       0.01200        277.9687

     48.30      1       0.00000        122.7117
     48.30      2       0.00200        127.9361
     48.30      3       0.00400        143.2868
     48.30      4       0.00600        167.8024
     48.30      5       0.00800        199.9075
     48.30      6       0.01000        237.4791
     48.30      7       0.01200        277.9719

     48.40      1       0.00000        122.9495
     48.40      2       0.00200        128.1665
     48.40      3       0.00400        143.4953
     48.40      4       0.00600        167.9751
     48.40      5       0.00800        200.0318
     48.40      6       0.01000        237.5455
     48.40      7       0.01200        277.9750

     48.50      1       0.00000        123.1869
     48.50      2       0.00200        128.3966
     48.50      3       0.00400        143.7036
     48.50      4       0.00600        168.1474
     48.50      5       0.00800        200.1560
     48.50      6       0.01000        237.6118
     48.50      7       0.01200        277.9782

     48.60      1       0.00000        123.4240
     48.60      2       0.00200        128.6264
     48.60      3       0.00400        143.9115
     48.60      4       0.00600        168.3196
     48.60      5       0.00800        200.2799
     48.60      6       0.01000        237.6780
     48.60      7       0.01200        277.9814

     48.70      1       0.00000        123.6608
     48.70      2       0.00200        128.8558
     48.70      3       0.00400        144.1191
     48.70      4       0.00600        168.4914
     48.70      5       0.00800        200.4036
     48.70      6       0.01000        237.7441
     48.70      7       0.01200        277.9845

     48.80      1       0.00000        123.8973
     48.80      2       0.00200        129.0850
     48.80      3       0.00400        144.3263
     48.80      4       0.00600        168.6629
     48.80      5       0.00800        200.5271
     48.80      6       0.01000        237.8101
     48.80      7       0.01200        277.9877

     48.90      1       0.00000        124.1334
     48.90      2       0.00200        129.3137
     48.90      3       0.00400        144.5333
     48.90      4       0.00600        168.8342
     48.90      5       0.00800        200.6504
     48.90      6       0.01000        237.8759
     48.90      7       0.01200        277.9908

     49.00      1       0.00000        124.3692
     49.00      2       0.00200        129.5422
     49.00      3       0.00400        144.7399
     49.00      4       0.00600        169.0052
     49.00      5       0.00800        200.7734
     49.00      6       0.01000        237.9417
     49.00      7       0.01200        277.9939

     49.10      1       0.00000        124.6046
     49.10      2       0.00200        129.7703
     49.10      3       0.00400        144.9463
     49.10      4       0.00600        169.1759
     49.10      5       0.00800        200.8963
     49.10      6       0.01000        238.0073
     49.10      7       0.01200        277.9971

     49.20      1       0.00000        124.8397
     49.20      2       0.00200        129.9981
     49.20      3       0.00400        145.1523
     49.20      4       0.00600        169.3463
     49.20      5       0.00800        201.0189
     49.20      6       0.01000        238.0728
     49.20      7       0.01200        278.0002

     49.30      1       0.00000        125.0745
     49.30      2       0.00200        130.2256
     49.30      3       0.00400        145.3580
     49.30      4       0.00600        169.5165
     49.30      5       0.00800        201.1413
     49.30      6       0.01000        238.1381
     49.30      7       0.01200        278.0033

     49.40      1       0.00000        125.3090
     49.40      2       0.00200        130.4527
     49.40      3       0.00400        145.5634
     49.40      4       0.00600        169.6864
     49.40      5       0.00800        201.2635
     49.40      6       0.01000        238.2034
     49.40      7       0.01200        278.0064

     49.50      1       0.00000        125.5431
     49.50      2       0.00200        130.6795
     49.50      3       0.00400        145.7684
     49.50      4       0.00600        169.8560
     49.50      5       0.00800        201.3855
     49.50      6       0.01000        238.2685
     49.50      7       0.01200        278.0095

     49.60      1       0.00000        125.7769
     49.60      2       0.00200        130.9060
     49.60      3       0.00400        145.9732
     49.60      4       0.00600        170.0253
     49.60      5       0.00800        201.5073
     49.60      6       0.01000        238.3335
     49.60      7       0.01200        278.0126

     49.70      1       0.00000        126.0103
     49.70      2       0.00200        131.1322
     49.70      3       0.00400        146.1777
     49.70      4       0.00600        170.1943
     49.70      5       0.00800        201.6289
     49.70      6       0.01000        238.3984
     49.70      7       0.01200        278.0157

     49.80      1       0.00000        126.2434
     49.80      2       0.00200        131.3580
     49.80      3       0.00400        146.3818
     49.80      4       0.00600        170.3631
     49.80      5       0.00800        201.7503
     49.80      6       0.01000        238.4632
     49.80      7       0.01200        278.0188

     49.90      1       0.00000        126.4762
     49.90      2       0.00200        131.5835
     49.90      3       0.00400        146.5856
     49.90      4       0.00600        170.5316
     49.90      5       0.00800        201.8714
     49.90      6       0.01000        238.5279
     49.90      7       0.01200        278.0219

     50.00      1       0.00000        126.7087
     50.00      2       0.00200        131.8087
     50.00      3       0.00400        146.7891
     50.00      4       0.00600        170.6998
     50.00      5       0.00800        201.9924
     50.00      6       0.01000        238.5924
     50.00      7       0.01200        278.0250

     50.10      1       0.00000        126.9408
     50.10      2       0.00200        132.0335
     50.10      3       0.00400        146.9923
     50.10      4       0.00600        170.8678
     50.10      5       0.00800        202.1131
     50.10      6       0.01000        238.6569
     50.10      7       0.01200        278.0281

     50.20      1       0.00000        127.1726
     50.20      2       0.00200        132.2580
     50.20      3       0.00400        147.1952
     50.20      4       0.00600        171.0355
     50.20      5       0.00800        202.2337
     50.20      6       0.01000        238.7212
     50.20      7       0.01200        278.0311

     50.30      1       0.00000        127.4040
     50.30      2       0.00200        132.4822
     50.30      3       0.00400        147.3978
     50.30      4       0.00600        171.2029
     50.30      5       0.00800        202.3540
     50.30      6       0.01000        238.7854
     50.30      7       0.01200        278.0342

     50.40      1       0.00000        127.6352
     50.40      2       0.00200        132.7061
     50.40      3       0.00400        147.6001
     50.40      4       0.00600        171.3700
     50.40      5       0.00800        202.4742
     50.40      6       0.01000        238.8495
     50.40      7       0.01200        278.0373

     50.50      1       0.00000        127.8659
     50.50      2       0.00200        132.9296
     50.50      3       0.00400        147.8021
     50.50      4       0.00600        171.5369
     50.50      5       0.00800        202.5941
     50.50      6       0.01000        238.9135
     50.50      7       0.01200        278.0403

     50.60      1       0.00000        128.0964
     50.60      2       0.00200        133.1528
     50.60      3       0.00400        148.0037
     50.60      4       0.00600        171.7035
     50.60      5       0.00800        202.7138
     50.60      6       0.01000        238.9773
     50.60      7       0.01200        278.0434

     50.70      1       0.00000        128.3266
     50.70      2       0.00200        133.3757
     50.70      3       0.00400        148.2051
     50.70      4       0.00600        171.8698
     50.70      5       0.00800        202.8333
     50.70      6       0.01000        239.0411
     50.70      7       0.01200        278.0464

     50.80      1       0.00000        128.5564
     50.80      2       0.00200        133.5983
     50.80      3       0.00400        148.4061
     50.80      4       0.00600        172.0359
     50.80      5       0.00800        202.9526
     50.80      6       0.01000        239.1047
     50.80      7       0.01200        278.0494

     50.90      1       0.00000        128.7858
     50.90      2       0.00200        133.8205
     50.90      3       0.00400        148.6069
     50.90      4       0.00600        172.2017
     50.90      5       0.00800        203.0717
     50.90      6       0.01000        239.1683
     50.90      7       0.01200        278.0525

     51.00      1       0.00000        129.0150
     51.00      2       0.00200        134.0424
     51.00      3       0.00400        148.8073
     51.00      4       0.00600        172.3672
     51.00      5       0.00800        203.1906
     51.00      6       0.01000        239.2317
     51.00      7       0.01200        278.0555

     51.10      1       0.00000        129.2438
     51.10      2       0.00200        134.2640
     51.10      3       0.00400        149.0074
     51.10      4       0.00600        172.5325
     51.10      5       0.00800        203.3093
     51.10      6       0.01000        239.2950
     51.10      7       0.01200        278.0585

     51.20      1       0.00000        129.4723
     51.20      2       0.00200        134.4853
     51.20      3       0.00400        149.2073
     51.20      4       0.00600        172.6975
     51.20      5       0.00800        203.4278
     51.20      6       0.01000        239.3582
     51.20      7       0.01200        278.0615

     51.30      1       0.00000        129.7004
     51.30      2       0.00200        134.7062
     51.30      3       0.00400        149.4068
     51.30      4       0.00600        172.8622
     51.30      5       0.00800        203.5462
     51.30      6       0.01000        239.4213
     51.30      7       0.01200        278.0645

     51.40      1       0.00000        129.9283
     51.40      2       0.00200        134.9268
     51.40      3       0.00400        149.6060
     51.40      4       0.00600        173.0267
     51.40      5       0.00800        203.6643
     51.40      6       0.01000        239.4842
     51.40      7       0.01200        278.0675

     51.50      1       0.00000        130.1558
     51.50      2       0.00200        135.1471
     51.50      3       0.00400        149.8049
     51.50      4       0.00600        173.1909
     51.50      5       0.00800        203.7822
     51.50      6       0.01000        239.5471
     51.50      7       0.01200        278.0705

     51.60      1       0.00000        130.3829
     51.60      2       0.00200        135.3671
     51.60      3       0.00400        150.0035
     51.60      4       0.00600        173.3548
     51.60      5       0.00800        203.8999
     51.60      6       0.01000        239.6099
     51.60      7       0.01200        278.0735

     51.70      1       0.00000        130.6098
     51.70      2       0.00200        135.5867
     51.70      3       0.00400        150.2018
     51.70      4       0.00600        173.5185
     51.70      5       0.00800        204.0174
     51.70      6       0.01000        239.6725
     51.70      7       0.01200        278.0765

     51.80      1       0.00000        130.8363
     51.80      2       0.00200        135.8061
     51.80      3       0.00400        150.3998
     51.80      4       0.00600        173.6819
     51.80      5       0.00800        204.1347
     51.80      6       0.01000        239.7350
     51.80      7       0.01200        278.0795

     51.90      1       0.00000        131.0625
     51.90      2       0.00200        136.0251
     51.90      3       0.00400        150.5975
     51.90      4       0.00600        173.8451
     51.90      5       0.00800        204.2518
     51.90      6       0.01000        239.7975
     51.90      7       0.01200        278.0825

     52.00      1       0.00000        131.2883
     52.00      2       0.00200        136.2437
     52.00      3       0.00400        150.7949
     52.00      4       0.00600        174.0080
     52.00      5       0.00800        204.3687
     52.00      6       0.01000        239.8598
     52.00      7       0.01200        278.0855

     52.10      1       0.00000        131.5139
     52.10      2       0.00200        136.4621
     52.10      3       0.00400        150.9920
     52.10      4       0.00600        174.1706
     52.10      5       0.00800        204.4854
     52.10      6       0.01000        239.9220
     52.10      7       0.01200        278.0884

     52.20      1       0.00000        131.7391
     52.20      2       0.00200        136.6801
     52.20      3       0.00400        151.1888
     52.20      4       0.00600        174.3330
     52.20      5       0.00800        204.6020
     52.20      6       0.01000        239.9841
     52.20      7       0.01200        278.0914

     52.30      1       0.00000        131.9640
     52.30      2       0.00200        136.8979
     52.30      3       0.00400        151.3853
     52.30      4       0.00600        174.4951
     52.30      5       0.00800        204.7183
     52.30      6       0.01000        240.0461
     52.30      7       0.01200        278.0943

     52.40      1       0.00000        132.1885
     52.40      2       0.00200        137.1153
     52.40      3       0.00400        151.5815
     52.40      4       0.00600        174.6569
     52.40      5       0.00800        204.8344
     52.40      6       0.01000        240.1080
     52.40      7       0.01200        278.0973

     52.50      1       0.00000        132.4128
     52.50      2       0.00200        137.3323
     52.50      3       0.00400        151.7774
     52.50      4       0.00600        174.8185
     52.50      5       0.00800        204.9504
     52.50      6       0.01000        240.1698
     52.50      7       0.01200        278.1002

     52.60      1       0.00000        132.6367
     52.60      2       0.00200        137.5491
     52.60      3       0.00400        151.9730
     52.60      4       0.00600        174.9799
     52.60      5       0.00800        205.0661
     52.60      6       0.01000        240.2315
     52.60      7       0.01200        278.1032

     52.70      1       0.00000        132.8602
     52.70      2       0.00200        137.7655
     52.70      3       0.00400        152.1683
     52.70      4       0.00600        175.1409
     52.70      5       0.00800        205.1817
     52.70      6       0.01000        240.2930
     52.70      7       0.01200        278.1061

     52.80      1       0.00000        133.0835
     52.80      2       0.00200        137.9817
     52.80      3       0.00400        152.3633
     52.80      4       0.00600        175.3018
     52.80      5       0.00800        205.2970
     52.80      6       0.01000        240.3545
     52.80      7       0.01200        278.1091

     52.90      1       0.00000        133.3064
     52.90      2       0.00200        138.1975
     52.90      3       0.00400        152.5580
     52.90      4       0.00600        175.4623
     52.90      5       0.00800        205.4122
     52.90      6       0.01000        240.4159
     52.90      7       0.01200        278.1120

     53.00      1       0.00000        133.5290
     53.00      2       0.00200        138.4130
     53.00      3       0.00400        152.7524
     53.00      4       0.00600        175.6226
     53.00      5       0.00800        205.5272
     53.00      6       0.01000        240.4771
     53.00      7       0.01200        278.1149

     53.10      1       0.00000        133.7513
     53.10      2       0.00200        138.6281
     53.10      3       0.00400        152.9465
     53.10      4       0.00600        175.7827
     53.10      5       0.00800        205.6420
     53.10      6       0.01000        240.5383
     53.10      7       0.01200        278.1178

     53.20      1       0.00000        133.9733
     53.20      2       0.00200        138.8430
     53.20      3       0.00400        153.1404
     53.20      4       0.00600        175.9425
     53.20      5       0.00800        205.7566
     53.20      6       0.01000        240.5993
     53.20      7       0.01200        278.1207

     53.30      1       0.00000        134.1949
     53.30      2       0.00200        139.0575
     53.30      3       0.00400        153.3339
     53.30      4       0.00600        176.1020
     53.30      5       0.00800        205.8710
     53.30      6       0.01000        240.6602
     53.30      7       0.01200        278.1236

     53.40      1       0.00000        134.4162
     53.40      2       0.00200        139.2717
     53.40      3       0.00400        153.5271
     53.40      4       0.00600        176.2613
     53.40      5       0.00800        205.9852
     53.40      6       0.01000        240.7211
     53.40      7       0.01200        278.1265

     53.50      1       0.00000        134.6372
     53.50      2       0.00200        139.4856
     53.50      3       0.00400        153.7200
     53.50      4       0.00600        176.4204
     53.50      5       0.00800        206.0992
     53.50      6       0.01000        240.7818
     53.50      7       0.01200        278.1294

     53.60      1       0.00000        134.8578
     53.60      2       0.00200        139.6992
     53.60      3       0.00400        153.9127
     53.60      4       0.00600        176.5791
     53.60      5       0.00800        206.2131
     53.60      6       0.01000        240.8425
     53.60      7       0.01200        278.1323

     53.70      1       0.00000        135.0782
     53.70      2       0.00200        139.9125
     53.70      3       0.00400        154.1050
     53.70      4       0.00600        176.7377
     53.70      5       0.00800        206.3267
     53.70      6       0.01000        240.9030
     53.70      7       0.01200        278.1352

     53.80      1       0.00000        135.2982
     53.80      2       0.00200        140.1254
     53.80      3       0.00400        154.2971
     53.80      4       0.00600        176.8960
     53.80      5       0.00800        206.4402
     53.80      6       0.01000        240.9634
     53.80      7       0.01200        278.1381

     53.90      1       0.00000        135.5179
     53.90      2       0.00200        140.3381
     53.90      3       0.00400        154.4888
     53.90      4       0.00600        177.0540
     53.90      5       0.00800        206.5535
     53.90      6       0.01000        241.0237
     53.90      7       0.01200        278.1410

     54.00      1       0.00000        135.7373
     54.00      2       0.00200        140.5504
     54.00      3       0.00400        154.6803
     54.00      4       0.00600        177.2118
     54.00      5       0.00800        206.6666
     54.00      6       0.01000        241.0840
     54.00      7       0.01200        278.1439

     54.10      1       0.00000        135.9563
     54.10      2       0.00200        140.7624
     54.10      3       0.00400        154.8715
     54.10      4       0.00600        177.3693
     54.10      5       0.00800        206.7795
     54.10      6       0.01000        241.1441
     54.10      7       0.01200        278.1467

     54.20      1       0.00000        136.1751
     54.20      2       0.00200        140.9741
     54.20      3       0.00400        155.0624
     54.20      4       0.00600        177.5266
     54.20      5       0.00800        206.8922
     54.20      6       0.01000        241.2041
     54.20      7       0.01200        278.1496

     54.30      1       0.00000        136.3935
     54.30      2       0.00200        141.1855
     54.30      3       0.00400        155.2530
     54.30      4       0.00600        177.6836
     54.30      5       0.00800        207.0048
     54.30      6       0.01000        241.2640
     54.30      7       0.01200        278.1524

     54.40      1       0.00000        136.6116
     54.40      2       0.00200        141.3966
     54.40      3       0.00400        155.4433
     54.40      4       0.00600        177.8404
     54.40      5       0.00800        207.1171
     54.40      6       0.01000        241.3238
     54.40      7       0.01200        278.1553

     54.50      1       0.00000        136.8294
     54.50      2       0.00200        141.6073
     54.50      3       0.00400        155.6333
     54.50      4       0.00600        177.9969
     54.50      5       0.00800        207.2293
     54.50      6       0.01000        241.3835
     54.50      7       0.01200        278.1581

     54.60      1       0.00000        137.0468
     54.60      2       0.00200        141.8178
     54.60      3       0.00400        155.8230
     54.60      4       0.00600        178.1532
     54.60      5       0.00800        207.3413
     54.60      6       0.01000        241.4432
     54.60      7       0.01200        278.1610

     54.70      1       0.00000        137.2639
     54.70      2       0.00200        142.0279
     54.70      3       0.00400        156.0124
     54.70      4       0.00600        178.3093
     54.70      5       0.00800        207.4531
     54.70      6       0.01000        241.5027
     54.70      7       0.01200        278.1638

     54.80      1       0.00000        137.4808
     54.80      2       0.00200        142.2377
     54.80      3       0.00400        156.2016
     54.80      4       0.00600        178.4650
     54.80      5       0.00800        207.5647
     54.80      6       0.01000        241.5621
     54.80      7       0.01200        278.1667

     54.90      1       0.00000        137.6973
     54.90      2       0.00200        142.4472
     54.90      3       0.00400        156.3904
     54.90      4       0.00600        178.6206
     54.90      5       0.00800        207.6761
     54.90      6       0.01000        241.6214
     54.90      7       0.01200        278.1695

     55.00      1       0.00000        137.9134
     55.00      2       0.00200        142.6564
     55.00      3       0.00400        156.5790
     55.00      4       0.00600        178.7759
     55.00      5       0.00800        207.7874
     55.00      6       0.01000        241.6806
     55.00      7       0.01200        278.1723

     55.10      1       0.00000        138.1293
     55.10      2       0.00200        142.8653
     55.10      3       0.00400        156.7673
     55.10      4       0.00600        178.9309
     55.10      5       0.00800        207.8984
     55.10      6       0.01000        241.7397
     55.10      7       0.01200        278.1751

     55.20      1       0.00000        138.3448
     55.20      2       0.00200        143.0739
     55.20      3       0.00400        156.9553
     55.20      4       0.00600        179.0858
     55.20      5       0.00800        208.0093
     55.20      6       0.01000        241.7988
     55.20      7       0.01200        278.1780

     55.30      1       0.00000        138.5601
     55.30      2       0.00200        143.2821
     55.30      3       0.00400        157.1430
     55.30      4       0.00600        179.2403
     55.30      5       0.00800        208.1200
     55.30      6       0.01000        241.8577
     55.30      7       0.01200        278.1808

     55.40      1       0.00000        138.7750
     55.40      2       0.00200        143.4901
     55.40      3       0.00400        157.3304
     55.40      4       0.00600        179.3946
     55.40      5       0.00800        208.2306
     55.40      6       0.01000        241.9165
     55.40      7       0.01200        278.1836

     55.50      1       0.00000        138.9896
     55.50      2       0.00200        143.6978
     55.50      3       0.00400        157.5175
     55.50      4       0.00600        179.5487
     55.50      5       0.00800        208.3409
     55.50      6       0.01000        241.9752
     55.50      7       0.01200        278.1864

     55.60      1       0.00000        139.2039
     55.60      2       0.00200        143.9051
     55.60      3       0.00400        157.7044
     55.60      4       0.00600        179.7026
     55.60      5       0.00800        208.4511
     55.60      6       0.01000        242.0339
     55.60      7       0.01200        278.1892

     55.70      1       0.00000        139.4178
     55.70      2       0.00200        144.1121
     55.70      3       0.00400        157.8909
     55.70      4       0.00600        179.8562
     55.70      5       0.00800        208.5611
     55.70      6       0.01000        242.0924
     55.70      7       0.01200        278.1920

     55.80      1       0.00000        139.6315
     55.80      2       0.00200        144.3188
     55.80      3       0.00400        158.0772
     55.80      4       0.00600        180.0095
     55.80      5       0.00800        208.6709
     55.80      6       0.01000        242.1508
     55.80      7       0.01200        278.1947

     55.90      1       0.00000        139.8448
     55.90      2       0.00200        144.5253
     55.90      3       0.00400        158.2632
     55.90      4       0.00600        180.1626
     55.90      5       0.00800        208.7805
     55.90      6       0.01000        242.2091
     55.90      7       0.01200        278.1975

     56.00      1       0.00000        140.0578
     56.00      2       0.00200        144.7314
     56.00      3       0.00400        158.4489
     56.00      4       0.00600        180.3155
     56.00      5       0.00800        208.8900
     56.00      6       0.01000        242.2674
     56.00      7       0.01200        278.2003

     56.10      1       0.00000        140.2705
     56.10      2       0.00200        144.9372
     56.10      3       0.00400        158.6343
     56.10      4       0.00600        180.4681
     56.10      5       0.00800        208.9993
     56.10      6       0.01000        242.3255
     56.10      7       0.01200        278.2031

     56.20      1       0.00000        140.4829
     56.20      2       0.00200        145.1427
     56.20      3       0.00400        158.8195
     56.20      4       0.00600        180.6205
     56.20      5       0.00800        209.1084
     56.20      6       0.01000        242.3836
     56.20      7       0.01200        278.2058

     56.30      1       0.00000        140.6950
     56.30      2       0.00200        145.3478
     56.30      3       0.00400        159.0044
     56.30      4       0.00600        180.7727
     56.30      5       0.00800        209.2173
     56.30      6       0.01000        242.4415
     56.30      7       0.01200        278.2086

     56.40      1       0.00000        140.9067
     56.40      2       0.00200        145.5527
     56.40      3       0.00400        159.1889
     56.40      4       0.00600        180.9246
     56.40      5       0.00800        209.3260
     56.40      6       0.01000        242.4994
     56.40      7       0.01200        278.2114

     56.50      1       0.00000        141.1182
     56.50      2       0.00200        145.7573
     56.50      3       0.00400        159.3732
     56.50      4       0.00600        181.0762
     56.50      5       0.00800        209.4346
     56.50      6       0.01000        242.5571
     56.50      7       0.01200        278.2141

     56.60      1       0.00000        141.3293
     56.60      2       0.00200        145.9616
     56.60      3       0.00400        159.5573
     56.60      4       0.00600        181.2277
     56.60      5       0.00800        209.5430
     56.60      6       0.01000        242.6148
     56.60      7       0.01200        278.2169

     56.70      1       0.00000        141.5401
     56.70      2       0.00200        146.1655
     56.70      3       0.00400        159.7410
     56.70      4       0.00600        181.3789
     56.70      5       0.00800        209.6512
     56.70      6       0.01000        242.6724
     56.70      7       0.01200        278.2196

     56.80      1       0.00000        141.7506
     56.80      2       0.00200        146.3692
     56.80      3       0.00400        159.9245
     56.80      4       0.00600        181.5298
     56.80      5       0.00800        209.7593
     56.80      6       0.01000        242.7298
     56.80      7       0.01200        278.2224

     56.90      1       0.00000        141.9608
     56.90      2       0.00200        146.5726
     56.90      3       0.00400        160.1076
     56.90      4       0.00600        181.6805
     56.90      5       0.00800        209.8671
     56.90      6       0.01000        242.7872
     56.90      7       0.01200        278.2251

     57.00      1       0.00000        142.1707
     57.00      2       0.00200        146.7756
     57.00      3       0.00400        160.2905
     57.00      4       0.00600        181.8310
     57.00      5       0.00800        209.9748
     57.00      6       0.01000        242.8445
     57.00      7       0.01200        278.2278

     57.10      1       0.00000        142.3803
     57.10      2       0.00200        146.9784
     57.10      3       0.00400        160.4731
     57.10      4       0.00600        181.9813
     57.10      5       0.00800        210.0824
     57.10      6       0.01000        242.9017
     57.10      7       0.01200        278.2306

     57.20      1       0.00000        142.5896
     57.20      2       0.00200        147.1808
     57.20      3       0.00400        160.6555
     57.20      4       0.00600        182.1313
     57.20      5       0.00800        210.1897
     57.20      6       0.01000        242.9588
     57.20      7       0.01200        278.2333

     57.30      1       0.00000        142.7985
     57.30      2       0.00200        147.3830
     57.30      3       0.00400        160.8376
     57.30      4       0.00600        182.2811
     57.30      5       0.00800        210.2969
     57.30      6       0.01000        243.0158
     57.30      7       0.01200        278.2360

     57.40      1       0.00000        143.0072
     57.40      2       0.00200        147.5848
     57.40      3       0.00400        161.0193
     57.40      4       0.00600        182.4306
     57.40      5       0.00800        210.4039
     57.40      6       0.01000        243.0727
     57.40      7       0.01200        278.2387

     57.50      1       0.00000        143.2155
     57.50      2       0.00200        147.7863
     57.50      3       0.00400        161.2008
     57.50      4       0.00600        182.5799
     57.50      5       0.00800        210.5107
     57.50      6       0.01000        243.1295
     57.50      7       0.01200        278.2414

     57.60      1       0.00000        143.4235
     57.60      2       0.00200        147.9876
     57.60      3       0.00400        161.3821
     57.60      4       0.00600        182.7290
     57.60      5       0.00800        210.6174
     57.60      6       0.01000        243.1862
     57.60      7       0.01200        278.2441

     57.70      1       0.00000        143.6312
     57.70      2       0.00200        148.1885
     57.70      3       0.00400        161.5630
     57.70      4       0.00600        182.8778
     57.70      5       0.00800        210.7239
     57.70      6       0.01000        243.2429
     57.70      7       0.01200        278.2468

     57.80      1       0.00000        143.8386
     57.80      2       0.00200        148.3892
     57.80      3       0.00400        161.7437
     57.80      4       0.00600        183.0265
     57.80      5       0.00800        210.8302
     57.80      6       0.01000        243.2994
     57.80      7       0.01200        278.2495

     57.90      1       0.00000        144.0457
     57.90      2       0.00200        148.5895
     57.90      3       0.00400        161.9241
     57.90      4       0.00600        183.1748
     57.90      5       0.00800        210.9364
     57.90      6       0.01000        243.3559
     57.90      7       0.01200        278.2522

     58.00      1       0.00000        144.2525
     58.00      2       0.00200        148.7895
     58.00      3       0.00400        162.1042
     58.00      4       0.00600        183.3230
     58.00      5       0.00800        211.0424
     58.00      6       0.01000        243.4122
     58.00      7       0.01200        278.2549

     58.10      1       0.00000        144.4590
     58.10      2       0.00200        148.9893
     58.10      3       0.00400        162.2841
     58.10      4       0.00600        183.4709
     58.10      5       0.00800        211.1482
     58.10      6       0.01000        243.4685
     58.10      7       0.01200        278.2576

     58.20      1       0.00000        144.6652
     58.20      2       0.00200        149.1887
     58.20      3       0.00400        162.4637
     58.20      4       0.00600        183.6186
     58.20      5       0.00800        211.2538
     58.20      6       0.01000        243.5247
     58.20      7       0.01200        278.2603

     58.30      1       0.00000        144.8711
     58.30      2       0.00200        149.3879
     58.30      3       0.00400        162.6430
     58.30      4       0.00600        183.7660
     58.30      5       0.00800        211.3593
     58.30      6       0.01000        243.5807
     58.30      7       0.01200        278.2630

     58.40      1       0.00000        145.0766
     58.40      2       0.00200        149.5867
     58.40      3       0.00400        162.8220
     58.40      4       0.00600        183.9133
     58.40      5       0.00800        211.4646
     58.40      6       0.01000        243.6367
     58.40      7       0.01200        278.2656

     58.50      1       0.00000        145.2819
     58.50      2       0.00200        149.7852
     58.50      3       0.00400        163.0008
     58.50      4       0.00600        184.0602
     58.50      5       0.00800        211.5697
     58.50      6       0.01000        243.6926
     58.50      7       0.01200        278.2683

     58.60      1       0.00000        145.4868
     58.60      2       0.00200        149.9835
     58.60      3       0.00400        163.1793
     58.60      4       0.00600        184.2070
     58.60      5       0.00800        211.6747
     58.60      6       0.01000        243.7484
     58.60      7       0.01200        278.2710

     58.70      1       0.00000        145.6915
     58.70      2       0.00200        150.1814
     58.70      3       0.00400        163.3575
     58.70      4       0.00600        184.3535
     58.70      5       0.00800        211.7795
     58.70      6       0.01000        243.8041
     58.70      7       0.01200        278.2736

     58.80      1       0.00000        145.8958
     58.80      2       0.00200        150.3791
     58.80      3       0.00400        163.5354
     58.80      4       0.00600        184.4998
     58.80      5       0.00800        211.8841
     58.80      6       0.01000        243.8598
     58.80      7       0.01200        278.2763

     58.90      1       0.00000        146.0999
     58.90      2       0.00200        150.5765
     58.90      3       0.00400        163.7131
     58.90      4       0.00600        184.6459
     58.90      5       0.00800        211.9886
     58.90      6       0.01000        243.9153
     58.90      7       0.01200        278.2789

     59.00      1       0.00000        146.3036
     59.00      2       0.00200        150.7735
     59.00      3       0.00400        163.8905
     59.00      4       0.00600        184.7918
     59.00      5       0.00800        212.0929
     59.00      6       0.01000        243.9708
     59.00      7       0.01200        278.2816

     59.10      1       0.00000        146.5070
     59.10      2       0.00200        150.9703
     59.10      3       0.00400        164.0676
     59.10      4       0.00600        184.9374
     59.10      5       0.00800        212.1970
     59.10      6       0.01000        244.0261
     59.10      7       0.01200        278.2842

     59.20      1       0.00000        146.7102
     59.20      2       0.00200        151.1668
     59.20      3       0.00400        164.2445
     59.20      4       0.00600        185.0828
     59.20      5       0.00800        212.3010
     59.20      6       0.01000        244.0814
     59.20      7       0.01200        278.2868

     59.30      1       0.00000        146.9130
     59.30      2       0.00200        151.3629
     59.30      3       0.00400        164.4211
     59.30      4       0.00600        185.2280
     59.30      5       0.00800        212.4048
     59.30      6       0.01000        244.1365
     59.30      7       0.01200        278.2895

     59.40      1       0.00000        147.1155
     59.40      2       0.00200        151.5588
     59.40      3       0.00400        164.5974
     59.40      4       0.00600        185.3729
     59.40      5       0.00800        212.5084
     59.40      6       0.01000        244.1916
     59.40      7       0.01200        278.2921

     59.50      1       0.00000        147.3177
     59.50      2       0.00200        151.7544
     59.50      3       0.00400        164.7734
     59.50      4       0.00600        185.5176
     59.50      5       0.00800        212.6119
     59.50      6       0.01000        244.2466
     59.50      7       0.01200        278.2947

     59.60      1       0.00000        147.5196
     59.60      2       0.00200        151.9497
     59.60      3       0.00400        164.9492
     59.60      4       0.00600        185.6621
     59.60      5       0.00800        212.7152
     59.60      6       0.01000        244.3015
     59.60      7       0.01200        278.2973

     59.70      1       0.00000        147.7213
     59.70      2       0.00200        152.1447
     59.70      3       0.00400        165.1247
     59.70      4       0.00600        185.8064
     59.70      5       0.00800        212.8184
     59.70      6       0.01000        244.3564
     59.70      7       0.01200        278.3000

     59.80      1       0.00000        147.9226
     59.80      2       0.00200        152.3394
     59.80      3       0.00400        165.3000
     59.80      4       0.00600        185.9504
     59.80      5       0.00800        212.9214
     59.80      6       0.01000        244.4111
     59.80      7       0.01200        278.3026

     59.90      1       0.00000        148.1236
     59.90      2       0.00200        152.5338
     59.90      3       0.00400        165.4750
     59.90      4       0.00600        186.0942
     59.90      5       0.00800        213.0242
     59.90      6       0.01000        244.4657
     59.90      7       0.01200        278.3052

     60.00      1       0.00000        148.3243
     60.00      2       0.00200        152.7279
     60.00      3       0.00400        165.6497
     60.00      4       0.00600        186.2378
     60.00      5       0.00800        213.1268
     60.00      6       0.01000        244.5203
     60.00      7       0.01200        278.3078

     60.10      1       0.00000        148.5247
     60.10      2       0.00200        152.9218
     60.10      3       0.00400        165.8241
     60.10      4       0.00600        186.3812
     60.10      5       0.00800        213.2293
     60.10      6       0.01000        244.5748
     60.10      7       0.01200        278.3104

     60.20      1       0.00000        148.7248
     60.20      2       0.00200        153.1153
     60.20      3       0.00400        165.9983
     60.20      4       0.00600        186.5243
     60.20      5       0.00800        213.3316
     60.20      6       0.01000        244.6292
     60.20      7       0.01200        278.3130

     60.30      1       0.00000        148.9246
     60.30      2       0.00200        153.3086
     60.30      3       0.00400        166.1722
     60.30      4       0.00600        186.6673
     60.30      5       0.00800        213.4338
     60.30      6       0.01000        244.6835
     60.30      7       0.01200        278.3156

     60.40      1       0.00000        149.1241
     60.40      2       0.00200        153.5015
     60.40      3       0.00400        166.3459
     60.40      4       0.00600        186.8100
     60.40      5       0.00800        213.5358
     60.40      6       0.01000        244.7377
     60.40      7       0.01200        278.3181

     60.50      1       0.00000        149.3234
     60.50      2       0.00200        153.6942
     60.50      3       0.00400        166.5193
     60.50      4       0.00600        186.9524
     60.50      5       0.00800        213.6377
     60.50      6       0.01000        244.7918
     60.50      7       0.01200        278.3207

     60.60      1       0.00000        149.5223
     60.60      2       0.00200        153.8866
     60.60      3       0.00400        166.6924
     60.60      4       0.00600        187.0947
     60.60      5       0.00800        213.7393
     60.60      6       0.01000        244.8458
     60.60      7       0.01200        278.3233

     60.70      1       0.00000        149.7209
     60.70      2       0.00200        154.0786
     60.70      3       0.00400        166.8652
     60.70      4       0.00600        187.2367
     60.70      5       0.00800        213.8409
     60.70      6       0.01000        244.8998
     60.70      7       0.01200        278.3259

     60.80      1       0.00000        149.9192
     60.80      2       0.00200        154.2704
     60.80      3       0.00400        167.0378
     60.80      4       0.00600        187.3786
     60.80      5       0.00800        213.9422
     60.80      6       0.01000        244.9536
     60.80      7       0.01200        278.3284

     60.90      1       0.00000        150.1173
     60.90      2       0.00200        154.4620
     60.90      3       0.00400        167.2102
     60.90      4       0.00600        187.5202
     60.90      5       0.00800        214.0434
     60.90      6       0.01000        245.0074
     60.90      7       0.01200        278.3310

     61.00      1       0.00000        150.3150
     61.00      2       0.00200        154.6532
     61.00      3       0.00400        167.3822
     61.00      4       0.00600        187.6615
     61.00      5       0.00800        214.1445
     61.00      6       0.01000        245.0611
     61.00      7       0.01200        278.3336

     61.10      1       0.00000        150.5124
     61.10      2       0.00200        154.8441
     61.10      3       0.00400        167.5540
     61.10      4       0.00600        187.8027
     61.10      5       0.00800        214.2454
     61.10      6       0.01000        245.1147
     61.10      7       0.01200        278.3361

     61.20      1       0.00000        150.7096
     61.20      2       0.00200        155.0348
     61.20      3       0.00400        167.7256
     61.20      4       0.00600        187.9436
     61.20      5       0.00800        214.3461
     61.20      6       0.01000        245.1682
     61.20      7       0.01200        278.3387

     61.30      1       0.00000        150.9064
     61.30      2       0.00200        155.2251
     61.30      3       0.00400        167.8968
     61.30      4       0.00600        188.0843
     61.30      5       0.00800        214.4466
     61.30      6       0.01000        245.2216
     61.30      7       0.01200        278.3412

     61.40      1       0.00000        151.1029
     61.40      2       0.00200        155.4152
     61.40      3       0.00400        168.0679
     61.40      4       0.00600        188.2248
     61.40      5       0.00800        214.5470
     61.40      6       0.01000        245.2750
     61.40      7       0.01200        278.3438

     61.50      1       0.00000        151.2992
     61.50      2       0.00200        155.6050
     61.50      3       0.00400        168.2386
     61.50      4       0.00600        188.3651
     61.50      5       0.00800        214.6473
     61.50      6       0.01000        245.3282
     61.50      7       0.01200        278.3463

     61.60      1       0.00000        151.4952
     61.60      2       0.00200        155.7945
     61.60      3       0.00400        168.4091
     61.60      4       0.00600        188.5052
     61.60      5       0.00800        214.7474
     61.60      6       0.01000        245.3814
     61.60      7       0.01200        278.3488

     61.70      1       0.00000        151.6908
     61.70      2       0.00200        155.9837
     61.70      3       0.00400        168.5794
     61.70      4       0.00600        188.6450
     61.70      5       0.00800        214.8473
     61.70      6       0.01000        245.4345
     61.70      7       0.01200        278.3514

     61.80      1       0.00000        151.8862
     61.80      2       0.00200        156.1726
     61.80      3       0.00400        168.7493
     61.80      4       0.00600        188.7847
     61.80      5       0.00800        214.9471
     61.80      6       0.01000        245.4875
     61.80      7       0.01200        278.3539

     61.90      1       0.00000        152.0813
     61.90      2       0.00200        156.3613
     61.90      3       0.00400        168.9191
     61.90      4       0.00600        188.9241
     61.90      5       0.00800        215.0467
     61.90      6       0.01000        245.5404
     61.90      7       0.01200        278.3564

     62.00      1       0.00000        152.2761
     62.00      2       0.00200        156.5496
     62.00      3       0.00400        169.0885
     62.00      4       0.00600        189.0633
     62.00      5       0.00800        215.1462
     62.00      6       0.01000        245.5933
     62.00      7       0.01200        278.3590

     62.10      1       0.00000        152.4705
     62.10      2       0.00200        156.7377
     62.10      3       0.00400        169.2577
     62.10      4       0.00600        189.2023
     62.10      5       0.00800        215.2455
     62.10      6       0.01000        245.6460
     62.10      7       0.01200        278.3615

     62.20      1       0.00000        152.6647
     62.20      2       0.00200        156.9255
     62.20      3       0.00400        169.4267
     62.20      4       0.00600        189.3410
     62.20      5       0.00800        215.3446
     62.20      6       0.01000        245.6987
     62.20      7       0.01200        278.3640

     62.30      1       0.00000        152.8587
     62.30      2       0.00200        157.1130
     62.30      3       0.00400        169.5953
     62.30      4       0.00600        189.4796
     62.30      5       0.00800        215.4436
     62.30      6       0.01000        245.7513
     62.30      7       0.01200        278.3665

     62.40      1       0.00000        153.0523
     62.40      2       0.00200        157.3002
     62.40      3       0.00400        169.7638
     62.40      4       0.00600        189.6179
     62.40      5       0.00800        215.5424
     62.40      6       0.01000        245.8038
     62.40      7       0.01200        278.3690

     62.50      1       0.00000        153.2456
     62.50      2       0.00200        157.4872
     62.50      3       0.00400        169.9319
     62.50      4       0.00600        189.7561
     62.50      5       0.00800        215.6411
     62.50      6       0.01000        245.8562
     62.50      7       0.01200        278.3715

     62.60      1       0.00000        153.4386
     62.60      2       0.00200        157.6739
     62.60      3       0.00400        170.0999
     62.60      4       0.00600        189.8940
     62.60      5       0.00800        215.7396
     62.60      6       0.01000        245.9086
     62.60      7       0.01200        278.3740

     62.70      1       0.00000        153.6314
     62.70      2       0.00200        157.8602
     62.70      3       0.00400        170.2675
     62.70      4       0.00600        190.0317
     62.70      5       0.00800        215.8380
     62.70      6       0.01000        245.9608
     62.70      7       0.01200        278.3765

     62.80      1       0.00000        153.8238
     62.80      2       0.00200        158.0463
     62.80      3       0.00400        170.4349
     62.80      4       0.00600        190.1692
     62.80      5       0.00800        215.9362
     62.80      6       0.01000        246.0130
     62.80      7       0.01200        278.3790

     62.90      1       0.00000        154.0160
     62.90      2       0.00200        158.2322
     62.90      3       0.00400        170.6021
     62.90      4       0.00600        190.3064
     62.90      5       0.00800        216.0343
     62.90      6       0.01000        246.0651
     62.90      7       0.01200        278.3815

     63.00      1       0.00000        154.2079
     63.00      2       0.00200        158.4177
     63.00      3       0.00400        170.7690
     63.00      4       0.00600        190.4435
     63.00      5       0.00800        216.1322
     63.00      6       0.01000        246.1171
     63.00      7       0.01200        278.3839

     63.10      1       0.00000        154.3995
     63.10      2       0.00200        158.6030
     63.10      3       0.00400        170.9356
     63.10      4       0.00600        190.5803
     63.10      5       0.00800        216.2299
     63.10      6       0.01000        246.1690
     63.10      7       0.01200        278.3864

     63.20      1       0.00000        154.5908
     63.20      2       0.00200        158.7879
     63.20      3       0.00400        171.1020
     63.20      4       0.00600        190.7170
     63.20      5       0.00800        216.3275
     63.20      6       0.01000        246.2208
     63.20      7       0.01200        278.3889

     63.30      1       0.00000        154.7818
     63.30      2       0.00200        158.9726
     63.30      3       0.00400        171.2681
     63.30      4       0.00600        190.8534
     63.30      5       0.00800        216.4250
     63.30      6       0.01000        246.2726
     63.30      7       0.01200        278.3914

     63.40      1       0.00000        154.9725
     63.40      2       0.00200        159.1571
     63.40      3       0.00400        171.4340
     63.40      4       0.00600        190.9896
     63.40      5       0.00800        216.5223
     63.40      6       0.01000        246.3243
     63.40      7       0.01200        278.3938

     63.50      1       0.00000        155.1630
     63.50      2       0.00200        159.3412
     63.50      3       0.00400        171.5996
     63.50      4       0.00600        191.1256
     63.50      5       0.00800        216.6194
     63.50      6       0.01000        246.3759
     63.50      7       0.01200        278.3963

     63.60      1       0.00000        155.3531
     63.60      2       0.00200        159.5251
     63.60      3       0.00400        171.7650
     63.60      4       0.00600        191.2614
     63.60      5       0.00800        216.7164
     63.60      6       0.01000        246.4274
     63.60      7       0.01200        278.3987

     63.70      1       0.00000        155.5430
     63.70      2       0.00200        159.7086
     63.70      3       0.00400        171.9301
     63.70      4       0.00600        191.3970
     63.70      5       0.00800        216.8133
     63.70      6       0.01000        246.4788
     63.70      7       0.01200        278.4012

     63.80      1       0.00000        155.7326
     63.80      2       0.00200        159.8920
     63.80      3       0.00400        172.0950
     63.80      4       0.00600        191.5324
     63.80      5       0.00800        216.9099
     63.80      6       0.01000        246.5302
     63.80      7       0.01200        278.4036

     63.90      1       0.00000        155.9219
     63.90      2       0.00200        160.0750
     63.90      3       0.00400        172.2596
     63.90      4       0.00600        191.6675
     63.90      5       0.00800        217.0065
     63.90      6       0.01000        246.5814
     63.90      7       0.01200        278.4061

     64.00      1       0.00000        156.1109
     64.00      2       0.00200        160.2577
     64.00      3       0.00400        172.4240
     64.00      4       0.00600        191.8025
     64.00      5       0.00800        217.1029
     64.00      6       0.01000        246.6326
     64.00      7       0.01200        278.4085

     64.10      1       0.00000        156.2996
     64.10      2       0.00200        160.4402
     64.10      3       0.00400        172.5881
     64.10      4       0.00600        191.9372
     64.10      5       0.00800        217.1991
     64.10      6       0.01000        246.6837
     64.10      7       0.01200        278.4110

     64.20      1       0.00000        156.4880
     64.20      2       0.00200        160.6224
     64.20      3       0.00400        172.7519
     64.20      4       0.00600        192.0718
     64.20      5       0.00800        217.2952
     64.20      6       0.01000        246.7348
     64.20      7       0.01200        278.4134

     64.30      1       0.00000        156.6762
     64.30      2       0.00200        160.8044
     64.30      3       0.00400        172.9155
     64.30      4       0.00600        192.2061
     64.30      5       0.00800        217.3911
     64.30      6       0.01000        246.7857
     64.30      7       0.01200        278.4158

     64.40      1       0.00000        156.8641
     64.40      2       0.00200        160.9860
     64.40      3       0.00400        173.0789
     64.40      4       0.00600        192.3402
     64.40      5       0.00800        217.4869
     64.40      6       0.01000        246.8366
     64.40      7       0.01200        278.4183

     64.50      1       0.00000        157.0517
     64.50      2       0.00200        161.1674
     64.50      3       0.00400        173.2420
     64.50      4       0.00600        192.4741
     64.50      5       0.00800        217.5825
     64.50      6       0.01000        246.8874
     64.50      7       0.01200        278.4207

     64.60      1       0.00000        157.2390
     64.60      2       0.00200        161.3485
     64.60      3       0.00400        173.4049
     64.60      4       0.00600        192.6079
     64.60      5       0.00800        217.6780
     64.60      6       0.01000        246.9381
     64.60      7       0.01200        278.4231

     64.70      1       0.00000        157.4260
     64.70      2       0.00200        161.5293
     64.70      3       0.00400        173.5675
     64.70      4       0.00600        192.7414
     64.70      5       0.00800        217.7734
     64.70      6       0.01000        246.9887
     64.70      7       0.01200        278.4255

     64.80      1       0.00000        157.6127
     64.80      2       0.00200        161.7099
     64.80      3       0.00400        173.7299
     64.80      4       0.00600        192.8747
     64.80      5       0.00800        217.8685
     64.80      6       0.01000        247.0392
     64.80      7       0.01200        278.4279

     64.90      1       0.00000        157.7992
     64.90      2       0.00200        161.8902
     64.90      3       0.00400        173.8920
     64.90      4       0.00600        193.0077
     64.90      5       0.00800        217.9636
     64.90      6       0.01000        247.0897
     64.90      7       0.01200        278.4303

     65.00      1       0.00000        157.9854
     65.00      2       0.00200        162.0702
     65.00      3       0.00400        174.0539
     65.00      4       0.00600        193.1406
     65.00      5       0.00800        218.0585
     65.00      6       0.01000        247.1401
     65.00      7       0.01200        278.4327

     65.10      1       0.00000        158.1713
     65.10      2       0.00200        162.2499
     65.10      3       0.00400        174.2155
     65.10      4       0.00600        193.2733
     65.10      5       0.00800        218.1532
     65.10      6       0.01000        247.1904
     65.10      7       0.01200        278.4351

     65.20      1       0.00000        158.3569
     65.20      2       0.00200        162.4294
     65.20      3       0.00400        174.3769
     65.20      4       0.00600        193.4058
     65.20      5       0.00800        218.2478
     65.20      6       0.01000        247.2406
     65.20      7       0.01200        278.4375

     65.30      1       0.00000        158.5422
     65.30      2       0.00200        162.6086
     65.30      3       0.00400        174.5380
     65.30      4       0.00600        193.5381
     65.30      5       0.00800        218.3423
     65.30      6       0.01000        247.2908
     65.30      7       0.01200        278.4399

     65.40      1       0.00000        158.7273
     65.40      2       0.00200        162.7875
     65.40      3       0.00400        174.6989
     65.40      4       0.00600        193.6701
     65.40      5       0.00800        218.4366
     65.40      6       0.01000        247.3408
     65.40      7       0.01200        278.4423

     65.50      1       0.00000        158.9121
     65.50      2       0.00200        162.9662
     65.50      3       0.00400        174.8596
     65.50      4       0.00600        193.8020
     65.50      5       0.00800        218.5307
     65.50      6       0.01000        247.3908
     65.50      7       0.01200        278.4447

     65.60      1       0.00000        159.0966
     65.60      2       0.00200        163.1445
     65.60      3       0.00400        175.0200
     65.60      4       0.00600        193.9337
     65.60      5       0.00800        218.6247
     65.60      6       0.01000        247.4408
     65.60      7       0.01200        278.4471

     65.70      1       0.00000        159.2808
     65.70      2       0.00200        163.3227
     65.70      3       0.00400        175.1801
     65.70      4       0.00600        194.0651
     65.70      5       0.00800        218.7186
     65.70      6       0.01000        247.4906
     65.70      7       0.01200        278.4494

     65.80      1       0.00000        159.4647
     65.80      2       0.00200        163.5005
     65.80      3       0.00400        175.3400
     65.80      4       0.00600        194.1964
     65.80      5       0.00800        218.8123
     65.80      6       0.01000        247.5404
     65.80      7       0.01200        278.4518

     65.90      1       0.00000        159.6484
     65.90      2       0.00200        163.6781
     65.90      3       0.00400        175.4997
     65.90      4       0.00600        194.3274
     65.90      5       0.00800        218.9059
     65.90      6       0.01000        247.5900
     65.90      7       0.01200        278.4542

     66.00      1       0.00000        159.8318
     66.00      2       0.00200        163.8554
     66.00      3       0.00400        175.6591
     66.00      4       0.00600        194.4583
     66.00      5       0.00800        218.9993
     66.00      6       0.01000        247.6396
     66.00      7       0.01200        278.4566

     66.10      1       0.00000        160.0149
     66.10      2       0.00200        164.0324
     66.10      3       0.00400        175.8183
     66.10      4       0.00600        194.5889
     66.10      5       0.00800        219.0926
     66.10      6       0.01000        247.6892
     66.10      7       0.01200        278.4589

     66.20      1       0.00000        160.1977
     66.20      2       0.00200        164.2092
     66.20      3       0.00400        175.9772
     66.20      4       0.00600        194.7194
     66.20      5       0.00800        219.1857
     66.20      6       0.01000        247.7386
     66.20      7       0.01200        278.4613

     66.30      1       0.00000        160.3803
     66.30      2       0.00200        164.3857
     66.30      3       0.00400        176.1359
     66.30      4       0.00600        194.8496
     66.30      5       0.00800        219.2787
     66.30      6       0.01000        247.7880
     66.30      7       0.01200        278.4636

     66.40      1       0.00000        160.5626
     66.40      2       0.00200        164.5619
     66.40      3       0.00400        176.2944
     66.40      4       0.00600        194.9797
     66.40      5       0.00800        219.3715
     66.40      6       0.01000        247.8373
     66.40      7       0.01200        278.4660

     66.50      1       0.00000        160.7446
     66.50      2       0.00200        164.7379
     66.50      3       0.00400        176.4526
     66.50      4       0.00600        195.1095
     66.50      5       0.00800        219.4642
     66.50      6       0.01000        247.8865
     66.50      7       0.01200        278.4683

     66.60      1       0.00000        160.9263
     66.60      2       0.00200        164.9136
     66.60      3       0.00400        176.6105
     66.60      4       0.00600        195.2392
     66.60      5       0.00800        219.5568
     66.60      6       0.01000        247.9356
     66.60      7       0.01200        278.4707

     66.70      1       0.00000        161.1078
     66.70      2       0.00200        165.0890
     66.70      3       0.00400        176.7683
     66.70      4       0.00600        195.3686
     66.70      5       0.00800        219.6492
     66.70      6       0.01000        247.9847
     66.70      7       0.01200        278.4730

     66.80      1       0.00000        161.2890
     66.80      2       0.00200        165.2642
     66.80      3       0.00400        176.9258
     66.80      4       0.00600        195.4979
     66.80      5       0.00800        219.7414
     66.80      6       0.01000        248.0337
     66.80      7       0.01200        278.4754

     66.90      1       0.00000        161.4699
     66.90      2       0.00200        165.4391
     66.90      3       0.00400        177.0830
     66.90      4       0.00600        195.6269
     66.90      5       0.00800        219.8336
     66.90      6       0.01000        248.0826
     66.90      7       0.01200        278.4777

     67.00      1       0.00000        161.6505
     67.00      2       0.00200        165.6137
     67.00      3       0.00400        177.2400
     67.00      4       0.00600        195.7558
     67.00      5       0.00800        219.9255
     67.00      6       0.01000        248.1314
     67.00      7       0.01200        278.4800

     67.10      1       0.00000        161.8309
     67.10      2       0.00200        165.7881
     67.10      3       0.00400        177.3968
     67.10      4       0.00600        195.8844
     67.10      5       0.00800        220.0174
     67.10      6       0.01000        248.1802
     67.10      7       0.01200        278.4823

     67.20      1       0.00000        162.0110
     67.20      2       0.00200        165.9622
     67.20      3       0.00400        177.5533
     67.20      4       0.00600        196.0129
     67.20      5       0.00800        220.1091
     67.20      6       0.01000        248.2288
     67.20      7       0.01200        278.4847

     67.30      1       0.00000        162.1908
     67.30      2       0.00200        166.1360
     67.30      3       0.00400        177.7096
     67.30      4       0.00600        196.1411
     67.30      5       0.00800        220.2006
     67.30      6       0.01000        248.2774
     67.30      7       0.01200        278.4870

     67.40      1       0.00000        162.3704
     67.40      2       0.00200        166.3096
     67.40      3       0.00400        177.8656
     67.40      4       0.00600        196.2692
     67.40      5       0.00800        220.2920
     67.40      6       0.01000        248.3260
     67.40      7       0.01200        278.4893

     67.50      1       0.00000        162.5496
     67.50      2       0.00200        166.4829
     67.50      3       0.00400        178.0215
     67.50      4       0.00600        196.3971
     67.50      5       0.00800        220.3833
     67.50      6       0.01000        248.3744
     67.50      7       0.01200        278.4916

     67.60      1       0.00000        162.7286
     67.60      2       0.00200        166.6560
     67.60      3       0.00400        178.1770
     67.60      4       0.00600        196.5247
     67.60      5       0.00800        220.4744
     67.60      6       0.01000        248.4228
     67.60      7       0.01200        278.4939

     67.70      1       0.00000        162.9074
     67.70      2       0.00200        166.8288
     67.70      3       0.00400        178.3324
     67.70      4       0.00600        196.6522
     67.70      5       0.00800        220.5654
     67.70      6       0.01000        248.4711
     67.70      7       0.01200        278.4962

     67.80      1       0.00000        163.0858
     67.80      2       0.00200        167.0013
     67.80      3       0.00400        178.4875
     67.80      4       0.00600        196.7795
     67.80      5       0.00800        220.6563
     67.80      6       0.01000        248.5193
     67.80      7       0.01200        278.4985

     67.90      1       0.00000        163.2640
     67.90      2       0.00200        167.1736
     67.90      3       0.00400        178.6423
     67.90      4       0.00600        196.9066
     67.90      5       0.00800        220.7470
     67.90      6       0.01000        248.5675
     67.90      7       0.01200        278.5008

     68.00      1       0.00000        163.4419
     68.00      2       0.00200        167.3456
     68.00      3       0.00400        178.7970
     68.00      4       0.00600        197.0334
     68.00      5       0.00800        220.8375
     68.00      6       0.01000        248.6156
     68.00      7       0.01200        278.5031

     68.10      1       0.00000        163.6196
     68.10      2       0.00200        167.5174
     68.10      3       0.00400        178.9514
     68.10      4       0.00600        197.1601
     68.10      5       0.00800        220.9280
     68.10      6       0.01000        248.6636
     68.10      7       0.01200        278.5054

     68.20      1       0.00000        163.7970
     68.20      2       0.00200        167.6888
     68.20      3       0.00400        179.1055
     68.20      4       0.00600        197.2866
     68.20      5       0.00800        221.0182
     68.20      6       0.01000        248.7115
     68.20      7       0.01200        278.5077

     68.30      1       0.00000        163.9741
     68.30      2       0.00200        167.8601
     68.30      3       0.00400        179.2594
     68.30      4       0.00600        197.4129
     68.30      5       0.00800        221.1084
     68.30      6       0.01000        248.7593
     68.30      7       0.01200        278.5100

     68.40      1       0.00000        164.1510
     68.40      2       0.00200        168.0310
     68.40      3       0.00400        179.4131
     68.40      4       0.00600        197.5390
     68.40      5       0.00800        221.1984
     68.40      6       0.01000        248.8071
     68.40      7       0.01200        278.5122

     68.50      1       0.00000        164.3275
     68.50      2       0.00200        168.2017
     68.50      3       0.00400        179.5666
     68.50      4       0.00600        197.6649
     68.50      5       0.00800        221.2883
     68.50      6       0.01000        248.8548
     68.50      7       0.01200        278.5145

     68.60      1       0.00000        164.5039
     68.60      2       0.00200        168.3722
     68.60      3       0.00400        179.7198
     68.60      4       0.00600        197.7907
     68.60      5       0.00800        221.3780
     68.60      6       0.01000        248.9024
     68.60      7       0.01200        278.5168

     68.70      1       0.00000        164.6799
     68.70      2       0.00200        168.5424
     68.70      3       0.00400        179.8728
     68.70      4       0.00600        197.9162
     68.70      5       0.00800        221.4676
     68.70      6       0.01000        248.9500
     68.70      7       0.01200        278.5191

     68.80      1       0.00000        164.8557
     68.80      2       0.00200        168.7123
     68.80      3       0.00400        180.0255
     68.80      4       0.00600        198.0415
     68.80      5       0.00800        221.5570
     68.80      6       0.01000        248.9975
     68.80      7       0.01200        278.5213

     68.90      1       0.00000        165.0312
     68.90      2       0.00200        168.8820
     68.90      3       0.00400        180.1781
     68.90      4       0.00600        198.1666
     68.90      5       0.00800        221.6463
     68.90      6       0.01000        249.0449
     68.90      7       0.01200        278.5236

     69.00      1       0.00000        165.2064
     69.00      2       0.00200        169.0514
     69.00      3       0.00400        180.3303
     69.00      4       0.00600        198.2916
     69.00      5       0.00800        221.7355
     69.00      6       0.01000        249.0922
     69.00      7       0.01200        278.5258

     69.10      1       0.00000        165.3814
     69.10      2       0.00200        169.2206
     69.10      3       0.00400        180.4824
     69.10      4       0.00600        198.4163
     69.10      5       0.00800        221.8245
     69.10      6       0.01000        249.1395
     69.10      7       0.01200        278.5281

     69.20      1       0.00000        165.5561
     69.20      2       0.00200        169.3895
     69.20      3       0.00400        180.6342
     69.20      4       0.00600        198.5409
     69.20      5       0.00800        221.9134
     69.20      6       0.01000        249.1866
     69.20      7       0.01200        278.5303

     69.30      1       0.00000        165.7306
     69.30      2       0.00200        169.5581
     69.30      3       0.00400        180.7858
     69.30      4       0.00600        198.6653
     69.30      5       0.00800        222.0022
     69.30      6       0.01000        249.2338
     69.30      7       0.01200        278.5326

     69.40      1       0.00000        165.9048
     69.40      2       0.00200        169.7265
     69.40      3       0.00400        180.9372
     69.40      4       0.00600        198.7895
     69.40      5       0.00800        222.0908
     69.40      6       0.01000        249.2808
     69.40      7       0.01200        278.5348

     69.50      1       0.00000        166.0787
     69.50      2       0.00200        169.8946
     69.50      3       0.00400        181.0883
     69.50      4       0.00600        198.9135
     69.50      5       0.00800        222.1793
     69.50      6       0.01000        249.3278
     69.50      7       0.01200        278.5371

     69.60      1       0.00000        166.2524
     69.60      2       0.00200        170.0625
     69.60      3       0.00400        181.2392
     69.60      4       0.00600        199.0373
     69.60      5       0.00800        222.2676
     69.60      6       0.01000        249.3747
     69.60      7       0.01200        278.5393

     69.70      1       0.00000        166.4258
     69.70      2       0.00200        170.2301
     69.70      3       0.00400        181.3899
     69.70      4       0.00600        199.1609
     69.70      5       0.00800        222.3558
     69.70      6       0.01000        249.4215
     69.70      7       0.01200        278.5415

     69.80      1       0.00000        166.5989
     69.80      2       0.00200        170.3975
     69.80      3       0.00400        181.5403
     69.80      4       0.00600        199.2843
     69.80      5       0.00800        222.4439
     69.80      6       0.01000        249.4682
     69.80      7       0.01200        278.5438

     69.90      1       0.00000        166.7718
     69.90      2       0.00200        170.5646
     69.90      3       0.00400        181.6905
     69.90      4       0.00600        199.4075
     69.90      5       0.00800        222.5318
     69.90      6       0.01000        249.5149
     69.90      7       0.01200        278.5460

     70.00      1       0.00000        166.9444
     70.00      2       0.00200        170.7315
     70.00      3       0.00400        181.8405
     70.00      4       0.00600        199.5306
     70.00      5       0.00800        222.6197
     70.00      6       0.01000        249.5615
     70.00      7       0.01200        278.5482

     70.10      1       0.00000        167.1167
     70.10      2       0.00200        170.8981
     70.10      3       0.00400        181.9902
     70.10      4       0.00600        199.6534
     70.10      5       0.00800        222.7073
     70.10      6       0.01000        249.6080
     70.10      7       0.01200        278.5504

     70.20      1       0.00000        167.2888
     70.20      2       0.00200        171.0644
     70.20      3       0.00400        182.1398
     70.20      4       0.00600        199.7761
     70.20      5       0.00800        222.7948
     70.20      6       0.01000        249.6545
     70.20      7       0.01200        278.5527

     70.30      1       0.00000        167.4607
     70.30      2       0.00200        171.2306
     70.30      3       0.00400        182.2890
     70.30      4       0.00600        199.8985
     70.30      5       0.00800        222.8822
     70.30      6       0.01000        249.7009
     70.30      7       0.01200        278.5549

     70.40      1       0.00000        167.6322
     70.40      2       0.00200        171.3964
     70.40      3       0.00400        182.4381
     70.40      4       0.00600        200.0208
     70.40      5       0.00800        222.9695
     70.40      6       0.01000        249.7472
     70.40      7       0.01200        278.5571

     70.50      1       0.00000        167.8035
     70.50      2       0.00200        171.5620
     70.50      3       0.00400        182.5870
     70.50      4       0.00600        200.1429
     70.50      5       0.00800        223.0566
     70.50      6       0.01000        249.7934
     70.50      7       0.01200        278.5593

     70.60      1       0.00000        167.9746
     70.60      2       0.00200        171.7273
     70.60      3       0.00400        182.7356
     70.60      4       0.00600        200.2648
     70.60      5       0.00800        223.1436
     70.60      6       0.01000        249.8396
     70.60      7       0.01200        278.5615

     70.70      1       0.00000        168.1454
     70.70      2       0.00200        171.8924
     70.70      3       0.00400        182.8839
     70.70      4       0.00600        200.3866
     70.70      5       0.00800        223.2305
     70.70      6       0.01000        249.8857
     70.70      7       0.01200        278.5637

     70.80      1       0.00000        168.3159
     70.80      2       0.00200        172.0573
     70.80      3       0.00400        183.0321
     70.80      4       0.00600        200.5081
     70.80      5       0.00800        223.3172
     70.80      6       0.01000        249.9317
     70.80      7       0.01200        278.5659

     70.90      1       0.00000        168.4862
     70.90      2       0.00200        172.2219
     70.90      3       0.00400        183.1800
     70.90      4       0.00600        200.6295
     70.90      5       0.00800        223.4038
     70.90      6       0.01000        249.9777
     70.90      7       0.01200        278.5681

     71.00      1       0.00000        168.6562
     71.00      2       0.00200        172.3862
     71.00      3       0.00400        183.3277
     71.00      4       0.00600        200.7506
     71.00      5       0.00800        223.4902
     71.00      6       0.01000        250.0236
     71.00      7       0.01200        278.5703

     71.10      1       0.00000        168.8259
     71.10      2       0.00200        172.5503
     71.10      3       0.00400        183.4752
     71.10      4       0.00600        200.8716
     71.10      5       0.00800        223.5766
     71.10      6       0.01000        250.0694
     71.10      7       0.01200        278.5724

     71.20      1       0.00000        168.9954
     71.20      2       0.00200        172.7142
     71.20      3       0.00400        183.6225
     71.20      4       0.00600        200.9924
     71.20      5       0.00800        223.6628
     71.20      6       0.01000        250.1151
     71.20      7       0.01200        278.5746

     71.30      1       0.00000        169.1647
     71.30      2       0.00200        172.8778
     71.30      3       0.00400        183.7695
     71.30      4       0.00600        201.1130
     71.30      5       0.00800        223.7488
     71.30      6       0.01000        250.1608
     71.30      7       0.01200        278.5768

     71.40      1       0.00000        169.3336
     71.40      2       0.00200        173.0411
     71.40      3       0.00400        183.9163
     71.40      4       0.00600        201.2334
     71.40      5       0.00800        223.8347
     71.40      6       0.01000        250.2064
     71.40      7       0.01200        278.5790

     71.50      1       0.00000        169.5024
     71.50      2       0.00200        173.2042
     71.50      3       0.00400        184.0629
     71.50      4       0.00600        201.3537
     71.50      5       0.00800        223.9205
     71.50      6       0.01000        250.2519
     71.50      7       0.01200        278.5812

     71.60      1       0.00000        169.6708
     71.60      2       0.00200        173.3671
     71.60      3       0.00400        184.2093
     71.60      4       0.00600        201.4737
     71.60      5       0.00800        224.0062
     71.60      6       0.01000        250.2974
     71.60      7       0.01200        278.5833

     71.70      1       0.00000        169.8391
     71.70      2       0.00200        173.5297
     71.70      3       0.00400        184.3554
     71.70      4       0.00600        201.5936
     71.70      5       0.00800        224.0917
     71.70      6       0.01000        250.3428
     71.70      7       0.01200        278.5855

     71.80      1       0.00000        170.0070
     71.80      2       0.00200        173.6920
     71.80      3       0.00400        184.5013
     71.80      4       0.00600        201.7133
     71.80      5       0.00800        224.1771
     71.80      6       0.01000        250.3881
     71.80      7       0.01200        278.5877

     71.90      1       0.00000        170.1747
     71.90      2       0.00200        173.8541
     71.90      3       0.00400        184.6470
     71.90      4       0.00600        201.8328
     71.90      5       0.00800        224.2624
     71.90      6       0.01000        250.4333
     71.90      7       0.01200        278.5898

     72.00      1       0.00000        170.3422
     72.00      2       0.00200        174.0160
     72.00      3       0.00400        184.7925
     72.00      4       0.00600        201.9521
     72.00      5       0.00800        224.3475
     72.00      6       0.01000        250.4785
     72.00      7       0.01200        278.5920

     72.10      1       0.00000        170.5094
     72.10      2       0.00200        174.1776
     72.10      3       0.00400        184.9377
     72.10      4       0.00600        202.0712
     72.10      5       0.00800        224.4325
     72.10      6       0.01000        250.5236
     72.10      7       0.01200        278.5941

     72.20      1       0.00000        170.6763
     72.20      2       0.00200        174.3390
     72.20      3       0.00400        185.0827
     72.20      4       0.00600        202.1902
     72.20      5       0.00800        224.5174
     72.20      6       0.01000        250.5687
     72.20      7       0.01200        278.5963

     72.30      1       0.00000        170.8430
     72.30      2       0.00200        174.5001
     72.30      3       0.00400        185.2276
     72.30      4       0.00600        202.3090
     72.30      5       0.00800        224.6021
     72.30      6       0.01000        250.6136
     72.30      7       0.01200        278.5984

     72.40      1       0.00000        171.0094
     72.40      2       0.00200        174.6610
     72.40      3       0.00400        185.3721
     72.40      4       0.00600        202.4276
     72.40      5       0.00800        224.6867
     72.40      6       0.01000        250.6585
     72.40      7       0.01200        278.6005

     72.50      1       0.00000        171.1756
     72.50      2       0.00200        174.8216
     72.50      3       0.00400        185.5165
     72.50      4       0.00600        202.5460
     72.50      5       0.00800        224.7712
     72.50      6       0.01000        250.7034
     72.50      7       0.01200        278.6027

     72.60      1       0.00000        171.3415
     72.60      2       0.00200        174.9820
     72.60      3       0.00400        185.6606
     72.60      4       0.00600        202.6642
     72.60      5       0.00800        224.8556
     72.60      6       0.01000        250.7481
     72.60      7       0.01200        278.6048

     72.70      1       0.00000        171.5072
     72.70      2       0.00200        175.1422
     72.70      3       0.00400        185.8046
     72.70      4       0.00600        202.7822
     72.70      5       0.00800        224.9398
     72.70      6       0.01000        250.7928
     72.70      7       0.01200        278.6070

     72.80      1       0.00000        171.6726
     72.80      2       0.00200        175.3021
     72.80      3       0.00400        185.9483
     72.80      4       0.00600        202.9001
     72.80      5       0.00800        225.0239
     72.80      6       0.01000        250.8374
     72.80      7       0.01200        278.6091

     72.90      1       0.00000        171.8378
     72.90      2       0.00200        175.4618
     72.90      3       0.00400        186.0917
     72.90      4       0.00600        203.0178
     72.90      5       0.00800        225.1078
     72.90      6       0.01000        250.8820
     72.90      7       0.01200        278.6112

     73.00      1       0.00000        172.0027
     73.00      2       0.00200        175.6212
     73.00      3       0.00400        186.2350
     73.00      4       0.00600        203.1353
     73.00      5       0.00800        225.1917
     73.00      6       0.01000        250.9265
     73.00      7       0.01200        278.6133

     73.10      1       0.00000        172.1674
     73.10      2       0.00200        175.7804
     73.10      3       0.00400        186.3781
     73.10      4       0.00600        203.2526
     73.10      5       0.00800        225.2754
     73.10      6       0.01000        250.9709
     73.10      7       0.01200        278.6154

     73.20      1       0.00000        172.3318
     73.20      2       0.00200        175.9393
     73.20      3       0.00400        186.5209
     73.20      4       0.00600        203.3698
     73.20      5       0.00800        225.3589
     73.20      6       0.01000        251.0152
     73.20      7       0.01200        278.6176

     73.30      1       0.00000        172.4960
     73.30      2       0.00200        176.0980
     73.30      3       0.00400        186.6635
     73.30      4       0.00600        203.4867
     73.30      5       0.00800        225.4424
     73.30      6       0.01000        251.0595
     73.30      7       0.01200        278.6197

     73.40      1       0.00000        172.6599
     73.40      2       0.00200        176.2564
     73.40      3       0.00400        186.8059
     73.40      4       0.00600        203.6035
     73.40      5       0.00800        225.5257
     73.40      6       0.01000        251.1037
     73.40      7       0.01200        278.6218

     73.50      1       0.00000        172.8236
     73.50      2       0.00200        176.4147
     73.50      3       0.00400        186.9481
     73.50      4       0.00600        203.7201
     73.50      5       0.00800        225.6089
     73.50      6       0.01000        251.1479
     73.50      7       0.01200        278.6239

     73.60      1       0.00000        172.9870
     73.60      2       0.00200        176.5726
     73.60      3       0.00400        187.0900
     73.60      4       0.00600        203.8365
     73.60      5       0.00800        225.6919
     73.60      6       0.01000        251.1920
     73.60      7       0.01200        278.6260

     73.70      1       0.00000        173.1502
     73.70      2       0.00200        176.7304
     73.70      3       0.00400        187.2318
     73.70      4       0.00600        203.9528
     73.70      5       0.00800        225.7749
     73.70      6       0.01000        251.2360
     73.70      7       0.01200        278.6281

     73.80      1       0.00000        173.3132
     73.80      2       0.00200        176.8879
     73.80      3       0.00400        187.3733
     73.80      4       0.00600        204.0689
     73.80      5       0.00800        225.8577
     73.80      6       0.01000        251.2799
     73.80      7       0.01200        278.6302

     73.90      1       0.00000        173.4758
     73.90      2       0.00200        177.0451
     73.90      3       0.00400        187.5146
     73.90      4       0.00600        204.1848
     73.90      5       0.00800        225.9403
     73.90      6       0.01000        251.3238
     73.90      7       0.01200        278.6323

     74.00      1       0.00000        173.6383
     74.00      2       0.00200        177.2021
     74.00      3       0.00400        187.6557
     74.00      4       0.00600        204.3005
     74.00      5       0.00800        226.0229
     74.00      6       0.01000        251.3676
     74.00      7       0.01200        278.6344

     74.10      1       0.00000        173.8005
     74.10      2       0.00200        177.3589
     74.10      3       0.00400        187.7966
     74.10      4       0.00600        204.4160
     74.10      5       0.00800        226.1053
     74.10      6       0.01000        251.4113
     74.10      7       0.01200        278.6365

     74.20      1       0.00000        173.9624
     74.20      2       0.00200        177.5154
     74.20      3       0.00400        187.9372
     74.20      4       0.00600        204.5314
     74.20      5       0.00800        226.1876
     74.20      6       0.01000        251.4550
     74.20      7       0.01200        278.6385

     74.30      1       0.00000        174.1241
     74.30      2       0.00200        177.6717
     74.30      3       0.00400        188.0777
     74.30      4       0.00600        204.6466
     74.30      5       0.00800        226.2698
     74.30      6       0.01000        251.4986
     74.30      7       0.01200        278.6406

     74.40      1       0.00000        174.2856
     74.40      2       0.00200        177.8278
     74.40      3       0.00400        188.2179
     74.40      4       0.00600        204.7616
     74.40      5       0.00800        226.3518
     74.40      6       0.01000        251.5421
     74.40      7       0.01200        278.6427

     74.50      1       0.00000        174.4468
     74.50      2       0.00200        177.9836
     74.50      3       0.00400        188.3579
     74.50      4       0.00600        204.8764
     74.50      5       0.00800        226.4337
     74.50      6       0.01000        251.5856
     74.50      7       0.01200        278.6448

     74.60      1       0.00000        174.6077
     74.60      2       0.00200        178.1392
     74.60      3       0.00400        188.4977
     74.60      4       0.00600        204.9911
     74.60      5       0.00800        226.5155
     74.60      6       0.01000        251.6290
     74.60      7       0.01200        278.6468

     74.70      1       0.00000        174.7684
     74.70      2       0.00200        178.2945
     74.70      3       0.00400        188.6373
     74.70      4       0.00600        205.1055
     74.70      5       0.00800        226.5972
     74.70      6       0.01000        251.6723
     74.70      7       0.01200        278.6489

     74.80      1       0.00000        174.9289
     74.80      2       0.00200        178.4497
     74.80      3       0.00400        188.7767
     74.80      4       0.00600        205.2199
     74.80      5       0.00800        226.6787
     74.80      6       0.01000        251.7156
     74.80      7       0.01200        278.6510

     74.90      1       0.00000        175.0891
     74.90      2       0.00200        178.6045
     74.90      3       0.00400        188.9159
     74.90      4       0.00600        205.3340
     74.90      5       0.00800        226.7601
     74.90      6       0.01000        251.7588
     74.90      7       0.01200        278.6530

     75.00      1       0.00000        175.2491
     75.00      2       0.00200        178.7592
     75.00      3       0.00400        189.0549
     75.00      4       0.00600        205.4479
     75.00      5       0.00800        226.8414
     75.00      6       0.01000        251.8019
     75.00      7       0.01200        278.6551

     75.10      1       0.00000        175.4089
     75.10      2       0.00200        178.9136
     75.10      3       0.00400        189.1936
     75.10      4       0.00600        205.5617
     75.10      5       0.00800        226.9226
     75.10      6       0.01000        251.8450
     75.10      7       0.01200        278.6571

     75.20      1       0.00000        175.5684
     75.20      2       0.00200        179.0677
     75.20      3       0.00400        189.3321
     75.20      4       0.00600        205.6753
     75.20      5       0.00800        227.0036
     75.20      6       0.01000        251.8880
     75.20      7       0.01200        278.6592

     75.30      1       0.00000        175.7276
     75.30      2       0.00200        179.2217
     75.30      3       0.00400        189.4704
     75.30      4       0.00600        205.7888
     75.30      5       0.00800        227.0846
     75.30      6       0.01000        251.9309
     75.30      7       0.01200        278.6612

     75.40      1       0.00000        175.8866
     75.40      2       0.00200        179.3754
     75.40      3       0.00400        189.6086
     75.40      4       0.00600        205.9020
     75.40      5       0.00800        227.1653
     75.40      6       0.01000        251.9738
     75.40      7       0.01200        278.6633

     75.50      1       0.00000        176.0454
     75.50      2       0.00200        179.5289
     75.50      3       0.00400        189.7465
     75.50      4       0.00600        206.0151
     75.50      5       0.00800        227.2460
     75.50      6       0.01000        252.0166
     75.50      7       0.01200        278.6653

     75.60      1       0.00000        176.2039
     75.60      2       0.00200        179.6821
     75.60      3       0.00400        189.8841
     75.60      4       0.00600        206.1280
     75.60      5       0.00800        227.3266
     75.60      6       0.01000        252.0593
     75.60      7       0.01200        278.6674

     75.70      1       0.00000        176.3622
     75.70      2       0.00200        179.8351
     75.70      3       0.00400        190.0216
     75.70      4       0.00600        206.2408
     75.70      5       0.00800        227.4070
     75.70      6       0.01000        252.1020
     75.70      7       0.01200        278.6694

     75.80      1       0.00000        176.5203
     75.80      2       0.00200        179.9879
     75.80      3       0.00400        190.1589
     75.80      4       0.00600        206.3533
     75.80      5       0.00800        227.4873
     75.80      6       0.01000        252.1446
     75.80      7       0.01200        278.6714

     75.90      1       0.00000        176.6781
     75.90      2       0.00200        180.1404
     75.90      3       0.00400        190.2960
     75.90      4       0.00600        206.4657
     75.90      5       0.00800        227.5674
     75.90      6       0.01000        252.1871
     75.90      7       0.01200        278.6735

     76.00      1       0.00000        176.8356
     76.00      2       0.00200        180.2927
     76.00      3       0.00400        190.4328
     76.00      4       0.00600        206.5780
     76.00      5       0.00800        227.6475
     76.00      6       0.01000        252.2296
     76.00      7       0.01200        278.6755

     76.10      1       0.00000        176.9930
     76.10      2       0.00200        180.4448
     76.10      3       0.00400        190.5695
     76.10      4       0.00600        206.6900
     76.10      5       0.00800        227.7274
     76.10      6       0.01000        252.2720
     76.10      7       0.01200        278.6775

     76.20      1       0.00000        177.1501
     76.20      2       0.00200        180.5966
     76.20      3       0.00400        190.7059
     76.20      4       0.00600        206.8019
     76.20      5       0.00800        227.8072
     76.20      6       0.01000        252.3144
     76.20      7       0.01200        278.6795

     76.30      1       0.00000        177.3069
     76.30      2       0.00200        180.7482
     76.30      3       0.00400        190.8421
     76.30      4       0.00600        206.9136
     76.30      5       0.00800        227.8869
     76.30      6       0.01000        252.3566
     76.30      7       0.01200        278.6815

     76.40      1       0.00000        177.4635
     76.40      2       0.00200        180.8996
     76.40      3       0.00400        190.9781
     76.40      4       0.00600        207.0251
     76.40      5       0.00800        227.9665
     76.40      6       0.01000        252.3989
     76.40      7       0.01200        278.6836

     76.50      1       0.00000        177.6199
     76.50      2       0.00200        181.0507
     76.50      3       0.00400        191.1139
     76.50      4       0.00600        207.1365
     76.50      5       0.00800        228.0459
     76.50      6       0.01000        252.4410
     76.50      7       0.01200        278.6856

     76.60      1       0.00000        177.7760
     76.60      2       0.00200        181.2017
     76.60      3       0.00400        191.2495
     76.60      4       0.00600        207.2477
     76.60      5       0.00800        228.1252
     76.60      6       0.01000        252.4831
     76.60      7       0.01200        278.6876

     76.70      1       0.00000        177.9319
     76.70      2       0.00200        181.3523
     76.70      3       0.00400        191.3849
     76.70      4       0.00600        207.3587
     76.70      5       0.00800        228.2044
     76.70      6       0.01000        252.5251
     76.70      7       0.01200        278.6896

     76.80      1       0.00000        178.0876
     76.80      2       0.00200        181.5028
     76.80      3       0.00400        191.5201
     76.80      4       0.00600        207.4696
     76.80      5       0.00800        228.2835
     76.80      6       0.01000        252.5671
     76.80      7       0.01200        278.6916

     76.90      1       0.00000        178.2430
     76.90      2       0.00200        181.6530
     76.90      3       0.00400        191.6551
     76.90      4       0.00600        207.5803
     76.90      5       0.00800        228.3624
     76.90      6       0.01000        252.6089
     76.90      7       0.01200        278.6936

     77.00      1       0.00000        178.3982
     77.00      2       0.00200        181.8030
     77.00      3       0.00400        191.7899
     77.00      4       0.00600        207.6908
     77.00      5       0.00800        228.4413
     77.00      6       0.01000        252.6508
     77.00      7       0.01200        278.6956

     77.10      1       0.00000        178.5532
     77.10      2       0.00200        181.9528
     77.10      3       0.00400        191.9245
     77.10      4       0.00600        207.8011
     77.10      5       0.00800        228.5200
     77.10      6       0.01000        252.6925
     77.10      7       0.01200        278.6976

     77.20      1       0.00000        178.7079
     77.20      2       0.00200        182.1024
     77.20      3       0.00400        192.0588
     77.20      4       0.00600        207.9113
     77.20      5       0.00800        228.5986
     77.20      6       0.01000        252.7342
     77.20      7       0.01200        278.6996

     77.30      1       0.00000        178.8624
     77.30      2       0.00200        182.2517
     77.30      3       0.00400        192.1930
     77.30      4       0.00600        208.0213
     77.30      5       0.00800        228.6770
     77.30      6       0.01000        252.7759
     77.30      7       0.01200        278.7015

     77.40      1       0.00000        179.0166
     77.40      2       0.00200        182.4008
     77.40      3       0.00400        192.3269
     77.40      4       0.00600        208.1312
     77.40      5       0.00800        228.7554
     77.40      6       0.01000        252.8174
     77.40      7       0.01200        278.7035

     77.50      1       0.00000        179.1706
     77.50      2       0.00200        182.5496
     77.50      3       0.00400        192.4607
     77.50      4       0.00600        208.2409
     77.50      5       0.00800        228.8336
     77.50      6       0.01000        252.8589
     77.50      7       0.01200        278.7055

     77.60      1       0.00000        179.3244
     77.60      2       0.00200        182.6983
     77.60      3       0.00400        192.5943
     77.60      4       0.00600        208.3504
     77.60      5       0.00800        228.9117
     77.60      6       0.01000        252.9004
     77.60      7       0.01200        278.7075

     77.70      1       0.00000        179.4779
     77.70      2       0.00200        182.8467
     77.70      3       0.00400        192.7276
     77.70      4       0.00600        208.4597
     77.70      5       0.00800        228.9897
     77.70      6       0.01000        252.9418
     77.70      7       0.01200        278.7095

     77.80      1       0.00000        179.6312
     77.80      2       0.00200        182.9948
     77.80      3       0.00400        192.8607
     77.80      4       0.00600        208.5689
     77.80      5       0.00800        229.0676
     77.80      6       0.01000        252.9831
     77.80      7       0.01200        278.7114

     77.90      1       0.00000        179.7843
     77.90      2       0.00200        183.1428
     77.90      3       0.00400        192.9937
     77.90      4       0.00600        208.6779
     77.90      5       0.00800        229.1453
     77.90      6       0.01000        253.0243
     77.90      7       0.01200        278.7134

     78.00      1       0.00000        179.9372
     78.00      2       0.00200        183.2905
     78.00      3       0.00400        193.1264
     78.00      4       0.00600        208.7867
     78.00      5       0.00800        229.2229
     78.00      6       0.01000        253.0655
     78.00      7       0.01200        278.7154

     78.10      1       0.00000        180.0898
     78.10      2       0.00200        183.4380
     78.10      3       0.00400        193.2589
     78.10      4       0.00600        208.8954
     78.10      5       0.00800        229.3005
     78.10      6       0.01000        253.1066
     78.10      7       0.01200        278.7173

     78.20      1       0.00000        180.2421
     78.20      2       0.00200        183.5853
     78.20      3       0.00400        193.3913
     78.20      4       0.00600        209.0039
     78.20      5       0.00800        229.3778
     78.20      6       0.01000        253.1477
     78.20      7       0.01200        278.7193

     78.30      1       0.00000        180.3943
     78.30      2       0.00200        183.7324
     78.30      3       0.00400        193.5234
     78.30      4       0.00600        209.1122
     78.30      5       0.00800        229.4551
     78.30      6       0.01000        253.1887
     78.30      7       0.01200        278.7212

     78.40      1       0.00000        180.5462
     78.40      2       0.00200        183.8792
     78.40      3       0.00400        193.6553
     78.40      4       0.00600        209.2204
     78.40      5       0.00800        229.5323
     78.40      6       0.01000        253.2296
     78.40      7       0.01200        278.7232

     78.50      1       0.00000        180.6979
     78.50      2       0.00200        184.0258
     78.50      3       0.00400        193.7871
     78.50      4       0.00600        209.3284
     78.50      5       0.00800        229.6093
     78.50      6       0.01000        253.2705
     78.50      7       0.01200        278.7251

     78.60      1       0.00000        180.8493
     78.60      2       0.00200        184.1722
     78.60      3       0.00400        193.9186
     78.60      4       0.00600        209.4363
     78.60      5       0.00800        229.6862
     78.60      6       0.01000        253.3113
     78.60      7       0.01200        278.7271

     78.70      1       0.00000        181.0006
     78.70      2       0.00200        184.3184
     78.70      3       0.00400        194.0499
     78.70      4       0.00600        209.5440
     78.70      5       0.00800        229.7630
     78.70      6       0.01000        253.3520
     78.70      7       0.01200        278.7290

     78.80      1       0.00000        181.1516
     78.80      2       0.00200        184.4643
     78.80      3       0.00400        194.1810
     78.80      4       0.00600        209.6515
     78.80      5       0.00800        229.8397
     78.80      6       0.01000        253.3927
     78.80      7       0.01200        278.7310

     78.90      1       0.00000        181.3023
     78.90      2       0.00200        184.6100
     78.90      3       0.00400        194.3120
     78.90      4       0.00600        209.7588
     78.90      5       0.00800        229.9163
     78.90      6       0.01000        253.4334
     78.90      7       0.01200        278.7329

     79.00      1       0.00000        181.4529
     79.00      2       0.00200        184.7555
     79.00      3       0.00400        194.4427
     79.00      4       0.00600        209.8660
     79.00      5       0.00800        229.9927
     79.00      6       0.01000        253.4739
     79.00      7       0.01200        278.7348

     79.10      1       0.00000        181.6032
     79.10      2       0.00200        184.9008
     79.10      3       0.00400        194.5732
     79.10      4       0.00600        209.9730
     79.10      5       0.00800        230.0690
     79.10      6       0.01000        253.5144
     79.10      7       0.01200        278.7368

     79.20      1       0.00000        181.7532
     79.20      2       0.00200        185.0459
     79.20      3       0.00400        194.7035
     79.20      4       0.00600        210.0799
     79.20      5       0.00800        230.1453
     79.20      6       0.01000        253.5548
     79.20      7       0.01200        278.7387

     79.30      1       0.00000        181.9031
     79.30      2       0.00200        185.1907
     79.30      3       0.00400        194.8337
     79.30      4       0.00600        210.1866
     79.30      5       0.00800        230.2214
     79.30      6       0.01000        253.5952
     79.30      7       0.01200        278.7406

     79.40      1       0.00000        182.0527
     79.40      2       0.00200        185.3353
     79.40      3       0.00400        194.9636
     79.40      4       0.00600        210.2931
     79.40      5       0.00800        230.2973
     79.40      6       0.01000        253.6355
     79.40      7       0.01200        278.7425

     79.50      1       0.00000        182.2021
     79.50      2       0.00200        185.4797
     79.50      3       0.00400        195.0933
     79.50      4       0.00600        210.3995
     79.50      5       0.00800        230.3732
     79.50      6       0.01000        253.6758
     79.50      7       0.01200        278.7445

     79.60      1       0.00000        182.3513
     79.60      2       0.00200        185.6239
     79.60      3       0.00400        195.2229
     79.60      4       0.00600        210.5057
     79.60      5       0.00800        230.4489
     79.60      6       0.01000        253.7160
     79.60      7       0.01200        278.7464

     79.70      1       0.00000        182.5002
     79.70      2       0.00200        185.7678
     79.70      3       0.00400        195.3522
     79.70      4       0.00600        210.6117
     79.70      5       0.00800        230.5246
     79.70      6       0.01000        253.7561
     79.70      7       0.01200        278.7483

     79.80      1       0.00000        182.6489
     79.80      2       0.00200        185.9116
     79.80      3       0.00400        195.4813
     79.80      4       0.00600        210.7176
     79.80      5       0.00800        230.6001
     79.80      6       0.01000        253.7962
     79.80      7       0.01200        278.7502

     79.90      1       0.00000        182.7974
     79.90      2       0.00200        186.0551
     79.90      3       0.00400        195.6103
     79.90      4       0.00600        210.8234
     79.90      5       0.00800        230.6755
     79.90      6       0.01000        253.8362
     79.90      7       0.01200        278.7521

     80.00      1       0.00000        182.9456
     80.00      2       0.00200        186.1984
     80.00      3       0.00400        195.7390
     80.00      4       0.00600        210.9289
     80.00      5       0.00800        230.7508
     80.00      6       0.01000        253.8761
     80.00      7       0.01200        278.7540

     80.10      1       0.00000        183.0937
     80.10      2       0.00200        186.3415
     80.10      3       0.00400        195.8676
     80.10      4       0.00600        211.0343
     80.10      5       0.00800        230.8259
     80.10      6       0.01000        253.9160
     80.10      7       0.01200        278.7559

     80.20      1       0.00000        183.2415
     80.20      2       0.00200        186.4843
     80.20      3       0.00400        195.9959
     80.20      4       0.00600        211.1395
     80.20      5       0.00800        230.9010
     80.20      6       0.01000        253.9558
     80.20      7       0.01200        278.7578

     80.30      1       0.00000        183.3891
     80.30      2       0.00200        186.6270
     80.30      3       0.00400        196.1241
     80.30      4       0.00600        211.2446
     80.30      5       0.00800        230.9759
     80.30      6       0.01000        253.9955
     80.30      7       0.01200        278.7597

     80.40      1       0.00000        183.5364
     80.40      2       0.00200        186.7694
     80.40      3       0.00400        196.2520
     80.40      4       0.00600        211.3495
     80.40      5       0.00800        231.0508
     80.40      6       0.01000        254.0352
     80.40      7       0.01200        278.7616

     80.50      1       0.00000        183.6835
     80.50      2       0.00200        186.9116
     80.50      3       0.00400        196.3798
     80.50      4       0.00600        211.4543
     80.50      5       0.00800        231.1255
     80.50      6       0.01000        254.0749
     80.50      7       0.01200        278.7635

     80.60      1       0.00000        183.8304
     80.60      2       0.00200        187.0536
     80.60      3       0.00400        196.5074
     80.60      4       0.00600        211.5589
     80.60      5       0.00800        231.2001
     80.60      6       0.01000        254.1145
     80.60      7       0.01200        278.7654

     80.70      1       0.00000        183.9771
     80.70      2       0.00200        187.1954
     80.70      3       0.00400        196.6347
     80.70      4       0.00600        211.6633
     80.70      5       0.00800        231.2745
     80.70      6       0.01000        254.1540
     80.70      7       0.01200        278.7673

     80.80      1       0.00000        184.1236
     80.80      2       0.00200        187.3369
     80.80      3       0.00400        196.7619
     80.80      4       0.00600        211.7676
     80.80      5       0.00800        231.3489
     80.80      6       0.01000        254.1934
     80.80      7       0.01200        278.7691

     80.90      1       0.00000        184.2698
     80.90      2       0.00200        187.4783
     80.90      3       0.00400        196.8889
     80.90      4       0.00600        211.8717
     80.90      5       0.00800        231.4232
     80.90      6       0.01000        254.2328
     80.90      7       0.01200        278.7710

     81.00      1       0.00000        184.4158
     81.00      2       0.00200        187.6194
     81.00      3       0.00400        197.0157
     81.00      4       0.00600        211.9757
     81.00      5       0.00800        231.4973
     81.00      6       0.01000        254.2721
     81.00      7       0.01200        278.7729

     81.10      1       0.00000        184.5616
     81.10      2       0.00200        187.7603
     81.10      3       0.00400        197.1423
     81.10      4       0.00600        212.0795
     81.10      5       0.00800        231.5713
     81.10      6       0.01000        254.3114
     81.10      7       0.01200        278.7748

     81.20      1       0.00000        184.7072
     81.20      2       0.00200        187.9010
     81.20      3       0.00400        197.2687
     81.20      4       0.00600        212.1831
     81.20      5       0.00800        231.6452
     81.20      6       0.01000        254.3506
     81.20      7       0.01200        278.7766

     81.30      1       0.00000        184.8526
     81.30      2       0.00200        188.0415
     81.30      3       0.00400        197.3949
     81.30      4       0.00600        212.2866
     81.30      5       0.00800        231.7190
     81.30      6       0.01000        254.3898
     81.30      7       0.01200        278.7785

     81.40      1       0.00000        184.9977
     81.40      2       0.00200        188.1818
     81.40      3       0.00400        197.5209
     81.40      4       0.00600        212.3899
     81.40      5       0.00800        231.7927
     81.40      6       0.01000        254.4289
     81.40      7       0.01200        278.7804

     81.50      1       0.00000        185.1426
     81.50      2       0.00200        188.3218
     81.50      3       0.00400        197.6468
     81.50      4       0.00600        212.4931
     81.50      5       0.00800        231.8663
     81.50      6       0.01000        254.4679
     81.50      7       0.01200        278.7822

     81.60      1       0.00000        185.2873
     81.60      2       0.00200        188.4617
     81.60      3       0.00400        197.7724
     81.60      4       0.00600        212.5961
     81.60      5       0.00800        231.9398
     81.60      6       0.01000        254.5069
     81.60      7       0.01200        278.7841

     81.70      1       0.00000        185.4317
     81.70      2       0.00200        188.6013
     81.70      3       0.00400        197.8978
     81.70      4       0.00600        212.6989
     81.70      5       0.00800        232.0131
     81.70      6       0.01000        254.5458
     81.70      7       0.01200        278.7860

     81.80      1       0.00000        185.5760
     81.80      2       0.00200        188.7407
     81.80      3       0.00400        198.0231
     81.80      4       0.00600        212.8016
     81.80      5       0.00800        232.0863
     81.80      6       0.01000        254.5846
     81.80      7       0.01200        278.7878

     81.90      1       0.00000        185.7200
     81.90      2       0.00200        188.8799
     81.90      3       0.00400        198.1482
     81.90      4       0.00600        212.9042
     81.90      5       0.00800        232.1595
     81.90      6       0.01000        254.6234
     81.90      7       0.01200        278.7897

     82.00      1       0.00000        185.8638
     82.00      2       0.00200        189.0189
     82.00      3       0.00400        198.2730
     82.00      4       0.00600        213.0066
     82.00      5       0.00800        232.2325
     82.00      6       0.01000        254.6622
     82.00      7       0.01200        278.7915

     82.10      1       0.00000        186.0074
     82.10      2       0.00200        189.1577
     82.10      3       0.00400        198.3977
     82.10      4       0.00600        213.1088
     82.10      5       0.00800        232.3054
     82.10      6       0.01000        254.7008
     82.10      7       0.01200        278.7934

     82.20      1       0.00000        186.1508
     82.20      2       0.00200        189.2963
     82.20      3       0.00400        198.5222
     82.20      4       0.00600        213.2108
     82.20      5       0.00800        232.3782
     82.20      6       0.01000        254.7395
     82.20      7       0.01200        278.7952

     82.30      1       0.00000        186.2939
     82.30      2       0.00200        189.4346
     82.30      3       0.00400        198.6465
     82.30      4       0.00600        213.3128
     82.30      5       0.00800        232.4508
     82.30      6       0.01000        254.7780
     82.30      7       0.01200        278.7970

     82.40      1       0.00000        186.4369
     82.40      2       0.00200        189.5728
     82.40      3       0.00400        198.7706
     82.40      4       0.00600        213.4145
     82.40      5       0.00800        232.5234
     82.40      6       0.01000        254.8165
     82.40      7       0.01200        278.7989

     82.50      1       0.00000        186.5796
     82.50      2       0.00200        189.7107
     82.50      3       0.00400        198.8945
     82.50      4       0.00600        213.5161
     82.50      5       0.00800        232.5959
     82.50      6       0.01000        254.8550
     82.50      7       0.01200        278.8007

     82.60      1       0.00000        186.7221
     82.60      2       0.00200        189.8484
     82.60      3       0.00400        199.0183
     82.60      4       0.00600        213.6176
     82.60      5       0.00800        232.6682
     82.60      6       0.01000        254.8933
     82.60      7       0.01200        278.8025

     82.70      1       0.00000        186.8643
     82.70      2       0.00200        189.9860
     82.70      3       0.00400        199.1418
     82.70      4       0.00600        213.7188
     82.70      5       0.00800        232.7404
     82.70      6       0.01000        254.9317
     82.70      7       0.01200        278.8044

     82.80      1       0.00000        187.0064
     82.80      2       0.00200        190.1233
     82.80      3       0.00400        199.2652
     82.80      4       0.00600        213.8200
     82.80      5       0.00800        232.8126
     82.80      6       0.01000        254.9699
     82.80      7       0.01200        278.8062

     82.90      1       0.00000        187.1483
     82.90      2       0.00200        190.2604
     82.90      3       0.00400        199.3884
     82.90      4       0.00600        213.9210
     82.90      5       0.00800        232.8846
     82.90      6       0.01000        255.0081
     82.90      7       0.01200        278.8080

     83.00      1       0.00000        187.2899
     83.00      2       0.00200        190.3973
     83.00      3       0.00400        199.5113
     83.00      4       0.00600        214.0218
     83.00      5       0.00800        232.9565
     83.00      6       0.01000        255.0463
     83.00      7       0.01200        278.8098

     83.10      1       0.00000        187.4313
     83.10      2       0.00200        190.5339
     83.10      3       0.00400        199.6341
     83.10      4       0.00600        214.1225
     83.10      5       0.00800        233.0283
     83.10      6       0.01000        255.0843
     83.10      7       0.01200        278.8116

     83.20      1       0.00000        187.5725
     83.20      2       0.00200        190.6704
     83.20      3       0.00400        199.7567
     83.20      4       0.00600        214.2230
     83.20      5       0.00800        233.1000
     83.20      6       0.01000        255.1224
     83.20      7       0.01200        278.8135

     83.30      1       0.00000        187.7135
     83.30      2       0.00200        190.8067
     83.30      3       0.00400        199.8791
     83.30      4       0.00600        214.3233
     83.30      5       0.00800        233.1715
     83.30      6       0.01000        255.1603
     83.30      7       0.01200        278.8153

     83.40      1       0.00000        187.8543
     83.40      2       0.00200        190.9427
     83.40      3       0.00400        200.0014
     83.40      4       0.00600        214.4235
     83.40      5       0.00800        233.2430
     83.40      6       0.01000        255.1983
     83.40      7       0.01200        278.8171

     83.50      1       0.00000        187.9948
     83.50      2       0.00200        191.0786
     83.50      3       0.00400        200.1234
     83.50      4       0.00600        214.5236
     83.50      5       0.00800        233.3143
     83.50      6       0.01000        255.2361
     83.50      7       0.01200        278.8189

     83.60      1       0.00000        188.1351
     83.60      2       0.00200        191.2142
     83.60      3       0.00400        200.2453
     83.60      4       0.00600        214.6235
     83.60      5       0.00800        233.3856
     83.60      6       0.01000        255.2739
     83.60      7       0.01200        278.8207

     83.70      1       0.00000        188.2753
     83.70      2       0.00200        191.3497
     83.70      3       0.00400        200.3670
     83.70      4       0.00600        214.7233
     83.70      5       0.00800        233.4567
     83.70      6       0.01000        255.3116
     83.70      7       0.01200        278.8225

     83.80      1       0.00000        188.4152
     83.80      2       0.00200        191.4849
     83.80      3       0.00400        200.4884
     83.80      4       0.00600        214.8229
     83.80      5       0.00800        233.5278
     83.80      6       0.01000        255.3493
     83.80      7       0.01200        278.8243

     83.90      1       0.00000        188.5549
     83.90      2       0.00200        191.6199
     83.90      3       0.00400        200.6097
     83.90      4       0.00600        214.9223
     83.90      5       0.00800        233.5987
     83.90      6       0.01000        255.3869
     83.90      7       0.01200        278.8261

     84.00      1       0.00000        188.6944
     84.00      2       0.00200        191.7547
     84.00      3       0.00400        200.7309
     84.00      4       0.00600        215.0216
     84.00      5       0.00800        233.6695
     84.00      6       0.01000        255.4245
     84.00      7       0.01200        278.8279

     84.10      1       0.00000        188.8336
     84.10      2       0.00200        191.8893
     84.10      3       0.00400        200.8518
     84.10      4       0.00600        215.1208
     84.10      5       0.00800        233.7402
     84.10      6       0.01000        255.4620
     84.10      7       0.01200        278.8297

     84.20      1       0.00000        188.9727
     84.20      2       0.00200        192.0237
     84.20      3       0.00400        200.9725
     84.20      4       0.00600        215.2197
     84.20      5       0.00800        233.8108
     84.20      6       0.01000        255.4995
     84.20      7       0.01200        278.8314

     84.30      1       0.00000        189.1116
     84.30      2       0.00200        192.1579
     84.30      3       0.00400        201.0931
     84.30      4       0.00600        215.3186
     84.30      5       0.00800        233.8813
     84.30      6       0.01000        255.5369
     84.30      7       0.01200        278.8332

     84.40      1       0.00000        189.2502
     84.40      2       0.00200        192.2919
     84.40      3       0.00400        201.2135
     84.40      4       0.00600        215.4173
     84.40      5       0.00800        233.9516
     84.40      6       0.01000        255.5742
     84.40      7       0.01200        278.8350

     84.50      1       0.00000        189.3886
     84.50      2       0.00200        192.4257
     84.50      3       0.00400        201.3337
     84.50      4       0.00600        215.5158
     84.50      5       0.00800        234.0219
     84.50      6       0.01000        255.6115
     84.50      7       0.01200        278.8368

     84.60      1       0.00000        189.5268
     84.60      2       0.00200        192.5593
     84.60      3       0.00400        201.4537
     84.60      4       0.00600        215.6142
     84.60      5       0.00800        234.0921
     84.60      6       0.01000        255.6487
     84.60      7       0.01200        278.8386

     84.70      1       0.00000        189.6649
     84.70      2       0.00200        192.6927
     84.70      3       0.00400        201.5735
     84.70      4       0.00600        215.7125
     84.70      5       0.00800        234.1621
     84.70      6       0.01000        255.6859
     84.70      7       0.01200        278.8403

     84.80      1       0.00000        189.8026
     84.80      2       0.00200        192.8259
     84.80      3       0.00400        201.6932
     84.80      4       0.00600        215.8105
     84.80      5       0.00800        234.2321
     84.80      6       0.01000        255.7230
     84.80      7       0.01200        278.8421

     84.90      1       0.00000        189.9402
     84.90      2       0.00200        192.9589
     84.90      3       0.00400        201.8126
     84.90      4       0.00600        215.9085
     84.90      5       0.00800        234.3019
     84.90      6       0.01000        255.7600
     84.90      7       0.01200        278.8439

     85.00      1       0.00000        190.0776
     85.00      2       0.00200        193.0916
     85.00      3       0.00400        201.9319
     85.00      4       0.00600        216.0063
     85.00      5       0.00800        234.3717
     85.00      6       0.01000        255.7970
     85.00      7       0.01200        278.8456

     85.10      1       0.00000        190.2148
     85.10      2       0.00200        193.2242
     85.10      3       0.00400        202.0510
     85.10      4       0.00600        216.1039
     85.10      5       0.00800        234.4413
     85.10      6       0.01000        255.8339
     85.10      7       0.01200        278.8474

     85.20      1       0.00000        190.3517
     85.20      2       0.00200        193.3566
     85.20      3       0.00400        202.1699
     85.20      4       0.00600        216.2014
     85.20      5       0.00800        234.5108
     85.20      6       0.01000        255.8708
     85.20      7       0.01200        278.8492

     85.30      1       0.00000        190.4885
     85.30      2       0.00200        193.4888
     85.30      3       0.00400        202.2887
     85.30      4       0.00600        216.2987
     85.30      5       0.00800        234.5802
     85.30      6       0.01000        255.9076
     85.30      7       0.01200        278.8509

     85.40      1       0.00000        190.6250
     85.40      2       0.00200        193.6207
     85.40      3       0.00400        202.4072
     85.40      4       0.00600        216.3959
     85.40      5       0.00800        234.6495
     85.40      6       0.01000        255.9444
     85.40      7       0.01200        278.8527

     85.50      1       0.00000        190.7614
     85.50      2       0.00200        193.7525
     85.50      3       0.00400        202.5256
     85.50      4       0.00600        216.4930
     85.50      5       0.00800        234.7187
     85.50      6       0.01000        255.9811
     85.50      7       0.01200        278.8544

     85.60      1       0.00000        190.8975
     85.60      2       0.00200        193.8841
     85.60      3       0.00400        202.6438
     85.60      4       0.00600        216.5899
     85.60      5       0.00800        234.7878
     85.60      6       0.01000        256.0178
     85.60      7       0.01200        278.8562

     85.70      1       0.00000        191.0334
     85.70      2       0.00200        194.0154
     85.70      3       0.00400        202.7618
     85.70      4       0.00600        216.6866
     85.70      5       0.00800        234.8568
     85.70      6       0.01000        256.0544
     85.70      7       0.01200        278.8579

     85.80      1       0.00000        191.1691
     85.80      2       0.00200        194.1466
     85.80      3       0.00400        202.8796
     85.80      4       0.00600        216.7832
     85.80      5       0.00800        234.9257
     85.80      6       0.01000        256.0909
     85.80      7       0.01200        278.8597

     85.90      1       0.00000        191.3046
     85.90      2       0.00200        194.2776
     85.90      3       0.00400        202.9973
     85.90      4       0.00600        216.8797
     85.90      5       0.00800        234.9945
     85.90      6       0.01000        256.1274
     85.90      7       0.01200        278.8614

     86.00      1       0.00000        191.4399
     86.00      2       0.00200        194.4083
     86.00      3       0.00400        203.1148
     86.00      4       0.00600        216.9760
     86.00      5       0.00800        235.0632
     86.00      6       0.01000        256.1638
     86.00      7       0.01200        278.8631

     86.10      1       0.00000        191.5750
     86.10      2       0.00200        194.5389
     86.10      3       0.00400        203.2321
     86.10      4       0.00600        217.0722
     86.10      5       0.00800        235.1317
     86.10      6       0.01000        256.2002
     86.10      7       0.01200        278.8649

     86.20      1       0.00000        191.7099
     86.20      2       0.00200        194.6693
     86.20      3       0.00400        203.3492
     86.20      4       0.00600        217.1682
     86.20      5       0.00800        235.2002
     86.20      6       0.01000        256.2365
     86.20      7       0.01200        278.8666

     86.30      1       0.00000        191.8446
     86.30      2       0.00200        194.7994
     86.30      3       0.00400        203.4661
     86.30      4       0.00600        217.2640
     86.30      5       0.00800        235.2686
     86.30      6       0.01000        256.2728
     86.30      7       0.01200        278.8683

     86.40      1       0.00000        191.9790
     86.40      2       0.00200        194.9294
     86.40      3       0.00400        203.5829
     86.40      4       0.00600        217.3598
     86.40      5       0.00800        235.3368
     86.40      6       0.01000        256.3090
     86.40      7       0.01200        278.8701

     86.50      1       0.00000        192.1133
     86.50      2       0.00200        195.0592
     86.50      3       0.00400        203.6995
     86.50      4       0.00600        217.4553
     86.50      5       0.00800        235.4050
     86.50      6       0.01000        256.3452
     86.50      7       0.01200        278.8718

     86.60      1       0.00000        192.2474
     86.60      2       0.00200        195.1888
     86.60      3       0.00400        203.8159
     86.60      4       0.00600        217.5508
     86.60      5       0.00800        235.4730
     86.60      6       0.01000        256.3813
     86.60      7       0.01200        278.8735

     86.70      1       0.00000        192.3812
     86.70      2       0.00200        195.3181
     86.70      3       0.00400        203.9321
     86.70      4       0.00600        217.6460
     86.70      5       0.00800        235.5410
     86.70      6       0.01000        256.4173
     86.70      7       0.01200        278.8752

     86.80      1       0.00000        192.5149
     86.80      2       0.00200        195.4473
     86.80      3       0.00400        204.0481
     86.80      4       0.00600        217.7412
     86.80      5       0.00800        235.6088
     86.80      6       0.01000        256.4533
     86.80      7       0.01200        278.8769

     86.90      1       0.00000        192.6483
     86.90      2       0.00200        195.5763
     86.90      3       0.00400        204.1640
     86.90      4       0.00600        217.8362
     86.90      5       0.00800        235.6765
     86.90      6       0.01000        256.4892
     86.90      7       0.01200        278.8786

     87.00      1       0.00000        192.7816
     87.00      2       0.00200        195.7051
     87.00      3       0.00400        204.2797
     87.00      4       0.00600        217.9310
     87.00      5       0.00800        235.7442
     87.00      6       0.01000        256.5251
     87.00      7       0.01200        278.8804

     87.10      1       0.00000        192.9146
     87.10      2       0.00200        195.8337
     87.10      3       0.00400        204.3952
     87.10      4       0.00600        218.0257
     87.10      5       0.00800        235.8117
     87.10      6       0.01000        256.5609
     87.10      7       0.01200        278.8821

     87.20      1       0.00000        193.0475
     87.20      2       0.00200        195.9621
     87.20      3       0.00400        204.5106
     87.20      4       0.00600        218.1203
     87.20      5       0.00800        235.8791
     87.20      6       0.01000        256.5967
     87.20      7       0.01200        278.8838

     87.30      1       0.00000        193.1801
     87.30      2       0.00200        196.0903
     87.30      3       0.00400        204.6257
     87.30      4       0.00600        218.2147
     87.30      5       0.00800        235.9465
     87.30      6       0.01000        256.6324
     87.30      7       0.01200        278.8855

     87.40      1       0.00000        193.3126
     87.40      2       0.00200        196.2183
     87.40      3       0.00400        204.7407
     87.40      4       0.00600        218.3090
     87.40      5       0.00800        236.0137
     87.40      6       0.01000        256.6681
     87.40      7       0.01200        278.8872

     87.50      1       0.00000        193.4448
     87.50      2       0.00200        196.3461
     87.50      3       0.00400        204.8555
     87.50      4       0.00600        218.4031
     87.50      5       0.00800        236.0808
     87.50      6       0.01000        256.7037
     87.50      7       0.01200        278.8889

     87.60      1       0.00000        193.5768
     87.60      2       0.00200        196.4737
     87.60      3       0.00400        204.9702
     87.60      4       0.00600        218.4971
     87.60      5       0.00800        236.1478
     87.60      6       0.01000        256.7392
     87.60      7       0.01200        278.8906

     87.70      1       0.00000        193.7087
     87.70      2       0.00200        196.6011
     87.70      3       0.00400        205.0846
     87.70      4       0.00600        218.5909
     87.70      5       0.00800        236.2147
     87.70      6       0.01000        256.7747
     87.70      7       0.01200        278.8923

     87.80      1       0.00000        193.8403
     87.80      2       0.00200        196.7283
     87.80      3       0.00400        205.1989
     87.80      4       0.00600        218.6846
     87.80      5       0.00800        236.2815
     87.80      6       0.01000        256.8102
     87.80      7       0.01200        278.8940

     87.90      1       0.00000        193.9717
     87.90      2       0.00200        196.8554
     87.90      3       0.00400        205.3130
     87.90      4       0.00600        218.7781
     87.90      5       0.00800        236.3483
     87.90      6       0.01000        256.8456
     87.90      7       0.01200        278.8956

     88.00      1       0.00000        194.1030
     88.00      2       0.00200        196.9822
     88.00      3       0.00400        205.4270
     88.00      4       0.00600        218.8715
     88.00      5       0.00800        236.4149
     88.00      6       0.01000        256.8809
     88.00      7       0.01200        278.8973

     88.10      1       0.00000        194.2340
     88.10      2       0.00200        197.1088
     88.10      3       0.00400        205.5408
     88.10      4       0.00600        218.9648
     88.10      5       0.00800        236.4814
     88.10      6       0.01000        256.9162
     88.10      7       0.01200        278.8990

     88.20      1       0.00000        194.3648
     88.20      2       0.00200        197.2353
     88.20      3       0.00400        205.6544
     88.20      4       0.00600        219.0579
     88.20      5       0.00800        236.5478
     88.20      6       0.01000        256.9514
     88.20      7       0.01200        278.9007

     88.30      1       0.00000        194.4955
     88.30      2       0.00200        197.3615
     88.30      3       0.00400        205.7678
     88.30      4       0.00600        219.1509
     88.30      5       0.00800        236.6141
     88.30      6       0.01000        256.9866
     88.30      7       0.01200        278.9024

     88.40      1       0.00000        194.6259
     88.40      2       0.00200        197.4876
     88.40      3       0.00400        205.8810
     88.40      4       0.00600        219.2438
     88.40      5       0.00800        236.6803
     88.40      6       0.01000        257.0217
     88.40      7       0.01200        278.9040

     88.50      1       0.00000        194.7561
     88.50      2       0.00200        197.6135
     88.50      3       0.00400        205.9941
     88.50      4       0.00600        219.3365
     88.50      5       0.00800        236.7464
     88.50      6       0.01000        257.0567
     88.50      7       0.01200        278.9057

     88.60      1       0.00000        194.8862
     88.60      2       0.00200        197.7392
     88.60      3       0.00400        206.1070
     88.60      4       0.00600        219.4290
     88.60      5       0.00800        236.8124
     88.60      6       0.01000        257.0918
     88.60      7       0.01200        278.9074

     88.70      1       0.00000        195.0160
     88.70      2       0.00200        197.8646
     88.70      3       0.00400        206.2197
     88.70      4       0.00600        219.5214
     88.70      5       0.00800        236.8783
     88.70      6       0.01000        257.1267
     88.70      7       0.01200        278.9091

     88.80      1       0.00000        195.1456
     88.80      2       0.00200        197.9899
     88.80      3       0.00400        206.3323
     88.80      4       0.00600        219.6137
     88.80      5       0.00800        236.9441
     88.80      6       0.01000        257.1616
     88.80      7       0.01200        278.9107

     88.90      1       0.00000        195.2751
     88.90      2       0.00200        198.1151
     88.90      3       0.00400        206.4447
     88.90      4       0.00600        219.7058
     88.90      5       0.00800        237.0098
     88.90      6       0.01000        257.1965
     88.90      7       0.01200        278.9124

     89.00      1       0.00000        195.4043
     89.00      2       0.00200        198.2400
     89.00      3       0.00400        206.5569
     89.00      4       0.00600        219.7978
     89.00      5       0.00800        237.0754
     89.00      6       0.01000        257.2313
     89.00      7       0.01200        278.9140

     89.10      1       0.00000        195.5334
     89.10      2       0.00200        198.3647
     89.10      3       0.00400        206.6689
     89.10      4       0.00600        219.8897
     89.10      5       0.00800        237.1409
     89.10      6       0.01000        257.2660
     89.10      7       0.01200        278.9157

     89.20      1       0.00000        195.6622
     89.20      2       0.00200        198.4892
     89.20      3       0.00400        206.7808
     89.20      4       0.00600        219.9814
     89.20      5       0.00800        237.2062
     89.20      6       0.01000        257.3007
     89.20      7       0.01200        278.9174

     89.30      1       0.00000        195.7909
     89.30      2       0.00200        198.6136
     89.30      3       0.00400        206.8925
     89.30      4       0.00600        220.0730
     89.30      5       0.00800        237.2715
     89.30      6       0.01000        257.3353
     89.30      7       0.01200        278.9190

     89.40      1       0.00000        195.9193
     89.40      2       0.00200        198.7377
     89.40      3       0.00400        207.0040
     89.40      4       0.00600        220.1644
     89.40      5       0.00800        237.3367
     89.40      6       0.01000        257.3699
     89.40      7       0.01200        278.9207

     89.50      1       0.00000        196.0476
     89.50      2       0.00200        198.8617
     89.50      3       0.00400        207.1154
     89.50      4       0.00600        220.2557
     89.50      5       0.00800        237.4018
     89.50      6       0.01000        257.4044
     89.50      7       0.01200        278.9223

     89.60      1       0.00000        196.1757
     89.60      2       0.00200        198.9855
     89.60      3       0.00400        207.2266
     89.60      4       0.00600        220.3468
     89.60      5       0.00800        237.4668
     89.60      6       0.01000        257.4389
     89.60      7       0.01200        278.9239

     89.70      1       0.00000        196.3035
     89.70      2       0.00200        199.1091
     89.70      3       0.00400        207.3376
     89.70      4       0.00600        220.4378
     89.70      5       0.00800        237.5317
     89.70      6       0.01000        257.4734
     89.70      7       0.01200        278.9256

     89.80      1       0.00000        196.4312
     89.80      2       0.00200        199.2325
     89.80      3       0.00400        207.4485
     89.80      4       0.00600        220.5287
     89.80      5       0.00800        237.5965
     89.80      6       0.01000        257.5077
     89.80      7       0.01200        278.9272

     89.90      1       0.00000        196.5587
     89.90      2       0.00200        199.3557
     89.90      3       0.00400        207.5592
     89.90      4       0.00600        220.6195
     89.90      5       0.00800        237.6612
     89.90      6       0.01000        257.5420
     89.90      7       0.01200        278.9289

     90.00      1       0.00000        196.6860
     90.00      2       0.00200        199.4787
     90.00      3       0.00400        207.6697
     90.00      4       0.00600        220.7101
     90.00      5       0.00800        237.7258
     90.00      6       0.01000        257.5763
     90.00      7       0.01200        278.9305

     90.10      1       0.00000        196.8131
     90.10      2       0.00200        199.6015
     90.10      3       0.00400        207.7800
     90.10      4       0.00600        220.8005
     90.10      5       0.00800        237.7903
     90.10      6       0.01000        257.6105
     90.10      7       0.01200        278.9321

     90.20      1       0.00000        196.9400
     90.20      2       0.00200        199.7242
     90.20      3       0.00400        207.8902
     90.20      4       0.00600        220.8908
     90.20      5       0.00800        237.8547
     90.20      6       0.01000        257.6447
     90.20      7       0.01200        278.9338

     90.30      1       0.00000        197.0667
     90.30      2       0.00200        199.8466
     90.30      3       0.00400        208.0002
     90.30      4       0.00600        220.9810
     90.30      5       0.00800        237.9190
     90.30      6       0.01000        257.6788
     90.30      7       0.01200        278.9354

     90.40      1       0.00000        197.1932
     90.40      2       0.00200        199.9689
     90.40      3       0.00400        208.1100
     90.40      4       0.00600        221.0711
     90.40      5       0.00800        237.9833
     90.40      6       0.01000        257.7129
     90.40      7       0.01200        278.9370

     90.50      1       0.00000        197.3195
     90.50      2       0.00200        200.0910
     90.50      3       0.00400        208.2197
     90.50      4       0.00600        221.1610
     90.50      5       0.00800        238.0474
     90.50      6       0.01000        257.7469
     90.50      7       0.01200        278.9386

     90.60      1       0.00000        197.4457
     90.60      2       0.00200        200.2129
     90.60      3       0.00400        208.3292
     90.60      4       0.00600        221.2507
     90.60      5       0.00800        238.1114
     90.60      6       0.01000        257.7808
     90.60      7       0.01200        278.9403

     90.70      1       0.00000        197.5716
     90.70      2       0.00200        200.3346
     90.70      3       0.00400        208.4386
     90.70      4       0.00600        221.3404
     90.70      5       0.00800        238.1753
     90.70      6       0.01000        257.8147
     90.70      7       0.01200        278.9419

     90.80      1       0.00000        197.6973
     90.80      2       0.00200        200.4562
     90.80      3       0.00400        208.5477
     90.80      4       0.00600        221.4299
     90.80      5       0.00800        238.2391
     90.80      6       0.01000        257.8486
     90.80      7       0.01200        278.9435

     90.90      1       0.00000        197.8229
     90.90      2       0.00200        200.5775
     90.90      3       0.00400        208.6568
     90.90      4       0.00600        221.5192
     90.90      5       0.00800        238.3028
     90.90      6       0.01000        257.8824
     90.90      7       0.01200        278.9451

     91.00      1       0.00000        197.9482
     91.00      2       0.00200        200.6987
     91.00      3       0.00400        208.7656
     91.00      4       0.00600        221.6085
     91.00      5       0.00800        238.3664
     91.00      6       0.01000        257.9161
     91.00      7       0.01200        278.9467

     91.10      1       0.00000        198.0734
     91.10      2       0.00200        200.8196
     91.10      3       0.00400        208.8743
     91.10      4       0.00600        221.6975
     91.10      5       0.00800        238.4300
     91.10      6       0.01000        257.9498
     91.10      7       0.01200        278.9483

     91.20      1       0.00000        198.1984
     91.20      2       0.00200        200.9404
     91.20      3       0.00400        208.9828
     91.20      4       0.00600        221.7865
     91.20      5       0.00800        238.4934
     91.20      6       0.01000        257.9835
     91.20      7       0.01200        278.9499

     91.30      1       0.00000        198.3232
     91.30      2       0.00200        201.0610
     91.30      3       0.00400        209.0911
     91.30      4       0.00600        221.8753
     91.30      5       0.00800        238.5567
     91.30      6       0.01000        258.0171
     91.30      7       0.01200        278.9515

     91.40      1       0.00000        198.4478
     91.40      2       0.00200        201.1815
     91.40      3       0.00400        209.1993
     91.40      4       0.00600        221.9640
     91.40      5       0.00800        238.6200
     91.40      6       0.01000        258.0506
     91.40      7       0.01200        278.9531

     91.50      1       0.00000        198.5722
     91.50      2       0.00200        201.3017
     91.50      3       0.00400        209.3073
     91.50      4       0.00600        222.0525
     91.50      5       0.00800        238.6831
     91.50      6       0.01000        258.0841
     91.50      7       0.01200        278.9547

     91.60      1       0.00000        198.6964
     91.60      2       0.00200        201.4218
     91.60      3       0.00400        209.4152
     91.60      4       0.00600        222.1409
     91.60      5       0.00800        238.7461
     91.60      6       0.01000        258.1175
     91.60      7       0.01200        278.9563

     91.70      1       0.00000        198.8204
     91.70      2       0.00200        201.5416
     91.70      3       0.00400        209.5228
     91.70      4       0.00600        222.2292
     91.70      5       0.00800        238.8091
     91.70      6       0.01000        258.1509
     91.70      7       0.01200        278.9579

     91.80      1       0.00000        198.9443
     91.80      2       0.00200        201.6613
     91.80      3       0.00400        209.6304
     91.80      4       0.00600        222.3174
     91.80      5       0.00800        238.8719
     91.80      6       0.01000        258.1843
     91.80      7       0.01200        278.9595

     91.90      1       0.00000        199.0679
     91.90      2       0.00200        201.7808
     91.90      3       0.00400        209.7377
     91.90      4       0.00600        222.4054
     91.90      5       0.00800        238.9347
     91.90      6       0.01000        258.2176
     91.90      7       0.01200        278.9611

     92.00      1       0.00000        199.1914
     92.00      2       0.00200        201.9001
     92.00      3       0.00400        209.8449
     92.00      4       0.00600        222.4932
     92.00      5       0.00800        238.9973
     92.00      6       0.01000        258.2508
     92.00      7       0.01200        278.9627

     92.10      1       0.00000        199.3147
     92.10      2       0.00200        202.0193
     92.10      3       0.00400        209.9519
     92.10      4       0.00600        222.5810
     92.10      5       0.00800        239.0599
     92.10      6       0.01000        258.2840
     92.10      7       0.01200        278.9643

     92.20      1       0.00000        199.4377
     92.20      2       0.00200        202.1383
     92.20      3       0.00400        210.0588
     92.20      4       0.00600        222.6686
     92.20      5       0.00800        239.1224
     92.20      6       0.01000        258.3171
     92.20      7       0.01200        278.9658

     92.30      1       0.00000        199.5606
     92.30      2       0.00200        202.2570
     92.30      3       0.00400        210.1655
     92.30      4       0.00600        222.7560
     92.30      5       0.00800        239.1847
     92.30      6       0.01000        258.3502
     92.30      7       0.01200        278.9674

     92.40      1       0.00000        199.6834
     92.40      2       0.00200        202.3756
     92.40      3       0.00400        210.2720
     92.40      4       0.00600        222.8434
     92.40      5       0.00800        239.2470
     92.40      6       0.01000        258.3832
     92.40      7       0.01200        278.9690

     92.50      1       0.00000        199.8059
     92.50      2       0.00200        202.4941
     92.50      3       0.00400        210.3784
     92.50      4       0.00600        222.9306
     92.50      5       0.00800        239.3092
     92.50      6       0.01000        258.4162
     92.50      7       0.01200        278.9706

     92.60      1       0.00000        199.9282
     92.60      2       0.00200        202.6123
     92.60      3       0.00400        210.4846
     92.60      4       0.00600        223.0176
     92.60      5       0.00800        239.3713
     92.60      6       0.01000        258.4491
     92.60      7       0.01200        278.9721

     92.70      1       0.00000        200.0504
     92.70      2       0.00200        202.7303
     92.70      3       0.00400        210.5907
     92.70      4       0.00600        223.1046
     92.70      5       0.00800        239.4333
     92.70      6       0.01000        258.4820
     92.70      7       0.01200        278.9737

     92.80      1       0.00000        200.1723
     92.80      2       0.00200        202.8482
     92.80      3       0.00400        210.6966
     92.80      4       0.00600        223.1914
     92.80      5       0.00800        239.4952
     92.80      6       0.01000        258.5149
     92.80      7       0.01200        278.9753

     92.90      1       0.00000        200.2941
     92.90      2       0.00200        202.9659
     92.90      3       0.00400        210.8023
     92.90      4       0.00600        223.2781
     92.90      5       0.00800        239.5570
     92.90      6       0.01000        258.5476
     92.90      7       0.01200        278.9768

     93.00      1       0.00000        200.4157
     93.00      2       0.00200        203.0834
     93.00      3       0.00400        210.9079
     93.00      4       0.00600        223.3646
     93.00      5       0.00800        239.6187
     93.00      6       0.01000        258.5804
     93.00      7       0.01200        278.9784

     93.10      1       0.00000        200.5371
     93.10      2       0.00200        203.2008
     93.10      3       0.00400        211.0133
     93.10      4       0.00600        223.4510
     93.10      5       0.00800        239.6803
     93.10      6       0.01000        258.6131
     93.10      7       0.01200        278.9799

     93.20      1       0.00000        200.6583
     93.20      2       0.00200        203.3179
     93.20      3       0.00400        211.1185
     93.20      4       0.00600        223.5373
     93.20      5       0.00800        239.7418
     93.20      6       0.01000        258.6457
     93.20      7       0.01200        278.9815

     93.30      1       0.00000        200.7794
     93.30      2       0.00200        203.4349
     93.30      3       0.00400        211.2236
     93.30      4       0.00600        223.6234
     93.30      5       0.00800        239.8032
     93.30      6       0.01000        258.6783
     93.30      7       0.01200        278.9831

     93.40      1       0.00000        200.9002
     93.40      2       0.00200        203.5517
     93.40      3       0.00400        211.3285
     93.40      4       0.00600        223.7094
     93.40      5       0.00800        239.8645
     93.40      6       0.01000        258.7108
     93.40      7       0.01200        278.9846

     93.50      1       0.00000        201.0209
     93.50      2       0.00200        203.6683
     93.50      3       0.00400        211.4333
     93.50      4       0.00600        223.7953
     93.50      5       0.00800        239.9258
     93.50      6       0.01000        258.7433
     93.50      7       0.01200        278.9862

     93.60      1       0.00000        201.1414
     93.60      2       0.00200        203.7848
     93.60      3       0.00400        211.5379
     93.60      4       0.00600        223.8811
     93.60      5       0.00800        239.9869
     93.60      6       0.01000        258.7757
     93.60      7       0.01200        278.9877

     93.70      1       0.00000        201.2617
     93.70      2       0.00200        203.9011
     93.70      3       0.00400        211.6423
     93.70      4       0.00600        223.9667
     93.70      5       0.00800        240.0480
     93.70      6       0.01000        258.8081
     93.70      7       0.01200        278.9892

     93.80      1       0.00000        201.3818
     93.80      2       0.00200        204.0172
     93.80      3       0.00400        211.7466
     93.80      4       0.00600        224.0522
     93.80      5       0.00800        240.1089
     93.80      6       0.01000        258.8404
     93.80      7       0.01200        278.9908

     93.90      1       0.00000        201.5017
     93.90      2       0.00200        204.1331
     93.90      3       0.00400        211.8508
     93.90      4       0.00600        224.1375
     93.90      5       0.00800        240.1698
     93.90      6       0.01000        258.8727
     93.90      7       0.01200        278.9923

     94.00      1       0.00000        201.6215
     94.00      2       0.00200        204.2488
     94.00      3       0.00400        211.9547
     94.00      4       0.00600        224.2228
     94.00      5       0.00800        240.2306
     94.00      6       0.01000        258.9050
     94.00      7       0.01200        278.9939

     94.10      1       0.00000        201.7410
     94.10      2       0.00200        204.3644
     94.10      3       0.00400        212.0585
     94.10      4       0.00600        224.3079
     94.10      5       0.00800        240.2912
     94.10      6       0.01000        258.9372
     94.10      7       0.01200        278.9954

     94.20      1       0.00000        201.8604
     94.20      2       0.00200        204.4798
     94.20      3       0.00400        212.1622
     94.20      4       0.00600        224.3928
     94.20      5       0.00800        240.3518
     94.20      6       0.01000        258.9693
     94.20      7       0.01200        278.9969

     94.30      1       0.00000        201.9796
     94.30      2       0.00200        204.5950
     94.30      3       0.00400        212.2657
     94.30      4       0.00600        224.4777
     94.30      5       0.00800        240.4123
     94.30      6       0.01000        259.0014
     94.30      7       0.01200        278.9985

     94.40      1       0.00000        202.0987
     94.40      2       0.00200        204.7100
     94.40      3       0.00400        212.3690
     94.40      4       0.00600        224.5624
     94.40      5       0.00800        240.4727
     94.40      6       0.01000        259.0334
     94.40      7       0.01200        279.0000

     94.50      1       0.00000        202.2175
     94.50      2       0.00200        204.8249
     94.50      3       0.00400        212.4722
     94.50      4       0.00600        224.6469
     94.50      5       0.00800        240.5330
     94.50      6       0.01000        259.0654
     94.50      7       0.01200        279.0015

     94.60      1       0.00000        202.3362
     94.60      2       0.00200        204.9395
     94.60      3       0.00400        212.5752
     94.60      4       0.00600        224.7314
     94.60      5       0.00800        240.5932
     94.60      6       0.01000        259.0973
     94.60      7       0.01200        279.0030

     94.70      1       0.00000        202.4546
     94.70      2       0.00200        205.0540
     94.70      3       0.00400        212.6781
     94.70      4       0.00600        224.8157
     94.70      5       0.00800        240.6534
     94.70      6       0.01000        259.1292
     94.70      7       0.01200        279.0046

     94.80      1       0.00000        202.5729
     94.80      2       0.00200        205.1684
     94.80      3       0.00400        212.7808
     94.80      4       0.00600        224.8999
     94.80      5       0.00800        240.7134
     94.80      6       0.01000        259.1611
     94.80      7       0.01200        279.0061

     94.90      1       0.00000        202.6910
     94.90      2       0.00200        205.2825
     94.90      3       0.00400        212.8833
     94.90      4       0.00600        224.9840
     94.90      5       0.00800        240.7733
     94.90      6       0.01000        259.1929
     94.90      7       0.01200        279.0076

     95.00      1       0.00000        202.8090
     95.00      2       0.00200        205.3965
     95.00      3       0.00400        212.9857
     95.00      4       0.00600        225.0679
     95.00      5       0.00800        240.8332
     95.00      6       0.01000        259.2246
     95.00      7       0.01200        279.0091

     95.10      1       0.00000        202.9267
     95.10      2       0.00200        205.5103
     95.10      3       0.00400        213.0880
     95.10      4       0.00600        225.1517
     95.10      5       0.00800        240.8929
     95.10      6       0.01000        259.2563
     95.10      7       0.01200        279.0106

     95.20      1       0.00000        203.0443
     95.20      2       0.00200        205.6240
     95.20      3       0.00400        213.1900
     95.20      4       0.00600        225.2354
     95.20      5       0.00800        240.9526
     95.20      6       0.01000        259.2880
     95.20      7       0.01200        279.0121

     95.30      1       0.00000        203.1617
     95.30      2       0.00200        205.7374
     95.30      3       0.00400        213.2920
     95.30      4       0.00600        225.3189
     95.30      5       0.00800        241.0122
     95.30      6       0.01000        259.3196
     95.30      7       0.01200        279.0136

     95.40      1       0.00000        203.2789
     95.40      2       0.00200        205.8507
     95.40      3       0.00400        213.3937
     95.40      4       0.00600        225.4024
     95.40      5       0.00800        241.0717
     95.40      6       0.01000        259.3511
     95.40      7       0.01200        279.0151

     95.50      1       0.00000        203.3960
     95.50      2       0.00200        205.9638
     95.50      3       0.00400        213.4953
     95.50      4       0.00600        225.4857
     95.50      5       0.00800        241.1311
     95.50      6       0.01000        259.3826
     95.50      7       0.01200        279.0167

     95.60      1       0.00000        203.5128
     95.60      2       0.00200        206.0768
     95.60      3       0.00400        213.5968
     95.60      4       0.00600        225.5688
     95.60      5       0.00800        241.1904
     95.60      6       0.01000        259.4141
     95.60      7       0.01200        279.0182

     95.70      1       0.00000        203.6295
     95.70      2       0.00200        206.1896
     95.70      3       0.00400        213.6981
     95.70      4       0.00600        225.6519
     95.70      5       0.00800        241.2496
     95.70      6       0.01000        259.4455
     95.70      7       0.01200        279.0196

     95.80      1       0.00000        203.7460
     95.80      2       0.00200        206.3022
     95.80      3       0.00400        213.7993
     95.80      4       0.00600        225.7348
     95.80      5       0.00800        241.3087
     95.80      6       0.01000        259.4769
     95.80      7       0.01200        279.0211

     95.90      1       0.00000        203.8624
     95.90      2       0.00200        206.4146
     95.90      3       0.00400        213.9003
     95.90      4       0.00600        225.8176
     95.90      5       0.00800        241.3677
     95.90      6       0.01000        259.5082
     95.90      7       0.01200        279.0226

     96.00      1       0.00000        203.9785
     96.00      2       0.00200        206.5269
     96.00      3       0.00400        214.0011
     96.00      4       0.00600        225.9002
     96.00      5       0.00800        241.4267
     96.00      6       0.01000        259.5394
     96.00      7       0.01200        279.0241

     96.10      1       0.00000        204.0945
     96.10      2       0.00200        206.6389
     96.10      3       0.00400        214.1018
     96.10      4       0.00600        225.9828
     96.10      5       0.00800        241.4855
     96.10      6       0.01000        259.5707
     96.10      7       0.01200        279.0256

     96.20      1       0.00000        204.2103
     96.20      2       0.00200        206.7509
     96.20      3       0.00400        214.2023
     96.20      4       0.00600        226.0652
     96.20      5       0.00800        241.5443
     96.20      6       0.01000        259.6018
     96.20      7       0.01200        279.0271

     96.30      1       0.00000        204.3259
     96.30      2       0.00200        206.8626
     96.30      3       0.00400        214.3027
     96.30      4       0.00600        226.1475
     96.30      5       0.00800        241.6030
     96.30      6       0.01000        259.6329
     96.30      7       0.01200        279.0286

     96.40      1       0.00000        204.4413
     96.40      2       0.00200        206.9742
     96.40      3       0.00400        214.4029
     96.40      4       0.00600        226.2296
     96.40      5       0.00800        241.6615
     96.40      6       0.01000        259.6640
     96.40      7       0.01200        279.0301

     96.50      1       0.00000        204.5566
     96.50      2       0.00200        207.0856
     96.50      3       0.00400        214.5030
     96.50      4       0.00600        226.3117
     96.50      5       0.00800        241.7200
     96.50      6       0.01000        259.6951
     96.50      7       0.01200        279.0316

     96.60      1       0.00000        204.6717
     96.60      2       0.00200        207.1968
     96.60      3       0.00400        214.6029
     96.60      4       0.00600        226.3936
     96.60      5       0.00800        241.7784
     96.60      6       0.01000        259.7260
     96.60      7       0.01200        279.0330

     96.70      1       0.00000        204.7866
     96.70      2       0.00200        207.3079
     96.70      3       0.00400        214.7027
     96.70      4       0.00600        226.4754
     96.70      5       0.00800        241.8367
     96.70      6       0.01000        259.7570
     96.70      7       0.01200        279.0345

     96.80      1       0.00000        204.9014
     96.80      2       0.00200        207.4188
     96.80      3       0.00400        214.8023
     96.80      4       0.00600        226.5570
     96.80      5       0.00800        241.8950
     96.80      6       0.01000        259.7878
     96.80      7       0.01200        279.0360

     96.90      1       0.00000        205.0159
     96.90      2       0.00200        207.5295
     96.90      3       0.00400        214.9018
     96.90      4       0.00600        226.6386
     96.90      5       0.00800        241.9531
     96.90      6       0.01000        259.8187
     96.90      7       0.01200        279.0374

     97.00      1       0.00000        205.1303
     97.00      2       0.00200        207.6401
     97.00      3       0.00400        215.0011
     97.00      4       0.00600        226.7200
     97.00      5       0.00800        242.0112
     97.00      6       0.01000        259.8495
     97.00      7       0.01200        279.0389

     97.10      1       0.00000        205.2445
     97.10      2       0.00200        207.7505
     97.10      3       0.00400        215.1002
     97.10      4       0.00600        226.8013
     97.10      5       0.00800        242.0691
     97.10      6       0.01000        259.8802
     97.10      7       0.01200        279.0404

     97.20      1       0.00000        205.3586
     97.20      2       0.00200        207.8607
     97.20      3       0.00400        215.1993
     97.20      4       0.00600        226.8824
     97.20      5       0.00800        242.1270
     97.20      6       0.01000        259.9109
     97.20      7       0.01200        279.0418

     97.30      1       0.00000        205.4724
     97.30      2       0.00200        207.9707
     97.30      3       0.00400        215.2981
     97.30      4       0.00600        226.9635
     97.30      5       0.00800        242.1848
     97.30      6       0.01000        259.9416
     97.30      7       0.01200        279.0433

     97.40      1       0.00000        205.5861
     97.40      2       0.00200        208.0806
     97.40      3       0.00400        215.3968
     97.40      4       0.00600        227.0444
     97.40      5       0.00800        242.2425
     97.40      6       0.01000        259.9722
     97.40      7       0.01200        279.0448

     97.50      1       0.00000        205.6997
     97.50      2       0.00200        208.1903
     97.50      3       0.00400        215.4954
     97.50      4       0.00600        227.1252
     97.50      5       0.00800        242.3001
     97.50      6       0.01000        260.0027
     97.50      7       0.01200        279.0462

     97.60      1       0.00000        205.8130
     97.60      2       0.00200        208.2999
     97.60      3       0.00400        215.5938
     97.60      4       0.00600        227.2058
     97.60      5       0.00800        242.3576
     97.60      6       0.01000        260.0332
     97.60      7       0.01200        279.0477

     97.70      1       0.00000        205.9262
     97.70      2       0.00200        208.4093
     97.70      3       0.00400        215.6920
     97.70      4       0.00600        227.2864
     97.70      5       0.00800        242.4150
     97.70      6       0.01000        260.0637
     97.70      7       0.01200        279.0491

     97.80      1       0.00000        206.0392
     97.80      2       0.00200        208.5185
     97.80      3       0.00400        215.7902
     97.80      4       0.00600        227.3668
     97.80      5       0.00800        242.4724
     97.80      6       0.01000        260.0941
     97.80      7       0.01200        279.0506

     97.90      1       0.00000        206.1520
     97.90      2       0.00200        208.6275
     97.90      3       0.00400        215.8881
     97.90      4       0.00600        227.4471
     97.90      5       0.00800        242.5296
     97.90      6       0.01000        260.1245
     97.90      7       0.01200        279.0520

     98.00      1       0.00000        206.2647
     98.00      2       0.00200        208.7364
     98.00      3       0.00400        215.9859
     98.00      4       0.00600        227.5273
     98.00      5       0.00800        242.5868
     98.00      6       0.01000        260.1548
     98.00      7       0.01200        279.0535

     98.10      1       0.00000        206.3772
     98.10      2       0.00200        208.8451
     98.10      3       0.00400        216.0836
     98.10      4       0.00600        227.6073
     98.10      5       0.00800        242.6439
     98.10      6       0.01000        260.1851
     98.10      7       0.01200        279.0549

     98.20      1       0.00000        206.4895
     98.20      2       0.00200        208.9537
     98.20      3       0.00400        216.1811
     98.20      4       0.00600        227.6873
     98.20      5       0.00800        242.7009
     98.20      6       0.01000        260.2153
     98.20      7       0.01200        279.0564

     98.30      1       0.00000        206.6016
     98.30      2       0.00200        209.0621
     98.30      3       0.00400        216.2785
     98.30      4       0.00600        227.7671
     98.30      5       0.00800        242.7578
     98.30      6       0.01000        260.2455
     98.30      7       0.01200        279.0578

     98.40      1       0.00000        206.7136
     98.40      2       0.00200        209.1703
     98.40      3       0.00400        216.3757
     98.40      4       0.00600        227.8468
     98.40      5       0.00800        242.8146
     98.40      6       0.01000        260.2757
     98.40      7       0.01200        279.0592

     98.50      1       0.00000        206.8254
     98.50      2       0.00200        209.2783
     98.50      3       0.00400        216.4727
     98.50      4       0.00600        227.9263
     98.50      5       0.00800        242.8713
     98.50      6       0.01000        260.3057
     98.50      7       0.01200        279.0607

     98.60      1       0.00000        206.9370
     98.60      2       0.00200        209.3862
     98.60      3       0.00400        216.5696
     98.60      4       0.00600        228.0058
     98.60      5       0.00800        242.9280
     98.60      6       0.01000        260.3358
     98.60      7       0.01200        279.0621

     98.70      1       0.00000        207.0485
     98.70      2       0.00200        209.4940
     98.70      3       0.00400        216.6664
     98.70      4       0.00600        228.0851
     98.70      5       0.00800        242.9845
     98.70      6       0.01000        260.3658
     98.70      7       0.01200        279.0635

     98.80      1       0.00000        207.1598
     98.80      2       0.00200        209.6015
     98.80      3       0.00400        216.7630
     98.80      4       0.00600        228.1643
     98.80      5       0.00800        243.0410
     98.80      6       0.01000        260.3958
     98.80      7       0.01200        279.0650

     98.90      1       0.00000        207.2709
     98.90      2       0.00200        209.7089
     98.90      3       0.00400        216.8595
     98.90      4       0.00600        228.2434
     98.90      5       0.00800        243.0974
     98.90      6       0.01000        260.4257
     98.90      7       0.01200        279.0664

     99.00      1       0.00000        207.3819
     99.00      2       0.00200        209.8161
     99.00      3       0.00400        216.9558
     99.00      4       0.00600        228.3223
     99.00      5       0.00800        243.1537
     99.00      6       0.01000        260.4555
     99.00      7       0.01200        279.0678

     99.10      1       0.00000        207.4926
     99.10      2       0.00200        209.9232
     99.10      3       0.00400        217.0520
     99.10      4       0.00600        228.4012
     99.10      5       0.00800        243.2099
     99.10      6       0.01000        260.4853
     99.10      7       0.01200        279.0692

     99.20      1       0.00000        207.6033
     99.20      2       0.00200        210.0301
     99.20      3       0.00400        217.1481
     99.20      4       0.00600        228.4799
     99.20      5       0.00800        243.2660
     99.20      6       0.01000        260.5151
     99.20      7       0.01200        279.0707

     99.30      1       0.00000        207.7137
     99.30      2       0.00200        210.1369
     99.30      3       0.00400        217.2439
     99.30      4       0.00600        228.5585
     99.30      5       0.00800        243.3221
     99.30      6       0.01000        260.5448
     99.30      7       0.01200        279.0721

     99.40      1       0.00000        207.8240
     99.40      2       0.00200        210.2434
     99.40      3       0.00400        217.3397
     99.40      4       0.00600        228.6370
     99.40      5       0.00800        243.3780
     99.40      6       0.01000        260.5745
     99.40      7       0.01200        279.0735

     99.50      1       0.00000        207.9341
     99.50      2       0.00200        210.3499
     99.50      3       0.00400        217.4353
     99.50      4       0.00600        228.7154
     99.50      5       0.00800        243.4339
     99.50      6       0.01000        260.6042
     99.50      7       0.01200        279.0749

     99.60      1       0.00000        208.0440
     99.60      2       0.00200        210.4561
     99.60      3       0.00400        217.5307
     99.60      4       0.00600        228.7936
     99.60      5       0.00800        243.4897
     99.60      6       0.01000        260.6338
     99.60      7       0.01200        279.0763

     99.70      1       0.00000        208.1538
     99.70      2       0.00200        210.5622
     99.70      3       0.00400        217.6260
     99.70      4       0.00600        228.8717
     99.70      5       0.00800        243.5454
     99.70      6       0.01000        260.6633
     99.70      7       0.01200        279.0777

     99.80      1       0.00000        208.2634
     99.80      2       0.00200        210.6681
     99.80      3       0.00400        217.7212
     99.80      4       0.00600        228.9497
     99.80      5       0.00800        243.6010
     99.80      6       0.01000        260.6928
     99.80      7       0.01200        279.0791

     99.90      1       0.00000        208.3728
     99.90      2       0.00200        210.7739
     99.90      3       0.00400        217.8162
     99.90      4       0.00600        229.0276
     99.90      5       0.00800        243.6565
     99.90      6       0.01000        260.7223
     99.90      7       0.01200        279.0805

    100.00      1       0.00000        208.4821
    100.00      2       0.00200        210.8795
    100.00      3       0.00400        217.9111
    100.00      4       0.00600        229.1054
    100.00      5       0.00800        243.7120
    100.00      6       0.01000        260.7517
    100.00      7       0.01200        279.0819

    100.10      1       0.00000        208.5912
    100.10      2       0.00200        210.9850
    100.10      3       0.00400        218.0058
    100.10      4       0.00600        229.1830
    100.10      5       0.00800        243.7674
    100.10      6       0.01000        260.7810
    100.10      7       0.01200        279.0833

    100.20      1       0.00000        208.7002
    100.20      2       0.00200        211.0903
    100.20      3       0.00400        218.1004
    100.20      4       0.00600        229.2605
    100.20      5       0.00800        243.8226
    100.20      6       0.01000        260.8104
    100.20      7       0.01200        279.0847

    100.30      1       0.00000        208.8089
    100.30      2       0.00200        211.1954
    100.30      3       0.00400        218.1948
    100.30      4       0.00600        229.3379
    100.30      5       0.00800        243.8778
    100.30      6       0.01000        260.8396
    100.30      7       0.01200        279.0861

    100.40      1       0.00000        208.9175
    100.40      2       0.00200        211.3004
    100.40      3       0.00400        218.2891
    100.40      4       0.00600        229.4152
    100.40      5       0.00800        243.9329
    100.40      6       0.01000        260.8689
    100.40      7       0.01200        279.0875

    100.50      1       0.00000        209.0260
    100.50      2       0.00200        211.4052
    100.50      3       0.00400        218.3832
    100.50      4       0.00600        229.4924
    100.50      5       0.00800        243.9880
    100.50      6       0.01000        260.8981
    100.50      7       0.01200        279.0889

    100.60      1       0.00000        209.1342
    100.60      2       0.00200        211.5098
    100.60      3       0.00400        218.4772
    100.60      4       0.00600        229.5695
    100.60      5       0.00800        244.0429
    100.60      6       0.01000        260.9272
    100.60      7       0.01200        279.0903

    100.70      1       0.00000        209.2424
    100.70      2       0.00200        211.6143
    100.70      3       0.00400        218.5711
    100.70      4       0.00600        229.6464
    100.70      5       0.00800        244.0978
    100.70      6       0.01000        260.9563
    100.70      7       0.01200        279.0917

    100.80      1       0.00000        209.3503
    100.80      2       0.00200        211.7186
    100.80      3       0.00400        218.6648
    100.80      4       0.00600        229.7232
    100.80      5       0.00800        244.1525
    100.80      6       0.01000        260.9854
    100.80      7       0.01200        279.0931

    100.90      1       0.00000        209.4581
    100.90      2       0.00200        211.8228
    100.90      3       0.00400        218.7584
    100.90      4       0.00600        229.7999
    100.90      5       0.00800        244.2072
    100.90      6       0.01000        261.0144
    100.90      7       0.01200        279.0945

    101.00      1       0.00000        209.5657
    101.00      2       0.00200        211.9268
    101.00      3       0.00400        218.8518
    101.00      4       0.00600        229.8765
    101.00      5       0.00800        244.2618
    101.00      6       0.01000        261.0433
    101.00      7       0.01200        279.0959

    101.10      1       0.00000        209.6732
    101.10      2       0.00200        212.0306
    101.10      3       0.00400        218.9451
    101.10      4       0.00600        229.9530
    101.10      5       0.00800        244.3164
    101.10      6       0.01000        261.0723
    101.10      7       0.01200        279.0972

    101.20      1       0.00000        209.7804
    101.20      2       0.00200        212.1343
    101.20      3       0.00400        219.0382
    101.20      4       0.00600        230.0293
    101.20      5       0.00800        244.3708
    101.20      6       0.01000        261.1011
    101.20      7       0.01200        279.0986

    101.30      1       0.00000        209.8876
    101.30      2       0.00200        212.2379
    101.30      3       0.00400        219.1312
    101.30      4       0.00600        230.1056
    101.30      5       0.00800        244.4252
    101.30      6       0.01000        261.1300
    101.30      7       0.01200        279.1000

    101.40      1       0.00000        209.9945
    101.40      2       0.00200        212.3412
    101.40      3       0.00400        219.2241
    101.40      4       0.00600        230.1817
    101.40      5       0.00800        244.4794
    101.40      6       0.01000        261.1588
    101.40      7       0.01200        279.1014

    101.50      1       0.00000        210.1013
    101.50      2       0.00200        212.4445
    101.50      3       0.00400        219.3168
    101.50      4       0.00600        230.2577
    101.50      5       0.00800        244.5336
    101.50      6       0.01000        261.1875
    101.50      7       0.01200        279.1027

    101.60      1       0.00000        210.2080
    101.60      2       0.00200        212.5475
    101.60      3       0.00400        219.4094
    101.60      4       0.00600        230.3336
    101.60      5       0.00800        244.5877
    101.60      6       0.01000        261.2162
    101.60      7       0.01200        279.1041

    101.70      1       0.00000        210.3144
    101.70      2       0.00200        212.6504
    101.70      3       0.00400        219.5018
    101.70      4       0.00600        230.4094
    101.70      5       0.00800        244.6418
    101.70      6       0.01000        261.2449
    101.70      7       0.01200        279.1055

    101.80      1       0.00000        210.4207
    101.80      2       0.00200        212.7532
    101.80      3       0.00400        219.5941
    101.80      4       0.00600        230.4850
    101.80      5       0.00800        244.6957
    101.80      6       0.01000        261.2735
    101.80      7       0.01200        279.1068

    101.90      1       0.00000        210.5269
    101.90      2       0.00200        212.8558
    101.90      3       0.00400        219.6863
    101.90      4       0.00600        230.5606
    101.90      5       0.00800        244.7496
    101.90      6       0.01000        261.3020
    101.90      7       0.01200        279.1082

    102.00      1       0.00000        210.6329
    102.00      2       0.00200        212.9582
    102.00      3       0.00400        219.7783
    102.00      4       0.00600        230.6360
    102.00      5       0.00800        244.8034
    102.00      6       0.01000        261.3306
    102.00      7       0.01200        279.1096

    102.10      1       0.00000        210.7387
    102.10      2       0.00200        213.0605
    102.10      3       0.00400        219.8702
    102.10      4       0.00600        230.7113
    102.10      5       0.00800        244.8570
    102.10      6       0.01000        261.3591
    102.10      7       0.01200        279.1109

    102.20      1       0.00000        210.8444
    102.20      2       0.00200        213.1626
    102.20      3       0.00400        219.9619
    102.20      4       0.00600        230.7865
    102.20      5       0.00800        244.9107
    102.20      6       0.01000        261.3875
    102.20      7       0.01200        279.1123

    102.30      1       0.00000        210.9499
    102.30      2       0.00200        213.2646
    102.30      3       0.00400        220.0535
    102.30      4       0.00600        230.8616
    102.30      5       0.00800        244.9642
    102.30      6       0.01000        261.4159
    102.30      7       0.01200        279.1136

    102.40      1       0.00000        211.0552
    102.40      2       0.00200        213.3664
    102.40      3       0.00400        220.1450
    102.40      4       0.00600        230.9365
    102.40      5       0.00800        245.0177
    102.40      6       0.01000        261.4442
    102.40      7       0.01200        279.1150

    102.50      1       0.00000        211.1604
    102.50      2       0.00200        213.4680
    102.50      3       0.00400        220.2363
    102.50      4       0.00600        231.0114
    102.50      5       0.00800        245.0710
    102.50      6       0.01000        261.4726
    102.50      7       0.01200        279.1163

    102.60      1       0.00000        211.2654
    102.60      2       0.00200        213.5695
    102.60      3       0.00400        220.3274
    102.60      4       0.00600        231.0861
    102.60      5       0.00800        245.1243
    102.60      6       0.01000        261.5008
    102.60      7       0.01200        279.1177

    102.70      1       0.00000        211.3703
    102.70      2       0.00200        213.6709
    102.70      3       0.00400        220.4185
    102.70      4       0.00600        231.1608
    102.70      5       0.00800        245.1775
    102.70      6       0.01000        261.5290
    102.70      7       0.01200        279.1190

    102.80      1       0.00000        211.4750
    102.80      2       0.00200        213.7721
    102.80      3       0.00400        220.5094
    102.80      4       0.00600        231.2353
    102.80      5       0.00800        245.2306
    102.80      6       0.01000        261.5572
    102.80      7       0.01200        279.1204

    102.90      1       0.00000        211.5795
    102.90      2       0.00200        213.8731
    102.90      3       0.00400        220.6001
    102.90      4       0.00600        231.3097
    102.90      5       0.00800        245.2837
    102.90      6       0.01000        261.5854
    102.90      7       0.01200        279.1217

    103.00      1       0.00000        211.6839
    103.00      2       0.00200        213.9740
    103.00      3       0.00400        220.6908
    103.00      4       0.00600        231.3839
    103.00      5       0.00800        245.3367
    103.00      6       0.01000        261.6135
    103.00      7       0.01200        279.1231

    103.10      1       0.00000        211.7881
    103.10      2       0.00200        214.0747
    103.10      3       0.00400        220.7812
    103.10      4       0.00600        231.4581
    103.10      5       0.00800        245.3895
    103.10      6       0.01000        261.6415
    103.10      7       0.01200        279.1244

    103.20      1       0.00000        211.8922
    103.20      2       0.00200        214.1753
    103.20      3       0.00400        220.8716
    103.20      4       0.00600        231.5322
    103.20      5       0.00800        245.4423
    103.20      6       0.01000        261.6695
    103.20      7       0.01200        279.1257

    103.30      1       0.00000        211.9961
    103.30      2       0.00200        214.2757
    103.30      3       0.00400        220.9618
    103.30      4       0.00600        231.6061
    103.30      5       0.00800        245.4951
    103.30      6       0.01000        261.6975
    103.30      7       0.01200        279.1271

    103.40      1       0.00000        212.0998
    103.40      2       0.00200        214.3760
    103.40      3       0.00400        221.0519
    103.40      4       0.00600        231.6799
    103.40      5       0.00800        245.5477
    103.40      6       0.01000        261.7254
    103.40      7       0.01200        279.1284

    103.50      1       0.00000        212.2034
    103.50      2       0.00200        214.4761
    103.50      3       0.00400        221.1418
    103.50      4       0.00600        231.7537
    103.50      5       0.00800        245.6003
    103.50      6       0.01000        261.7533
    103.50      7       0.01200        279.1297

    103.60      1       0.00000        212.3068
    103.60      2       0.00200        214.5760
    103.60      3       0.00400        221.2316
    103.60      4       0.00600        231.8273
    103.60      5       0.00800        245.6528
    103.60      6       0.01000        261.7811
    103.60      7       0.01200        279.1310

    103.70      1       0.00000        212.4101
    103.70      2       0.00200        214.6759
    103.70      3       0.00400        221.3212
    103.70      4       0.00600        231.9008
    103.70      5       0.00800        245.7052
    103.70      6       0.01000        261.8089
    103.70      7       0.01200        279.1324

    103.80      1       0.00000        212.5132
    103.80      2       0.00200        214.7755
    103.80      3       0.00400        221.4108
    103.80      4       0.00600        231.9741
    103.80      5       0.00800        245.7575
    103.80      6       0.01000        261.8367
    103.80      7       0.01200        279.1337

    103.90      1       0.00000        212.6162
    103.90      2       0.00200        214.8750
    103.90      3       0.00400        221.5001
    103.90      4       0.00600        232.0474
    103.90      5       0.00800        245.8097
    103.90      6       0.01000        261.8644
    103.90      7       0.01200        279.1350

    104.00      1       0.00000        212.7190
    104.00      2       0.00200        214.9744
    104.00      3       0.00400        221.5894
    104.00      4       0.00600        232.1206
    104.00      5       0.00800        245.8619
    104.00      6       0.01000        261.8921
    104.00      7       0.01200        279.1363

    104.10      1       0.00000        212.8216
    104.10      2       0.00200        215.0736
    104.10      3       0.00400        221.6785
    104.10      4       0.00600        232.1936
    104.10      5       0.00800        245.9140
    104.10      6       0.01000        261.9197
    104.10      7       0.01200        279.1377

    104.20      1       0.00000        212.9241
    104.20      2       0.00200        215.1726
    104.20      3       0.00400        221.7675
    104.20      4       0.00600        232.2665
    104.20      5       0.00800        245.9660
    104.20      6       0.01000        261.9473
    104.20      7       0.01200        279.1390

    104.30      1       0.00000        213.0264
    104.30      2       0.00200        215.2715
    104.30      3       0.00400        221.8563
    104.30      4       0.00600        232.3394
    104.30      5       0.00800        246.0179
    104.30      6       0.01000        261.9748
    104.30      7       0.01200        279.1403

    104.40      1       0.00000        213.1286
    104.40      2       0.00200        215.3703
    104.40      3       0.00400        221.9450
    104.40      4       0.00600        232.4121
    104.40      5       0.00800        246.0697
    104.40      6       0.01000        262.0023
    104.40      7       0.01200        279.1416

    104.50      1       0.00000        213.2306
    104.50      2       0.00200        215.4689
    104.50      3       0.00400        222.0336
    104.50      4       0.00600        232.4847
    104.50      5       0.00800        246.1215
    104.50      6       0.01000        262.0298
    104.50      7       0.01200        279.1429

    104.60      1       0.00000        213.3325
    104.60      2       0.00200        215.5673
    104.60      3       0.00400        222.1220
    104.60      4       0.00600        232.5572
    104.60      5       0.00800        246.1732
    104.60      6       0.01000        262.0572
    104.60      7       0.01200        279.1442

    104.70      1       0.00000        213.4342
    104.70      2       0.00200        215.6656
    104.70      3       0.00400        222.2103
    104.70      4       0.00600        232.6295
    104.70      5       0.00800        246.2248
    104.70      6       0.01000        262.0846
    104.70      7       0.01200        279.1455

    104.80      1       0.00000        213.5357
    104.80      2       0.00200        215.7638
    104.80      3       0.00400        222.2985
    104.80      4       0.00600        232.7018
    104.80      5       0.00800        246.2763
    104.80      6       0.01000        262.1119
    104.80      7       0.01200        279.1468

    104.90      1       0.00000        213.6371
    104.90      2       0.00200        215.8618
    104.90      3       0.00400        222.3865
    104.90      4       0.00600        232.7740
    104.90      5       0.00800        246.3278
    104.90      6       0.01000        262.1392
    104.90      7       0.01200        279.1481

    105.00      1       0.00000        213.7384
    105.00      2       0.00200        215.9596
    105.00      3       0.00400        222.4744
    105.00      4       0.00600        232.8460
    105.00      5       0.00800        246.3791
    105.00      6       0.01000        262.1664
    105.00      7       0.01200        279.1494

    105.10      1       0.00000        213.8395
    105.10      2       0.00200        216.0573
    105.10      3       0.00400        222.5622
    105.10      4       0.00600        232.9180
    105.10      5       0.00800        246.4304
    105.10      6       0.01000        262.1936
    105.10      7       0.01200        279.1507

    105.20      1       0.00000        213.9404
    105.20      2       0.00200        216.1548
    105.20      3       0.00400        222.6498
    105.20      4       0.00600        232.9898
    105.20      5       0.00800        246.4816
    105.20      6       0.01000        262.2208
    105.20      7       0.01200        279.1520

    105.30      1       0.00000        214.0412
    105.30      2       0.00200        216.2523
    105.30      3       0.00400        222.7373
    105.30      4       0.00600        233.0615
    105.30      5       0.00800        246.5328
    105.30      6       0.01000        262.2479
    105.30      7       0.01200        279.1533

    105.40      1       0.00000        214.1418
    105.40      2       0.00200        216.3495
    105.40      3       0.00400        222.8246
    105.40      4       0.00600        233.1331
    105.40      5       0.00800        246.5838
    105.40      6       0.01000        262.2750
    105.40      7       0.01200        279.1546

    105.50      1       0.00000        214.2423
    105.50      2       0.00200        216.4466
    105.50      3       0.00400        222.9119
    105.50      4       0.00600        233.2046
    105.50      5       0.00800        246.6348
    105.50      6       0.01000        262.3021
    105.50      7       0.01200        279.1559

    105.60      1       0.00000        214.3426
    105.60      2       0.00200        216.5436
    105.60      3       0.00400        222.9990
    105.60      4       0.00600        233.2760
    105.60      5       0.00800        246.6857
    105.60      6       0.01000        262.3291
    105.60      7       0.01200        279.1572

    105.70      1       0.00000        214.4427
    105.70      2       0.00200        216.6404
    105.70      3       0.00400        223.0859
    105.70      4       0.00600        233.3473
    105.70      5       0.00800        246.7366
    105.70      6       0.01000        262.3560
    105.70      7       0.01200        279.1585

    105.80      1       0.00000        214.5428
    105.80      2       0.00200        216.7370
    105.80      3       0.00400        223.1728
    105.80      4       0.00600        233.4185
    105.80      5       0.00800        246.7873
    105.80      6       0.01000        262.3829
    105.80      7       0.01200        279.1598

    105.90      1       0.00000        214.6426
    105.90      2       0.00200        216.8335
    105.90      3       0.00400        223.2594
    105.90      4       0.00600        233.4895
    105.90      5       0.00800        246.8380
    105.90      6       0.01000        262.4098
    105.90      7       0.01200        279.1610

    106.00      1       0.00000        214.7423
    106.00      2       0.00200        216.9299
    106.00      3       0.00400        223.3460
    106.00      4       0.00600        233.5605
    106.00      5       0.00800        246.8886
    106.00      6       0.01000        262.4366
    106.00      7       0.01200        279.1623

    106.10      1       0.00000        214.8419
    106.10      2       0.00200        217.0261
    106.10      3       0.00400        223.4324
    106.10      4       0.00600        233.6313
    106.10      5       0.00800        246.9391
    106.10      6       0.01000        262.4634
    106.10      7       0.01200        279.1636

    106.20      1       0.00000        214.9413
    106.20      2       0.00200        217.1222
    106.20      3       0.00400        223.5187
    106.20      4       0.00600        233.7021
    106.20      5       0.00800        246.9895
    106.20      6       0.01000        262.4902
    106.20      7       0.01200        279.1649

    106.30      1       0.00000        215.0405
    106.30      2       0.00200        217.2181
    106.30      3       0.00400        223.6049
    106.30      4       0.00600        233.7727
    106.30      5       0.00800        247.0399
    106.30      6       0.01000        262.5169
    106.30      7       0.01200        279.1661

    106.40      1       0.00000        215.1396
    106.40      2       0.00200        217.3139
    106.40      3       0.00400        223.6909
    106.40      4       0.00600        233.8432
    106.40      5       0.00800        247.0902
    106.40      6       0.01000        262.5436
    106.40      7       0.01200        279.1674

    106.50      1       0.00000        215.2386
    106.50      2       0.00200        217.4095
    106.50      3       0.00400        223.7768
    106.50      4       0.00600        233.9137
    106.50      5       0.00800        247.1404
    106.50      6       0.01000        262.5702
    106.50      7       0.01200        279.1687

    106.60      1       0.00000        215.3374
    106.60      2       0.00200        217.5050
    106.60      3       0.00400        223.8626
    106.60      4       0.00600        233.9840
    106.60      5       0.00800        247.1905
    106.60      6       0.01000        262.5968
    106.60      7       0.01200        279.1700

    106.70      1       0.00000        215.4360
    106.70      2       0.00200        217.6004
    106.70      3       0.00400        223.9483
    106.70      4       0.00600        234.0542
    106.70      5       0.00800        247.2406
    106.70      6       0.01000        262.6234
    106.70      7       0.01200        279.1712

    106.80      1       0.00000        215.5345
    106.80      2       0.00200        217.6956
    106.80      3       0.00400        224.0338
    106.80      4       0.00600        234.1243
    106.80      5       0.00800        247.2905
    106.80      6       0.01000        262.6499
    106.80      7       0.01200        279.1725

    106.90      1       0.00000        215.6329
    106.90      2       0.00200        217.7906
    106.90      3       0.00400        224.1192
    106.90      4       0.00600        234.1943
    106.90      5       0.00800        247.3404
    106.90      6       0.01000        262.6763
    106.90      7       0.01200        279.1737

    107.00      1       0.00000        215.7311
    107.00      2       0.00200        217.8855
    107.00      3       0.00400        224.2044
    107.00      4       0.00600        234.2641
    107.00      5       0.00800        247.3903
    107.00      6       0.01000        262.7028
    107.00      7       0.01200        279.1750

    107.10      1       0.00000        215.8291
    107.10      2       0.00200        217.9803
    107.10      3       0.00400        224.2895
    107.10      4       0.00600        234.3339
    107.10      5       0.00800        247.4400
    107.10      6       0.01000        262.7292
    107.10      7       0.01200        279.1763

    107.20      1       0.00000        215.9270
    107.20      2       0.00200        218.0749
    107.20      3       0.00400        224.3745
    107.20      4       0.00600        234.4036
    107.20      5       0.00800        247.4897
    107.20      6       0.01000        262.7555
    107.20      7       0.01200        279.1775

    107.30      1       0.00000        216.0248
    107.30      2       0.00200        218.1694
    107.30      3       0.00400        224.4594
    107.30      4       0.00600        234.4731
    107.30      5       0.00800        247.5393
    107.30      6       0.01000        262.7818
    107.30      7       0.01200        279.1788

    107.40      1       0.00000        216.1224
    107.40      2       0.00200        218.2637
    107.40      3       0.00400        224.5441
    107.40      4       0.00600        234.5426
    107.40      5       0.00800        247.5888
    107.40      6       0.01000        262.8081
    107.40      7       0.01200        279.1800

    107.50      1       0.00000        216.2198
    107.50      2       0.00200        218.3579
    107.50      3       0.00400        224.6287
    107.50      4       0.00600        234.6119
    107.50      5       0.00800        247.6383
    107.50      6       0.01000        262.8343
    107.50      7       0.01200        279.1813

    107.60      1       0.00000        216.3171
    107.60      2       0.00200        218.4519
    107.60      3       0.00400        224.7132
    107.60      4       0.00600        234.6812
    107.60      5       0.00800        247.6876
    107.60      6       0.01000        262.8605
    107.60      7       0.01200        279.1825

    107.70      1       0.00000        216.4143
    107.70      2       0.00200        218.5458
    107.70      3       0.00400        224.7975
    107.70      4       0.00600        234.7503
    107.70      5       0.00800        247.7369
    107.70      6       0.01000        262.8867
    107.70      7       0.01200        279.1838

    107.80      1       0.00000        216.5113
    107.80      2       0.00200        218.6396
    107.80      3       0.00400        224.8818
    107.80      4       0.00600        234.8194
    107.80      5       0.00800        247.7861
    107.80      6       0.01000        262.9128
    107.80      7       0.01200        279.1850

    107.90      1       0.00000        216.6081
    107.90      2       0.00200        218.7332
    107.90      3       0.00400        224.9658
    107.90      4       0.00600        234.8883
    107.90      5       0.00800        247.8353
    107.90      6       0.01000        262.9388
    107.90      7       0.01200        279.1863

    108.00      1       0.00000        216.7048
    108.00      2       0.00200        218.8266
    108.00      3       0.00400        225.0498
    108.00      4       0.00600        234.9571
    108.00      5       0.00800        247.8844
    108.00      6       0.01000        262.9649
    108.00      7       0.01200        279.1875

    108.10      1       0.00000        216.8014
    108.10      2       0.00200        218.9200
    108.10      3       0.00400        225.1336
    108.10      4       0.00600        235.0258
    108.10      5       0.00800        247.9334
    108.10      6       0.01000        262.9908
    108.10      7       0.01200        279.1887

    108.20      1       0.00000        216.8978
    108.20      2       0.00200        219.0132
    108.20      3       0.00400        225.2173
    108.20      4       0.00600        235.0944
    108.20      5       0.00800        247.9823
    108.20      6       0.01000        263.0168
    108.20      7       0.01200        279.1900

    108.30      1       0.00000        216.9941
    108.30      2       0.00200        219.1062
    108.30      3       0.00400        225.3009
    108.30      4       0.00600        235.1630
    108.30      5       0.00800        248.0311
    108.30      6       0.01000        263.0427
    108.30      7       0.01200        279.1912

    108.40      1       0.00000        217.0902
    108.40      2       0.00200        219.1991
    108.40      3       0.00400        225.3844
    108.40      4       0.00600        235.2314
    108.40      5       0.00800        248.0799
    108.40      6       0.01000        263.0686
    108.40      7       0.01200        279.1925

    108.50      1       0.00000        217.1862
    108.50      2       0.00200        219.2918
    108.50      3       0.00400        225.4677
    108.50      4       0.00600        235.2997
    108.50      5       0.00800        248.1286
    108.50      6       0.01000        263.0944
    108.50      7       0.01200        279.1937

    108.60      1       0.00000        217.2820
    108.60      2       0.00200        219.3845
    108.60      3       0.00400        225.5509
    108.60      4       0.00600        235.3678
    108.60      5       0.00800        248.1772
    108.60      6       0.01000        263.1202
    108.60      7       0.01200        279.1949

    108.70      1       0.00000        217.3777
    108.70      2       0.00200        219.4769
    108.70      3       0.00400        225.6339
    108.70      4       0.00600        235.4359
    108.70      5       0.00800        248.2258
    108.70      6       0.01000        263.1460
    108.70      7       0.01200        279.1961

    108.80      1       0.00000        217.4732
    108.80      2       0.00200        219.5693
    108.80      3       0.00400        225.7169
    108.80      4       0.00600        235.5039
    108.80      5       0.00800        248.2742
    108.80      6       0.01000        263.1717
    108.80      7       0.01200        279.1974

    108.90      1       0.00000        217.5686
    108.90      2       0.00200        219.6615
    108.90      3       0.00400        225.7997
    108.90      4       0.00600        235.5718
    108.90      5       0.00800        248.3226
    108.90      6       0.01000        263.1973
    108.90      7       0.01200        279.1986

    109.00      1       0.00000        217.6639
    109.00      2       0.00200        219.7535
    109.00      3       0.00400        225.8824
    109.00      4       0.00600        235.6396
    109.00      5       0.00800        248.3710
    109.00      6       0.01000        263.2230
    109.00      7       0.01200        279.1998

    109.10      1       0.00000        217.7590
    109.10      2       0.00200        219.8454
    109.10      3       0.00400        225.9649
    109.10      4       0.00600        235.7073
    109.10      5       0.00800        248.4192
    109.10      6       0.01000        263.2486
    109.10      7       0.01200        279.2010

    109.20      1       0.00000        217.8539
    109.20      2       0.00200        219.9372
    109.20      3       0.00400        226.0474
    109.20      4       0.00600        235.7748
    109.20      5       0.00800        248.4674
    109.20      6       0.01000        263.2741
    109.20      7       0.01200        279.2023

    109.30      1       0.00000        217.9487
    109.30      2       0.00200        220.0288
    109.30      3       0.00400        226.1297
    109.30      4       0.00600        235.8423
    109.30      5       0.00800        248.5155
    109.30      6       0.01000        263.2996
    109.30      7       0.01200        279.2035

    109.40      1       0.00000        218.0434
    109.40      2       0.00200        220.1203
    109.40      3       0.00400        226.2119
    109.40      4       0.00600        235.9097
    109.40      5       0.00800        248.5636
    109.40      6       0.01000        263.3251
    109.40      7       0.01200        279.2047

    109.50      1       0.00000        218.1379
    109.50      2       0.00200        220.2117
    109.50      3       0.00400        226.2939
    109.50      4       0.00600        235.9769
    109.50      5       0.00800        248.6115
    109.50      6       0.01000        263.3506
    109.50      7       0.01200        279.2059

    109.60      1       0.00000        218.2323
    109.60      2       0.00200        220.3029
    109.60      3       0.00400        226.3759
    109.60      4       0.00600        236.0441
    109.60      5       0.00800        248.6594
    109.60      6       0.01000        263.3760
    109.60      7       0.01200        279.2071

    109.70      1       0.00000        218.3265
    109.70      2       0.00200        220.3940
    109.70      3       0.00400        226.4577
    109.70      4       0.00600        236.1112
    109.70      5       0.00800        248.7072
    109.70      6       0.01000        263.4013
    109.70      7       0.01200        279.2083

    109.80      1       0.00000        218.4206
    109.80      2       0.00200        220.4849
    109.80      3       0.00400        226.5394
    109.80      4       0.00600        236.1781
    109.80      5       0.00800        248.7550
    109.80      6       0.01000        263.4266
    109.80      7       0.01200        279.2095

    109.90      1       0.00000        218.5145
    109.90      2       0.00200        220.5757
    109.90      3       0.00400        226.6209
    109.90      4       0.00600        236.2450
    109.90      5       0.00800        248.8026
    109.90      6       0.01000        263.4519
    109.90      7       0.01200        279.2107

    110.00      1       0.00000        218.6083
    110.00      2       0.00200        220.6663
    110.00      3       0.00400        226.7024
    110.00      4       0.00600        236.3117
    110.00      5       0.00800        248.8502
    110.00      6       0.01000        263.4772
    110.00      7       0.01200        279.2119

    110.10      1       0.00000        218.7020
    110.10      2       0.00200        220.7569
    110.10      3       0.00400        226.7837
    110.10      4       0.00600        236.3784
    110.10      5       0.00800        248.8977
    110.10      6       0.01000        263.5024
    110.10      7       0.01200        279.2131

    110.20      1       0.00000        218.7955
    110.20      2       0.00200        220.8472
    110.20      3       0.00400        226.8649
    110.20      4       0.00600        236.4449
    110.20      5       0.00800        248.9452
    110.20      6       0.01000        263.5276
    110.20      7       0.01200        279.2143

    110.30      1       0.00000        218.8889
    110.30      2       0.00200        220.9375
    110.30      3       0.00400        226.9459
    110.30      4       0.00600        236.5114
    110.30      5       0.00800        248.9926
    110.30      6       0.01000        263.5527
    110.30      7       0.01200        279.2155

    110.40      1       0.00000        218.9821
    110.40      2       0.00200        221.0276
    110.40      3       0.00400        227.0269
    110.40      4       0.00600        236.5777
    110.40      5       0.00800        249.0399
    110.40      6       0.01000        263.5778
    110.40      7       0.01200        279.2167

    110.50      1       0.00000        219.0752
    110.50      2       0.00200        221.1176
    110.50      3       0.00400        227.1077
    110.50      4       0.00600        236.6440
    110.50      5       0.00800        249.0871
    110.50      6       0.01000        263.6028
    110.50      7       0.01200        279.2179

    110.60      1       0.00000        219.1682
    110.60      2       0.00200        221.2074
    110.60      3       0.00400        227.1884
    110.60      4       0.00600        236.7101
    110.60      5       0.00800        249.1343
    110.60      6       0.01000        263.6278
    110.60      7       0.01200        279.2191

    110.70      1       0.00000        219.2610
    110.70      2       0.00200        221.2971
    110.70      3       0.00400        227.2689
    110.70      4       0.00600        236.7762
    110.70      5       0.00800        249.1814
    110.70      6       0.01000        263.6528
    110.70      7       0.01200        279.2203

    110.80      1       0.00000        219.3536
    110.80      2       0.00200        221.3866
    110.80      3       0.00400        227.3494
    110.80      4       0.00600        236.8421
    110.80      5       0.00800        249.2284
    110.80      6       0.01000        263.6778
    110.80      7       0.01200        279.2215

    110.90      1       0.00000        219.4461
    110.90      2       0.00200        221.4761
    110.90      3       0.00400        227.4297
    110.90      4       0.00600        236.9079
    110.90      5       0.00800        249.2753
    110.90      6       0.01000        263.7027
    110.90      7       0.01200        279.2227

    111.00      1       0.00000        219.5385
    111.00      2       0.00200        221.5653
    111.00      3       0.00400        227.5099
    111.00      4       0.00600        236.9737
    111.00      5       0.00800        249.3222
    111.00      6       0.01000        263.7275
    111.00      7       0.01200        279.2239

    111.10      1       0.00000        219.6308
    111.10      2       0.00200        221.6545
    111.10      3       0.00400        227.5900
    111.10      4       0.00600        237.0393
    111.10      5       0.00800        249.3690
    111.10      6       0.01000        263.7524
    111.10      7       0.01200        279.2251

    111.20      1       0.00000        219.7229
    111.20      2       0.00200        221.7435
    111.20      3       0.00400        227.6699
    111.20      4       0.00600        237.1049
    111.20      5       0.00800        249.4157
    111.20      6       0.01000        263.7771
    111.20      7       0.01200        279.2262

    111.30      1       0.00000        219.8148
    111.30      2       0.00200        221.8324
    111.30      3       0.00400        227.7498
    111.30      4       0.00600        237.1703
    111.30      5       0.00800        249.4624
    111.30      6       0.01000        263.8019
    111.30      7       0.01200        279.2274

    111.40      1       0.00000        219.9066
    111.40      2       0.00200        221.9211
    111.40      3       0.00400        227.8295
    111.40      4       0.00600        237.2356
    111.40      5       0.00800        249.5090
    111.40      6       0.01000        263.8266
    111.40      7       0.01200        279.2286

    111.50      1       0.00000        219.9983
    111.50      2       0.00200        222.0097
    111.50      3       0.00400        227.9091
    111.50      4       0.00600        237.3009
    111.50      5       0.00800        249.5555
    111.50      6       0.01000        263.8513
    111.50      7       0.01200        279.2298

    111.60      1       0.00000        220.0898
    111.60      2       0.00200        222.0982
    111.60      3       0.00400        227.9885
    111.60      4       0.00600        237.3660
    111.60      5       0.00800        249.6019
    111.60      6       0.01000        263.8759
    111.60      7       0.01200        279.2310

    111.70      1       0.00000        220.1812
    111.70      2       0.00200        222.1865
    111.70      3       0.00400        228.0679
    111.70      4       0.00600        237.4311
    111.70      5       0.00800        249.6483
    111.70      6       0.01000        263.9005
    111.70      7       0.01200        279.2321

    111.80      1       0.00000        220.2725
    111.80      2       0.00200        222.2747
    111.80      3       0.00400        228.1471
    111.80      4       0.00600        237.4960
    111.80      5       0.00800        249.6946
    111.80      6       0.01000        263.9251
    111.80      7       0.01200        279.2333

    111.90      1       0.00000        220.3636
    111.90      2       0.00200        222.3628
    111.90      3       0.00400        228.2262
    111.90      4       0.00600        237.5609
    111.90      5       0.00800        249.7409
    111.90      6       0.01000        263.9496
    111.90      7       0.01200        279.2345

    112.00      1       0.00000        220.4546
    112.00      2       0.00200        222.4507
    112.00      3       0.00400        228.3052
    112.00      4       0.00600        237.6256
    112.00      5       0.00800        249.7870
    112.00      6       0.01000        263.9741
    112.00      7       0.01200        279.2356

    112.10      1       0.00000        220.5454
    112.10      2       0.00200        222.5385
    112.10      3       0.00400        228.3841
    112.10      4       0.00600        237.6902
    112.10      5       0.00800        249.8331
    112.10      6       0.01000        263.9985
    112.10      7       0.01200        279.2368

    112.20      1       0.00000        220.6361
    112.20      2       0.00200        222.6262
    112.20      3       0.00400        228.4628
    112.20      4       0.00600        237.7548
    112.20      5       0.00800        249.8791
    112.20      6       0.01000        264.0230
    112.20      7       0.01200        279.2380

    112.30      1       0.00000        220.7267
    112.30      2       0.00200        222.7137
    112.30      3       0.00400        228.5414
    112.30      4       0.00600        237.8192
    112.30      5       0.00800        249.9251
    112.30      6       0.01000        264.0473
    112.30      7       0.01200        279.2391

    112.40      1       0.00000        220.8171
    112.40      2       0.00200        222.8011
    112.40      3       0.00400        228.6200
    112.40      4       0.00600        237.8836
    112.40      5       0.00800        249.9710
    112.40      6       0.01000        264.0717
    112.40      7       0.01200        279.2403

    112.50      1       0.00000        220.9074
    112.50      2       0.00200        222.8884
    112.50      3       0.00400        228.6983
    112.50      4       0.00600        237.9479
    112.50      5       0.00800        250.0168
    112.50      6       0.01000        264.0960
    112.50      7       0.01200        279.2415

    112.60      1       0.00000        220.9976
    112.60      2       0.00200        222.9755
    112.60      3       0.00400        228.7766
    112.60      4       0.00600        238.0120
    112.60      5       0.00800        250.0625
    112.60      6       0.01000        264.1202
    112.60      7       0.01200        279.2426

    112.70      1       0.00000        221.0876
    112.70      2       0.00200        223.0625
    112.70      3       0.00400        228.8547
    112.70      4       0.00600        238.0761
    112.70      5       0.00800        250.1082
    112.70      6       0.01000        264.1445
    112.70      7       0.01200        279.2438

    112.80      1       0.00000        221.1775
    112.80      2       0.00200        223.1493
    112.80      3       0.00400        228.9328
    112.80      4       0.00600        238.1400
    112.80      5       0.00800        250.1538
    112.80      6       0.01000        264.1686
    112.80      7       0.01200        279.2449

    112.90      1       0.00000        221.2672
    112.90      2       0.00200        223.2361
    112.90      3       0.00400        229.0107
    112.90      4       0.00600        238.2039
    112.90      5       0.00800        250.1993
    112.90      6       0.01000        264.1928
    112.90      7       0.01200        279.2461

    113.00      1       0.00000        221.3568
    113.00      2       0.00200        223.3227
    113.00      3       0.00400        229.0885
    113.00      4       0.00600        238.2676
    113.00      5       0.00800        250.2448
    113.00      6       0.01000        264.2169
    113.00      7       0.01200        279.2472

    113.10      1       0.00000        221.4463
    113.10      2       0.00200        223.4091
    113.10      3       0.00400        229.1661
    113.10      4       0.00600        238.3313
    113.10      5       0.00800        250.2902
    113.10      6       0.01000        264.2410
    113.10      7       0.01200        279.2484

    113.20      1       0.00000        221.5356
    113.20      2       0.00200        223.4955
    113.20      3       0.00400        229.2437
    113.20      4       0.00600        238.3949
    113.20      5       0.00800        250.3355
    113.20      6       0.01000        264.2650
    113.20      7       0.01200        279.2495

    113.30      1       0.00000        221.6248
    113.30      2       0.00200        223.5817
    113.30      3       0.00400        229.3211
    113.30      4       0.00600        238.4584
    113.30      5       0.00800        250.3808
    113.30      6       0.01000        264.2890
    113.30      7       0.01200        279.2507

    113.40      1       0.00000        221.7139
    113.40      2       0.00200        223.6677
    113.40      3       0.00400        229.3984
    113.40      4       0.00600        238.5217
    113.40      5       0.00800        250.4260
    113.40      6       0.01000        264.3130
    113.40      7       0.01200        279.2518

    113.50      1       0.00000        221.8028
    113.50      2       0.00200        223.7537
    113.50      3       0.00400        229.4756
    113.50      4       0.00600        238.5850
    113.50      5       0.00800        250.4711
    113.50      6       0.01000        264.3369
    113.50      7       0.01200        279.2529

    113.60      1       0.00000        221.8916
    113.60      2       0.00200        223.8395
    113.60      3       0.00400        229.5527
    113.60      4       0.00600        238.6482
    113.60      5       0.00800        250.5161
    113.60      6       0.01000        264.3608
    113.60      7       0.01200        279.2541

    113.70      1       0.00000        221.9802
    113.70      2       0.00200        223.9252
    113.70      3       0.00400        229.6297
    113.70      4       0.00600        238.7113
    113.70      5       0.00800        250.5611
    113.70      6       0.01000        264.3847
    113.70      7       0.01200        279.2552

    113.80      1       0.00000        222.0687
    113.80      2       0.00200        224.0107
    113.80      3       0.00400        229.7065
    113.80      4       0.00600        238.7743
    113.80      5       0.00800        250.6060
    113.80      6       0.01000        264.4085
    113.80      7       0.01200        279.2564

    113.90      1       0.00000        222.1571
    113.90      2       0.00200        224.0961
    113.90      3       0.00400        229.7833
    113.90      4       0.00600        238.8372
    113.90      5       0.00800        250.6509
    113.90      6       0.01000        264.4323
    113.90      7       0.01200        279.2575

    114.00      1       0.00000        222.2453
    114.00      2       0.00200        224.1814
    114.00      3       0.00400        229.8599
    114.00      4       0.00600        238.9000
    114.00      5       0.00800        250.6956
    114.00      6       0.01000        264.4561
    114.00      7       0.01200        279.2586

    114.10      1       0.00000        222.3335
    114.10      2       0.00200        224.2666
    114.10      3       0.00400        229.9364
    114.10      4       0.00600        238.9627
    114.10      5       0.00800        250.7403
    114.10      6       0.01000        264.4798
    114.10      7       0.01200        279.2598

    114.20      1       0.00000        222.4214
    114.20      2       0.00200        224.3516
    114.20      3       0.00400        230.0127
    114.20      4       0.00600        239.0253
    114.20      5       0.00800        250.7850
    114.20      6       0.01000        264.5034
    114.20      7       0.01200        279.2609

    114.30      1       0.00000        222.5093
    114.30      2       0.00200        224.4365
    114.30      3       0.00400        230.0890
    114.30      4       0.00600        239.0878
    114.30      5       0.00800        250.8296
    114.30      6       0.01000        264.5271
    114.30      7       0.01200        279.2620

    114.40      1       0.00000        222.5970
    114.40      2       0.00200        224.5213
    114.40      3       0.00400        230.1651
    114.40      4       0.00600        239.1502
    114.40      5       0.00800        250.8741
    114.40      6       0.01000        264.5507
    114.40      7       0.01200        279.2631

    114.50      1       0.00000        222.6845
    114.50      2       0.00200        224.6059
    114.50      3       0.00400        230.2412
    114.50      4       0.00600        239.2125
    114.50      5       0.00800        250.9185
    114.50      6       0.01000        264.5743
    114.50      7       0.01200        279.2643

    114.60      1       0.00000        222.7720
    114.60      2       0.00200        224.6904
    114.60      3       0.00400        230.3171
    114.60      4       0.00600        239.2747
    114.60      5       0.00800        250.9629
    114.60      6       0.01000        264.5978
    114.60      7       0.01200        279.2654

    114.70      1       0.00000        222.8593
    114.70      2       0.00200        224.7748
    114.70      3       0.00400        230.3929
    114.70      4       0.00600        239.3369
    114.70      5       0.00800        251.0072
    114.70      6       0.01000        264.6213
    114.70      7       0.01200        279.2665

    114.80      1       0.00000        222.9465
    114.80      2       0.00200        224.8590
    114.80      3       0.00400        230.4686
    114.80      4       0.00600        239.3989
    114.80      5       0.00800        251.0514
    114.80      6       0.01000        264.6448
    114.80      7       0.01200        279.2676

    114.90      1       0.00000        223.0335
    114.90      2       0.00200        224.9432
    114.90      3       0.00400        230.5441
    114.90      4       0.00600        239.4609
    114.90      5       0.00800        251.0956
    114.90      6       0.01000        264.6682
    114.90      7       0.01200        279.2687

    115.00      1       0.00000        223.1204
    115.00      2       0.00200        225.0272
    115.00      3       0.00400        230.6196
    115.00      4       0.00600        239.5227
    115.00      5       0.00800        251.1397
    115.00      6       0.01000        264.6916
    115.00      7       0.01200        279.2699

    115.10      1       0.00000        223.2072
    115.10      2       0.00200        225.1110
    115.10      3       0.00400        230.6949
    115.10      4       0.00600        239.5844
    115.10      5       0.00800        251.1837
    115.10      6       0.01000        264.7149
    115.10      7       0.01200        279.2710

    115.20      1       0.00000        223.2938
    115.20      2       0.00200        225.1948
    115.20      3       0.00400        230.7701
    115.20      4       0.00600        239.6461
    115.20      5       0.00800        251.2276
    115.20      6       0.01000        264.7382
    115.20      7       0.01200        279.2721

    115.30      1       0.00000        223.3803
    115.30      2       0.00200        225.2784
    115.30      3       0.00400        230.8452
    115.30      4       0.00600        239.7077
    115.30      5       0.00800        251.2715
    115.30      6       0.01000        264.7615
    115.30      7       0.01200        279.2732

    115.40      1       0.00000        223.4667
    115.40      2       0.00200        225.3619
    115.40      3       0.00400        230.9202
    115.40      4       0.00600        239.7691
    115.40      5       0.00800        251.3154
    115.40      6       0.01000        264.7848
    115.40      7       0.01200        279.2743

    115.50      1       0.00000        223.5530
    115.50      2       0.00200        225.4452
    115.50      3       0.00400        230.9951
    115.50      4       0.00600        239.8305
    115.50      5       0.00800        251.3591
    115.50      6       0.01000        264.8080
    115.50      7       0.01200        279.2754

    115.60      1       0.00000        223.6391
    115.60      2       0.00200        225.5284
    115.60      3       0.00400        231.0699
    115.60      4       0.00600        239.8918
    115.60      5       0.00800        251.4028
    115.60      6       0.01000        264.8312
    115.60      7       0.01200        279.2765

    115.70      1       0.00000        223.7251
    115.70      2       0.00200        225.6115
    115.70      3       0.00400        231.1445
    115.70      4       0.00600        239.9530
    115.70      5       0.00800        251.4465
    115.70      6       0.01000        264.8543
    115.70      7       0.01200        279.2776

    115.80      1       0.00000        223.8109
    115.80      2       0.00200        225.6945
    115.80      3       0.00400        231.2190
    115.80      4       0.00600        240.0141
    115.80      5       0.00800        251.4900
    115.80      6       0.01000        264.8774
    115.80      7       0.01200        279.2787

    115.90      1       0.00000        223.8966
    115.90      2       0.00200        225.7774
    115.90      3       0.00400        231.2935
    115.90      4       0.00600        240.0751
    115.90      5       0.00800        251.5335
    115.90      6       0.01000        264.9005
    115.90      7       0.01200        279.2798

    116.00      1       0.00000        223.9822
    116.00      2       0.00200        225.8601
    116.00      3       0.00400        231.3678
    116.00      4       0.00600        240.1360
    116.00      5       0.00800        251.5769
    116.00      6       0.01000        264.9235
    116.00      7       0.01200        279.2809

    116.10      1       0.00000        224.0677
    116.10      2       0.00200        225.9427
    116.10      3       0.00400        231.4420
    116.10      4       0.00600        240.1968
    116.10      5       0.00800        251.6203
    116.10      6       0.01000        264.9465
    116.10      7       0.01200        279.2820

    116.20      1       0.00000        224.1530
    116.20      2       0.00200        226.0252
    116.20      3       0.00400        231.5160
    116.20      4       0.00600        240.2575
    116.20      5       0.00800        251.6636
    116.20      6       0.01000        264.9695
    116.20      7       0.01200        279.2831

    116.30      1       0.00000        224.2382
    116.30      2       0.00200        226.1075
    116.30      3       0.00400        231.5900
    116.30      4       0.00600        240.3182
    116.30      5       0.00800        251.7068
    116.30      6       0.01000        264.9924
    116.30      7       0.01200        279.2842

    116.40      1       0.00000        224.3233
    116.40      2       0.00200        226.1897
    116.40      3       0.00400        231.6639
    116.40      4       0.00600        240.3787
    116.40      5       0.00800        251.7500
    116.40      6       0.01000        265.0153
    116.40      7       0.01200        279.2853

    116.50      1       0.00000        224.4082
    116.50      2       0.00200        226.2718
    116.50      3       0.00400        231.7376
    116.50      4       0.00600        240.4392
    116.50      5       0.00800        251.7931
    116.50      6       0.01000        265.0382
    116.50      7       0.01200        279.2864

    116.60      1       0.00000        224.4930
    116.60      2       0.00200        226.3538
    116.60      3       0.00400        231.8112
    116.60      4       0.00600        240.4995
    116.60      5       0.00800        251.8361
    116.60      6       0.01000        265.0610
    116.60      7       0.01200        279.2875

    116.70      1       0.00000        224.5777
    116.70      2       0.00200        226.4356
    116.70      3       0.00400        231.8847
    116.70      4       0.00600        240.5598
    116.70      5       0.00800        251.8791
    116.70      6       0.01000        265.0838
    116.70      7       0.01200        279.2886

    116.80      1       0.00000        224.6623
    116.80      2       0.00200        226.5173
    116.80      3       0.00400        231.9581
    116.80      4       0.00600        240.6199
    116.80      5       0.00800        251.9220
    116.80      6       0.01000        265.1065
    116.80      7       0.01200        279.2897

    116.90      1       0.00000        224.7467
    116.90      2       0.00200        226.5989
    116.90      3       0.00400        232.0314
    116.90      4       0.00600        240.6800
    116.90      5       0.00800        251.9648
    116.90      6       0.01000        265.1293
    116.90      7       0.01200        279.2907

    117.00      1       0.00000        224.8310
    117.00      2       0.00200        226.6804
    117.00      3       0.00400        232.1046
    117.00      4       0.00600        240.7400
    117.00      5       0.00800        252.0076
    117.00      6       0.01000        265.1520
    117.00      7       0.01200        279.2918

    117.10      1       0.00000        224.9152
    117.10      2       0.00200        226.7617
    117.10      3       0.00400        232.1777
    117.10      4       0.00600        240.7999
    117.10      5       0.00800        252.0503
    117.10      6       0.01000        265.1746
    117.10      7       0.01200        279.2929

    117.20      1       0.00000        224.9992
    117.20      2       0.00200        226.8430
    117.20      3       0.00400        232.2506
    117.20      4       0.00600        240.8597
    117.20      5       0.00800        252.0929
    117.20      6       0.01000        265.1972
    117.20      7       0.01200        279.2940

    117.30      1       0.00000        225.0831
    117.30      2       0.00200        226.9241
    117.30      3       0.00400        232.3235
    117.30      4       0.00600        240.9194
    117.30      5       0.00800        252.1355
    117.30      6       0.01000        265.2198
    117.30      7       0.01200        279.2951

    117.40      1       0.00000        225.1669
    117.40      2       0.00200        227.0050
    117.40      3       0.00400        232.3962
    117.40      4       0.00600        240.9790
    117.40      5       0.00800        252.1780
    117.40      6       0.01000        265.2424
    117.40      7       0.01200        279.2961

    117.50      1       0.00000        225.2505
    117.50      2       0.00200        227.0859
    117.50      3       0.00400        232.4688
    117.50      4       0.00600        241.0386
    117.50      5       0.00800        252.2205
    117.50      6       0.01000        265.2649
    117.50      7       0.01200        279.2972

    117.60      1       0.00000        225.3341
    117.60      2       0.00200        227.1666
    117.60      3       0.00400        232.5414
    117.60      4       0.00600        241.0980
    117.60      5       0.00800        252.2629
    117.60      6       0.01000        265.2874
    117.60      7       0.01200        279.2983

    117.70      1       0.00000        225.4175
    117.70      2       0.00200        227.2472
    117.70      3       0.00400        232.6138
    117.70      4       0.00600        241.1574
    117.70      5       0.00800        252.3052
    117.70      6       0.01000        265.3098
    117.70      7       0.01200        279.2993

    117.80      1       0.00000        225.5007
    117.80      2       0.00200        227.3277
    117.80      3       0.00400        232.6861
    117.80      4       0.00600        241.2166
    117.80      5       0.00800        252.3474
    117.80      6       0.01000        265.3322
    117.80      7       0.01200        279.3004

    117.90      1       0.00000        225.5839
    117.90      2       0.00200        227.4080
    117.90      3       0.00400        232.7582
    117.90      4       0.00600        241.2758
    117.90      5       0.00800        252.3896
    117.90      6       0.01000        265.3546
    117.90      7       0.01200        279.3015

    118.00      1       0.00000        225.6669
    118.00      2       0.00200        227.4883
    118.00      3       0.00400        232.8303
    118.00      4       0.00600        241.3349
    118.00      5       0.00800        252.4317
    118.00      6       0.01000        265.3769
    118.00      7       0.01200        279.3026

    118.10      1       0.00000        225.7498
    118.10      2       0.00200        227.5684
    118.10      3       0.00400        232.9023
    118.10      4       0.00600        241.3938
    118.10      5       0.00800        252.4738
    118.10      6       0.01000        265.3992
    118.10      7       0.01200        279.3036

    118.20      1       0.00000        225.8325
    118.20      2       0.00200        227.6484
    118.20      3       0.00400        232.9741
    118.20      4       0.00600        241.4527
    118.20      5       0.00800        252.5158
    118.20      6       0.01000        265.4215
    118.20      7       0.01200        279.3047

    118.30      1       0.00000        225.9152
    118.30      2       0.00200        227.7282
    118.30      3       0.00400        233.0459
    118.30      4       0.00600        241.5115
    118.30      5       0.00800        252.5577
    118.30      6       0.01000        265.4438
    118.30      7       0.01200        279.3057

    118.40      1       0.00000        225.9977
    118.40      2       0.00200        227.8080
    118.40      3       0.00400        233.1175
    118.40      4       0.00600        241.5703
    118.40      5       0.00800        252.5996
    118.40      6       0.01000        265.4660
    118.40      7       0.01200        279.3068

    118.50      1       0.00000        226.0801
    118.50      2       0.00200        227.8876
    118.50      3       0.00400        233.1890
    118.50      4       0.00600        241.6289
    118.50      5       0.00800        252.6414
    118.50      6       0.01000        265.4881
    118.50      7       0.01200        279.3079

    118.60      1       0.00000        226.1623
    118.60      2       0.00200        227.9671
    118.60      3       0.00400        233.2604
    118.60      4       0.00600        241.6874
    118.60      5       0.00800        252.6831
    118.60      6       0.01000        265.5103
    118.60      7       0.01200        279.3089

    118.70      1       0.00000        226.2445
    118.70      2       0.00200        228.0465
    118.70      3       0.00400        233.3317
    118.70      4       0.00600        241.7459
    118.70      5       0.00800        252.7248
    118.70      6       0.01000        265.5324
    118.70      7       0.01200        279.3100

    118.80      1       0.00000        226.3265
    118.80      2       0.00200        228.1257
    118.80      3       0.00400        233.4029
    118.80      4       0.00600        241.8042
    118.80      5       0.00800        252.7664
    118.80      6       0.01000        265.5545
    118.80      7       0.01200        279.3110

    118.90      1       0.00000        226.4084
    118.90      2       0.00200        228.2049
    118.90      3       0.00400        233.4740
    118.90      4       0.00600        241.8625
    118.90      5       0.00800        252.8079
    118.90      6       0.01000        265.5765
    118.90      7       0.01200        279.3121

    119.00      1       0.00000        226.4901
    119.00      2       0.00200        228.2839
    119.00      3       0.00400        233.5450
    119.00      4       0.00600        241.9207
    119.00      5       0.00800        252.8494
    119.00      6       0.01000        265.5985
    119.00      7       0.01200        279.3131

    119.10      1       0.00000        226.5718
    119.10      2       0.00200        228.3628
    119.10      3       0.00400        233.6159
    119.10      4       0.00600        241.9788
    119.10      5       0.00800        252.8909
    119.10      6       0.01000        265.6205
    119.10      7       0.01200        279.3142

    119.20      1       0.00000        226.6533
    119.20      2       0.00200        228.4416
    119.20      3       0.00400        233.6866
    119.20      4       0.00600        242.0368
    119.20      5       0.00800        252.9322
    119.20      6       0.01000        265.6424
    119.20      7       0.01200        279.3152

    119.30      1       0.00000        226.7346
    119.30      2       0.00200        228.5202
    119.30      3       0.00400        233.7573
    119.30      4       0.00600        242.0947
    119.30      5       0.00800        252.9735
    119.30      6       0.01000        265.6643
    119.30      7       0.01200        279.3163

    119.40      1       0.00000        226.8159
    119.40      2       0.00200        228.5988
    119.40      3       0.00400        233.8278
    119.40      4       0.00600        242.1525
    119.40      5       0.00800        253.0147
    119.40      6       0.01000        265.6862
    119.40      7       0.01200        279.3173

    119.50      1       0.00000        226.8970
    119.50      2       0.00200        228.6772
    119.50      3       0.00400        233.8983
    119.50      4       0.00600        242.2103
    119.50      5       0.00800        253.0559
    119.50      6       0.01000        265.7080
    119.50      7       0.01200        279.3183

    119.60      1       0.00000        226.9781
    119.60      2       0.00200        228.7555
    119.60      3       0.00400        233.9686
    119.60      4       0.00600        242.2679
    119.60      5       0.00800        253.0970
    119.60      6       0.01000        265.7298
    119.60      7       0.01200        279.3194

    119.70      1       0.00000        227.0589
    119.70      2       0.00200        228.8337
    119.70      3       0.00400        234.0388
    119.70      4       0.00600        242.3255
    119.70      5       0.00800        253.1381
    119.70      6       0.01000        265.7516
    119.70      7       0.01200        279.3204

    119.80      1       0.00000        227.1397
    119.80      2       0.00200        228.9117
    119.80      3       0.00400        234.1090
    119.80      4       0.00600        242.3830
    119.80      5       0.00800        253.1790
    119.80      6       0.01000        265.7733
    119.80      7       0.01200        279.3215

    119.90      1       0.00000        227.2204
    119.90      2       0.00200        228.9897
    119.90      3       0.00400        234.1790
    119.90      4       0.00600        242.4404
    119.90      5       0.00800        253.2200
    119.90      6       0.01000        265.7950
    119.90      7       0.01200        279.3225

    120.00      1       0.00000        227.3009
    120.00      2       0.00200        229.0675
    120.00      3       0.00400        234.2489
    120.00      4       0.00600        242.4977
    120.00      5       0.00800        253.2608
    120.00      6       0.01000        265.8167
    120.00      7       0.01200        279.3235

    120.10      1       0.00000        227.3813
    120.10      2       0.00200        229.1452
    120.10      3       0.00400        234.3187
    120.10      4       0.00600        242.5549
    120.10      5       0.00800        253.3016
    120.10      6       0.01000        265.8383
    120.10      7       0.01200        279.3246

    120.20      1       0.00000        227.4615
    120.20      2       0.00200        229.2228
    120.20      3       0.00400        234.3884
    120.20      4       0.00600        242.6120
    120.20      5       0.00800        253.3423
    120.20      6       0.01000        265.8599
    120.20      7       0.01200        279.3256

    120.30      1       0.00000        227.5417
    120.30      2       0.00200        229.3002
    120.30      3       0.00400        234.4579
    120.30      4       0.00600        242.6690
    120.30      5       0.00800        253.3830
    120.30      6       0.01000        265.8815
    120.30      7       0.01200        279.3266

    120.40      1       0.00000        227.6217
    120.40      2       0.00200        229.3776
    120.40      3       0.00400        234.5274
    120.40      4       0.00600        242.7260
    120.40      5       0.00800        253.4236
    120.40      6       0.01000        265.9031
    120.40      7       0.01200        279.3276

    120.50      1       0.00000        227.7016
    120.50      2       0.00200        229.4548
    120.50      3       0.00400        234.5968
    120.50      4       0.00600        242.7829
    120.50      5       0.00800        253.4642
    120.50      6       0.01000        265.9246
    120.50      7       0.01200        279.3287

    120.60      1       0.00000        227.7814
    120.60      2       0.00200        229.5319
    120.60      3       0.00400        234.6661
    120.60      4       0.00600        242.8396
    120.60      5       0.00800        253.5046
    120.60      6       0.01000        265.9460
    120.60      7       0.01200        279.3297

    120.70      1       0.00000        227.8611
    120.70      2       0.00200        229.6089
    120.70      3       0.00400        234.7352
    120.70      4       0.00600        242.8963
    120.70      5       0.00800        253.5451
    120.70      6       0.01000        265.9675
    120.70      7       0.01200        279.3307

    120.80      1       0.00000        227.9406
    120.80      2       0.00200        229.6858
    120.80      3       0.00400        234.8043
    120.80      4       0.00600        242.9529
    120.80      5       0.00800        253.5854
    120.80      6       0.01000        265.9889
    120.80      7       0.01200        279.3317

    120.90      1       0.00000        228.0201
    120.90      2       0.00200        229.7626
    120.90      3       0.00400        234.8732
    120.90      4       0.00600        243.0095
    120.90      5       0.00800        253.6257
    120.90      6       0.01000        266.0103
    120.90      7       0.01200        279.3328

    121.00      1       0.00000        228.0994
    121.00      2       0.00200        229.8392
    121.00      3       0.00400        234.9421
    121.00      4       0.00600        243.0659
    121.00      5       0.00800        253.6660
    121.00      6       0.01000        266.0316
    121.00      7       0.01200        279.3338

    121.10      1       0.00000        228.1785
    121.10      2       0.00200        229.9157
    121.10      3       0.00400        235.0108
    121.10      4       0.00600        243.1222
    121.10      5       0.00800        253.7061
    121.10      6       0.01000        266.0529
    121.10      7       0.01200        279.3348

    121.20      1       0.00000        228.2576
    121.20      2       0.00200        229.9921
    121.20      3       0.00400        235.0795
    121.20      4       0.00600        243.1785
    121.20      5       0.00800        253.7462
    121.20      6       0.01000        266.0742
    121.20      7       0.01200        279.3358

    121.30      1       0.00000        228.3365
    121.30      2       0.00200        230.0684
    121.30      3       0.00400        235.1480
    121.30      4       0.00600        243.2347
    121.30      5       0.00800        253.7863
    121.30      6       0.01000        266.0954
    121.30      7       0.01200        279.3368

    121.40      1       0.00000        228.4153
    121.40      2       0.00200        230.1446
    121.40      3       0.00400        235.2164
    121.40      4       0.00600        243.2908
    121.40      5       0.00800        253.8263
    121.40      6       0.01000        266.1166
    121.40      7       0.01200        279.3378

    121.50      1       0.00000        228.4940
    121.50      2       0.00200        230.2207
    121.50      3       0.00400        235.2847
    121.50      4       0.00600        243.3468
    121.50      5       0.00800        253.8662
    121.50      6       0.01000        266.1378
    121.50      7       0.01200        279.3388

    121.60      1       0.00000        228.5726
    121.60      2       0.00200        230.2966
    121.60      3       0.00400        235.3529
    121.60      4       0.00600        243.4027
    121.60      5       0.00800        253.9061
    121.60      6       0.01000        266.1590
    121.60      7       0.01200        279.3398

    121.70      1       0.00000        228.6511
    121.70      2       0.00200        230.3724
    121.70      3       0.00400        235.4211
    121.70      4       0.00600        243.4585
    121.70      5       0.00800        253.9459
    121.70      6       0.01000        266.1801
    121.70      7       0.01200        279.3409

    121.80      1       0.00000        228.7294
    121.80      2       0.00200        230.4481
    121.80      3       0.00400        235.4891
    121.80      4       0.00600        243.5143
    121.80      5       0.00800        253.9856
    121.80      6       0.01000        266.2012
    121.80      7       0.01200        279.3419

    121.90      1       0.00000        228.8076
    121.90      2       0.00200        230.5237
    121.90      3       0.00400        235.5570
    121.90      4       0.00600        243.5699
    121.90      5       0.00800        254.0253
    121.90      6       0.01000        266.2222
    121.90      7       0.01200        279.3429

    122.00      1       0.00000        228.8857
    122.00      2       0.00200        230.5992
    122.00      3       0.00400        235.6248
    122.00      4       0.00600        243.6255
    122.00      5       0.00800        254.0650
    122.00      6       0.01000        266.2432
    122.00      7       0.01200        279.3439

    122.10      1       0.00000        228.9637
    122.10      2       0.00200        230.6746
    122.10      3       0.00400        235.6925
    122.10      4       0.00600        243.6810
    122.10      5       0.00800        254.1045
    122.10      6       0.01000        266.2642
    122.10      7       0.01200        279.3449

    122.20      1       0.00000        229.0416
    122.20      2       0.00200        230.7498
    122.20      3       0.00400        235.7601
    122.20      4       0.00600        243.7364
    122.20      5       0.00800        254.1440
    122.20      6       0.01000        266.2852
    122.20      7       0.01200        279.3459

    122.30      1       0.00000        229.1193
    122.30      2       0.00200        230.8250
    122.30      3       0.00400        235.8276
    122.30      4       0.00600        243.7917
    122.30      5       0.00800        254.1835
    122.30      6       0.01000        266.3061
    122.30      7       0.01200        279.3469

    122.40      1       0.00000        229.1969
    122.40      2       0.00200        230.9000
    122.40      3       0.00400        235.8950
    122.40      4       0.00600        243.8470
    122.40      5       0.00800        254.2229
    122.40      6       0.01000        266.3270
    122.40      7       0.01200        279.3479

    122.50      1       0.00000        229.2744
    122.50      2       0.00200        230.9749
    122.50      3       0.00400        235.9622
    122.50      4       0.00600        243.9021
    122.50      5       0.00800        254.2622
    122.50      6       0.01000        266.3479
    122.50      7       0.01200        279.3489

    122.60      1       0.00000        229.3518
    122.60      2       0.00200        231.0497
    122.60      3       0.00400        236.0294
    122.60      4       0.00600        243.9572
    122.60      5       0.00800        254.3015
    122.60      6       0.01000        266.3687
    122.60      7       0.01200        279.3499

    122.70      1       0.00000        229.4291
    122.70      2       0.00200        231.1244
    122.70      3       0.00400        236.0965
    122.70      4       0.00600        244.0122
    122.70      5       0.00800        254.3407
    122.70      6       0.01000        266.3895
    122.70      7       0.01200        279.3508

    122.80      1       0.00000        229.5062
    122.80      2       0.00200        231.1989
    122.80      3       0.00400        236.1635
    122.80      4       0.00600        244.0671
    122.80      5       0.00800        254.3798
    122.80      6       0.01000        266.4103
    122.80      7       0.01200        279.3518

    122.90      1       0.00000        229.5833
    122.90      2       0.00200        231.2734
    122.90      3       0.00400        236.2304
    122.90      4       0.00600        244.1219
    122.90      5       0.00800        254.4189
    122.90      6       0.01000        266.4310
    122.90      7       0.01200        279.3528

    123.00      1       0.00000        229.6602
    123.00      2       0.00200        231.3477
    123.00      3       0.00400        236.2971
    123.00      4       0.00600        244.1766
    123.00      5       0.00800        254.4579
    123.00      6       0.01000        266.4517
    123.00      7       0.01200        279.3538

    123.10      1       0.00000        229.7370
    123.10      2       0.00200        231.4219
    123.10      3       0.00400        236.3638
    123.10      4       0.00600        244.2313
    123.10      5       0.00800        254.4969
    123.10      6       0.01000        266.4724
    123.10      7       0.01200        279.3548

    123.20      1       0.00000        229.8137
    123.20      2       0.00200        231.4960
    123.20      3       0.00400        236.4304
    123.20      4       0.00600        244.2859
    123.20      5       0.00800        254.5358
    123.20      6       0.01000        266.4930
    123.20      7       0.01200        279.3558

    123.30      1       0.00000        229.8902
    123.30      2       0.00200        231.5700
    123.30      3       0.00400        236.4968
    123.30      4       0.00600        244.3403
    123.30      5       0.00800        254.5746
    123.30      6       0.01000        266.5136
    123.30      7       0.01200        279.3568

    123.40      1       0.00000        229.9667
    123.40      2       0.00200        231.6439
    123.40      3       0.00400        236.5632
    123.40      4       0.00600        244.3947
    123.40      5       0.00800        254.6134
    123.40      6       0.01000        266.5342
    123.40      7       0.01200        279.3577

    123.50      1       0.00000        230.0430
    123.50      2       0.00200        231.7177
    123.50      3       0.00400        236.6295
    123.50      4       0.00600        244.4491
    123.50      5       0.00800        254.6522
    123.50      6       0.01000        266.5547
    123.50      7       0.01200        279.3587

    123.60      1       0.00000        230.1192
    123.60      2       0.00200        231.7914
    123.60      3       0.00400        236.6956
    123.60      4       0.00600        244.5033
    123.60      5       0.00800        254.6908
    123.60      6       0.01000        266.5752
    123.60      7       0.01200        279.3597

    123.70      1       0.00000        230.1953
    123.70      2       0.00200        231.8649
    123.70      3       0.00400        236.7617
    123.70      4       0.00600        244.5574
    123.70      5       0.00800        254.7294
    123.70      6       0.01000        266.5957
    123.70      7       0.01200        279.3607

    123.80      1       0.00000        230.2713
    123.80      2       0.00200        231.9383
    123.80      3       0.00400        236.8277
    123.80      4       0.00600        244.6115
    123.80      5       0.00800        254.7680
    123.80      6       0.01000        266.6162
    123.80      7       0.01200        279.3617

    123.90      1       0.00000        230.3472
    123.90      2       0.00200        232.0117
    123.90      3       0.00400        236.8935
    123.90      4       0.00600        244.6655
    123.90      5       0.00800        254.8065
    123.90      6       0.01000        266.6366
    123.90      7       0.01200        279.3626

    124.00      1       0.00000        230.4229
    124.00      2       0.00200        232.0849
    124.00      3       0.00400        236.9593
    124.00      4       0.00600        244.7194
    124.00      5       0.00800        254.8449
    124.00      6       0.01000        266.6570
    124.00      7       0.01200        279.3636

    124.10      1       0.00000        230.4986
    124.10      2       0.00200        232.1580
    124.10      3       0.00400        237.0250
    124.10      4       0.00600        244.7732
    124.10      5       0.00800        254.8833
    124.10      6       0.01000        266.6773
    124.10      7       0.01200        279.3646

    124.20      1       0.00000        230.5741
    124.20      2       0.00200        232.2310
    124.20      3       0.00400        237.0905
    124.20      4       0.00600        244.8270
    124.20      5       0.00800        254.9216
    124.20      6       0.01000        266.6976
    124.20      7       0.01200        279.3655

    124.30      1       0.00000        230.6495
    124.30      2       0.00200        232.3038
    124.30      3       0.00400        237.1560
    124.30      4       0.00600        244.8806
    124.30      5       0.00800        254.9599
    124.30      6       0.01000        266.7179
    124.30      7       0.01200        279.3665

    124.40      1       0.00000        230.7248
    124.40      2       0.00200        232.3766
    124.40      3       0.00400        237.2214
    124.40      4       0.00600        244.9342
    124.40      5       0.00800        254.9981
    124.40      6       0.01000        266.7382
    124.40      7       0.01200        279.3675

    124.50      1       0.00000        230.7999
    124.50      2       0.00200        232.4493
    124.50      3       0.00400        237.2866
    124.50      4       0.00600        244.9877
    124.50      5       0.00800        255.0362
    124.50      6       0.01000        266.7584
    124.50      7       0.01200        279.3684

    124.60      1       0.00000        230.8750
    124.60      2       0.00200        232.5218
    124.60      3       0.00400        237.3518
    124.60      4       0.00600        245.0411
    124.60      5       0.00800        255.0743
    124.60      6       0.01000        266.7786
    124.60      7       0.01200        279.3694

    124.70      1       0.00000        230.9499
    124.70      2       0.00200        232.5942
    124.70      3       0.00400        237.4168
    124.70      4       0.00600        245.0945
    124.70      5       0.00800        255.1123
    124.70      6       0.01000        266.7988
    124.70      7       0.01200        279.3704

    124.80      1       0.00000        231.0248
    124.80      2       0.00200        232.6665
    124.80      3       0.00400        237.4818
    124.80      4       0.00600        245.1477
    124.80      5       0.00800        255.1503
    124.80      6       0.01000        266.8189
    124.80      7       0.01200        279.3713

    124.90      1       0.00000        231.0995
    124.90      2       0.00200        232.7388
    124.90      3       0.00400        237.5467
    124.90      4       0.00600        245.2009
    124.90      5       0.00800        255.1882
    124.90      6       0.01000        266.8391
    124.90      7       0.01200        279.3723

    125.00      1       0.00000        231.1741
    125.00      2       0.00200        232.8109
    125.00      3       0.00400        237.6114
    125.00      4       0.00600        245.2540
    125.00      5       0.00800        255.2261
    125.00      6       0.01000        266.8591
    125.00      7       0.01200        279.3732

    125.10      1       0.00000        231.2486
    125.10      2       0.00200        232.8829
    125.10      3       0.00400        237.6761
    125.10      4       0.00600        245.3070
    125.10      5       0.00800        255.2639
    125.10      6       0.01000        266.8792
    125.10      7       0.01200        279.3742

    125.20      1       0.00000        231.3230
    125.20      2       0.00200        232.9547
    125.20      3       0.00400        237.7407
    125.20      4       0.00600        245.3599
    125.20      5       0.00800        255.3016
    125.20      6       0.01000        266.8992
    125.20      7       0.01200        279.3752

    125.30      1       0.00000        231.3972
    125.30      2       0.00200        233.0265
    125.30      3       0.00400        237.8051
    125.30      4       0.00600        245.4128
    125.30      5       0.00800        255.3393
    125.30      6       0.01000        266.9192
    125.30      7       0.01200        279.3761

    125.40      1       0.00000        231.4714
    125.40      2       0.00200        233.0982
    125.40      3       0.00400        237.8695
    125.40      4       0.00600        245.4655
    125.40      5       0.00800        255.3769
    125.40      6       0.01000        266.9391
    125.40      7       0.01200        279.3771

    125.50      1       0.00000        231.5454
    125.50      2       0.00200        233.1697
    125.50      3       0.00400        237.9338
    125.50      4       0.00600        245.5182
    125.50      5       0.00800        255.4145
    125.50      6       0.01000        266.9591
    125.50      7       0.01200        279.3780

    125.60      1       0.00000        231.6193
    125.60      2       0.00200        233.2412
    125.60      3       0.00400        237.9980
    125.60      4       0.00600        245.5708
    125.60      5       0.00800        255.4520
    125.60      6       0.01000        266.9790
    125.60      7       0.01200        279.3790

    125.70      1       0.00000        231.6931
    125.70      2       0.00200        233.3125
    125.70      3       0.00400        238.0620
    125.70      4       0.00600        245.6233
    125.70      5       0.00800        255.4894
    125.70      6       0.01000        266.9988
    125.70      7       0.01200        279.3799

    125.80      1       0.00000        231.7668
    125.80      2       0.00200        233.3837
    125.80      3       0.00400        238.1260
    125.80      4       0.00600        245.6758
    125.80      5       0.00800        255.5268
    125.80      6       0.01000        267.0187
    125.80      7       0.01200        279.3809

    125.90      1       0.00000        231.8404
    125.90      2       0.00200        233.4548
    125.90      3       0.00400        238.1899
    125.90      4       0.00600        245.7281
    125.90      5       0.00800        255.5642
    125.90      6       0.01000        267.0385
    125.90      7       0.01200        279.3818

    126.00      1       0.00000        231.9139
    126.00      2       0.00200        233.5259
    126.00      3       0.00400        238.2537
    126.00      4       0.00600        245.7804
    126.00      5       0.00800        255.6014
    126.00      6       0.01000        267.0582
    126.00      7       0.01200        279.3827

    126.10      1       0.00000        231.9872
    126.10      2       0.00200        233.5968
    126.10      3       0.00400        238.3174
    126.10      4       0.00600        245.8326
    126.10      5       0.00800        255.6387
    126.10      6       0.01000        267.0780
    126.10      7       0.01200        279.3837

    126.20      1       0.00000        232.0605
    126.20      2       0.00200        233.6675
    126.20      3       0.00400        238.3810
    126.20      4       0.00600        245.8848
    126.20      5       0.00800        255.6758
    126.20      6       0.01000        267.0977
    126.20      7       0.01200        279.3846

    126.30      1       0.00000        232.1336
    126.30      2       0.00200        233.7382
    126.30      3       0.00400        238.4445
    126.30      4       0.00600        245.9368
    126.30      5       0.00800        255.7129
    126.30      6       0.01000        267.1174
    126.30      7       0.01200        279.3856

    126.40      1       0.00000        232.2066
    126.40      2       0.00200        233.8088
    126.40      3       0.00400        238.5079
    126.40      4       0.00600        245.9888
    126.40      5       0.00800        255.7500
    126.40      6       0.01000        267.1370
    126.40      7       0.01200        279.3865

    126.50      1       0.00000        232.2796
    126.50      2       0.00200        233.8793
    126.50      3       0.00400        238.5712
    126.50      4       0.00600        246.0407
    126.50      5       0.00800        255.7870
    126.50      6       0.01000        267.1567
    126.50      7       0.01200        279.3874

    126.60      1       0.00000        232.3524
    126.60      2       0.00200        233.9496
    126.60      3       0.00400        238.6344
    126.60      4       0.00600        246.0925
    126.60      5       0.00800        255.8239
    126.60      6       0.01000        267.1763
    126.60      7       0.01200        279.3884

    126.70      1       0.00000        232.4251
    126.70      2       0.00200        234.0199
    126.70      3       0.00400        238.6975
    126.70      4       0.00600        246.1442
    126.70      5       0.00800        255.8608
    126.70      6       0.01000        267.1958
    126.70      7       0.01200        279.3893

    126.80      1       0.00000        232.4976
    126.80      2       0.00200        234.0900
    126.80      3       0.00400        238.7605
    126.80      4       0.00600        246.1958
    126.80      5       0.00800        255.8976
    126.80      6       0.01000        267.2154
    126.80      7       0.01200        279.3902

    126.90      1       0.00000        232.5701
    126.90      2       0.00200        234.1601
    126.90      3       0.00400        238.8234
    126.90      4       0.00600        246.2474
    126.90      5       0.00800        255.9344
    126.90      6       0.01000        267.2349
    126.90      7       0.01200        279.3912

    127.00      1       0.00000        232.6425
    127.00      2       0.00200        234.2300
    127.00      3       0.00400        238.8862
    127.00      4       0.00600        246.2989
    127.00      5       0.00800        255.9711
    127.00      6       0.01000        267.2543
    127.00      7       0.01200        279.3921

    127.10      1       0.00000        232.7147
    127.10      2       0.00200        234.2998
    127.10      3       0.00400        238.9489
    127.10      4       0.00600        246.3503
    127.10      5       0.00800        256.0078
    127.10      6       0.01000        267.2738
    127.10      7       0.01200        279.3930

    127.20      1       0.00000        232.7868
    127.20      2       0.00200        234.3696
    127.20      3       0.00400        239.0116
    127.20      4       0.00600        246.4017
    127.20      5       0.00800        256.0444
    127.20      6       0.01000        267.2932
    127.20      7       0.01200        279.3939

    127.30      1       0.00000        232.8589
    127.30      2       0.00200        234.4392
    127.30      3       0.00400        239.0741
    127.30      4       0.00600        246.4529
    127.30      5       0.00800        256.0809
    127.30      6       0.01000        267.3126
    127.30      7       0.01200        279.3949

    127.40      1       0.00000        232.9308
    127.40      2       0.00200        234.5087
    127.40      3       0.00400        239.1365
    127.40      4       0.00600        246.5041
    127.40      5       0.00800        256.1174
    127.40      6       0.01000        267.3319
    127.40      7       0.01200        279.3958

    127.50      1       0.00000        233.0026
    127.50      2       0.00200        234.5781
    127.50      3       0.00400        239.1989
    127.50      4       0.00600        246.5552
    127.50      5       0.00800        256.1538
    127.50      6       0.01000        267.3513
    127.50      7       0.01200        279.3967

    127.60      1       0.00000        233.0743
    127.60      2       0.00200        234.6474
    127.60      3       0.00400        239.2611
    127.60      4       0.00600        246.6062
    127.60      5       0.00800        256.1902
    127.60      6       0.01000        267.3706
    127.60      7       0.01200        279.3976

    127.70      1       0.00000        233.1459
    127.70      2       0.00200        234.7166
    127.70      3       0.00400        239.3233
    127.70      4       0.00600        246.6572
    127.70      5       0.00800        256.2265
    127.70      6       0.01000        267.3898
    127.70      7       0.01200        279.3986

    127.80      1       0.00000        233.2174
    127.80      2       0.00200        234.7856
    127.80      3       0.00400        239.3853
    127.80      4       0.00600        246.7080
    127.80      5       0.00800        256.2628
    127.80      6       0.01000        267.4091
    127.80      7       0.01200        279.3995

    127.90      1       0.00000        233.2887
    127.90      2       0.00200        234.8546
    127.90      3       0.00400        239.4473
    127.90      4       0.00600        246.7588
    127.90      5       0.00800        256.2990
    127.90      6       0.01000        267.4283
    127.90      7       0.01200        279.4004

    128.00      1       0.00000        233.3600
    128.00      2       0.00200        234.9235
    128.00      3       0.00400        239.5092
    128.00      4       0.00600        246.8095
    128.00      5       0.00800        256.3352
    128.00      6       0.01000        267.4474
    128.00      7       0.01200        279.4013

    128.10      1       0.00000        233.4312
    128.10      2       0.00200        234.9923
    128.10      3       0.00400        239.5709
    128.10      4       0.00600        246.8602
    128.10      5       0.00800        256.3713
    128.10      6       0.01000        267.4666
    128.10      7       0.01200        279.4022

    128.20      1       0.00000        233.5022
    128.20      2       0.00200        235.0609
    128.20      3       0.00400        239.6326
    128.20      4       0.00600        246.9107
    128.20      5       0.00800        256.4073
    128.20      6       0.01000        267.4857
    128.20      7       0.01200        279.4031

    128.30      1       0.00000        233.5731
    128.30      2       0.00200        235.1295
    128.30      3       0.00400        239.6942
    128.30      4       0.00600        246.9612
    128.30      5       0.00800        256.4433
    128.30      6       0.01000        267.5048
    128.30      7       0.01200        279.4040

    128.40      1       0.00000        233.6440
    128.40      2       0.00200        235.1979
    128.40      3       0.00400        239.7557
    128.40      4       0.00600        247.0116
    128.40      5       0.00800        256.4793
    128.40      6       0.01000        267.5239
    128.40      7       0.01200        279.4049

    128.50      1       0.00000        233.7147
    128.50      2       0.00200        235.2663
    128.50      3       0.00400        239.8171
    128.50      4       0.00600        247.0619
    128.50      5       0.00800        256.5152
    128.50      6       0.01000        267.5429
    128.50      7       0.01200        279.4059

    128.60      1       0.00000        233.7853
    128.60      2       0.00200        235.3345
    128.60      3       0.00400        239.8784
    128.60      4       0.00600        247.1122
    128.60      5       0.00800        256.5510
    128.60      6       0.01000        267.5619
    128.60      7       0.01200        279.4068

    128.70      1       0.00000        233.8558
    128.70      2       0.00200        235.4027
    128.70      3       0.00400        239.9396
    128.70      4       0.00600        247.1624
    128.70      5       0.00800        256.5868
    128.70      6       0.01000        267.5809
    128.70      7       0.01200        279.4077

    128.80      1       0.00000        233.9262
    128.80      2       0.00200        235.4707
    128.80      3       0.00400        240.0007
    128.80      4       0.00600        247.2125
    128.80      5       0.00800        256.6225
    128.80      6       0.01000        267.5998
    128.80      7       0.01200        279.4086

    128.90      1       0.00000        233.9965
    128.90      2       0.00200        235.5387
    128.90      3       0.00400        240.0617
    128.90      4       0.00600        247.2625
    128.90      5       0.00800        256.6581
    128.90      6       0.01000        267.6188
    128.90      7       0.01200        279.4095

    129.00      1       0.00000        234.0667
    129.00      2       0.00200        235.6065
    129.00      3       0.00400        240.1227
    129.00      4       0.00600        247.3124
    129.00      5       0.00800        256.6937
    129.00      6       0.01000        267.6376
    129.00      7       0.01200        279.4104

    129.10      1       0.00000        234.1368
    129.10      2       0.00200        235.6742
    129.10      3       0.00400        240.1835
    129.10      4       0.00600        247.3623
    129.10      5       0.00800        256.7293
    129.10      6       0.01000        267.6565
    129.10      7       0.01200        279.4113

    129.20      1       0.00000        234.2067
    129.20      2       0.00200        235.7418
    129.20      3       0.00400        240.2442
    129.20      4       0.00600        247.4121
    129.20      5       0.00800        256.7648
    129.20      6       0.01000        267.6753
    129.20      7       0.01200        279.4122

    129.30      1       0.00000        234.2766
    129.30      2       0.00200        235.8094
    129.30      3       0.00400        240.3049
    129.30      4       0.00600        247.4618
    129.30      5       0.00800        256.8003
    129.30      6       0.01000        267.6941
    129.30      7       0.01200        279.4131

    129.40      1       0.00000        234.3463
    129.40      2       0.00200        235.8768
    129.40      3       0.00400        240.3655
    129.40      4       0.00600        247.5114
    129.40      5       0.00800        256.8356
    129.40      6       0.01000        267.7129
    129.40      7       0.01200        279.4140

    129.50      1       0.00000        234.4160
    129.50      2       0.00200        235.9441
    129.50      3       0.00400        240.4259
    129.50      4       0.00600        247.5610
    129.50      5       0.00800        256.8710
    129.50      6       0.01000        267.7317
    129.50      7       0.01200        279.4149

    129.60      1       0.00000        234.4855
    129.60      2       0.00200        236.0113
    129.60      3       0.00400        240.4863
    129.60      4       0.00600        247.6105
    129.60      5       0.00800        256.9063
    129.60      6       0.01000        267.7504
    129.60      7       0.01200        279.4158

    129.70      1       0.00000        234.5550
    129.70      2       0.00200        236.0784
    129.70      3       0.00400        240.5466
    129.70      4       0.00600        247.6599
    129.70      5       0.00800        256.9415
    129.70      6       0.01000        267.7691
    129.70      7       0.01200        279.4166

    129.80      1       0.00000        234.6243
    129.80      2       0.00200        236.1454
    129.80      3       0.00400        240.6068
    129.80      4       0.00600        247.7092
    129.80      5       0.00800        256.9767
    129.80      6       0.01000        267.7877
    129.80      7       0.01200        279.4175

    129.90      1       0.00000        234.6935
    129.90      2       0.00200        236.2123
    129.90      3       0.00400        240.6669
    129.90      4       0.00600        247.7585
    129.90      5       0.00800        257.0118
    129.90      6       0.01000        267.8063
    129.90      7       0.01200        279.4184

    130.00      1       0.00000        234.7626
    130.00      2       0.00200        236.2791
    130.00      3       0.00400        240.7269
    130.00      4       0.00600        247.8077
    130.00      5       0.00800        257.0469
    130.00      6       0.01000        267.8250
    130.00      7       0.01200        279.4193

    130.10      1       0.00000        234.8317
    130.10      2       0.00200        236.3458
    130.10      3       0.00400        240.7868
    130.10      4       0.00600        247.8568
    130.10      5       0.00800        257.0819
    130.10      6       0.01000        267.8435
    130.10      7       0.01200        279.4202

    130.20      1       0.00000        234.9006
    130.20      2       0.00200        236.4124
    130.20      3       0.00400        240.8466
    130.20      4       0.00600        247.9058
    130.20      5       0.00800        257.1169
    130.20      6       0.01000        267.8621
    130.20      7       0.01200        279.4211

    130.30      1       0.00000        234.9694
    130.30      2       0.00200        236.4789
    130.30      3       0.00400        240.9063
    130.30      4       0.00600        247.9548
    130.30      5       0.00800        257.1518
    130.30      6       0.01000        267.8806
    130.30      7       0.01200        279.4220

    130.40      1       0.00000        235.0381
    130.40      2       0.00200        236.5453
    130.40      3       0.00400        240.9660
    130.40      4       0.00600        248.0037
    130.40      5       0.00800        257.1866
    130.40      6       0.01000        267.8991
    130.40      7       0.01200        279.4228

    130.50      1       0.00000        235.1067
    130.50      2       0.00200        236.6116
    130.50      3       0.00400        241.0255
    130.50      4       0.00600        248.0525
    130.50      5       0.00800        257.2214
    130.50      6       0.01000        267.9175
    130.50      7       0.01200        279.4237

    130.60      1       0.00000        235.1751
    130.60      2       0.00200        236.6778
    130.60      3       0.00400        241.0850
    130.60      4       0.00600        248.1013
    130.60      5       0.00800        257.2562
    130.60      6       0.01000        267.9360
    130.60      7       0.01200        279.4246

    130.70      1       0.00000        235.2435
    130.70      2       0.00200        236.7439
    130.70      3       0.00400        241.1444
    130.70      4       0.00600        248.1499
    130.70      5       0.00800        257.2909
    130.70      6       0.01000        267.9544
    130.70      7       0.01200        279.4255

    130.80      1       0.00000        235.3118
    130.80      2       0.00200        236.8099
    130.80      3       0.00400        241.2036
    130.80      4       0.00600        248.1985
    130.80      5       0.00800        257.3255
    130.80      6       0.01000        267.9728
    130.80      7       0.01200        279.4264

    130.90      1       0.00000        235.3800
    130.90      2       0.00200        236.8758
    130.90      3       0.00400        241.2628
    130.90      4       0.00600        248.2470
    130.90      5       0.00800        257.3601
    130.90      6       0.01000        267.9911
    130.90      7       0.01200        279.4272

    131.00      1       0.00000        235.4481
    131.00      2       0.00200        236.9416
    131.00      3       0.00400        241.3219
    131.00      4       0.00600        248.2955
    131.00      5       0.00800        257.3947
    131.00      6       0.01000        268.0094
    131.00      7       0.01200        279.4281

    131.10      1       0.00000        235.5160
    131.10      2       0.00200        237.0072
    131.10      3       0.00400        241.3809
    131.10      4       0.00600        248.3438
    131.10      5       0.00800        257.4291
    131.10      6       0.01000        268.0277
    131.10      7       0.01200        279.4290

    131.20      1       0.00000        235.5839
    131.20      2       0.00200        237.0728
    131.20      3       0.00400        241.4398
    131.20      4       0.00600        248.3921
    131.20      5       0.00800        257.4636
    131.20      6       0.01000        268.0460
    131.20      7       0.01200        279.4299

    131.30      1       0.00000        235.6517
    131.30      2       0.00200        237.1383
    131.30      3       0.00400        241.4987
    131.30      4       0.00600        248.4403
    131.30      5       0.00800        257.4980
    131.30      6       0.01000        268.0642
    131.30      7       0.01200        279.4307

    131.40      1       0.00000        235.7193
    131.40      2       0.00200        237.2037
    131.40      3       0.00400        241.5574
    131.40      4       0.00600        248.4885
    131.40      5       0.00800        257.5323
    131.40      6       0.01000        268.0824
    131.40      7       0.01200        279.4316

    131.50      1       0.00000        235.7869
    131.50      2       0.00200        237.2690
    131.50      3       0.00400        241.6161
    131.50      4       0.00600        248.5366
    131.50      5       0.00800        257.5666
    131.50      6       0.01000        268.1006
    131.50      7       0.01200        279.4325

    131.60      1       0.00000        235.8543
    131.60      2       0.00200        237.3342
    131.60      3       0.00400        241.6746
    131.60      4       0.00600        248.5846
    131.60      5       0.00800        257.6008
    131.60      6       0.01000        268.1188
    131.60      7       0.01200        279.4333

    131.70      1       0.00000        235.9217
    131.70      2       0.00200        237.3993
    131.70      3       0.00400        241.7331
    131.70      4       0.00600        248.6325
    131.70      5       0.00800        257.6350
    131.70      6       0.01000        268.1369
    131.70      7       0.01200        279.4342

    131.80      1       0.00000        235.9889
    131.80      2       0.00200        237.4643
    131.80      3       0.00400        241.7915
    131.80      4       0.00600        248.6804
    131.80      5       0.00800        257.6691
    131.80      6       0.01000        268.1550
    131.80      7       0.01200        279.4350

    131.90      1       0.00000        236.0561
    131.90      2       0.00200        237.5292
    131.90      3       0.00400        241.8498
    131.90      4       0.00600        248.7281
    131.90      5       0.00800        257.7031
    131.90      6       0.01000        268.1731
    131.90      7       0.01200        279.4359

    132.00      1       0.00000        236.1231
    132.00      2       0.00200        237.5940
    132.00      3       0.00400        241.9080
    132.00      4       0.00600        248.7758
    132.00      5       0.00800        257.7372
    132.00      6       0.01000        268.1911
    132.00      7       0.01200        279.4368

    132.10      1       0.00000        236.1900
    132.10      2       0.00200        237.6587
    132.10      3       0.00400        241.9661
    132.10      4       0.00600        248.8235
    132.10      5       0.00800        257.7711
    132.10      6       0.01000        268.2091
    132.10      7       0.01200        279.4376

    132.20      1       0.00000        236.2569
    132.20      2       0.00200        237.7233
    132.20      3       0.00400        242.0241
    132.20      4       0.00600        248.8710
    132.20      5       0.00800        257.8050
    132.20      6       0.01000        268.2271
    132.20      7       0.01200        279.4385

    132.30      1       0.00000        236.3236
    132.30      2       0.00200        237.7877
    132.30      3       0.00400        242.0820
    132.30      4       0.00600        248.9185
    132.30      5       0.00800        257.8389
    132.30      6       0.01000        268.2451
    132.30      7       0.01200        279.4393

    132.40      1       0.00000        236.3902
    132.40      2       0.00200        237.8521
    132.40      3       0.00400        242.1399
    132.40      4       0.00600        248.9659
    132.40      5       0.00800        257.8727
    132.40      6       0.01000        268.2630
    132.40      7       0.01200        279.4402

    132.50      1       0.00000        236.4568
    132.50      2       0.00200        237.9164
    132.50      3       0.00400        242.1976
    132.50      4       0.00600        249.0133
    132.50      5       0.00800        257.9065
    132.50      6       0.01000        268.2809
    132.50      7       0.01200        279.4411

    132.60      1       0.00000        236.5232
    132.60      2       0.00200        237.9807
    132.60      3       0.00400        242.2553
    132.60      4       0.00600        249.0606
    132.60      5       0.00800        257.9402
    132.60      6       0.01000        268.2988
    132.60      7       0.01200        279.4419

    132.70      1       0.00000        236.5895
    132.70      2       0.00200        238.0448
    132.70      3       0.00400        242.3129
    132.70      4       0.00600        249.1078
    132.70      5       0.00800        257.9738
    132.70      6       0.01000        268.3166
    132.70      7       0.01200        279.4428

    132.80      1       0.00000        236.6557
    132.80      2       0.00200        238.1088
    132.80      3       0.00400        242.3704
    132.80      4       0.00600        249.1549
    132.80      5       0.00800        258.0074
    132.80      6       0.01000        268.3345
    132.80      7       0.01200        279.4436

    132.90      1       0.00000        236.7219
    132.90      2       0.00200        238.1727
    132.90      3       0.00400        242.4278
    132.90      4       0.00600        249.2020
    132.90      5       0.00800        258.0410
    132.90      6       0.01000        268.3523
    132.90      7       0.01200        279.4445

    133.00      1       0.00000        236.7879
    133.00      2       0.00200        238.2365
    133.00      3       0.00400        242.4851
    133.00      4       0.00600        249.2489
    133.00      5       0.00800        258.0745
    133.00      6       0.01000        268.3700
    133.00      7       0.01200        279.4453

    133.10      1       0.00000        236.8538
    133.10      2       0.00200        238.3002
    133.10      3       0.00400        242.5423
    133.10      4       0.00600        249.2959
    133.10      5       0.00800        258.1079
    133.10      6       0.01000        268.3878
    133.10      7       0.01200        279.4462

    133.20      1       0.00000        236.9196
    133.20      2       0.00200        238.3638
    133.20      3       0.00400        242.5995
    133.20      4       0.00600        249.3427
    133.20      5       0.00800        258.1413
    133.20      6       0.01000        268.4055
    133.20      7       0.01200        279.4470

    133.30      1       0.00000        236.9854
    133.30      2       0.00200        238.4273
    133.30      3       0.00400        242.6565
    133.30      4       0.00600        249.3895
    133.30      5       0.00800        258.1747
    133.30      6       0.01000        268.4232
    133.30      7       0.01200        279.4478

    133.40      1       0.00000        237.0510
    133.40      2       0.00200        238.4908
    133.40      3       0.00400        242.7135
    133.40      4       0.00600        249.4362
    133.40      5       0.00800        258.2080
    133.40      6       0.01000        268.4408
    133.40      7       0.01200        279.4487

    133.50      1       0.00000        237.1165
    133.50      2       0.00200        238.5541
    133.50      3       0.00400        242.7704
    133.50      4       0.00600        249.4828
    133.50      5       0.00800        258.2412
    133.50      6       0.01000        268.4585
    133.50      7       0.01200        279.4495

    133.60      1       0.00000        237.1819
    133.60      2       0.00200        238.6173
    133.60      3       0.00400        242.8272
    133.60      4       0.00600        249.5293
    133.60      5       0.00800        258.2744
    133.60      6       0.01000        268.4761
    133.60      7       0.01200        279.4504

    133.70      1       0.00000        237.2473
    133.70      2       0.00200        238.6804
    133.70      3       0.00400        242.8839
    133.70      4       0.00600        249.5758
    133.70      5       0.00800        258.3076
    133.70      6       0.01000        268.4937
    133.70      7       0.01200        279.4512

    133.80      1       0.00000        237.3125
    133.80      2       0.00200        238.7435
    133.80      3       0.00400        242.9405
    133.80      4       0.00600        249.6222
    133.80      5       0.00800        258.3406
    133.80      6       0.01000        268.5112
    133.80      7       0.01200        279.4520

    133.90      1       0.00000        237.3776
    133.90      2       0.00200        238.8064
    133.90      3       0.00400        242.9971
    133.90      4       0.00600        249.6686
    133.90      5       0.00800        258.3737
    133.90      6       0.01000        268.5287
    133.90      7       0.01200        279.4529

    134.00      1       0.00000        237.4426
    134.00      2       0.00200        238.8693
    134.00      3       0.00400        243.0535
    134.00      4       0.00600        249.7149
    134.00      5       0.00800        258.4067
    134.00      6       0.01000        268.5462
    134.00      7       0.01200        279.4537

    134.10      1       0.00000        237.5076
    134.10      2       0.00200        238.9320
    134.10      3       0.00400        243.1099
    134.10      4       0.00600        249.7611
    134.10      5       0.00800        258.4396
    134.10      6       0.01000        268.5637
    134.10      7       0.01200        279.4545

    134.20      1       0.00000        237.5724
    134.20      2       0.00200        238.9947
    134.20      3       0.00400        243.1662
    134.20      4       0.00600        249.8072
    134.20      5       0.00800        258.4725
    134.20      6       0.01000        268.5812
    134.20      7       0.01200        279.4554

    134.30      1       0.00000        237.6371
    134.30      2       0.00200        239.0572
    134.30      3       0.00400        243.2224
    134.30      4       0.00600        249.8533
    134.30      5       0.00800        258.5054
    134.30      6       0.01000        268.5986
    134.30      7       0.01200        279.4562

    134.40      1       0.00000        237.7017
    134.40      2       0.00200        239.1197
    134.40      3       0.00400        243.2785
    134.40      4       0.00600        249.8993
    134.40      5       0.00800        258.5382
    134.40      6       0.01000        268.6160
    134.40      7       0.01200        279.4570

    134.50      1       0.00000        237.7663
    134.50      2       0.00200        239.1821
    134.50      3       0.00400        243.3345
    134.50      4       0.00600        249.9452
    134.50      5       0.00800        258.5709
    134.50      6       0.01000        268.6333
    134.50      7       0.01200        279.4579

    134.60      1       0.00000        237.8307
    134.60      2       0.00200        239.2443
    134.60      3       0.00400        243.3904
    134.60      4       0.00600        249.9910
    134.60      5       0.00800        258.6036
    134.60      6       0.01000        268.6507
    134.60      7       0.01200        279.4587

    134.70      1       0.00000        237.8950
    134.70      2       0.00200        239.3065
    134.70      3       0.00400        243.4463
    134.70      4       0.00600        250.0368
    134.70      5       0.00800        258.6362
    134.70      6       0.01000        268.6680
    134.70      7       0.01200        279.4595

    134.80      1       0.00000        237.9593
    134.80      2       0.00200        239.3686
    134.80      3       0.00400        243.5020
    134.80      4       0.00600        250.0825
    134.80      5       0.00800        258.6688
    134.80      6       0.01000        268.6853
    134.80      7       0.01200        279.4603

    134.90      1       0.00000        238.0234
    134.90      2       0.00200        239.4306
    134.90      3       0.00400        243.5577
    134.90      4       0.00600        250.1282
    134.90      5       0.00800        258.7014
    134.90      6       0.01000        268.7025
    134.90      7       0.01200        279.4612

    135.00      1       0.00000        238.0874
    135.00      2       0.00200        239.4925
    135.00      3       0.00400        243.6133
    135.00      4       0.00600        250.1737
    135.00      5       0.00800        258.7339
    135.00      6       0.01000        268.7198
    135.00      7       0.01200        279.4620

    135.10      1       0.00000        238.1514
    135.10      2       0.00200        239.5543
    135.10      3       0.00400        243.6688
    135.10      4       0.00600        250.2192
    135.10      5       0.00800        258.7663
    135.10      6       0.01000        268.7370
    135.10      7       0.01200        279.4628

    135.20      1       0.00000        238.2152
    135.20      2       0.00200        239.6160
    135.20      3       0.00400        243.7243
    135.20      4       0.00600        250.2647
    135.20      5       0.00800        258.7987
    135.20      6       0.01000        268.7542
    135.20      7       0.01200        279.4636

    135.30      1       0.00000        238.2790
    135.30      2       0.00200        239.6776
    135.30      3       0.00400        243.7796
    135.30      4       0.00600        250.3100
    135.30      5       0.00800        258.8310
    135.30      6       0.01000        268.7713
    135.30      7       0.01200        279.4644

    135.40      1       0.00000        238.3426
    135.40      2       0.00200        239.7391
    135.40      3       0.00400        243.8349
    135.40      4       0.00600        250.3553
    135.40      5       0.00800        258.8633
    135.40      6       0.01000        268.7885
    135.40      7       0.01200        279.4653

    135.50      1       0.00000        238.4062
    135.50      2       0.00200        239.8005
    135.50      3       0.00400        243.8900
    135.50      4       0.00600        250.4006
    135.50      5       0.00800        258.8956
    135.50      6       0.01000        268.8056
    135.50      7       0.01200        279.4661

    135.60      1       0.00000        238.4696
    135.60      2       0.00200        239.8618
    135.60      3       0.00400        243.9451
    135.60      4       0.00600        250.4457
    135.60      5       0.00800        258.9278
    135.60      6       0.01000        268.8226
    135.60      7       0.01200        279.4669

    135.70      1       0.00000        238.5330
    135.70      2       0.00200        239.9231
    135.70      3       0.00400        244.0001
    135.70      4       0.00600        250.4908
    135.70      5       0.00800        258.9599
    135.70      6       0.01000        268.8397
    135.70      7       0.01200        279.4677

    135.80      1       0.00000        238.5963
    135.80      2       0.00200        239.9842
    135.80      3       0.00400        244.0550
    135.80      4       0.00600        250.5358
    135.80      5       0.00800        258.9920
    135.80      6       0.01000        268.8567
    135.80      7       0.01200        279.4685

    135.90      1       0.00000        238.6594
    135.90      2       0.00200        240.0453
    135.90      3       0.00400        244.1099
    135.90      4       0.00600        250.5808
    135.90      5       0.00800        259.0241
    135.90      6       0.01000        268.8737
    135.90      7       0.01200        279.4693

    136.00      1       0.00000        238.7225
    136.00      2       0.00200        240.1062
    136.00      3       0.00400        244.1646
    136.00      4       0.00600        250.6257
    136.00      5       0.00800        259.0561
    136.00      6       0.01000        268.8907
    136.00      7       0.01200        279.4701

    136.10      1       0.00000        238.7855
    136.10      2       0.00200        240.1671
    136.10      3       0.00400        244.2193
    136.10      4       0.00600        250.6705
    136.10      5       0.00800        259.0880
    136.10      6       0.01000        268.9076
    136.10      7       0.01200        279.4709

    136.20      1       0.00000        238.8483
    136.20      2       0.00200        240.2278
    136.20      3       0.00400        244.2739
    136.20      4       0.00600        250.7152
    136.20      5       0.00800        259.1199
    136.20      6       0.01000        268.9246
    136.20      7       0.01200        279.4718

    136.30      1       0.00000        238.9111
    136.30      2       0.00200        240.2885
    136.30      3       0.00400        244.3284
    136.30      4       0.00600        250.7599
    136.30      5       0.00800        259.1518
    136.30      6       0.01000        268.9415
    136.30      7       0.01200        279.4726

    136.40      1       0.00000        238.9738
    136.40      2       0.00200        240.3491
    136.40      3       0.00400        244.3828
    136.40      4       0.00600        250.8045
    136.40      5       0.00800        259.1836
    136.40      6       0.01000        268.9583
    136.40      7       0.01200        279.4734

    136.50      1       0.00000        239.0364
    136.50      2       0.00200        240.4096
    136.50      3       0.00400        244.4372
    136.50      4       0.00600        250.8490
    136.50      5       0.00800        259.2153
    136.50      6       0.01000        268.9752
    136.50      7       0.01200        279.4742

    136.60      1       0.00000        239.0989
    136.60      2       0.00200        240.4700
    136.60      3       0.00400        244.4914
    136.60      4       0.00600        250.8935
    136.60      5       0.00800        259.2471
    136.60      6       0.01000        268.9920
    136.60      7       0.01200        279.4750

    136.70      1       0.00000        239.1613
    136.70      2       0.00200        240.5303
    136.70      3       0.00400        244.5456
    136.70      4       0.00600        250.9379
    136.70      5       0.00800        259.2787
    136.70      6       0.01000        269.0088
    136.70      7       0.01200        279.4758

    136.80      1       0.00000        239.2236
    136.80      2       0.00200        240.5905
    136.80      3       0.00400        244.5997
    136.80      4       0.00600        250.9822
    136.80      5       0.00800        259.3103
    136.80      6       0.01000        269.0256
    136.80      7       0.01200        279.4766

    136.90      1       0.00000        239.2858
    136.90      2       0.00200        240.6506
    136.90      3       0.00400        244.6537
    136.90      4       0.00600        251.0265
    136.90      5       0.00800        259.3419
    136.90      6       0.01000        269.0423
    136.90      7       0.01200        279.4774

    137.00      1       0.00000        239.3479
    137.00      2       0.00200        240.7107
    137.00      3       0.00400        244.7076
    137.00      4       0.00600        251.0707
    137.00      5       0.00800        259.3734
    137.00      6       0.01000        269.0590
    137.00      7       0.01200        279.4782

    137.10      1       0.00000        239.4099
    137.10      2       0.00200        240.7706
    137.10      3       0.00400        244.7614
    137.10      4       0.00600        251.1149
    137.10      5       0.00800        259.4049
    137.10      6       0.01000        269.0757
    137.10      7       0.01200        279.4790

    137.20      1       0.00000        239.4719
    137.20      2       0.00200        240.8305
    137.20      3       0.00400        244.8152
    137.20      4       0.00600        251.1589
    137.20      5       0.00800        259.4363
    137.20      6       0.01000        269.0924
    137.20      7       0.01200        279.4798

    137.30      1       0.00000        239.5337
    137.30      2       0.00200        240.8902
    137.30      3       0.00400        244.8689
    137.30      4       0.00600        251.2029
    137.30      5       0.00800        259.4677
    137.30      6       0.01000        269.1090
    137.30      7       0.01200        279.4806

    137.40      1       0.00000        239.5954
    137.40      2       0.00200        240.9499
    137.40      3       0.00400        244.9225
    137.40      4       0.00600        251.2469
    137.40      5       0.00800        259.4990
    137.40      6       0.01000        269.1256
    137.40      7       0.01200        279.4813

    137.50      1       0.00000        239.6571
    137.50      2       0.00200        241.0095
    137.50      3       0.00400        244.9760
    137.50      4       0.00600        251.2907
    137.50      5       0.00800        259.5303
    137.50      6       0.01000        269.1422
    137.50      7       0.01200        279.4821

    137.60      1       0.00000        239.7186
    137.60      2       0.00200        241.0689
    137.60      3       0.00400        245.0294
    137.60      4       0.00600        251.3345
    137.60      5       0.00800        259.5615
    137.60      6       0.01000        269.1588
    137.60      7       0.01200        279.4829

    137.70      1       0.00000        239.7801
    137.70      2       0.00200        241.1283
    137.70      3       0.00400        245.0828
    137.70      4       0.00600        251.3783
    137.70      5       0.00800        259.5927
    137.70      6       0.01000        269.1753
    137.70      7       0.01200        279.4837

    137.80      1       0.00000        239.8414
    137.80      2       0.00200        241.1876
    137.80      3       0.00400        245.1360
    137.80      4       0.00600        251.4219
    137.80      5       0.00800        259.6238
    137.80      6       0.01000        269.1918
    137.80      7       0.01200        279.4845

    137.90      1       0.00000        239.9027
    137.90      2       0.00200        241.2468
    137.90      3       0.00400        245.1892
    137.90      4       0.00600        251.4655
    137.90      5       0.00800        259.6549
    137.90      6       0.01000        269.2083
    137.90      7       0.01200        279.4853

    138.00      1       0.00000        239.9639
    138.00      2       0.00200        241.3060
    138.00      3       0.00400        245.2423
    138.00      4       0.00600        251.5090
    138.00      5       0.00800        259.6859
    138.00      6       0.01000        269.2248
    138.00      7       0.01200        279.4861

    138.10      1       0.00000        240.0249
    138.10      2       0.00200        241.3650
    138.10      3       0.00400        245.2954
    138.10      4       0.00600        251.5525
    138.10      5       0.00800        259.7169
    138.10      6       0.01000        269.2412
    138.10      7       0.01200        279.4869

    138.20      1       0.00000        240.0859
    138.20      2       0.00200        241.4239
    138.20      3       0.00400        245.3483
    138.20      4       0.00600        251.5959
    138.20      5       0.00800        259.7479
    138.20      6       0.01000        269.2576
    138.20      7       0.01200        279.4876

    138.30      1       0.00000        240.1468
    138.30      2       0.00200        241.4828
    138.30      3       0.00400        245.4012
    138.30      4       0.00600        251.6392
    138.30      5       0.00800        259.7788
    138.30      6       0.01000        269.2740
    138.30      7       0.01200        279.4884

    138.40      1       0.00000        240.2076
    138.40      2       0.00200        241.5416
    138.40      3       0.00400        245.4540
    138.40      4       0.00600        251.6825
    138.40      5       0.00800        259.8096
    138.40      6       0.01000        269.2904
    138.40      7       0.01200        279.4892

    138.50      1       0.00000        240.2683
    138.50      2       0.00200        241.6002
    138.50      3       0.00400        245.5067
    138.50      4       0.00600        251.7257
    138.50      5       0.00800        259.8404
    138.50      6       0.01000        269.3067
    138.50      7       0.01200        279.4900

    138.60      1       0.00000        240.3289
    138.60      2       0.00200        241.6588
    138.60      3       0.00400        245.5593
    138.60      4       0.00600        251.7688
    138.60      5       0.00800        259.8712
    138.60      6       0.01000        269.3230
    138.60      7       0.01200        279.4908

    138.70      1       0.00000        240.3895
    138.70      2       0.00200        241.7173
    138.70      3       0.00400        245.6118
    138.70      4       0.00600        251.8119
    138.70      5       0.00800        259.9019
    138.70      6       0.01000        269.3393
    138.70      7       0.01200        279.4915

    138.80      1       0.00000        240.4499
    138.80      2       0.00200        241.7757
    138.80      3       0.00400        245.6643
    138.80      4       0.00600        251.8549
    138.80      5       0.00800        259.9325
    138.80      6       0.01000        269.3556
    138.80      7       0.01200        279.4923

    138.90      1       0.00000        240.5102
    138.90      2       0.00200        241.8340
    138.90      3       0.00400        245.7167
    138.90      4       0.00600        251.8979
    138.90      5       0.00800        259.9632
    138.90      6       0.01000        269.3718
    138.90      7       0.01200        279.4931

    139.00      1       0.00000        240.5705
    139.00      2       0.00200        241.8922
    139.00      3       0.00400        245.7690
    139.00      4       0.00600        251.9407
    139.00      5       0.00800        259.9937
    139.00      6       0.01000        269.3881
    139.00      7       0.01200        279.4939

    139.10      1       0.00000        240.6306
    139.10      2       0.00200        241.9504
    139.10      3       0.00400        245.8212
    139.10      4       0.00600        251.9835
    139.10      5       0.00800        260.0242
    139.10      6       0.01000        269.4042
    139.10      7       0.01200        279.4946

    139.20      1       0.00000        240.6907
    139.20      2       0.00200        242.0084
    139.20      3       0.00400        245.8733
    139.20      4       0.00600        252.0263
    139.20      5       0.00800        260.0547
    139.20      6       0.01000        269.4204
    139.20      7       0.01200        279.4954

    139.30      1       0.00000        240.7506
    139.30      2       0.00200        242.0664
    139.30      3       0.00400        245.9254
    139.30      4       0.00600        252.0690
    139.30      5       0.00800        260.0852
    139.30      6       0.01000        269.4365
    139.30      7       0.01200        279.4962

    139.40      1       0.00000        240.8105
    139.40      2       0.00200        242.1243
    139.40      3       0.00400        245.9774
    139.40      4       0.00600        252.1116
    139.40      5       0.00800        260.1155
    139.40      6       0.01000        269.4527
    139.40      7       0.01200        279.4969

    139.50      1       0.00000        240.8703
    139.50      2       0.00200        242.1820
    139.50      3       0.00400        246.0293
    139.50      4       0.00600        252.1541
    139.50      5       0.00800        260.1459
    139.50      6       0.01000        269.4688
    139.50      7       0.01200        279.4977

    139.60      1       0.00000        240.9300
    139.60      2       0.00200        242.2397
    139.60      3       0.00400        246.0811
    139.60      4       0.00600        252.1966
    139.60      5       0.00800        260.1762
    139.60      6       0.01000        269.4848
    139.60      7       0.01200        279.4985

    139.70      1       0.00000        240.9896
    139.70      2       0.00200        242.2973
    139.70      3       0.00400        246.1329
    139.70      4       0.00600        252.2390
    139.70      5       0.00800        260.2064
    139.70      6       0.01000        269.5009
    139.70      7       0.01200        279.4992

    139.80      1       0.00000        241.0491
    139.80      2       0.00200        242.3549
    139.80      3       0.00400        246.1845
    139.80      4       0.00600        252.2814
    139.80      5       0.00800        260.2366
    139.80      6       0.01000        269.5169
    139.80      7       0.01200        279.5000

    139.90      1       0.00000        241.1086
    139.90      2       0.00200        242.4123
    139.90      3       0.00400        246.2361
    139.90      4       0.00600        252.3237
    139.90      5       0.00800        260.2668
    139.90      6       0.01000        269.5329
    139.90      7       0.01200        279.5008

    140.00      1       0.00000        241.1679
    140.00      2       0.00200        242.4696
    140.00      3       0.00400        246.2876
    140.00      4       0.00600        252.3659
    140.00      5       0.00800        260.2969
    140.00      6       0.01000        269.5488
    140.00      7       0.01200        279.5015

    140.10      1       0.00000        241.2271
    140.10      2       0.00200        242.5269
    140.10      3       0.00400        246.3391
    140.10      4       0.00600        252.4080
    140.10      5       0.00800        260.3269
    140.10      6       0.01000        269.5648
    140.10      7       0.01200        279.5023

    140.20      1       0.00000        241.2863
    140.20      2       0.00200        242.5841
    140.20      3       0.00400        246.3904
    140.20      4       0.00600        252.4501
    140.20      5       0.00800        260.3569
    140.20      6       0.01000        269.5807
    140.20      7       0.01200        279.5030

    140.30      1       0.00000        241.3453
    140.30      2       0.00200        242.6411
    140.30      3       0.00400        246.4417
    140.30      4       0.00600        252.4922
    140.30      5       0.00800        260.3869
    140.30      6       0.01000        269.5966
    140.30      7       0.01200        279.5038

    140.40      1       0.00000        241.4043
    140.40      2       0.00200        242.6981
    140.40      3       0.00400        246.4929
    140.40      4       0.00600        252.5341
    140.40      5       0.00800        260.4168
    140.40      6       0.01000        269.6125
    140.40      7       0.01200        279.5046

    140.50      1       0.00000        241.4632
    140.50      2       0.00200        242.7550
    140.50      3       0.00400        246.5440
    140.50      4       0.00600        252.5760
    140.50      5       0.00800        260.4467
    140.50      6       0.01000        269.6283
    140.50      7       0.01200        279.5053

    140.60      1       0.00000        241.5220
    140.60      2       0.00200        242.8119
    140.60      3       0.00400        246.5950
    140.60      4       0.00600        252.6179
    140.60      5       0.00800        260.4765
    140.60      6       0.01000        269.6441
    140.60      7       0.01200        279.5061

    140.70      1       0.00000        241.5807
    140.70      2       0.00200        242.8686
    140.70      3       0.00400        246.6460
    140.70      4       0.00600        252.6596
    140.70      5       0.00800        260.5063
    140.70      6       0.01000        269.6599
    140.70      7       0.01200        279.5068

    140.80      1       0.00000        241.6393
    140.80      2       0.00200        242.9253
    140.80      3       0.00400        246.6969
    140.80      4       0.00600        252.7013
    140.80      5       0.00800        260.5360
    140.80      6       0.01000        269.6757
    140.80      7       0.01200        279.5076

    140.90      1       0.00000        241.6978
    140.90      2       0.00200        242.9818
    140.90      3       0.00400        246.7477
    140.90      4       0.00600        252.7430
    140.90      5       0.00800        260.5657
    140.90      6       0.01000        269.6915
    140.90      7       0.01200        279.5083

    141.00      1       0.00000        241.7563
    141.00      2       0.00200        243.0383
    141.00      3       0.00400        246.7984
    141.00      4       0.00600        252.7846
    141.00      5       0.00800        260.5954
    141.00      6       0.01000        269.7072
    141.00      7       0.01200        279.5091

    141.10      1       0.00000        241.8146
    141.10      2       0.00200        243.0947
    141.10      3       0.00400        246.8491
    141.10      4       0.00600        252.8261
    141.10      5       0.00800        260.6250
    141.10      6       0.01000        269.7229
    141.10      7       0.01200        279.5098

    141.20      1       0.00000        241.8729
    141.20      2       0.00200        243.1510
    141.20      3       0.00400        246.8997
    141.20      4       0.00600        252.8676
    141.20      5       0.00800        260.6546
    141.20      6       0.01000        269.7386
    141.20      7       0.01200        279.5106

    141.30      1       0.00000        241.9310
    141.30      2       0.00200        243.2072
    141.30      3       0.00400        246.9502
    141.30      4       0.00600        252.9089
    141.30      5       0.00800        260.6841
    141.30      6       0.01000        269.7542
    141.30      7       0.01200        279.5113

    141.40      1       0.00000        241.9891
    141.40      2       0.00200        243.2633
    141.40      3       0.00400        247.0006
    141.40      4       0.00600        252.9503
    141.40      5       0.00800        260.7135
    141.40      6       0.01000        269.7699
    141.40      7       0.01200        279.5121

    141.50      1       0.00000        242.0471
    141.50      2       0.00200        243.3194
    141.50      3       0.00400        247.0509
    141.50      4       0.00600        252.9915
    141.50      5       0.00800        260.7430
    141.50      6       0.01000        269.7855
    141.50      7       0.01200        279.5128

    141.60      1       0.00000        242.1050
    141.60      2       0.00200        243.3753
    141.60      3       0.00400        247.1012
    141.60      4       0.00600        253.0327
    141.60      5       0.00800        260.7723
    141.60      6       0.01000        269.8011
    141.60      7       0.01200        279.5136

    141.70      1       0.00000        242.1628
    141.70      2       0.00200        243.4312
    141.70      3       0.00400        247.1514
    141.70      4       0.00600        253.0739
    141.70      5       0.00800        260.8017
    141.70      6       0.01000        269.8166
    141.70      7       0.01200        279.5143

    141.80      1       0.00000        242.2205
    141.80      2       0.00200        243.4870
    141.80      3       0.00400        247.2015
    141.80      4       0.00600        253.1150
    141.80      5       0.00800        260.8310
    141.80      6       0.01000        269.8321
    141.80      7       0.01200        279.5150

    141.90      1       0.00000        242.2782
    141.90      2       0.00200        243.5427
    141.90      3       0.00400        247.2515
    141.90      4       0.00600        253.1560
    141.90      5       0.00800        260.8602
    141.90      6       0.01000        269.8477
    141.90      7       0.01200        279.5158

    142.00      1       0.00000        242.3357
    142.00      2       0.00200        243.5983
    142.00      3       0.00400        247.3015
    142.00      4       0.00600        253.1969
    142.00      5       0.00800        260.8894
    142.00      6       0.01000        269.8631
    142.00      7       0.01200        279.5165

    142.10      1       0.00000        242.3932
    142.10      2       0.00200        243.6539
    142.10      3       0.00400        247.3514
    142.10      4       0.00600        253.2378
    142.10      5       0.00800        260.9186
    142.10      6       0.01000        269.8786
    142.10      7       0.01200        279.5173

    142.20      1       0.00000        242.4505
    142.20      2       0.00200        243.7093
    142.20      3       0.00400        247.4012
    142.20      4       0.00600        253.2787
    142.20      5       0.00800        260.9477
    142.20      6       0.01000        269.8941
    142.20      7       0.01200        279.5180

    142.30      1       0.00000        242.5078
    142.30      2       0.00200        243.7647
    142.30      3       0.00400        247.4509
    142.30      4       0.00600        253.3194
    142.30      5       0.00800        260.9767
    142.30      6       0.01000        269.9095
    142.30      7       0.01200        279.5187

    142.40      1       0.00000        242.5650
    142.40      2       0.00200        243.8199
    142.40      3       0.00400        247.5006
    142.40      4       0.00600        253.3601
    142.40      5       0.00800        261.0058
    142.40      6       0.01000        269.9249
    142.40      7       0.01200        279.5195

    142.50      1       0.00000        242.6221
    142.50      2       0.00200        243.8751
    142.50      3       0.00400        247.5501
    142.50      4       0.00600        253.4008
    142.50      5       0.00800        261.0347
    142.50      6       0.01000        269.9402
    142.50      7       0.01200        279.5202

    142.60      1       0.00000        242.6792
    142.60      2       0.00200        243.9303
    142.60      3       0.00400        247.5997
    142.60      4       0.00600        253.4413
    142.60      5       0.00800        261.0637
    142.60      6       0.01000        269.9556
    142.60      7       0.01200        279.5209

    142.70      1       0.00000        242.7361
    142.70      2       0.00200        243.9853
    142.70      3       0.00400        247.6491
    142.70      4       0.00600        253.4819
    142.70      5       0.00800        261.0926
    142.70      6       0.01000        269.9709
    142.70      7       0.01200        279.5217

    142.80      1       0.00000        242.7929
    142.80      2       0.00200        244.0402
    142.80      3       0.00400        247.6984
    142.80      4       0.00600        253.5223
    142.80      5       0.00800        261.1214
    142.80      6       0.01000        269.9862
    142.80      7       0.01200        279.5224

    142.90      1       0.00000        242.8497
    142.90      2       0.00200        244.0951
    142.90      3       0.00400        247.7477
    142.90      4       0.00600        253.5627
    142.90      5       0.00800        261.1502
    142.90      6       0.01000        270.0015
    142.90      7       0.01200        279.5231

    143.00      1       0.00000        242.9064
    143.00      2       0.00200        244.1499
    143.00      3       0.00400        247.7969
    143.00      4       0.00600        253.6030
    143.00      5       0.00800        261.1790
    143.00      6       0.01000        270.0167
    143.00      7       0.01200        279.5238

    143.10      1       0.00000        242.9630
    143.10      2       0.00200        244.2046
    143.10      3       0.00400        247.8460
    143.10      4       0.00600        253.6433
    143.10      5       0.00800        261.2077
    143.10      6       0.01000        270.0320
    143.10      7       0.01200        279.5246

    143.20      1       0.00000        243.0195
    143.20      2       0.00200        244.2592
    143.20      3       0.00400        247.8951
    143.20      4       0.00600        253.6835
    143.20      5       0.00800        261.2363
    143.20      6       0.01000        270.0472
    143.20      7       0.01200        279.5253

    143.30      1       0.00000        243.0759
    143.30      2       0.00200        244.3137
    143.30      3       0.00400        247.9441
    143.30      4       0.00600        253.7237
    143.30      5       0.00800        261.2650
    143.30      6       0.01000        270.0624
    143.30      7       0.01200        279.5260

    143.40      1       0.00000        243.1322
    143.40      2       0.00200        244.3681
    143.40      3       0.00400        247.9930
    143.40      4       0.00600        253.7638
    143.40      5       0.00800        261.2935
    143.40      6       0.01000        270.0775
    143.40      7       0.01200        279.5267

    143.50      1       0.00000        243.1885
    143.50      2       0.00200        244.4225
    143.50      3       0.00400        248.0418
    143.50      4       0.00600        253.8038
    143.50      5       0.00800        261.3221
    143.50      6       0.01000        270.0927
    143.50      7       0.01200        279.5275

    143.60      1       0.00000        243.2446
    143.60      2       0.00200        244.4768
    143.60      3       0.00400        248.0906
    143.60      4       0.00600        253.8437
    143.60      5       0.00800        261.3506
    143.60      6       0.01000        270.1078
    143.60      7       0.01200        279.5282

    143.70      1       0.00000        243.3007
    143.70      2       0.00200        244.5310
    143.70      3       0.00400        248.1393
    143.70      4       0.00600        253.8837
    143.70      5       0.00800        261.3790
    143.70      6       0.01000        270.1229
    143.70      7       0.01200        279.5289

    143.80      1       0.00000        243.3567
    143.80      2       0.00200        244.5851
    143.80      3       0.00400        248.1879
    143.80      4       0.00600        253.9235
    143.80      5       0.00800        261.4074
    143.80      6       0.01000        270.1379
    143.80      7       0.01200        279.5296

    143.90      1       0.00000        243.4126
    143.90      2       0.00200        244.6391
    143.90      3       0.00400        248.2364
    143.90      4       0.00600        253.9633
    143.90      5       0.00800        261.4358
    143.90      6       0.01000        270.1530
    143.90      7       0.01200        279.5303

    144.00      1       0.00000        243.4684
    144.00      2       0.00200        244.6930
    144.00      3       0.00400        248.2848
    144.00      4       0.00600        254.0030
    144.00      5       0.00800        261.4641
    144.00      6       0.01000        270.1680
    144.00      7       0.01200        279.5311

    144.10      1       0.00000        243.5241
    144.10      2       0.00200        244.7469
    144.10      3       0.00400        248.3332
    144.10      4       0.00600        254.0427
    144.10      5       0.00800        261.4924
    144.10      6       0.01000        270.1830
    144.10      7       0.01200        279.5318

    144.20      1       0.00000        243.5798
    144.20      2       0.00200        244.8007
    144.20      3       0.00400        248.3815
    144.20      4       0.00600        254.0823
    144.20      5       0.00800        261.5206
    144.20      6       0.01000        270.1980
    144.20      7       0.01200        279.5325

    144.30      1       0.00000        243.6354
    144.30      2       0.00200        244.8544
    144.30      3       0.00400        248.4298
    144.30      4       0.00600        254.1218
    144.30      5       0.00800        261.5488
    144.30      6       0.01000        270.2129
    144.30      7       0.01200        279.5332

    144.40      1       0.00000        243.6908
    144.40      2       0.00200        244.9080
    144.40      3       0.00400        248.4779
    144.40      4       0.00600        254.1613
    144.40      5       0.00800        261.5770
    144.40      6       0.01000        270.2279
    144.40      7       0.01200        279.5339

    144.50      1       0.00000        243.7462
    144.50      2       0.00200        244.9615
    144.50      3       0.00400        248.5260
    144.50      4       0.00600        254.2007
    144.50      5       0.00800        261.6051
    144.50      6       0.01000        270.2428
    144.50      7       0.01200        279.5346

    144.60      1       0.00000        243.8015
    144.60      2       0.00200        245.0150
    144.60      3       0.00400        248.5740
    144.60      4       0.00600        254.2401
    144.60      5       0.00800        261.6332
    144.60      6       0.01000        270.2577
    144.60      7       0.01200        279.5353

    144.70      1       0.00000        243.8568
    144.70      2       0.00200        245.0684
    144.70      3       0.00400        248.6220
    144.70      4       0.00600        254.2794
    144.70      5       0.00800        261.6612
    144.70      6       0.01000        270.2725
    144.70      7       0.01200        279.5360

    144.80      1       0.00000        243.9119
    144.80      2       0.00200        245.1217
    144.80      3       0.00400        248.6699
    144.80      4       0.00600        254.3186
    144.80      5       0.00800        261.6891
    144.80      6       0.01000        270.2874
    144.80      7       0.01200        279.5368

    144.90      1       0.00000        243.9670
    144.90      2       0.00200        245.1749
    144.90      3       0.00400        248.7177
    144.90      4       0.00600        254.3578
    144.90      5       0.00800        261.7171
    144.90      6       0.01000        270.3022
    144.90      7       0.01200        279.5375

    145.00      1       0.00000        244.0219
    145.00      2       0.00200        245.2280
    145.00      3       0.00400        248.7654
    145.00      4       0.00600        254.3969
    145.00      5       0.00800        261.7450
    145.00      6       0.01000        270.3170
    145.00      7       0.01200        279.5382

    145.10      1       0.00000        244.0768
    145.10      2       0.00200        245.2811
    145.10      3       0.00400        248.8130
    145.10      4       0.00600        254.4360
    145.10      5       0.00800        261.7728
    145.10      6       0.01000        270.3317
    145.10      7       0.01200        279.5389

    145.20      1       0.00000        244.1316
    145.20      2       0.00200        245.3340
    145.20      3       0.00400        248.8606
    145.20      4       0.00600        254.4750
    145.20      5       0.00800        261.8006
    145.20      6       0.01000        270.3465
    145.20      7       0.01200        279.5396

    145.30      1       0.00000        244.1863
    145.30      2       0.00200        245.3869
    145.30      3       0.00400        248.9081
    145.30      4       0.00600        254.5139
    145.30      5       0.00800        261.8284
    145.30      6       0.01000        270.3612
    145.30      7       0.01200        279.5403

    145.40      1       0.00000        244.2410
    145.40      2       0.00200        245.4397
    145.40      3       0.00400        248.9556
    145.40      4       0.00600        254.5528
    145.40      5       0.00800        261.8561
    145.40      6       0.01000        270.3759
    145.40      7       0.01200        279.5410

    145.50      1       0.00000        244.2955
    145.50      2       0.00200        245.4924
    145.50      3       0.00400        249.0029
    145.50      4       0.00600        254.5916
    145.50      5       0.00800        261.8838
    145.50      6       0.01000        270.3906
    145.50      7       0.01200        279.5417

    145.60      1       0.00000        244.3500
    145.60      2       0.00200        245.5451
    145.60      3       0.00400        249.0502
    145.60      4       0.00600        254.6304
    145.60      5       0.00800        261.9114
    145.60      6       0.01000        270.4053
    145.60      7       0.01200        279.5424

    145.70      1       0.00000        244.4044
    145.70      2       0.00200        245.5976
    145.70      3       0.00400        249.0974
    145.70      4       0.00600        254.6691
    145.70      5       0.00800        261.9390
    145.70      6       0.01000        270.4199
    145.70      7       0.01200        279.5431

    145.80      1       0.00000        244.4587
    145.80      2       0.00200        245.6501
    145.80      3       0.00400        249.1446
    145.80      4       0.00600        254.7077
    145.80      5       0.00800        261.9666
    145.80      6       0.01000        270.4345
    145.80      7       0.01200        279.5438

    145.90      1       0.00000        244.5129
    145.90      2       0.00200        245.7025
    145.90      3       0.00400        249.1916
    145.90      4       0.00600        254.7463
    145.90      5       0.00800        261.9941
    145.90      6       0.01000        270.4491
    145.90      7       0.01200        279.5445

    146.00      1       0.00000        244.5671
    146.00      2       0.00200        245.7549
    146.00      3       0.00400        249.2386
    146.00      4       0.00600        254.7848
    146.00      5       0.00800        262.0216
    146.00      6       0.01000        270.4637
    146.00      7       0.01200        279.5452

    146.10      1       0.00000        244.6211
    146.10      2       0.00200        245.8071
    146.10      3       0.00400        249.2856
    146.10      4       0.00600        254.8233
    146.10      5       0.00800        262.0490
    146.10      6       0.01000        270.4782
    146.10      7       0.01200        279.5459

    146.20      1       0.00000        244.6751
    146.20      2       0.00200        245.8593
    146.20      3       0.00400        249.3324
    146.20      4       0.00600        254.8617
    146.20      5       0.00800        262.0764
    146.20      6       0.01000        270.4928
    146.20      7       0.01200        279.5466

    146.30      1       0.00000        244.7290
    146.30      2       0.00200        245.9114
    146.30      3       0.00400        249.3792
    146.30      4       0.00600        254.9001
    146.30      5       0.00800        262.1037
    146.30      6       0.01000        270.5073
    146.30      7       0.01200        279.5472

    146.40      1       0.00000        244.7828
    146.40      2       0.00200        245.9634
    146.40      3       0.00400        249.4259
    146.40      4       0.00600        254.9383
    146.40      5       0.00800        262.1310
    146.40      6       0.01000        270.5217
    146.40      7       0.01200        279.5479

    146.50      1       0.00000        244.8365
    146.50      2       0.00200        246.0153
    146.50      3       0.00400        249.4726
    146.50      4       0.00600        254.9766
    146.50      5       0.00800        262.1583
    146.50      6       0.01000        270.5362
    146.50      7       0.01200        279.5486

    146.60      1       0.00000        244.8902
    146.60      2       0.00200        246.0671
    146.60      3       0.00400        249.5191
    146.60      4       0.00600        255.0148
    146.60      5       0.00800        262.1855
    146.60      6       0.01000        270.5506
    146.60      7       0.01200        279.5493

    146.70      1       0.00000        244.9437
    146.70      2       0.00200        246.1189
    146.70      3       0.00400        249.5656
    146.70      4       0.00600        255.0529
    146.70      5       0.00800        262.2127
    146.70      6       0.01000        270.5651
    146.70      7       0.01200        279.5500

    146.80      1       0.00000        244.9972
    146.80      2       0.00200        246.1706
    146.80      3       0.00400        249.6121
    146.80      4       0.00600        255.0909
    146.80      5       0.00800        262.2398
    146.80      6       0.01000        270.5795
    146.80      7       0.01200        279.5507

    146.90      1       0.00000        245.0506
    146.90      2       0.00200        246.2222
    146.90      3       0.00400        249.6584
    146.90      4       0.00600        255.1289
    146.90      5       0.00800        262.2669
    146.90      6       0.01000        270.5938
    146.90      7       0.01200        279.5514

    147.00      1       0.00000        245.1039
    147.00      2       0.00200        246.2737
    147.00      3       0.00400        249.7047
    147.00      4       0.00600        255.1669
    147.00      5       0.00800        262.2940
    147.00      6       0.01000        270.6082
    147.00      7       0.01200        279.5521

    147.10      1       0.00000        245.1572
    147.10      2       0.00200        246.3252
    147.10      3       0.00400        249.7509
    147.10      4       0.00600        255.2048
    147.10      5       0.00800        262.3210
    147.10      6       0.01000        270.6225
    147.10      7       0.01200        279.5527

    147.20      1       0.00000        245.2103
    147.20      2       0.00200        246.3766
    147.20      3       0.00400        249.7971
    147.20      4       0.00600        255.2426
    147.20      5       0.00800        262.3480
    147.20      6       0.01000        270.6368
    147.20      7       0.01200        279.5534

    147.30      1       0.00000        245.2634
    147.30      2       0.00200        246.4278
    147.30      3       0.00400        249.8432
    147.30      4       0.00600        255.2804
    147.30      5       0.00800        262.3749
    147.30      6       0.01000        270.6511
    147.30      7       0.01200        279.5541

    147.40      1       0.00000        245.3164
    147.40      2       0.00200        246.4791
    147.40      3       0.00400        249.8892
    147.40      4       0.00600        255.3181
    147.40      5       0.00800        262.4018
    147.40      6       0.01000        270.6654
    147.40      7       0.01200        279.5548

    147.50      1       0.00000        245.3693
    147.50      2       0.00200        246.5302
    147.50      3       0.00400        249.9351
    147.50      4       0.00600        255.3557
    147.50      5       0.00800        262.4286
    147.50      6       0.01000        270.6796
    147.50      7       0.01200        279.5555

    147.60      1       0.00000        245.4221
    147.60      2       0.00200        246.5813
    147.60      3       0.00400        249.9810
    147.60      4       0.00600        255.3933
    147.60      5       0.00800        262.4554
    147.60      6       0.01000        270.6938
    147.60      7       0.01200        279.5561

    147.70      1       0.00000        245.4749
    147.70      2       0.00200        246.6323
    147.70      3       0.00400        250.0268
    147.70      4       0.00600        255.4309
    147.70      5       0.00800        262.4822
    147.70      6       0.01000        270.7080
    147.70      7       0.01200        279.5568

    147.80      1       0.00000        245.5275
    147.80      2       0.00200        246.6832
    147.80      3       0.00400        250.0725
    147.80      4       0.00600        255.4683
    147.80      5       0.00800        262.5089
    147.80      6       0.01000        270.7222
    147.80      7       0.01200        279.5575

    147.90      1       0.00000        245.5801
    147.90      2       0.00200        246.7340
    147.90      3       0.00400        250.1182
    147.90      4       0.00600        255.5058
    147.90      5       0.00800        262.5356
    147.90      6       0.01000        270.7363
    147.90      7       0.01200        279.5582

    148.00      1       0.00000        245.6326
    148.00      2       0.00200        246.7847
    148.00      3       0.00400        250.1637
    148.00      4       0.00600        255.5431
    148.00      5       0.00800        262.5622
    148.00      6       0.01000        270.7505
    148.00      7       0.01200        279.5588

    148.10      1       0.00000        245.6851
    148.10      2       0.00200        246.8354
    148.10      3       0.00400        250.2093
    148.10      4       0.00600        255.5804
    148.10      5       0.00800        262.5888
    148.10      6       0.01000        270.7646
    148.10      7       0.01200        279.5595

    148.20      1       0.00000        245.7374
    148.20      2       0.00200        246.8860
    148.20      3       0.00400        250.2547
    148.20      4       0.00600        255.6177
    148.20      5       0.00800        262.6154
    148.20      6       0.01000        270.7787
    148.20      7       0.01200        279.5602

    148.30      1       0.00000        245.7897
    148.30      2       0.00200        246.9365
    148.30      3       0.00400        250.3001
    148.30      4       0.00600        255.6549
    148.30      5       0.00800        262.6419
    148.30      6       0.01000        270.7927
    148.30      7       0.01200        279.5609

    148.40      1       0.00000        245.8419
    148.40      2       0.00200        246.9870
    148.40      3       0.00400        250.3454
    148.40      4       0.00600        255.6920
    148.40      5       0.00800        262.6684
    148.40      6       0.01000        270.8068
    148.40      7       0.01200        279.5615

    148.50      1       0.00000        245.8940
    148.50      2       0.00200        247.0373
    148.50      3       0.00400        250.3906
    148.50      4       0.00600        255.7291
    148.50      5       0.00800        262.6949
    148.50      6       0.01000        270.8208
    148.50      7       0.01200        279.5622

    148.60      1       0.00000        245.9460
    148.60      2       0.00200        247.0876
    148.60      3       0.00400        250.4358
    148.60      4       0.00600        255.7662
    148.60      5       0.00800        262.7213
    148.60      6       0.01000        270.8348
    148.60      7       0.01200        279.5629

    148.70      1       0.00000        245.9980
    148.70      2       0.00200        247.1378
    148.70      3       0.00400        250.4809
    148.70      4       0.00600        255.8031
    148.70      5       0.00800        262.7476
    148.70      6       0.01000        270.8488
    148.70      7       0.01200        279.5635

    148.80      1       0.00000        246.0499
    148.80      2       0.00200        247.1880
    148.80      3       0.00400        250.5260
    148.80      4       0.00600        255.8400
    148.80      5       0.00800        262.7739
    148.80      6       0.01000        270.8628
    148.80      7       0.01200        279.5642

    148.90      1       0.00000        246.1017
    148.90      2       0.00200        247.2380
    148.90      3       0.00400        250.5709
    148.90      4       0.00600        255.8769
    148.90      5       0.00800        262.8002
    148.90      6       0.01000        270.8767
    148.90      7       0.01200        279.5649

    149.00      1       0.00000        246.1534
    149.00      2       0.00200        247.2880
    149.00      3       0.00400        250.6158
    149.00      4       0.00600        255.9137
    149.00      5       0.00800        262.8265
    149.00      6       0.01000        270.8906
    149.00      7       0.01200        279.5655

    149.10      1       0.00000        246.2050
    149.10      2       0.00200        247.3379
    149.10      3       0.00400        250.6606
    149.10      4       0.00600        255.9504
    149.10      5       0.00800        262.8527
    149.10      6       0.01000        270.9045
    149.10      7       0.01200        279.5662

    149.20      1       0.00000        246.2566
    149.20      2       0.00200        247.3877
    149.20      3       0.00400        250.7054
    149.20      4       0.00600        255.9871
    149.20      5       0.00800        262.8788
    149.20      6       0.01000        270.9184
    149.20      7       0.01200        279.5669

    149.30      1       0.00000        246.3080
    149.30      2       0.00200        247.4375
    149.30      3       0.00400        250.7501
    149.30      4       0.00600        256.0238
    149.30      5       0.00800        262.9049
    149.30      6       0.01000        270.9322
    149.30      7       0.01200        279.5675

    149.40      1       0.00000        246.3594
    149.40      2       0.00200        247.4872
    149.40      3       0.00400        250.7947
    149.40      4       0.00600        256.0603
    149.40      5       0.00800        262.9310
    149.40      6       0.01000        270.9461
    149.40      7       0.01200        279.5682

    149.50      1       0.00000        246.4108
    149.50      2       0.00200        247.5368
    149.50      3       0.00400        250.8393
    149.50      4       0.00600        256.0969
    149.50      5       0.00800        262.9571
    149.50      6       0.01000        270.9599
    149.50      7       0.01200        279.5688

    149.60      1       0.00000        246.4620
    149.60      2       0.00200        247.5863
    149.60      3       0.00400        250.8838
    149.60      4       0.00600        256.1333
    149.60      5       0.00800        262.9831
    149.60      6       0.01000        270.9737
    149.60      7       0.01200        279.5695

    149.70      1       0.00000        246.5132
    149.70      2       0.00200        247.6357
    149.70      3       0.00400        250.9282
    149.70      4       0.00600        256.1697
    149.70      5       0.00800        263.0090
    149.70      6       0.01000        270.9875
    149.70      7       0.01200        279.5701

    149.80      1       0.00000        246.5643
    149.80      2       0.00200        247.6851
    149.80      3       0.00400        250.9725
    149.80      4       0.00600        256.2061
    149.80      5       0.00800        263.0349
    149.80      6       0.01000        271.0012
    149.80      7       0.01200        279.5708

    149.90      1       0.00000        246.6153
    149.90      2       0.00200        247.7344
    149.90      3       0.00400        251.0168
    149.90      4       0.00600        256.2424
    149.90      5       0.00800        263.0608
    149.90      6       0.01000        271.0149
    149.90      7       0.01200        279.5715

    150.00      1       0.00000        246.6662
    150.00      2       0.00200        247.7836
    150.00      3       0.00400        251.0610
    150.00      4       0.00600        256.2786
    150.00      5       0.00800        263.0867
    150.00      6       0.01000        271.0286
    150.00      7       0.01200        279.5721

    150.10      1       0.00000        246.7171
    150.10      2       0.00200        247.8328
    150.10      3       0.00400        251.1052
    150.10      4       0.00600        256.3148
    150.10      5       0.00800        263.1125
    150.10      6       0.01000        271.0423
    150.10      7       0.01200        279.5728

    150.20      1       0.00000        246.7678
    150.20      2       0.00200        247.8819
    150.20      3       0.00400        251.1493
    150.20      4       0.00600        256.3510
    150.20      5       0.00800        263.1382
    150.20      6       0.01000        271.0560
    150.20      7       0.01200        279.5734

    150.30      1       0.00000        246.8185
    150.30      2       0.00200        247.9309
    150.30      3       0.00400        251.1933
    150.30      4       0.00600        256.3870
    150.30      5       0.00800        263.1640
    150.30      6       0.01000        271.0696
    150.30      7       0.01200        279.5741

    150.40      1       0.00000        246.8692
    150.40      2       0.00200        247.9798
    150.40      3       0.00400        251.2372
    150.40      4       0.00600        256.4231
    150.40      5       0.00800        263.1896
    150.40      6       0.01000        271.0833
    150.40      7       0.01200        279.5747

    150.50      1       0.00000        246.9197
    150.50      2       0.00200        248.0286
    150.50      3       0.00400        251.2811
    150.50      4       0.00600        256.4590
    150.50      5       0.00800        263.2153
    150.50      6       0.01000        271.0969
    150.50      7       0.01200        279.5754

    150.60      1       0.00000        246.9702
    150.60      2       0.00200        248.0774
    150.60      3       0.00400        251.3249
    150.60      4       0.00600        256.4950
    150.60      5       0.00800        263.2409
    150.60      6       0.01000        271.1105
    150.60      7       0.01200        279.5760

    150.70      1       0.00000        247.0206
    150.70      2       0.00200        248.1261
    150.70      3       0.00400        251.3687
    150.70      4       0.00600        256.5308
    150.70      5       0.00800        263.2665
    150.70      6       0.01000        271.1240
    150.70      7       0.01200        279.5767

    150.80      1       0.00000        247.0709
    150.80      2       0.00200        248.1747
    150.80      3       0.00400        251.4123
    150.80      4       0.00600        256.5666
    150.80      5       0.00800        263.2920
    150.80      6       0.01000        271.1376
    150.80      7       0.01200        279.5773

    150.90      1       0.00000        247.1211
    150.90      2       0.00200        248.2233
    150.90      3       0.00400        251.4560
    150.90      4       0.00600        256.6024
    150.90      5       0.00800        263.3175
    150.90      6       0.01000        271.1511
    150.90      7       0.01200        279.5779

    151.00      1       0.00000        247.1713
    151.00      2       0.00200        248.2718
    151.00      3       0.00400        251.4995
    151.00      4       0.00600        256.6381
    151.00      5       0.00800        263.3429
    151.00      6       0.01000        271.1646
    151.00      7       0.01200        279.5786

    151.10      1       0.00000        247.2213
    151.10      2       0.00200        248.3202
    151.10      3       0.00400        251.5430
    151.10      4       0.00600        256.6737
    151.10      5       0.00800        263.3683
    151.10      6       0.01000        271.1781
    151.10      7       0.01200        279.5792

    151.20      1       0.00000        247.2714
    151.20      2       0.00200        248.3685
    151.20      3       0.00400        251.5864
    151.20      4       0.00600        256.7093
    151.20      5       0.00800        263.3937
    151.20      6       0.01000        271.1915
    151.20      7       0.01200        279.5799

    151.30      1       0.00000        247.3213
    151.30      2       0.00200        248.4168
    151.30      3       0.00400        251.6297
    151.30      4       0.00600        256.7448
    151.30      5       0.00800        263.4190
    151.30      6       0.01000        271.2049
    151.30      7       0.01200        279.5805

    151.40      1       0.00000        247.3711
    151.40      2       0.00200        248.4649
    151.40      3       0.00400        251.6730
    151.40      4       0.00600        256.7803
    151.40      5       0.00800        263.4443
    151.40      6       0.01000        271.2184
    151.40      7       0.01200        279.5812

    151.50      1       0.00000        247.4209
    151.50      2       0.00200        248.5131
    151.50      3       0.00400        251.7162
    151.50      4       0.00600        256.8157
    151.50      5       0.00800        263.4696
    151.50      6       0.01000        271.2318
    151.50      7       0.01200        279.5818

    151.60      1       0.00000        247.4706
    151.60      2       0.00200        248.5611
    151.60      3       0.00400        251.7594
    151.60      4       0.00600        256.8511
    151.60      5       0.00800        263.4948
    151.60      6       0.01000        271.2451
    151.60      7       0.01200        279.5824

    151.70      1       0.00000        247.5202
    151.70      2       0.00200        248.6091
    151.70      3       0.00400        251.8025
    151.70      4       0.00600        256.8864
    151.70      5       0.00800        263.5200
    151.70      6       0.01000        271.2585
    151.70      7       0.01200        279.5831

    151.80      1       0.00000        247.5698
    151.80      2       0.00200        248.6569
    151.80      3       0.00400        251.8455
    151.80      4       0.00600        256.9217
    151.80      5       0.00800        263.5451
    151.80      6       0.01000        271.2718
    151.80      7       0.01200        279.5837

    151.90      1       0.00000        247.6193
    151.90      2       0.00200        248.7048
    151.90      3       0.00400        251.8884
    151.90      4       0.00600        256.9569
    151.90      5       0.00800        263.5702
    151.90      6       0.01000        271.2851
    151.90      7       0.01200        279.5843

    152.00      1       0.00000        247.6687
    152.00      2       0.00200        248.7525
    152.00      3       0.00400        251.9313
    152.00      4       0.00600        256.9920
    152.00      5       0.00800        263.5953
    152.00      6       0.01000        271.2984
    152.00      7       0.01200        279.5850

    152.10      1       0.00000        247.7180
    152.10      2       0.00200        248.8002
    152.10      3       0.00400        251.9742
    152.10      4       0.00600        257.0271
    152.10      5       0.00800        263.6203
    152.10      6       0.01000        271.3117
    152.10      7       0.01200        279.5856

    152.20      1       0.00000        247.7672
    152.20      2       0.00200        248.8478
    152.20      3       0.00400        252.0169
    152.20      4       0.00600        257.0622
    152.20      5       0.00800        263.6453
    152.20      6       0.01000        271.3250
    152.20      7       0.01200        279.5862

    152.30      1       0.00000        247.8164
    152.30      2       0.00200        248.8953
    152.30      3       0.00400        252.0596
    152.30      4       0.00600        257.0972
    152.30      5       0.00800        263.6703
    152.30      6       0.01000        271.3382
    152.30      7       0.01200        279.5869

    152.40      1       0.00000        247.8655
    152.40      2       0.00200        248.9428
    152.40      3       0.00400        252.1022
    152.40      4       0.00600        257.1321
    152.40      5       0.00800        263.6952
    152.40      6       0.01000        271.3514
    152.40      7       0.01200        279.5875

    152.50      1       0.00000        247.9145
    152.50      2       0.00200        248.9901
    152.50      3       0.00400        252.1448
    152.50      4       0.00600        257.1670
    152.50      5       0.00800        263.7201
    152.50      6       0.01000        271.3646
    152.50      7       0.01200        279.5881

    152.60      1       0.00000        247.9635
    152.60      2       0.00200        249.0374
    152.60      3       0.00400        252.1873
    152.60      4       0.00600        257.2018
    152.60      5       0.00800        263.7449
    152.60      6       0.01000        271.3778
    152.60      7       0.01200        279.5888

    152.70      1       0.00000        248.0124
    152.70      2       0.00200        249.0847
    152.70      3       0.00400        252.2297
    152.70      4       0.00600        257.2366
    152.70      5       0.00800        263.7697
    152.70      6       0.01000        271.3909
    152.70      7       0.01200        279.5894

    152.80      1       0.00000        248.0612
    152.80      2       0.00200        249.1318
    152.80      3       0.00400        252.2721
    152.80      4       0.00600        257.2713
    152.80      5       0.00800        263.7945
    152.80      6       0.01000        271.4041
    152.80      7       0.01200        279.5900

    152.90      1       0.00000        248.1099
    152.90      2       0.00200        249.1789
    152.90      3       0.00400        252.3144
    152.90      4       0.00600        257.3060
    152.90      5       0.00800        263.8192
    152.90      6       0.01000        271.4172
    152.90      7       0.01200        279.5906

    153.00      1       0.00000        248.1585
    153.00      2       0.00200        249.2260
    153.00      3       0.00400        252.3566
    153.00      4       0.00600        257.3406
    153.00      5       0.00800        263.8439
    153.00      6       0.01000        271.4303
    153.00      7       0.01200        279.5913

    153.10      1       0.00000        248.2071
    153.10      2       0.00200        249.2729
    153.10      3       0.00400        252.3988
    153.10      4       0.00600        257.3752
    153.10      5       0.00800        263.8685
    153.10      6       0.01000        271.4434
    153.10      7       0.01200        279.5919

    153.20      1       0.00000        248.2556
    153.20      2       0.00200        249.3198
    153.20      3       0.00400        252.4409
    153.20      4       0.00600        257.4097
    153.20      5       0.00800        263.8931
    153.20      6       0.01000        271.4564
    153.20      7       0.01200        279.5925

    153.30      1       0.00000        248.3041
    153.30      2       0.00200        249.3666
    153.30      3       0.00400        252.4829
    153.30      4       0.00600        257.4442
    153.30      5       0.00800        263.9177
    153.30      6       0.01000        271.4694
    153.30      7       0.01200        279.5931

    153.40      1       0.00000        248.3524
    153.40      2       0.00200        249.4133
    153.40      3       0.00400        252.5249
    153.40      4       0.00600        257.4786
    153.40      5       0.00800        263.9422
    153.40      6       0.01000        271.4825
    153.40      7       0.01200        279.5938

    153.50      1       0.00000        248.4007
    153.50      2       0.00200        249.4600
    153.50      3       0.00400        252.5668
    153.50      4       0.00600        257.5130
    153.50      5       0.00800        263.9667
    153.50      6       0.01000        271.4955
    153.50      7       0.01200        279.5944

    153.60      1       0.00000        248.4489
    153.60      2       0.00200        249.5066
    153.60      3       0.00400        252.6087
    153.60      4       0.00600        257.5473
    153.60      5       0.00800        263.9912
    153.60      6       0.01000        271.5084
    153.60      7       0.01200        279.5950

    153.70      1       0.00000        248.4970
    153.70      2       0.00200        249.5531
    153.70      3       0.00400        252.6505
    153.70      4       0.00600        257.5815
    153.70      5       0.00800        264.0156
    153.70      6       0.01000        271.5214
    153.70      7       0.01200        279.5956

    153.80      1       0.00000        248.5451
    153.80      2       0.00200        249.5995
    153.80      3       0.00400        252.6922
    153.80      4       0.00600        257.6157
    153.80      5       0.00800        264.0400
    153.80      6       0.01000        271.5343
    153.80      7       0.01200        279.5962

    153.90      1       0.00000        248.5931
    153.90      2       0.00200        249.6459
    153.90      3       0.00400        252.7339
    153.90      4       0.00600        257.6499
    153.90      5       0.00800        264.0643
    153.90      6       0.01000        271.5472
    153.90      7       0.01200        279.5968

    154.00      1       0.00000        248.6410
    154.00      2       0.00200        249.6922
    154.00      3       0.00400        252.7755
    154.00      4       0.00600        257.6840
    154.00      5       0.00800        264.0887
    154.00      6       0.01000        271.5601
    154.00      7       0.01200        279.5975

    154.10      1       0.00000        248.6888
    154.10      2       0.00200        249.7385
    154.10      3       0.00400        252.8170
    154.10      4       0.00600        257.7180
    154.10      5       0.00800        264.1129
    154.10      6       0.01000        271.5730
    154.10      7       0.01200        279.5981

    154.20      1       0.00000        248.7366
    154.20      2       0.00200        249.7846
    154.20      3       0.00400        252.8585
    154.20      4       0.00600        257.7520
    154.20      5       0.00800        264.1372
    154.20      6       0.01000        271.5859
    154.20      7       0.01200        279.5987

    154.30      1       0.00000        248.7843
    154.30      2       0.00200        249.8307
    154.30      3       0.00400        252.8999
    154.30      4       0.00600        257.7859
    154.30      5       0.00800        264.1614
    154.30      6       0.01000        271.5987
    154.30      7       0.01200        279.5993

    154.40      1       0.00000        248.8319
    154.40      2       0.00200        249.8768
    154.40      3       0.00400        252.9412
    154.40      4       0.00600        257.8198
    154.40      5       0.00800        264.1855
    154.40      6       0.01000        271.6115
    154.40      7       0.01200        279.5999

    154.50      1       0.00000        248.8795
    154.50      2       0.00200        249.9227
    154.50      3       0.00400        252.9825
    154.50      4       0.00600        257.8537
    154.50      5       0.00800        264.2097
    154.50      6       0.01000        271.6243
    154.50      7       0.01200        279.6005

    154.60      1       0.00000        248.9269
    154.60      2       0.00200        249.9686
    154.60      3       0.00400        253.0237
    154.60      4       0.00600        257.8875
    154.60      5       0.00800        264.2338
    154.60      6       0.01000        271.6371
    154.60      7       0.01200        279.6011

    154.70      1       0.00000        248.9744
    154.70      2       0.00200        250.0144
    154.70      3       0.00400        253.0649
    154.70      4       0.00600        257.9212
    154.70      5       0.00800        264.2578
    154.70      6       0.01000        271.6499
    154.70      7       0.01200        279.6017

    154.80      1       0.00000        249.0217
    154.80      2       0.00200        250.0602
    154.80      3       0.00400        253.1060
    154.80      4       0.00600        257.9549
    154.80      5       0.00800        264.2818
    154.80      6       0.01000        271.6626
    154.80      7       0.01200        279.6023

    154.90      1       0.00000        249.0689
    154.90      2       0.00200        250.1058
    154.90      3       0.00400        253.1470
    154.90      4       0.00600        257.9885
    154.90      5       0.00800        264.3058
    154.90      6       0.01000        271.6753
    154.90      7       0.01200        279.6030

    155.00      1       0.00000        249.1161
    155.00      2       0.00200        250.1514
    155.00      3       0.00400        253.1880
    155.00      4       0.00600        258.0221
    155.00      5       0.00800        264.3297
    155.00      6       0.01000        271.6880
    155.00      7       0.01200        279.6036

    155.10      1       0.00000        249.1632
    155.10      2       0.00200        250.1970
    155.10      3       0.00400        253.2289
    155.10      4       0.00600        258.0556
    155.10      5       0.00800        264.3536
    155.10      6       0.01000        271.7007
    155.10      7       0.01200        279.6042

    155.20      1       0.00000        249.2103
    155.20      2       0.00200        250.2424
    155.20      3       0.00400        253.2697
    155.20      4       0.00600        258.0891
    155.20      5       0.00800        264.3775
    155.20      6       0.01000        271.7134
    155.20      7       0.01200        279.6048

    155.30      1       0.00000        249.2573
    155.30      2       0.00200        250.2878
    155.30      3       0.00400        253.3105
    155.30      4       0.00600        258.1225
    155.30      5       0.00800        264.4014
    155.30      6       0.01000        271.7260
    155.30      7       0.01200        279.6054

    155.40      1       0.00000        249.3042
    155.40      2       0.00200        250.3332
    155.40      3       0.00400        253.3512
    155.40      4       0.00600        258.1559
    155.40      5       0.00800        264.4251
    155.40      6       0.01000        271.7386
    155.40      7       0.01200        279.6060

    155.50      1       0.00000        249.3510
    155.50      2       0.00200        250.3784
    155.50      3       0.00400        253.3919
    155.50      4       0.00600        258.1892
    155.50      5       0.00800        264.4489
    155.50      6       0.01000        271.7512
    155.50      7       0.01200        279.6066

    155.60      1       0.00000        249.3978
    155.60      2       0.00200        250.4236
    155.60      3       0.00400        253.4324
    155.60      4       0.00600        258.2225
    155.60      5       0.00800        264.4726
    155.60      6       0.01000        271.7638
    155.60      7       0.01200        279.6072

    155.70      1       0.00000        249.4444
    155.70      2       0.00200        250.4687
    155.70      3       0.00400        253.4730
    155.70      4       0.00600        258.2557
    155.70      5       0.00800        264.4963
    155.70      6       0.01000        271.7764
    155.70      7       0.01200        279.6078

    155.80      1       0.00000        249.4911
    155.80      2       0.00200        250.5138
    155.80      3       0.00400        253.5134
    155.80      4       0.00600        258.2889
    155.80      5       0.00800        264.5200
    155.80      6       0.01000        271.7889
    155.80      7       0.01200        279.6084

    155.90      1       0.00000        249.5376
    155.90      2       0.00200        250.5588
    155.90      3       0.00400        253.5539
    155.90      4       0.00600        258.3220
    155.90      5       0.00800        264.5436
    155.90      6       0.01000        271.8014
    155.90      7       0.01200        279.6090

    156.00      1       0.00000        249.5841
    156.00      2       0.00200        250.6037
    156.00      3       0.00400        253.5942
    156.00      4       0.00600        258.3551
    156.00      5       0.00800        264.5672
    156.00      6       0.01000        271.8140
    156.00      7       0.01200        279.6096

    156.10      1       0.00000        249.6305
    156.10      2       0.00200        250.6485
    156.10      3       0.00400        253.6345
    156.10      4       0.00600        258.3881
    156.10      5       0.00800        264.5907
    156.10      6       0.01000        271.8264
    156.10      7       0.01200        279.6102

    156.20      1       0.00000        249.6768
    156.20      2       0.00200        250.6933
    156.20      3       0.00400        253.6747
    156.20      4       0.00600        258.4211
    156.20      5       0.00800        264.6142
    156.20      6       0.01000        271.8389
    156.20      7       0.01200        279.6108

    156.30      1       0.00000        249.7231
    156.30      2       0.00200        250.7380
    156.30      3       0.00400        253.7149
    156.30      4       0.00600        258.4540
    156.30      5       0.00800        264.6377
    156.30      6       0.01000        271.8514
    156.30      7       0.01200        279.6113

    156.40      1       0.00000        249.7693
    156.40      2       0.00200        250.7827
    156.40      3       0.00400        253.7550
    156.40      4       0.00600        258.4869
    156.40      5       0.00800        264.6611
    156.40      6       0.01000        271.8638
    156.40      7       0.01200        279.6119

    156.50      1       0.00000        249.8154
    156.50      2       0.00200        250.8272
    156.50      3       0.00400        253.7950
    156.50      4       0.00600        258.5197
    156.50      5       0.00800        264.6845
    156.50      6       0.01000        271.8762
    156.50      7       0.01200        279.6125

    156.60      1       0.00000        249.8614
    156.60      2       0.00200        250.8718
    156.60      3       0.00400        253.8350
    156.60      4       0.00600        258.5525
    156.60      5       0.00800        264.7079
    156.60      6       0.01000        271.8886
    156.60      7       0.01200        279.6131

    156.70      1       0.00000        249.9074
    156.70      2       0.00200        250.9162
    156.70      3       0.00400        253.8749
    156.70      4       0.00600        258.5852
    156.70      5       0.00800        264.7312
    156.70      6       0.01000        271.9010
    156.70      7       0.01200        279.6137

    156.80      1       0.00000        249.9533
    156.80      2       0.00200        250.9606
    156.80      3       0.00400        253.9148
    156.80      4       0.00600        258.6179
    156.80      5       0.00800        264.7545
    156.80      6       0.01000        271.9133
    156.80      7       0.01200        279.6143

    156.90      1       0.00000        249.9992
    156.90      2       0.00200        251.0049
    156.90      3       0.00400        253.9546
    156.90      4       0.00600        258.6505
    156.90      5       0.00800        264.7778
    156.90      6       0.01000        271.9257
    156.90      7       0.01200        279.6149

    157.00      1       0.00000        250.0449
    157.00      2       0.00200        251.0491
    157.00      3       0.00400        253.9943
    157.00      4       0.00600        258.6830
    157.00      5       0.00800        264.8010
    157.00      6       0.01000        271.9380
    157.00      7       0.01200        279.6155

    157.10      1       0.00000        250.0906
    157.10      2       0.00200        251.0933
    157.10      3       0.00400        254.0340
    157.10      4       0.00600        258.7156
    157.10      5       0.00800        264.8242
    157.10      6       0.01000        271.9503
    157.10      7       0.01200        279.6161

    157.20      1       0.00000        250.1363
    157.20      2       0.00200        251.1374
    157.20      3       0.00400        254.0736
    157.20      4       0.00600        258.7480
    157.20      5       0.00800        264.8473
    157.20      6       0.01000        271.9626
    157.20      7       0.01200        279.6167

    157.30      1       0.00000        250.1818
    157.30      2       0.00200        251.1814
    157.30      3       0.00400        254.1131
    157.30      4       0.00600        258.7805
    157.30      5       0.00800        264.8705
    157.30      6       0.01000        271.9748
    157.30      7       0.01200        279.6172

    157.40      1       0.00000        250.2273
    157.40      2       0.00200        251.2254
    157.40      3       0.00400        254.1526
    157.40      4       0.00600        258.8128
    157.40      5       0.00800        264.8935
    157.40      6       0.01000        271.9871
    157.40      7       0.01200        279.6178

    157.50      1       0.00000        250.2727
    157.50      2       0.00200        251.2693
    157.50      3       0.00400        254.1921
    157.50      4       0.00600        258.8452
    157.50      5       0.00800        264.9166
    157.50      6       0.01000        271.9993
    157.50      7       0.01200        279.6184

    157.60      1       0.00000        250.3181
    157.60      2       0.00200        251.3131
    157.60      3       0.00400        254.2314
    157.60      4       0.00600        258.8774
    157.60      5       0.00800        264.9396
    157.60      6       0.01000        272.0115
    157.60      7       0.01200        279.6190

    157.70      1       0.00000        250.3634
    157.70      2       0.00200        251.3569
    157.70      3       0.00400        254.2707
    157.70      4       0.00600        258.9097
    157.70      5       0.00800        264.9626
    157.70      6       0.01000        272.0237
    157.70      7       0.01200        279.6196

    157.80      1       0.00000        250.4086
    157.80      2       0.00200        251.4006
    157.80      3       0.00400        254.3100
    157.80      4       0.00600        258.9418
    157.80      5       0.00800        264.9855
    157.80      6       0.01000        272.0359
    157.80      7       0.01200        279.6201

    157.90      1       0.00000        250.4537
    157.90      2       0.00200        251.4442
    157.90      3       0.00400        254.3492
    157.90      4       0.00600        258.9740
    157.90      5       0.00800        265.0084
    157.90      6       0.01000        272.0480
    157.90      7       0.01200        279.6207

    158.00      1       0.00000        250.4988
    158.00      2       0.00200        251.4877
    158.00      3       0.00400        254.3883
    158.00      4       0.00600        259.0060
    158.00      5       0.00800        265.0313
    158.00      6       0.01000        272.0601
    158.00      7       0.01200        279.6213

    158.10      1       0.00000        250.5438
    158.10      2       0.00200        251.5312
    158.10      3       0.00400        254.4274
    158.10      4       0.00600        259.0381
    158.10      5       0.00800        265.0541
    158.10      6       0.01000        272.0722
    158.10      7       0.01200        279.6219

    158.20      1       0.00000        250.5887
    158.20      2       0.00200        251.5747
    158.20      3       0.00400        254.4664
    158.20      4       0.00600        259.0700
    158.20      5       0.00800        265.0769
    158.20      6       0.01000        272.0843
    158.20      7       0.01200        279.6225

    158.30      1       0.00000        250.6336
    158.30      2       0.00200        251.6180
    158.30      3       0.00400        254.5054
    158.30      4       0.00600        259.1020
    158.30      5       0.00800        265.0997
    158.30      6       0.01000        272.0964
    158.30      7       0.01200        279.6230

    158.40      1       0.00000        250.6784
    158.40      2       0.00200        251.6613
    158.40      3       0.00400        254.5443
    158.40      4       0.00600        259.1339
    158.40      5       0.00800        265.1224
    158.40      6       0.01000        272.1085
    158.40      7       0.01200        279.6236

    158.50      1       0.00000        250.7231
    158.50      2       0.00200        251.7046
    158.50      3       0.00400        254.5831
    158.50      4       0.00600        259.1657
    158.50      5       0.00800        265.1451
    158.50      6       0.01000        272.1205
    158.50      7       0.01200        279.6242

    158.60      1       0.00000        250.7678
    158.60      2       0.00200        251.7477
    158.60      3       0.00400        254.6219
    158.60      4       0.00600        259.1975
    158.60      5       0.00800        265.1678
    158.60      6       0.01000        272.1325
    158.60      7       0.01200        279.6248

    158.70      1       0.00000        250.8124
    158.70      2       0.00200        251.7908
    158.70      3       0.00400        254.6606
    158.70      4       0.00600        259.2292
    158.70      5       0.00800        265.1904
    158.70      6       0.01000        272.1445
    158.70      7       0.01200        279.6253

    158.80      1       0.00000        250.8569
    158.80      2       0.00200        251.8339
    158.80      3       0.00400        254.6992
    158.80      4       0.00600        259.2609
    158.80      5       0.00800        265.2130
    158.80      6       0.01000        272.1565
    158.80      7       0.01200        279.6259

    158.90      1       0.00000        250.9014
    158.90      2       0.00200        251.8769
    158.90      3       0.00400        254.7378
    158.90      4       0.00600        259.2925
    158.90      5       0.00800        265.2356
    158.90      6       0.01000        272.1685
    158.90      7       0.01200        279.6265

    159.00      1       0.00000        250.9458
    159.00      2       0.00200        251.9198
    159.00      3       0.00400        254.7764
    159.00      4       0.00600        259.3241
    159.00      5       0.00800        265.2581
    159.00      6       0.01000        272.1804
    159.00      7       0.01200        279.6270

    159.10      1       0.00000        250.9901
    159.10      2       0.00200        251.9626
    159.10      3       0.00400        254.8149
    159.10      4       0.00600        259.3557
    159.10      5       0.00800        265.2806
    159.10      6       0.01000        272.1924
    159.10      7       0.01200        279.6276

    159.20      1       0.00000        251.0344
    159.20      2       0.00200        252.0054
    159.20      3       0.00400        254.8533
    159.20      4       0.00600        259.3872
    159.20      5       0.00800        265.3030
    159.20      6       0.01000        272.2043
    159.20      7       0.01200        279.6282

    159.30      1       0.00000        251.0786
    159.30      2       0.00200        252.0481
    159.30      3       0.00400        254.8916
    159.30      4       0.00600        259.4186
    159.30      5       0.00800        265.3255
    159.30      6       0.01000        272.2162
    159.30      7       0.01200        279.6287

    159.40      1       0.00000        251.1227
    159.40      2       0.00200        252.0907
    159.40      3       0.00400        254.9300
    159.40      4       0.00600        259.4500
    159.40      5       0.00800        265.3478
    159.40      6       0.01000        272.2280
    159.40      7       0.01200        279.6293

    159.50      1       0.00000        251.1667
    159.50      2       0.00200        252.1333
    159.50      3       0.00400        254.9682
    159.50      4       0.00600        259.4814
    159.50      5       0.00800        265.3702
    159.50      6       0.01000        272.2399
    159.50      7       0.01200        279.6299

    159.60      1       0.00000        251.2107
    159.60      2       0.00200        252.1758
    159.60      3       0.00400        255.0064
    159.60      4       0.00600        259.5127
    159.60      5       0.00800        265.3925
    159.60      6       0.01000        272.2517
    159.60      7       0.01200        279.6304

    159.70      1       0.00000        251.2546
    159.70      2       0.00200        252.2183
    159.70      3       0.00400        255.0445
    159.70      4       0.00600        259.5439
    159.70      5       0.00800        265.4148
    159.70      6       0.01000        272.2636
    159.70      7       0.01200        279.6310

    159.80      1       0.00000        251.2985
    159.80      2       0.00200        252.2606
    159.80      3       0.00400        255.0826
    159.80      4       0.00600        259.5751
    159.80      5       0.00800        265.4371
    159.80      6       0.01000        272.2754
    159.80      7       0.01200        279.6316

    159.90      1       0.00000        251.3423
    159.90      2       0.00200        252.3030
    159.90      3       0.00400        255.1206
    159.90      4       0.00600        259.6063
    159.90      5       0.00800        265.4593
    159.90      6       0.01000        272.2871
    159.90      7       0.01200        279.6321

    160.00      1       0.00000        251.3860
    160.00      2       0.00200        252.3452
    160.00      3       0.00400        255.1586
    160.00      4       0.00600        259.6374
    160.00      5       0.00800        265.4815
    160.00      6       0.01000        272.2989
    160.00      7       0.01200        279.6327

    160.10      1       0.00000        251.4297
    160.10      2       0.00200        252.3874
    160.10      3       0.00400        255.1965
    160.10      4       0.00600        259.6685
    160.10      5       0.00800        265.5036
    160.10      6       0.01000        272.3107
    160.10      7       0.01200        279.6333

    160.20      1       0.00000        251.4732
    160.20      2       0.00200        252.4295
    160.20      3       0.00400        255.2343
    160.20      4       0.00600        259.6995
    160.20      5       0.00800        265.5257
    160.20      6       0.01000        272.3224
    160.20      7       0.01200        279.6338

    160.30      1       0.00000        251.5168
    160.30      2       0.00200        252.4716
    160.30      3       0.00400        255.2721
    160.30      4       0.00600        259.7305
    160.30      5       0.00800        265.5478
    160.30      6       0.01000        272.3341
    160.30      7       0.01200        279.6344

    160.40      1       0.00000        251.5602
    160.40      2       0.00200        252.5136
    160.40      3       0.00400        255.3098
    160.40      4       0.00600        259.7614
    160.40      5       0.00800        265.5699
    160.40      6       0.01000        272.3458
    160.40      7       0.01200        279.6349

    160.50      1       0.00000        251.6036
    160.50      2       0.00200        252.5555
    160.50      3       0.00400        255.3475
    160.50      4       0.00600        259.7923
    160.50      5       0.00800        265.5919
    160.50      6       0.01000        272.3575
    160.50      7       0.01200        279.6355

    160.60      1       0.00000        251.6469
    160.60      2       0.00200        252.5974
    160.60      3       0.00400        255.3851
    160.60      4       0.00600        259.8231
    160.60      5       0.00800        265.6138
    160.60      6       0.01000        272.3691
    160.60      7       0.01200        279.6360

    160.70      1       0.00000        251.6902
    160.70      2       0.00200        252.6392
    160.70      3       0.00400        255.4226
    160.70      4       0.00600        259.8539
    160.70      5       0.00800        265.6358
    160.70      6       0.01000        272.3808
    160.70      7       0.01200        279.6366

    160.80      1       0.00000        251.7334
    160.80      2       0.00200        252.6809
    160.80      3       0.00400        255.4601
    160.80      4       0.00600        259.8846
    160.80      5       0.00800        265.6577
    160.80      6       0.01000        272.3924
    160.80      7       0.01200        279.6372

    160.90      1       0.00000        251.7765
    160.90      2       0.00200        252.7226
    160.90      3       0.00400        255.4976
    160.90      4       0.00600        259.9153
    160.90      5       0.00800        265.6796
    160.90      6       0.01000        272.4040
    160.90      7       0.01200        279.6377

    161.00      1       0.00000        251.8195
    161.00      2       0.00200        252.7642
    161.00      3       0.00400        255.5349
    161.00      4       0.00600        259.9459
    161.00      5       0.00800        265.7014
    161.00      6       0.01000        272.4156
    161.00      7       0.01200        279.6383

    161.10      1       0.00000        251.8625
    161.10      2       0.00200        252.8058
    161.10      3       0.00400        255.5723
    161.10      4       0.00600        259.9765
    161.10      5       0.00800        265.7233
    161.10      6       0.01000        272.4272
    161.10      7       0.01200        279.6388

    161.20      1       0.00000        251.9055
    161.20      2       0.00200        252.8473
    161.20      3       0.00400        255.6095
    161.20      4       0.00600        260.0071
    161.20      5       0.00800        265.7450
    161.20      6       0.01000        272.4387
    161.20      7       0.01200        279.6394

    161.30      1       0.00000        251.9483
    161.30      2       0.00200        252.8887
    161.30      3       0.00400        255.6467
    161.30      4       0.00600        260.0376
    161.30      5       0.00800        265.7668
    161.30      6       0.01000        272.4503
    161.30      7       0.01200        279.6399

    161.40      1       0.00000        251.9911
    161.40      2       0.00200        252.9301
    161.40      3       0.00400        255.6839
    161.40      4       0.00600        260.0680
    161.40      5       0.00800        265.7885
    161.40      6       0.01000        272.4618
    161.40      7       0.01200        279.6405

    161.50      1       0.00000        252.0339
    161.50      2       0.00200        252.9714
    161.50      3       0.00400        255.7210
    161.50      4       0.00600        260.0984
    161.50      5       0.00800        265.8102
    161.50      6       0.01000        272.4733
    161.50      7       0.01200        279.6410

    161.60      1       0.00000        252.0765
    161.60      2       0.00200        253.0126
    161.60      3       0.00400        255.7580
    161.60      4       0.00600        260.1288
    161.60      5       0.00800        265.8318
    161.60      6       0.01000        272.4848
    161.60      7       0.01200        279.6416

    161.70      1       0.00000        252.1191
    161.70      2       0.00200        253.0538
    161.70      3       0.00400        255.7950
    161.70      4       0.00600        260.1591
    161.70      5       0.00800        265.8534
    161.70      6       0.01000        272.4962
    161.70      7       0.01200        279.6421

    161.80      1       0.00000        252.1617
    161.80      2       0.00200        253.0949
    161.80      3       0.00400        255.8319
    161.80      4       0.00600        260.1894
    161.80      5       0.00800        265.8750
    161.80      6       0.01000        272.5077
    161.80      7       0.01200        279.6427

    161.90      1       0.00000        252.2041
    161.90      2       0.00200        253.1359
    161.90      3       0.00400        255.8688
    161.90      4       0.00600        260.2196
    161.90      5       0.00800        265.8966
    161.90      6       0.01000        272.5191
    161.90      7       0.01200        279.6432

    162.00      1       0.00000        252.2465
    162.00      2       0.00200        253.1769
    162.00      3       0.00400        255.9056
    162.00      4       0.00600        260.2498
    162.00      5       0.00800        265.9181
    162.00      6       0.01000        272.5305
    162.00      7       0.01200        279.6437

    162.10      1       0.00000        252.2889
    162.10      2       0.00200        253.2178
    162.10      3       0.00400        255.9424
    162.10      4       0.00600        260.2799
    162.10      5       0.00800        265.9396
    162.10      6       0.01000        272.5419
    162.10      7       0.01200        279.6443

    162.20      1       0.00000        252.3311
    162.20      2       0.00200        253.2587
    162.20      3       0.00400        255.9791
    162.20      4       0.00600        260.3100
    162.20      5       0.00800        265.9610
    162.20      6       0.01000        272.5533
    162.20      7       0.01200        279.6448

    162.30      1       0.00000        252.3734
    162.30      2       0.00200        253.2995
    162.30      3       0.00400        256.0157
    162.30      4       0.00600        260.3400
    162.30      5       0.00800        265.9824
    162.30      6       0.01000        272.5646
    162.30      7       0.01200        279.6454

    162.40      1       0.00000        252.4155
    162.40      2       0.00200        253.3402
    162.40      3       0.00400        256.0523
    162.40      4       0.00600        260.3700
    162.40      5       0.00800        266.0038
    162.40      6       0.01000        272.5760
    162.40      7       0.01200        279.6459

    162.50      1       0.00000        252.4576
    162.50      2       0.00200        253.3809
    162.50      3       0.00400        256.0889
    162.50      4       0.00600        260.4000
    162.50      5       0.00800        266.0252
    162.50      6       0.01000        272.5873
    162.50      7       0.01200        279.6465

    162.60      1       0.00000        252.4996
    162.60      2       0.00200        253.4215
    162.60      3       0.00400        256.1253
    162.60      4       0.00600        260.4299
    162.60      5       0.00800        266.0465
    162.60      6       0.01000        272.5986
    162.60      7       0.01200        279.6470

    162.70      1       0.00000        252.5416
    162.70      2       0.00200        253.4620
    162.70      3       0.00400        256.1618
    162.70      4       0.00600        260.4597
    162.70      5       0.00800        266.0678
    162.70      6       0.01000        272.6099
    162.70      7       0.01200        279.6475

    162.80      1       0.00000        252.5834
    162.80      2       0.00200        253.5025
    162.80      3       0.00400        256.1981
    162.80      4       0.00600        260.4895
    162.80      5       0.00800        266.0890
    162.80      6       0.01000        272.6212
    162.80      7       0.01200        279.6481

    162.90      1       0.00000        252.6253
    162.90      2       0.00200        253.5429
    162.90      3       0.00400        256.2344
    162.90      4       0.00600        260.5193
    162.90      5       0.00800        266.1103
    162.90      6       0.01000        272.6325
    162.90      7       0.01200        279.6486

    163.00      1       0.00000        252.6670
    163.00      2       0.00200        253.5833
    163.00      3       0.00400        256.2707
    163.00      4       0.00600        260.5490
    163.00      5       0.00800        266.1314
    163.00      6       0.01000        272.6437
    163.00      7       0.01200        279.6491

    163.10      1       0.00000        252.7087
    163.10      2       0.00200        253.6236
    163.10      3       0.00400        256.3069
    163.10      4       0.00600        260.5787
    163.10      5       0.00800        266.1526
    163.10      6       0.01000        272.6549
    163.10      7       0.01200        279.6497

    163.20      1       0.00000        252.7504
    163.20      2       0.00200        253.6639
    163.20      3       0.00400        256.3430
    163.20      4       0.00600        260.6083
    163.20      5       0.00800        266.1737
    163.20      6       0.01000        272.6661
    163.20      7       0.01200        279.6502

    163.30      1       0.00000        252.7919
    163.30      2       0.00200        253.7040
    163.30      3       0.00400        256.3791
    163.30      4       0.00600        260.6379
    163.30      5       0.00800        266.1948
    163.30      6       0.01000        272.6773
    163.30      7       0.01200        279.6507

    163.40      1       0.00000        252.8335
    163.40      2       0.00200        253.7441
    163.40      3       0.00400        256.4152
    163.40      4       0.00600        260.6675
    163.40      5       0.00800        266.2159
    163.40      6       0.01000        272.6885
    163.40      7       0.01200        279.6513

    163.50      1       0.00000        252.8749
    163.50      2       0.00200        253.7842
    163.50      3       0.00400        256.4512
    163.50      4       0.00600        260.6969
    163.50      5       0.00800        266.2369
    163.50      6       0.01000        272.6996
    163.50      7       0.01200        279.6518

    163.60      1       0.00000        252.9163
    163.60      2       0.00200        253.8242
    163.60      3       0.00400        256.4871
    163.60      4       0.00600        260.7264
    163.60      5       0.00800        266.2579
    163.60      6       0.01000        272.7108
    163.60      7       0.01200        279.6523

    163.70      1       0.00000        252.9576
    163.70      2       0.00200        253.8641
    163.70      3       0.00400        256.5230
    163.70      4       0.00600        260.7558
    163.70      5       0.00800        266.2789
    163.70      6       0.01000        272.7219
    163.70      7       0.01200        279.6529

    163.80      1       0.00000        252.9989
    163.80      2       0.00200        253.9040
    163.80      3       0.00400        256.5588
    163.80      4       0.00600        260.7852
    163.80      5       0.00800        266.2998
    163.80      6       0.01000        272.7330
    163.80      7       0.01200        279.6534

    163.90      1       0.00000        253.0400
    163.90      2       0.00200        253.9438
    163.90      3       0.00400        256.5945
    163.90      4       0.00600        260.8145
    163.90      5       0.00800        266.3207
    163.90      6       0.01000        272.7441
    163.90      7       0.01200        279.6539

    164.00      1       0.00000        253.0812
    164.00      2       0.00200        253.9836
    164.00      3       0.00400        256.6302
    164.00      4       0.00600        260.8437
    164.00      5       0.00800        266.3416
    164.00      6       0.01000        272.7552
    164.00      7       0.01200        279.6545

    164.10      1       0.00000        253.1222
    164.10      2       0.00200        254.0233
    164.10      3       0.00400        256.6659
    164.10      4       0.00600        260.8730
    164.10      5       0.00800        266.3624
    164.10      6       0.01000        272.7662
    164.10      7       0.01200        279.6550

    164.20      1       0.00000        253.1632
    164.20      2       0.00200        254.0629
    164.20      3       0.00400        256.7015
    164.20      4       0.00600        260.9021
    164.20      5       0.00800        266.3832
    164.20      6       0.01000        272.7772
    164.20      7       0.01200        279.6555

    164.30      1       0.00000        253.2042
    164.30      2       0.00200        254.1025
    164.30      3       0.00400        256.7370
    164.30      4       0.00600        260.9313
    164.30      5       0.00800        266.4040
    164.30      6       0.01000        272.7883
    164.30      7       0.01200        279.6560

    164.40      1       0.00000        253.2451
    164.40      2       0.00200        254.1420
    164.40      3       0.00400        256.7725
    164.40      4       0.00600        260.9604
    164.40      5       0.00800        266.4247
    164.40      6       0.01000        272.7993
    164.40      7       0.01200        279.6566

    164.50      1       0.00000        253.2859
    164.50      2       0.00200        254.1814
    164.50      3       0.00400        256.8080
    164.50      4       0.00600        260.9894
    164.50      5       0.00800        266.4454
    164.50      6       0.01000        272.8102
    164.50      7       0.01200        279.6571

    164.60      1       0.00000        253.3266
    164.60      2       0.00200        254.2208
    164.60      3       0.00400        256.8433
    164.60      4       0.00600        261.0184
    164.60      5       0.00800        266.4661
    164.60      6       0.01000        272.8212
    164.60      7       0.01200        279.6576

    164.70      1       0.00000        253.3673
    164.70      2       0.00200        254.2601
    164.70      3       0.00400        256.8787
    164.70      4       0.00600        261.0474
    164.70      5       0.00800        266.4868
    164.70      6       0.01000        272.8322
    164.70      7       0.01200        279.6581

    164.80      1       0.00000        253.4080
    164.80      2       0.00200        254.2994
    164.80      3       0.00400        256.9139
    164.80      4       0.00600        261.0763
    164.80      5       0.00800        266.5074
    164.80      6       0.01000        272.8431
    164.80      7       0.01200        279.6587

    164.90      1       0.00000        253.4485
    164.90      2       0.00200        254.3386
    164.90      3       0.00400        256.9492
    164.90      4       0.00600        261.1052
    164.90      5       0.00800        266.5280
    164.90      6       0.01000        272.8540
    164.90      7       0.01200        279.6592

    165.00      1       0.00000        253.4890
    165.00      2       0.00200        254.3778
    165.00      3       0.00400        256.9843
    165.00      4       0.00600        261.1340
    165.00      5       0.00800        266.5485
    165.00      6       0.01000        272.8649
    165.00      7       0.01200        279.6597

    165.10      1       0.00000        253.5295
    165.10      2       0.00200        254.4168
    165.10      3       0.00400        257.0194
    165.10      4       0.00600        261.1628
    165.10      5       0.00800        266.5690
    165.10      6       0.01000        272.8758
    165.10      7       0.01200        279.6602

    165.20      1       0.00000        253.5699
    165.20      2       0.00200        254.4559
    165.20      3       0.00400        257.0545
    165.20      4       0.00600        261.1915
    165.20      5       0.00800        266.5895
    165.20      6       0.01000        272.8867
    165.20      7       0.01200        279.6607

    165.30      1       0.00000        253.6102
    165.30      2       0.00200        254.4948
    165.30      3       0.00400        257.0895
    165.30      4       0.00600        261.2202
    165.30      5       0.00800        266.6100
    165.30      6       0.01000        272.8975
    165.30      7       0.01200        279.6612

    165.40      1       0.00000        253.6505
    165.40      2       0.00200        254.5338
    165.40      3       0.00400        257.1245
    165.40      4       0.00600        261.2489
    165.40      5       0.00800        266.6304
    165.40      6       0.01000        272.9084
    165.40      7       0.01200        279.6618

    165.50      1       0.00000        253.6906
    165.50      2       0.00200        254.5726
    165.50      3       0.00400        257.1594
    165.50      4       0.00600        261.2775
    165.50      5       0.00800        266.6508
    165.50      6       0.01000        272.9192
    165.50      7       0.01200        279.6623

    165.60      1       0.00000        253.7308
    165.60      2       0.00200        254.6114
    165.60      3       0.00400        257.1942
    165.60      4       0.00600        261.3060
    165.60      5       0.00800        266.6712
    165.60      6       0.01000        272.9300
    165.60      7       0.01200        279.6628

    165.70      1       0.00000        253.7709
    165.70      2       0.00200        254.6501
    165.70      3       0.00400        257.2290
    165.70      4       0.00600        261.3345
    165.70      5       0.00800        266.6915
    165.70      6       0.01000        272.9408
    165.70      7       0.01200        279.6633

    165.80      1       0.00000        253.8109
    165.80      2       0.00200        254.6888
    165.80      3       0.00400        257.2637
    165.80      4       0.00600        261.3630
    165.80      5       0.00800        266.7118
    165.80      6       0.01000        272.9515
    165.80      7       0.01200        279.6638

    165.90      1       0.00000        253.8508
    165.90      2       0.00200        254.7274
    165.90      3       0.00400        257.2984
    165.90      4       0.00600        261.3914
    165.90      5       0.00800        266.7321
    165.90      6       0.01000        272.9623
    165.90      7       0.01200        279.6643

    166.00      1       0.00000        253.8907
    166.00      2       0.00200        254.7660
    166.00      3       0.00400        257.3331
    166.00      4       0.00600        261.4198
    166.00      5       0.00800        266.7523
    166.00      6       0.01000        272.9730
    166.00      7       0.01200        279.6648

    166.10      1       0.00000        253.9306
    166.10      2       0.00200        254.8045
    166.10      3       0.00400        257.3676
    166.10      4       0.00600        261.4482
    166.10      5       0.00800        266.7725
    166.10      6       0.01000        272.9837
    166.10      7       0.01200        279.6654

    166.20      1       0.00000        253.9703
    166.20      2       0.00200        254.8429
    166.20      3       0.00400        257.4022
    166.20      4       0.00600        261.4765
    166.20      5       0.00800        266.7927
    166.20      6       0.01000        272.9945
    166.20      7       0.01200        279.6659

    166.30      1       0.00000        254.0100
    166.30      2       0.00200        254.8813
    166.30      3       0.00400        257.4366
    166.30      4       0.00600        261.5047
    166.30      5       0.00800        266.8129
    166.30      6       0.01000        273.0051
    166.30      7       0.01200        279.6664

    166.40      1       0.00000        254.0497
    166.40      2       0.00200        254.9196
    166.40      3       0.00400        257.4711
    166.40      4       0.00600        261.5330
    166.40      5       0.00800        266.8330
    166.40      6       0.01000        273.0158
    166.40      7       0.01200        279.6669

    166.50      1       0.00000        254.0893
    166.50      2       0.00200        254.9579
    166.50      3       0.00400        257.5054
    166.50      4       0.00600        261.5611
    166.50      5       0.00800        266.8531
    166.50      6       0.01000        273.0265
    166.50      7       0.01200        279.6674

    166.60      1       0.00000        254.1288
    166.60      2       0.00200        254.9961
    166.60      3       0.00400        257.5397
    166.60      4       0.00600        261.5893
    166.60      5       0.00800        266.8731
    166.60      6       0.01000        273.0371
    166.60      7       0.01200        279.6679

    166.70      1       0.00000        254.1683
    166.70      2       0.00200        255.0342
    166.70      3       0.00400        257.5740
    166.70      4       0.00600        261.6174
    166.70      5       0.00800        266.8932
    166.70      6       0.01000        273.0477
    166.70      7       0.01200        279.6684

    166.80      1       0.00000        254.2077
    166.80      2       0.00200        255.0723
    166.80      3       0.00400        257.6082
    166.80      4       0.00600        261.6454
    166.80      5       0.00800        266.9132
    166.80      6       0.01000        273.0583
    166.80      7       0.01200        279.6689

    166.90      1       0.00000        254.2470
    166.90      2       0.00200        255.1103
    166.90      3       0.00400        257.6424
    166.90      4       0.00600        261.6734
    166.90      5       0.00800        266.9331
    166.90      6       0.01000        273.0689
    166.90      7       0.01200        279.6694

    167.00      1       0.00000        254.2863
    167.00      2       0.00200        255.1483
    167.00      3       0.00400        257.6765
    167.00      4       0.00600        261.7014
    167.00      5       0.00800        266.9531
    167.00      6       0.01000        273.0795
    167.00      7       0.01200        279.6699

    167.10      1       0.00000        254.3256
    167.10      2       0.00200        255.1862
    167.10      3       0.00400        257.7105
    167.10      4       0.00600        261.7293
    167.10      5       0.00800        266.9730
    167.10      6       0.01000        273.0901
    167.10      7       0.01200        279.6704

    167.20      1       0.00000        254.3647
    167.20      2       0.00200        255.2241
    167.20      3       0.00400        257.7446
    167.20      4       0.00600        261.7571
    167.20      5       0.00800        266.9928
    167.20      6       0.01000        273.1006
    167.20      7       0.01200        279.6709

    167.30      1       0.00000        254.4038
    167.30      2       0.00200        255.2619
    167.30      3       0.00400        257.7785
    167.30      4       0.00600        261.7850
    167.30      5       0.00800        267.0127
    167.30      6       0.01000        273.1111
    167.30      7       0.01200        279.6714

    167.40      1       0.00000        254.4429
    167.40      2       0.00200        255.2996
    167.40      3       0.00400        257.8124
    167.40      4       0.00600        261.8128
    167.40      5       0.00800        267.0325
    167.40      6       0.01000        273.1216
    167.40      7       0.01200        279.6719

    167.50      1       0.00000        254.4819
    167.50      2       0.00200        255.3373
    167.50      3       0.00400        257.8463
    167.50      4       0.00600        261.8405
    167.50      5       0.00800        267.0523
    167.50      6       0.01000        273.1321
    167.50      7       0.01200        279.6724

    167.60      1       0.00000        254.5208
    167.60      2       0.00200        255.3749
    167.60      3       0.00400        257.8801
    167.60      4       0.00600        261.8682
    167.60      5       0.00800        267.0720
    167.60      6       0.01000        273.1426
    167.60      7       0.01200        279.6729

    167.70      1       0.00000        254.5597
    167.70      2       0.00200        255.4125
    167.70      3       0.00400        257.9138
    167.70      4       0.00600        261.8959
    167.70      5       0.00800        267.0918
    167.70      6       0.01000        273.1531
    167.70      7       0.01200        279.6734

    167.80      1       0.00000        254.5985
    167.80      2       0.00200        255.4500
    167.80      3       0.00400        257.9475
    167.80      4       0.00600        261.9235
    167.80      5       0.00800        267.1114
    167.80      6       0.01000        273.1635
    167.80      7       0.01200        279.6739

    167.90      1       0.00000        254.6372
    167.90      2       0.00200        255.4875
    167.90      3       0.00400        257.9811
    167.90      4       0.00600        261.9511
    167.90      5       0.00800        267.1311
    167.90      6       0.01000        273.1739
    167.90      7       0.01200        279.6744

    168.00      1       0.00000        254.6759
    168.00      2       0.00200        255.5249
    168.00      3       0.00400        258.0147
    168.00      4       0.00600        261.9786
    168.00      5       0.00800        267.1507
    168.00      6       0.01000        273.1844
    168.00      7       0.01200        279.6749

    168.10      1       0.00000        254.7146
    168.10      2       0.00200        255.5622
    168.10      3       0.00400        258.0483
    168.10      4       0.00600        262.0061
    168.10      5       0.00800        267.1703
    168.10      6       0.01000        273.1948
    168.10      7       0.01200        279.6754

    168.20      1       0.00000        254.7531
    168.20      2       0.00200        255.5995
    168.20      3       0.00400        258.0818
    168.20      4       0.00600        262.0336
    168.20      5       0.00800        267.1899
    168.20      6       0.01000        273.2051
    168.20      7       0.01200        279.6759

    168.30      1       0.00000        254.7917
    168.30      2       0.00200        255.6367
    168.30      3       0.00400        258.1152
    168.30      4       0.00600        262.0610
    168.30      5       0.00800        267.2095
    168.30      6       0.01000        273.2155
    168.30      7       0.01200        279.6764

    168.40      1       0.00000        254.8301
    168.40      2       0.00200        255.6739
    168.40      3       0.00400        258.1486
    168.40      4       0.00600        262.0883
    168.40      5       0.00800        267.2290
    168.40      6       0.01000        273.2259
    168.40      7       0.01200        279.6769

    168.50      1       0.00000        254.8685
    168.50      2       0.00200        255.7110
    168.50      3       0.00400        258.1819
    168.50      4       0.00600        262.1157
    168.50      5       0.00800        267.2485
    168.50      6       0.01000        273.2362
    168.50      7       0.01200        279.6774

    168.60      1       0.00000        254.9068
    168.60      2       0.00200        255.7480
    168.60      3       0.00400        258.2152
    168.60      4       0.00600        262.1429
    168.60      5       0.00800        267.2679
    168.60      6       0.01000        273.2465
    168.60      7       0.01200        279.6779

    168.70      1       0.00000        254.9451
    168.70      2       0.00200        255.7850
    168.70      3       0.00400        258.2484
    168.70      4       0.00600        262.1702
    168.70      5       0.00800        267.2873
    168.70      6       0.01000        273.2568
    168.70      7       0.01200        279.6784

    168.80      1       0.00000        254.9834
    168.80      2       0.00200        255.8220
    168.80      3       0.00400        258.2816
    168.80      4       0.00600        262.1974
    168.80      5       0.00800        267.3067
    168.80      6       0.01000        273.2671
    168.80      7       0.01200        279.6789

    168.90      1       0.00000        255.0215
    168.90      2       0.00200        255.8589
    168.90      3       0.00400        258.3148
    168.90      4       0.00600        262.2245
    168.90      5       0.00800        267.3261
    168.90      6       0.01000        273.2774
    168.90      7       0.01200        279.6794

    169.00      1       0.00000        255.0596
    169.00      2       0.00200        255.8957
    169.00      3       0.00400        258.3478
    169.00      4       0.00600        262.2517
    169.00      5       0.00800        267.3454
    169.00      6       0.01000        273.2876
    169.00      7       0.01200        279.6799

    169.10      1       0.00000        255.0977
    169.10      2       0.00200        255.9325
    169.10      3       0.00400        258.3809
    169.10      4       0.00600        262.2787
    169.10      5       0.00800        267.3647
    169.10      6       0.01000        273.2979
    169.10      7       0.01200        279.6803

    169.20      1       0.00000        255.1357
    169.20      2       0.00200        255.9692
    169.20      3       0.00400        258.4139
    169.20      4       0.00600        262.3058
    169.20      5       0.00800        267.3840
    169.20      6       0.01000        273.3081
    169.20      7       0.01200        279.6808

    169.30      1       0.00000        255.1736
    169.30      2       0.00200        256.0058
    169.30      3       0.00400        258.4468
    169.30      4       0.00600        262.3328
    169.30      5       0.00800        267.4033
    169.30      6       0.01000        273.3183
    169.30      7       0.01200        279.6813

    169.40      1       0.00000        255.2115
    169.40      2       0.00200        256.0425
    169.40      3       0.00400        258.4797
    169.40      4       0.00600        262.3597
    169.40      5       0.00800        267.4225
    169.40      6       0.01000        273.3285
    169.40      7       0.01200        279.6818

    169.50      1       0.00000        255.2493
    169.50      2       0.00200        256.0790
    169.50      3       0.00400        258.5125
    169.50      4       0.00600        262.3866
    169.50      5       0.00800        267.4417
    169.50      6       0.01000        273.3387
    169.50      7       0.01200        279.6823

    169.60      1       0.00000        255.2871
    169.60      2       0.00200        256.1155
    169.60      3       0.00400        258.5453
    169.60      4       0.00600        262.4135
    169.60      5       0.00800        267.4608
    169.60      6       0.01000        273.3488
    169.60      7       0.01200        279.6828

    169.70      1       0.00000        255.3248
    169.70      2       0.00200        256.1519
    169.70      3       0.00400        258.5780
    169.70      4       0.00600        262.4403
    169.70      5       0.00800        267.4800
    169.70      6       0.01000        273.3590
    169.70      7       0.01200        279.6833

    169.80      1       0.00000        255.3624
    169.80      2       0.00200        256.1883
    169.80      3       0.00400        258.6107
    169.80      4       0.00600        262.4671
    169.80      5       0.00800        267.4991
    169.80      6       0.01000        273.3691
    169.80      7       0.01200        279.6837

    169.90      1       0.00000        255.4000
    169.90      2       0.00200        256.2246
    169.90      3       0.00400        258.6433
    169.90      4       0.00600        262.4939
    169.90      5       0.00800        267.5181
    169.90      6       0.01000        273.3792
    169.90      7       0.01200        279.6842

    170.00      1       0.00000        255.4375
    170.00      2       0.00200        256.2609
    170.00      3       0.00400        258.6759
    170.00      4       0.00600        262.5206
    170.00      5       0.00800        267.5372
    170.00      6       0.01000        273.3893
    170.00      7       0.01200        279.6847

    170.10      1       0.00000        255.4750
    170.10      2       0.00200        256.2971
    170.10      3       0.00400        258.7084
    170.10      4       0.00600        262.5472
    170.10      5       0.00800        267.5562
    170.10      6       0.01000        273.3994
    170.10      7       0.01200        279.6852

    170.20      1       0.00000        255.5124
    170.20      2       0.00200        256.3333
    170.20      3       0.00400        258.7409
    170.20      4       0.00600        262.5739
    170.20      5       0.00800        267.5752
    170.20      6       0.01000        273.4095
    170.20      7       0.01200        279.6857

    170.30      1       0.00000        255.5498
    170.30      2       0.00200        256.3694
    170.30      3       0.00400        258.7734
    170.30      4       0.00600        262.6005
    170.30      5       0.00800        267.5941
    170.30      6       0.01000        273.4195
    170.30      7       0.01200        279.6861

    170.40      1       0.00000        255.5871
    170.40      2       0.00200        256.4054
    170.40      3       0.00400        258.8057
    170.40      4       0.00600        262.6270
    170.40      5       0.00800        267.6130
    170.40      6       0.01000        273.4296
    170.40      7       0.01200        279.6866

    170.50      1       0.00000        255.6243
    170.50      2       0.00200        256.4414
    170.50      3       0.00400        258.8381
    170.50      4       0.00600        262.6535
    170.50      5       0.00800        267.6319
    170.50      6       0.01000        273.4396
    170.50      7       0.01200        279.6871

    170.60      1       0.00000        255.6615
    170.60      2       0.00200        256.4774
    170.60      3       0.00400        258.8704
    170.60      4       0.00600        262.6800
    170.60      5       0.00800        267.6508
    170.60      6       0.01000        273.4496
    170.60      7       0.01200        279.6876

    170.70      1       0.00000        255.6986
    170.70      2       0.00200        256.5133
    170.70      3       0.00400        258.9026
    170.70      4       0.00600        262.7064
    170.70      5       0.00800        267.6697
    170.70      6       0.01000        273.4596
    170.70      7       0.01200        279.6881

    170.80      1       0.00000        255.7357
    170.80      2       0.00200        256.5491
    170.80      3       0.00400        258.9348
    170.80      4       0.00600        262.7328
    170.80      5       0.00800        267.6885
    170.80      6       0.01000        273.4696
    170.80      7       0.01200        279.6885

    170.90      1       0.00000        255.7727
    170.90      2       0.00200        256.5849
    170.90      3       0.00400        258.9669
    170.90      4       0.00600        262.7591
    170.90      5       0.00800        267.7072
    170.90      6       0.01000        273.4795
    170.90      7       0.01200        279.6890

    171.00      1       0.00000        255.8097
    171.00      2       0.00200        256.6206
    171.00      3       0.00400        258.9990
    171.00      4       0.00600        262.7854
    171.00      5       0.00800        267.7260
    171.00      6       0.01000        273.4895
    171.00      7       0.01200        279.6895

    171.10      1       0.00000        255.8466
    171.10      2       0.00200        256.6563
    171.10      3       0.00400        259.0310
    171.10      4       0.00600        262.8117
    171.10      5       0.00800        267.7447
    171.10      6       0.01000        273.4994
    171.10      7       0.01200        279.6900

    171.20      1       0.00000        255.8834
    171.20      2       0.00200        256.6919
    171.20      3       0.00400        259.0630
    171.20      4       0.00600        262.8379
    171.20      5       0.00800        267.7634
    171.20      6       0.01000        273.5093
    171.20      7       0.01200        279.6904

    171.30      1       0.00000        255.9202
    171.30      2       0.00200        256.7274
    171.30      3       0.00400        259.0950
    171.30      4       0.00600        262.8641
    171.30      5       0.00800        267.7821
    171.30      6       0.01000        273.5192
    171.30      7       0.01200        279.6909

    171.40      1       0.00000        255.9570
    171.40      2       0.00200        256.7629
    171.40      3       0.00400        259.1269
    171.40      4       0.00600        262.8902
    171.40      5       0.00800        267.8007
    171.40      6       0.01000        273.5291
    171.40      7       0.01200        279.6914

    171.50      1       0.00000        255.9936
    171.50      2       0.00200        256.7984
    171.50      3       0.00400        259.1587
    171.50      4       0.00600        262.9163
    171.50      5       0.00800        267.8193
    171.50      6       0.01000        273.5390
    171.50      7       0.01200        279.6918

    171.60      1       0.00000        256.0303
    171.60      2       0.00200        256.8338
    171.60      3       0.00400        259.1905
    171.60      4       0.00600        262.9424
    171.60      5       0.00800        267.8379
    171.60      6       0.01000        273.5489
    171.60      7       0.01200        279.6923

    171.70      1       0.00000        256.0668
    171.70      2       0.00200        256.8691
    171.70      3       0.00400        259.2223
    171.70      4       0.00600        262.9684
    171.70      5       0.00800        267.8565
    171.70      6       0.01000        273.5587
    171.70      7       0.01200        279.6928

    171.80      1       0.00000        256.1033
    171.80      2       0.00200        256.9044
    171.80      3       0.00400        259.2539
    171.80      4       0.00600        262.9944
    171.80      5       0.00800        267.8750
    171.80      6       0.01000        273.5685
    171.80      7       0.01200        279.6932

    171.90      1       0.00000        256.1398
    171.90      2       0.00200        256.9397
    171.90      3       0.00400        259.2856
    171.90      4       0.00600        263.0203
    171.90      5       0.00800        267.8935
    171.90      6       0.01000        273.5783
    171.90      7       0.01200        279.6937

    172.00      1       0.00000        256.1762
    172.00      2       0.00200        256.9748
    172.00      3       0.00400        259.3172
    172.00      4       0.00600        263.0463
    172.00      5       0.00800        267.9120
    172.00      6       0.01000        273.5881
    172.00      7       0.01200        279.6942

    172.10      1       0.00000        256.2125
    172.10      2       0.00200        257.0100
    172.10      3       0.00400        259.3488
    172.10      4       0.00600        263.0721
    172.10      5       0.00800        267.9304
    172.10      6       0.01000        273.5979
    172.10      7       0.01200        279.6947

    172.20      1       0.00000        256.2488
    172.20      2       0.00200        257.0450
    172.20      3       0.00400        259.3803
    172.20      4       0.00600        263.0979
    172.20      5       0.00800        267.9488
    172.20      6       0.01000        273.6077
    172.20      7       0.01200        279.6951

    172.30      1       0.00000        256.2851
    172.30      2       0.00200        257.0801
    172.30      3       0.00400        259.4117
    172.30      4       0.00600        263.1237
    172.30      5       0.00800        267.9672
    172.30      6       0.01000        273.6174
    172.30      7       0.01200        279.6956

    172.40      1       0.00000        256.3212
    172.40      2       0.00200        257.1150
    172.40      3       0.00400        259.4431
    172.40      4       0.00600        263.1495
    172.40      5       0.00800        267.9856
    172.40      6       0.01000        273.6272
    172.40      7       0.01200        279.6960

    172.50      1       0.00000        256.3574
    172.50      2       0.00200        257.1499
    172.50      3       0.00400        259.4745
    172.50      4       0.00600        263.1752
    172.50      5       0.00800        268.0039
    172.50      6       0.01000        273.6369
    172.50      7       0.01200        279.6965

    172.60      1       0.00000        256.3934
    172.60      2       0.00200        257.1848
    172.60      3       0.00400        259.5058
    172.60      4       0.00600        263.2008
    172.60      5       0.00800        268.0222
    172.60      6       0.01000        273.6466
    172.60      7       0.01200        279.6970

    172.70      1       0.00000        256.4295
    172.70      2       0.00200        257.2196
    172.70      3       0.00400        259.5371
    172.70      4       0.00600        263.2265
    172.70      5       0.00800        268.0405
    172.70      6       0.01000        273.6563
    172.70      7       0.01200        279.6974

    172.80      1       0.00000        256.4654
    172.80      2       0.00200        257.2544
    172.80      3       0.00400        259.5683
    172.80      4       0.00600        263.2521
    172.80      5       0.00800        268.0587
    172.80      6       0.01000        273.6660
    172.80      7       0.01200        279.6979

    172.90      1       0.00000        256.5013
    172.90      2       0.00200        257.2891
    172.90      3       0.00400        259.5995
    172.90      4       0.00600        263.2776
    172.90      5       0.00800        268.0769
    172.90      6       0.01000        273.6756
    172.90      7       0.01200        279.6984

    173.00      1       0.00000        256.5372
    173.00      2       0.00200        257.3237
    173.00      3       0.00400        259.6306
    173.00      4       0.00600        263.3031
    173.00      5       0.00800        268.0951
    173.00      6       0.01000        273.6853
    173.00      7       0.01200        279.6988

    173.10      1       0.00000        256.5730
    173.10      2       0.00200        257.3583
    173.10      3       0.00400        259.6617
    173.10      4       0.00600        263.3286
    173.10      5       0.00800        268.1133
    173.10      6       0.01000        273.6949
    173.10      7       0.01200        279.6993

    173.20      1       0.00000        256.6087
    173.20      2       0.00200        257.3928
    173.20      3       0.00400        259.6927
    173.20      4       0.00600        263.3540
    173.20      5       0.00800        268.1314
    173.20      6       0.01000        273.7045
    173.20      7       0.01200        279.6997

    173.30      1       0.00000        256.6444
    173.30      2       0.00200        257.4273
    173.30      3       0.00400        259.7237
    173.30      4       0.00600        263.3794
    173.30      5       0.00800        268.1495
    173.30      6       0.01000        273.7141
    173.30      7       0.01200        279.7002

    173.40      1       0.00000        256.6800
    173.40      2       0.00200        257.4618
    173.40      3       0.00400        259.7546
    173.40      4       0.00600        263.4048
    173.40      5       0.00800        268.1676
    173.40      6       0.01000        273.7237
    173.40      7       0.01200        279.7007

    173.50      1       0.00000        256.7156
    173.50      2       0.00200        257.4962
    173.50      3       0.00400        259.7855
    173.50      4       0.00600        263.4301
    173.50      5       0.00800        268.1857
    173.50      6       0.01000        273.7333
    173.50      7       0.01200        279.7011

    173.60      1       0.00000        256.7511
    173.60      2       0.00200        257.5305
    173.60      3       0.00400        259.8163
    173.60      4       0.00600        263.4554
    173.60      5       0.00800        268.2037
    173.60      6       0.01000        273.7429
    173.60      7       0.01200        279.7016

    173.70      1       0.00000        256.7866
    173.70      2       0.00200        257.5648
    173.70      3       0.00400        259.8471
    173.70      4       0.00600        263.4806
    173.70      5       0.00800        268.2217
    173.70      6       0.01000        273.7524
    173.70      7       0.01200        279.7020

    173.80      1       0.00000        256.8220
    173.80      2       0.00200        257.5990
    173.80      3       0.00400        259.8779
    173.80      4       0.00600        263.5058
    173.80      5       0.00800        268.2396
    173.80      6       0.01000        273.7619
    173.80      7       0.01200        279.7025

    173.90      1       0.00000        256.8574
    173.90      2       0.00200        257.6332
    173.90      3       0.00400        259.9086
    173.90      4       0.00600        263.5310
    173.90      5       0.00800        268.2576
    173.90      6       0.01000        273.7715
    173.90      7       0.01200        279.7029

    174.00      1       0.00000        256.8927
    174.00      2       0.00200        257.6673
    174.00      3       0.00400        259.9392
    174.00      4       0.00600        263.5561
    174.00      5       0.00800        268.2755
    174.00      6       0.01000        273.7810
    174.00      7       0.01200        279.7034

    174.10      1       0.00000        256.9279
    174.10      2       0.00200        257.7014
    174.10      3       0.00400        259.9698
    174.10      4       0.00600        263.5812
    174.10      5       0.00800        268.2934
    174.10      6       0.01000        273.7905
    174.10      7       0.01200        279.7038

    174.20      1       0.00000        256.9631
    174.20      2       0.00200        257.7354
    174.20      3       0.00400        260.0004
    174.20      4       0.00600        263.6062
    174.20      5       0.00800        268.3112
    174.20      6       0.01000        273.7999
    174.20      7       0.01200        279.7043

    174.30      1       0.00000        256.9983
    174.30      2       0.00200        257.7693
    174.30      3       0.00400        260.0309
    174.30      4       0.00600        263.6313
    174.30      5       0.00800        268.3291
    174.30      6       0.01000        273.8094
    174.30      7       0.01200        279.7047

    174.40      1       0.00000        257.0334
    174.40      2       0.00200        257.8033
    174.40      3       0.00400        260.0613
    174.40      4       0.00600        263.6562
    174.40      5       0.00800        268.3469
    174.40      6       0.01000        273.8188
    174.40      7       0.01200        279.7052

    174.50      1       0.00000        257.0684
    174.50      2       0.00200        257.8371
    174.50      3       0.00400        260.0918
    174.50      4       0.00600        263.6812
    174.50      5       0.00800        268.3647
    174.50      6       0.01000        273.8283
    174.50      7       0.01200        279.7056

    174.60      1       0.00000        257.1034
    174.60      2       0.00200        257.8709
    174.60      3       0.00400        260.1221
    174.60      4       0.00600        263.7061
    174.60      5       0.00800        268.3824
    174.60      6       0.01000        273.8377
    174.60      7       0.01200        279.7061

    174.70      1       0.00000        257.1383
    174.70      2       0.00200        257.9047
    174.70      3       0.00400        260.1525
    174.70      4       0.00600        263.7309
    174.70      5       0.00800        268.4001
    174.70      6       0.01000        273.8471
    174.70      7       0.01200        279.7065

    174.80      1       0.00000        257.1732
    174.80      2       0.00200        257.9384
    174.80      3       0.00400        260.1827
    174.80      4       0.00600        263.7557
    174.80      5       0.00800        268.4178
    174.80      6       0.01000        273.8565
    174.80      7       0.01200        279.7070

    174.90      1       0.00000        257.2080
    174.90      2       0.00200        257.9721
    174.90      3       0.00400        260.2130
    174.90      4       0.00600        263.7805
    174.90      5       0.00800        268.4355
    174.90      6       0.01000        273.8658
    174.90      7       0.01200        279.7074

    175.00      1       0.00000        257.2428
    175.00      2       0.00200        258.0057
    175.00      3       0.00400        260.2432
    175.00      4       0.00600        263.8053
    175.00      5       0.00800        268.4531
    175.00      6       0.01000        273.8752
    175.00      7       0.01200        279.7079

    175.10      1       0.00000        257.2775
    175.10      2       0.00200        258.0392
    175.10      3       0.00400        260.2733
    175.10      4       0.00600        263.8300
    175.10      5       0.00800        268.4708
    175.10      6       0.01000        273.8845
    175.10      7       0.01200        279.7083

    175.20      1       0.00000        257.3122
    175.20      2       0.00200        258.0727
    175.20      3       0.00400        260.3034
    175.20      4       0.00600        263.8546
    175.20      5       0.00800        268.4884
    175.20      6       0.01000        273.8939
    175.20      7       0.01200        279.7088

    175.30      1       0.00000        257.3468
    175.30      2       0.00200        258.1062
    175.30      3       0.00400        260.3334
    175.30      4       0.00600        263.8793
    175.30      5       0.00800        268.5059
    175.30      6       0.01000        273.9032
    175.30      7       0.01200        279.7092

    175.40      1       0.00000        257.3813
    175.40      2       0.00200        258.1396
    175.40      3       0.00400        260.3634
    175.40      4       0.00600        263.9039
    175.40      5       0.00800        268.5234
    175.40      6       0.01000        273.9125
    175.40      7       0.01200        279.7097

    175.50      1       0.00000        257.4158
    175.50      2       0.00200        258.1729
    175.50      3       0.00400        260.3934
    175.50      4       0.00600        263.9284
    175.50      5       0.00800        268.5410
    175.50      6       0.01000        273.9218
    175.50      7       0.01200        279.7101

    175.60      1       0.00000        257.4503
    175.60      2       0.00200        258.2062
    175.60      3       0.00400        260.4233
    175.60      4       0.00600        263.9529
    175.60      5       0.00800        268.5584
    175.60      6       0.01000        273.9310
    175.60      7       0.01200        279.7105

    175.70      1       0.00000        257.4847
    175.70      2       0.00200        258.2395
    175.70      3       0.00400        260.4532
    175.70      4       0.00600        263.9774
    175.70      5       0.00800        268.5759
    175.70      6       0.01000        273.9403
    175.70      7       0.01200        279.7110

    175.80      1       0.00000        257.5190
    175.80      2       0.00200        258.2727
    175.80      3       0.00400        260.4830
    175.80      4       0.00600        264.0019
    175.80      5       0.00800        268.5933
    175.80      6       0.01000        273.9495
    175.80      7       0.01200        279.7114

    175.90      1       0.00000        257.5533
    175.90      2       0.00200        258.3058
    175.90      3       0.00400        260.5128
    175.90      4       0.00600        264.0263
    175.90      5       0.00800        268.6107
    175.90      6       0.01000        273.9588
    175.90      7       0.01200        279.7119

    176.00      1       0.00000        257.5876
    176.00      2       0.00200        258.3389
    176.00      3       0.00400        260.5425
    176.00      4       0.00600        264.0506
    176.00      5       0.00800        268.6281
    176.00      6       0.01000        273.9680
    176.00      7       0.01200        279.7123

    176.10      1       0.00000        257.6218
    176.10      2       0.00200        258.3720
    176.10      3       0.00400        260.5722
    176.10      4       0.00600        264.0750
    176.10      5       0.00800        268.6454
    176.10      6       0.01000        273.9772
    176.10      7       0.01200        279.7127

    176.20      1       0.00000        257.6559
    176.20      2       0.00200        258.4050
    176.20      3       0.00400        260.6018
    176.20      4       0.00600        264.0993
    176.20      5       0.00800        268.6628
    176.20      6       0.01000        273.9864
    176.20      7       0.01200        279.7132

    176.30      1       0.00000        257.6900
    176.30      2       0.00200        258.4379
    176.30      3       0.00400        260.6314
    176.30      4       0.00600        264.1235
    176.30      5       0.00800        268.6801
    176.30      6       0.01000        273.9956
    176.30      7       0.01200        279.7136

    176.40      1       0.00000        257.7240
    176.40      2       0.00200        258.4708
    176.40      3       0.00400        260.6610
    176.40      4       0.00600        264.1477
    176.40      5       0.00800        268.6973
    176.40      6       0.01000        274.0047
    176.40      7       0.01200        279.7141

    176.50      1       0.00000        257.7580
    176.50      2       0.00200        258.5036
    176.50      3       0.00400        260.6905
    176.50      4       0.00600        264.1719
    176.50      5       0.00800        268.7146
    176.50      6       0.01000        274.0139
    176.50      7       0.01200        279.7145

    176.60      1       0.00000        257.7920
    176.60      2       0.00200        258.5364
    176.60      3       0.00400        260.7199
    176.60      4       0.00600        264.1961
    176.60      5       0.00800        268.7318
    176.60      6       0.01000        274.0230
    176.60      7       0.01200        279.7149

    176.70      1       0.00000        257.8258
    176.70      2       0.00200        258.5692
    176.70      3       0.00400        260.7494
    176.70      4       0.00600        264.2202
    176.70      5       0.00800        268.7490
    176.70      6       0.01000        274.0321
    176.70      7       0.01200        279.7154

    176.80      1       0.00000        257.8597
    176.80      2       0.00200        258.6019
    176.80      3       0.00400        260.7787
    176.80      4       0.00600        264.2443
    176.80      5       0.00800        268.7662
    176.80      6       0.01000        274.0412
    176.80      7       0.01200        279.7158

    176.90      1       0.00000        257.8934
    176.90      2       0.00200        258.6345
    176.90      3       0.00400        260.8080
    176.90      4       0.00600        264.2683
    176.90      5       0.00800        268.7833
    176.90      6       0.01000        274.0503
    176.90      7       0.01200        279.7162

    177.00      1       0.00000        257.9272
    177.00      2       0.00200        258.6671
    177.00      3       0.00400        260.8373
    177.00      4       0.00600        264.2923
    177.00      5       0.00800        268.8004
    177.00      6       0.01000        274.0594
    177.00      7       0.01200        279.7167

    177.10      1       0.00000        257.9608
    177.10      2       0.00200        258.6997
    177.10      3       0.00400        260.8666
    177.10      4       0.00600        264.3163
    177.10      5       0.00800        268.8175
    177.10      6       0.01000        274.0684
    177.10      7       0.01200        279.7171

    177.20      1       0.00000        257.9945
    177.20      2       0.00200        258.7322
    177.20      3       0.00400        260.8957
    177.20      4       0.00600        264.3402
    177.20      5       0.00800        268.8345
    177.20      6       0.01000        274.0775
    177.20      7       0.01200        279.7175

    177.30      1       0.00000        258.0280
    177.30      2       0.00200        258.7646
    177.30      3       0.00400        260.9249
    177.30      4       0.00600        264.3641
    177.30      5       0.00800        268.8516
    177.30      6       0.01000        274.0865
    177.30      7       0.01200        279.7180

    177.40      1       0.00000        258.0616
    177.40      2       0.00200        258.7970
    177.40      3       0.00400        260.9540
    177.40      4       0.00600        264.3879
    177.40      5       0.00800        268.8686
    177.40      6       0.01000        274.0956
    177.40      7       0.01200        279.7184

    177.50      1       0.00000        258.0950
    177.50      2       0.00200        258.8293
    177.50      3       0.00400        260.9830
    177.50      4       0.00600        264.4118
    177.50      5       0.00800        268.8856
    177.50      6       0.01000        274.1046
    177.50      7       0.01200        279.7188

    177.60      1       0.00000        258.1284
    177.60      2       0.00200        258.8616
    177.60      3       0.00400        261.0121
    177.60      4       0.00600        264.4355
    177.60      5       0.00800        268.9025
    177.60      6       0.01000        274.1136
    177.60      7       0.01200        279.7192

    177.70      1       0.00000        258.1618
    177.70      2       0.00200        258.8939
    177.70      3       0.00400        261.0410
    177.70      4       0.00600        264.4593
    177.70      5       0.00800        268.9195
    177.70      6       0.01000        274.1225
    177.70      7       0.01200        279.7197

    177.80      1       0.00000        258.1951
    177.80      2       0.00200        258.9261
    177.80      3       0.00400        261.0700
    177.80      4       0.00600        264.4830
    177.80      5       0.00800        268.9364
    177.80      6       0.01000        274.1315
    177.80      7       0.01200        279.7201

    177.90      1       0.00000        258.2284
    177.90      2       0.00200        258.9582
    177.90      3       0.00400        261.0988
    177.90      4       0.00600        264.5067
    177.90      5       0.00800        268.9532
    177.90      6       0.01000        274.1405
    177.90      7       0.01200        279.7205

    178.00      1       0.00000        258.2616
    178.00      2       0.00200        258.9903
    178.00      3       0.00400        261.1277
    178.00      4       0.00600        264.5303
    178.00      5       0.00800        268.9701
    178.00      6       0.01000        274.1494
    178.00      7       0.01200        279.7210

    178.10      1       0.00000        258.2948
    178.10      2       0.00200        259.0224
    178.10      3       0.00400        261.1565
    178.10      4       0.00600        264.5539
    178.10      5       0.00800        268.9869
    178.10      6       0.01000        274.1583
    178.10      7       0.01200        279.7214

    178.20      1       0.00000        258.3279
    178.20      2       0.00200        259.0544
    178.20      3       0.00400        261.1852
    178.20      4       0.00600        264.5775
    178.20      5       0.00800        269.0037
    178.20      6       0.01000        274.1672
    178.20      7       0.01200        279.7218

    178.30      1       0.00000        258.3610
    178.30      2       0.00200        259.0864
    178.30      3       0.00400        261.2139
    178.30      4       0.00600        264.6010
    178.30      5       0.00800        269.0205
    178.30      6       0.01000        274.1761
    178.30      7       0.01200        279.7222

    178.40      1       0.00000        258.3940
    178.40      2       0.00200        259.1183
    178.40      3       0.00400        261.2426
    178.40      4       0.00600        264.6245
    178.40      5       0.00800        269.0372
    178.40      6       0.01000        274.1850
    178.40      7       0.01200        279.7227

    178.50      1       0.00000        258.4269
    178.50      2       0.00200        259.1501
    178.50      3       0.00400        261.2712
    178.50      4       0.00600        264.6479
    178.50      5       0.00800        269.0540
    178.50      6       0.01000        274.1939
    178.50      7       0.01200        279.7231

    178.60      1       0.00000        258.4598
    178.60      2       0.00200        259.1819
    178.60      3       0.00400        261.2998
    178.60      4       0.00600        264.6714
    178.60      5       0.00800        269.0707
    178.60      6       0.01000        274.2027
    178.60      7       0.01200        279.7235

    178.70      1       0.00000        258.4927
    178.70      2       0.00200        259.2137
    178.70      3       0.00400        261.3283
    178.70      4       0.00600        264.6947
    178.70      5       0.00800        269.0873
    178.70      6       0.01000        274.2116
    178.70      7       0.01200        279.7239

    178.80      1       0.00000        258.5255
    178.80      2       0.00200        259.2454
    178.80      3       0.00400        261.3568
    178.80      4       0.00600        264.7181
    178.80      5       0.00800        269.1040
    178.80      6       0.01000        274.2204
    178.80      7       0.01200        279.7243

    178.90      1       0.00000        258.5583
    178.90      2       0.00200        259.2771
    178.90      3       0.00400        261.3852
    178.90      4       0.00600        264.7414
    178.90      5       0.00800        269.1206
    178.90      6       0.01000        274.2292
    178.90      7       0.01200        279.7248

    179.00      1       0.00000        258.5910
    179.00      2       0.00200        259.3087
    179.00      3       0.00400        261.4136
    179.00      4       0.00600        264.7647
    179.00      5       0.00800        269.1372
    179.00      6       0.01000        274.2380
    179.00      7       0.01200        279.7252

    179.10      1       0.00000        258.6236
    179.10      2       0.00200        259.3402
    179.10      3       0.00400        261.4420
    179.10      4       0.00600        264.7879
    179.10      5       0.00800        269.1538
    179.10      6       0.01000        274.2468
    179.10      7       0.01200        279.7256

    179.20      1       0.00000        258.6563
    179.20      2       0.00200        259.3718
    179.20      3       0.00400        261.4703
    179.20      4       0.00600        264.8111
    179.20      5       0.00800        269.1703
    179.20      6       0.01000        274.2556
    179.20      7       0.01200        279.7260

    179.30      1       0.00000        258.6888
    179.30      2       0.00200        259.4032
    179.30      3       0.00400        261.4985
    179.30      4       0.00600        264.8343
    179.30      5       0.00800        269.1869
    179.30      6       0.01000        274.2644
    179.30      7       0.01200        279.7264

    179.40      1       0.00000        258.7213
    179.40      2       0.00200        259.4346
    179.40      3       0.00400        261.5268
    179.40      4       0.00600        264.8574
    179.40      5       0.00800        269.2034
    179.40      6       0.01000        274.2731
    179.40      7       0.01200        279.7269

    179.50      1       0.00000        258.7538
    179.50      2       0.00200        259.4660
    179.50      3       0.00400        261.5550
    179.50      4       0.00600        264.8805
    179.50      5       0.00800        269.2198
    179.50      6       0.01000        274.2819
    179.50      7       0.01200        279.7273

    179.60      1       0.00000        258.7862
    179.60      2       0.00200        259.4973
    179.60      3       0.00400        261.5831
    179.60      4       0.00600        264.9036
    179.60      5       0.00800        269.2363
    179.60      6       0.01000        274.2906
    179.60      7       0.01200        279.7277

    179.70      1       0.00000        258.8186
    179.70      2       0.00200        259.5286
    179.70      3       0.00400        261.6112
    179.70      4       0.00600        264.9266
    179.70      5       0.00800        269.2527
    179.70      6       0.01000        274.2993
    179.70      7       0.01200        279.7281

    179.80      1       0.00000        258.8509
    179.80      2       0.00200        259.5599
    179.80      3       0.00400        261.6392
    179.80      4       0.00600        264.9496
    179.80      5       0.00800        269.2691
    179.80      6       0.01000        274.3080
    179.80      7       0.01200        279.7285

    179.90      1       0.00000        258.8831
    179.90      2       0.00200        259.5910
    179.90      3       0.00400        261.6673
    179.90      4       0.00600        264.9726
    179.90      5       0.00800        269.2855
    179.90      6       0.01000        274.3167
    179.90      7       0.01200        279.7289

    180.00      1       0.00000        258.9154
    180.00      2       0.00200        259.6222
    180.00      3       0.00400        261.6952
    180.00      4       0.00600        264.9955
    180.00      5       0.00800        269.3018
    180.00      6       0.01000        274.3253
    180.00      7       0.01200        279.7293

    180.10      1       0.00000        258.9475
    180.10      2       0.00200        259.6533
    180.10      3       0.00400        261.7232
    180.10      4       0.00600        265.0184
    180.10      5       0.00800        269.3181
    180.10      6       0.01000        274.3340
    180.10      7       0.01200        279.7298

    180.20      1       0.00000        258.9796
    180.20      2       0.00200        259.6843
    180.20      3       0.00400        261.7510
    180.20      4       0.00600        265.0413
    180.20      5       0.00800        269.3344
    180.20      6       0.01000        274.3426
    180.20      7       0.01200        279.7302

    180.30      1       0.00000        259.0117
    180.30      2       0.00200        259.7153
    180.30      3       0.00400        261.7789
    180.30      4       0.00600        265.0641
    180.30      5       0.00800        269.3507
    180.30      6       0.01000        274.3513
    180.30      7       0.01200        279.7306

    180.40      1       0.00000        259.0437
    180.40      2       0.00200        259.7462
    180.40      3       0.00400        261.8067
    180.40      4       0.00600        265.0869
    180.40      5       0.00800        269.3669
    180.40      6       0.01000        274.3599
    180.40      7       0.01200        279.7310

    180.50      1       0.00000        259.0757
    180.50      2       0.00200        259.7771
    180.50      3       0.00400        261.8344
    180.50      4       0.00600        265.1096
    180.50      5       0.00800        269.3832
    180.50      6       0.01000        274.3685
    180.50      7       0.01200        279.7314

    180.60      1       0.00000        259.1076
    180.60      2       0.00200        259.8080
    180.60      3       0.00400        261.8621
    180.60      4       0.00600        265.1323
    180.60      5       0.00800        269.3994
    180.60      6       0.01000        274.3771
    180.60      7       0.01200        279.7318

    180.70      1       0.00000        259.1395
    180.70      2       0.00200        259.8388
    180.70      3       0.00400        261.8898
    180.70      4       0.00600        265.1550
    180.70      5       0.00800        269.4155
    180.70      6       0.01000        274.3857
    180.70      7       0.01200        279.7322

    180.80      1       0.00000        259.1713
    180.80      2       0.00200        259.8696
    180.80      3       0.00400        261.9174
    180.80      4       0.00600        265.1777
    180.80      5       0.00800        269.4317
    180.80      6       0.01000        274.3942
    180.80      7       0.01200        279.7326

    180.90      1       0.00000        259.2031
    180.90      2       0.00200        259.9003
    180.90      3       0.00400        261.9450
    180.90      4       0.00600        265.2003
    180.90      5       0.00800        269.4478
    180.90      6       0.01000        274.4028
    180.90      7       0.01200        279.7330

    181.00      1       0.00000        259.2348
    181.00      2       0.00200        259.9309
    181.00      3       0.00400        261.9726
    181.00      4       0.00600        265.2229
    181.00      5       0.00800        269.4639
    181.00      6       0.01000        274.4113
    181.00      7       0.01200        279.7334

    181.10      1       0.00000        259.2665
    181.10      2       0.00200        259.9616
    181.10      3       0.00400        262.0001
    181.10      4       0.00600        265.2454
    181.10      5       0.00800        269.4800
    181.10      6       0.01000        274.4199
    181.10      7       0.01200        279.7339

    181.20      1       0.00000        259.2981
    181.20      2       0.00200        259.9921
    181.20      3       0.00400        262.0275
    181.20      4       0.00600        265.2679
    181.20      5       0.00800        269.4960
    181.20      6       0.01000        274.4284
    181.20      7       0.01200        279.7343

    181.30      1       0.00000        259.3297
    181.30      2       0.00200        260.0226
    181.30      3       0.00400        262.0550
    181.30      4       0.00600        265.2904
    181.30      5       0.00800        269.5120
    181.30      6       0.01000        274.4369
    181.30      7       0.01200        279.7347

    181.40      1       0.00000        259.3613
    181.40      2       0.00200        260.0531
    181.40      3       0.00400        262.0823
    181.40      4       0.00600        265.3128
    181.40      5       0.00800        269.5280
    181.40      6       0.01000        274.4454
    181.40      7       0.01200        279.7351

    181.50      1       0.00000        259.3927
    181.50      2       0.00200        260.0836
    181.50      3       0.00400        262.1097
    181.50      4       0.00600        265.3352
    181.50      5       0.00800        269.5440
    181.50      6       0.01000        274.4538
    181.50      7       0.01200        279.7355

    181.60      1       0.00000        259.4242
    181.60      2       0.00200        260.1139
    181.60      3       0.00400        262.1370
    181.60      4       0.00600        265.3576
    181.60      5       0.00800        269.5600
    181.60      6       0.01000        274.4623
    181.60      7       0.01200        279.7359

    181.70      1       0.00000        259.4556
    181.70      2       0.00200        260.1443
    181.70      3       0.00400        262.1642
    181.70      4       0.00600        265.3800
    181.70      5       0.00800        269.5759
    181.70      6       0.01000        274.4707
    181.70      7       0.01200        279.7363

    181.80      1       0.00000        259.4869
    181.80      2       0.00200        260.1746
    181.80      3       0.00400        262.1914
    181.80      4       0.00600        265.4023
    181.80      5       0.00800        269.5918
    181.80      6       0.01000        274.4792
    181.80      7       0.01200        279.7367

    181.90      1       0.00000        259.5182
    181.90      2       0.00200        260.2048
    181.90      3       0.00400        262.2186
    181.90      4       0.00600        265.4245
    181.90      5       0.00800        269.6077
    181.90      6       0.01000        274.4876
    181.90      7       0.01200        279.7371

    182.00      1       0.00000        259.5495
    182.00      2       0.00200        260.2350
    182.00      3       0.00400        262.2457
    182.00      4       0.00600        265.4468
    182.00      5       0.00800        269.6235
    182.00      6       0.01000        274.4960
    182.00      7       0.01200        279.7375

    182.10      1       0.00000        259.5807
    182.10      2       0.00200        260.2652
    182.10      3       0.00400        262.2728
    182.10      4       0.00600        265.4690
    182.10      5       0.00800        269.6394
    182.10      6       0.01000        274.5044
    182.10      7       0.01200        279.7379

    182.20      1       0.00000        259.6118
    182.20      2       0.00200        260.2953
    182.20      3       0.00400        262.2998
    182.20      4       0.00600        265.4911
    182.20      5       0.00800        269.6552
    182.20      6       0.01000        274.5128
    182.20      7       0.01200        279.7383

    182.30      1       0.00000        259.6429
    182.30      2       0.00200        260.3253
    182.30      3       0.00400        262.3269
    182.30      4       0.00600        265.5133
    182.30      5       0.00800        269.6710
    182.30      6       0.01000        274.5212
    182.30      7       0.01200        279.7387

    182.40      1       0.00000        259.6740
    182.40      2       0.00200        260.3554
    182.40      3       0.00400        262.3538
    182.40      4       0.00600        265.5354
    182.40      5       0.00800        269.6867
    182.40      6       0.01000        274.5295
    182.40      7       0.01200        279.7391

    182.50      1       0.00000        259.7050
    182.50      2       0.00200        260.3853
    182.50      3       0.00400        262.3807
    182.50      4       0.00600        265.5574
    182.50      5       0.00800        269.7024
    182.50      6       0.01000        274.5379
    182.50      7       0.01200        279.7395

    182.60      1       0.00000        259.7359
    182.60      2       0.00200        260.4152
    182.60      3       0.00400        262.4076
    182.60      4       0.00600        265.5795
    182.60      5       0.00800        269.7182
    182.60      6       0.01000        274.5462
    182.60      7       0.01200        279.7399

    182.70      1       0.00000        259.7669
    182.70      2       0.00200        260.4451
    182.70      3       0.00400        262.4345
    182.70      4       0.00600        265.6015
    182.70      5       0.00800        269.7338
    182.70      6       0.01000        274.5545
    182.70      7       0.01200        279.7403

    182.80      1       0.00000        259.7977
    182.80      2       0.00200        260.4750
    182.80      3       0.00400        262.4613
    182.80      4       0.00600        265.6234
    182.80      5       0.00800        269.7495
    182.80      6       0.01000        274.5628
    182.80      7       0.01200        279.7407

    182.90      1       0.00000        259.8285
    182.90      2       0.00200        260.5047
    182.90      3       0.00400        262.4880
    182.90      4       0.00600        265.6454
    182.90      5       0.00800        269.7651
    182.90      6       0.01000        274.5711
    182.90      7       0.01200        279.7411

    183.00      1       0.00000        259.8593
    183.00      2       0.00200        260.5345
    183.00      3       0.00400        262.5147
    183.00      4       0.00600        265.6673
    183.00      5       0.00800        269.7808
    183.00      6       0.01000        274.5794
    183.00      7       0.01200        279.7415

    183.10      1       0.00000        259.8900
    183.10      2       0.00200        260.5642
    183.10      3       0.00400        262.5414
    183.10      4       0.00600        265.6891
    183.10      5       0.00800        269.7963
    183.10      6       0.01000        274.5877
    183.10      7       0.01200        279.7419

    183.20      1       0.00000        259.9207
    183.20      2       0.00200        260.5938
    183.20      3       0.00400        262.5680
    183.20      4       0.00600        265.7110
    183.20      5       0.00800        269.8119
    183.20      6       0.01000        274.5959
    183.20      7       0.01200        279.7423

    183.30      1       0.00000        259.9514
    183.30      2       0.00200        260.6234
    183.30      3       0.00400        262.5946
    183.30      4       0.00600        265.7328
    183.30      5       0.00800        269.8275
    183.30      6       0.01000        274.6042
    183.30      7       0.01200        279.7426

    183.40      1       0.00000        259.9819
    183.40      2       0.00200        260.6530
    183.40      3       0.00400        262.6212
    183.40      4       0.00600        265.7545
    183.40      5       0.00800        269.8430
    183.40      6       0.01000        274.6124
    183.40      7       0.01200        279.7430

    183.50      1       0.00000        260.0125
    183.50      2       0.00200        260.6825
    183.50      3       0.00400        262.6477
    183.50      4       0.00600        265.7763
    183.50      5       0.00800        269.8585
    183.50      6       0.01000        274.6206
    183.50      7       0.01200        279.7434

    183.60      1       0.00000        260.0430
    183.60      2       0.00200        260.7120
    183.60      3       0.00400        262.6742
    183.60      4       0.00600        265.7980
    183.60      5       0.00800        269.8739
    183.60      6       0.01000        274.6288
    183.60      7       0.01200        279.7438

    183.70      1       0.00000        260.0734
    183.70      2       0.00200        260.7414
    183.70      3       0.00400        262.7006
    183.70      4       0.00600        265.8196
    183.70      5       0.00800        269.8894
    183.70      6       0.01000        274.6370
    183.70      7       0.01200        279.7442

    183.80      1       0.00000        260.1038
    183.80      2       0.00200        260.7708
    183.80      3       0.00400        262.7270
    183.80      4       0.00600        265.8413
    183.80      5       0.00800        269.9048
    183.80      6       0.01000        274.6452
    183.80      7       0.01200        279.7446

    183.90      1       0.00000        260.1342
    183.90      2       0.00200        260.8001
    183.90      3       0.00400        262.7533
    183.90      4       0.00600        265.8629
    183.90      5       0.00800        269.9202
    183.90      6       0.01000        274.6534
    183.90      7       0.01200        279.7450

    184.00      1       0.00000        260.1645
    184.00      2       0.00200        260.8294
    184.00      3       0.00400        262.7797
    184.00      4       0.00600        265.8844
    184.00      5       0.00800        269.9356
    184.00      6       0.01000        274.6615
    184.00      7       0.01200        279.7454

    184.10      1       0.00000        260.1947
    184.10      2       0.00200        260.8587
    184.10      3       0.00400        262.8059
    184.10      4       0.00600        265.9060
    184.10      5       0.00800        269.9510
    184.10      6       0.01000        274.6697
    184.10      7       0.01200        279.7458

    184.20      1       0.00000        260.2250
    184.20      2       0.00200        260.8879
    184.20      3       0.00400        262.8322
    184.20      4       0.00600        265.9275
    184.20      5       0.00800        269.9663
    184.20      6       0.01000        274.6778
    184.20      7       0.01200        279.7462

    184.30      1       0.00000        260.2551
    184.30      2       0.00200        260.9170
    184.30      3       0.00400        262.8583
    184.30      4       0.00600        265.9489
    184.30      5       0.00800        269.9816
    184.30      6       0.01000        274.6859
    184.30      7       0.01200        279.7465

    184.40      1       0.00000        260.2852
    184.40      2       0.00200        260.9461
    184.40      3       0.00400        262.8845
    184.40      4       0.00600        265.9704
    184.40      5       0.00800        269.9969
    184.40      6       0.01000        274.6940
    184.40      7       0.01200        279.7469

    184.50      1       0.00000        260.3153
    184.50      2       0.00200        260.9752
    184.50      3       0.00400        262.9106
    184.50      4       0.00600        265.9918
    184.50      5       0.00800        270.0121
    184.50      6       0.01000        274.7021
    184.50      7       0.01200        279.7473

    184.60      1       0.00000        260.3454
    184.60      2       0.00200        261.0042
    184.60      3       0.00400        262.9367
    184.60      4       0.00600        266.0132
    184.60      5       0.00800        270.0274
    184.60      6       0.01000        274.7102
    184.60      7       0.01200        279.7477

    184.70      1       0.00000        260.3753
    184.70      2       0.00200        261.0332
    184.70      3       0.00400        262.9627
    184.70      4       0.00600        266.0345
    184.70      5       0.00800        270.0426
    184.70      6       0.01000        274.7183
    184.70      7       0.01200        279.7481

    184.80      1       0.00000        260.4053
    184.80      2       0.00200        261.0621
    184.80      3       0.00400        262.9887
    184.80      4       0.00600        266.0558
    184.80      5       0.00800        270.0578
    184.80      6       0.01000        274.7263
    184.80      7       0.01200        279.7485

    184.90      1       0.00000        260.4352
    184.90      2       0.00200        261.0910
    184.90      3       0.00400        263.0147
    184.90      4       0.00600        266.0771
    184.90      5       0.00800        270.0729
    184.90      6       0.01000        274.7344
    184.90      7       0.01200        279.7489

    185.00      1       0.00000        260.4650
    185.00      2       0.00200        261.1199
    185.00      3       0.00400        263.0406
    185.00      4       0.00600        266.0983
    185.00      5       0.00800        270.0881
    185.00      6       0.01000        274.7424
    185.00      7       0.01200        279.7492

    185.10      1       0.00000        260.4948
    185.10      2       0.00200        261.1487
    185.10      3       0.00400        263.0664
    185.10      4       0.00600        266.1195
    185.10      5       0.00800        270.1032
    185.10      6       0.01000        274.7504
    185.10      7       0.01200        279.7496

    185.20      1       0.00000        260.5246
    185.20      2       0.00200        261.1774
    185.20      3       0.00400        263.0923
    185.20      4       0.00600        266.1407
    185.20      5       0.00800        270.1183
    185.20      6       0.01000        274.7584
    185.20      7       0.01200        279.7500

    185.30      1       0.00000        260.5543
    185.30      2       0.00200        261.2062
    185.30      3       0.00400        263.1181
    185.30      4       0.00600        266.1618
    185.30      5       0.00800        270.1334
    185.30      6       0.01000        274.7664
    185.30      7       0.01200        279.7504

    185.40      1       0.00000        260.5840
    185.40      2       0.00200        261.2348
    185.40      3       0.00400        263.1438
    185.40      4       0.00600        266.1829
    185.40      5       0.00800        270.1484
    185.40      6       0.01000        274.7744
    185.40      7       0.01200        279.7508

    185.50      1       0.00000        260.6136
    185.50      2       0.00200        261.2635
    185.50      3       0.00400        263.1695
    185.50      4       0.00600        266.2040
    185.50      5       0.00800        270.1635
    185.50      6       0.01000        274.7824
    185.50      7       0.01200        279.7511

    185.60      1       0.00000        260.6432
    185.60      2       0.00200        261.2920
    185.60      3       0.00400        263.1952
    185.60      4       0.00600        266.2251
    185.60      5       0.00800        270.1785
    185.60      6       0.01000        274.7904
    185.60      7       0.01200        279.7515

    185.70      1       0.00000        260.6727
    185.70      2       0.00200        261.3206
    185.70      3       0.00400        263.2209
    185.70      4       0.00600        266.2461
    185.70      5       0.00800        270.1935
    185.70      6       0.01000        274.7983
    185.70      7       0.01200        279.7519

    185.80      1       0.00000        260.7022
    185.80      2       0.00200        261.3491
    185.80      3       0.00400        263.2465
    185.80      4       0.00600        266.2671
    185.80      5       0.00800        270.2084
    185.80      6       0.01000        274.8062
    185.80      7       0.01200        279.7523

    185.90      1       0.00000        260.7316
    185.90      2       0.00200        261.3775
    185.90      3       0.00400        263.2720
    185.90      4       0.00600        266.2880
    185.90      5       0.00800        270.2234
    185.90      6       0.01000        274.8142
    185.90      7       0.01200        279.7527

    186.00      1       0.00000        260.7610
    186.00      2       0.00200        261.4059
    186.00      3       0.00400        263.2975
    186.00      4       0.00600        266.3089
    186.00      5       0.00800        270.2383
    186.00      6       0.01000        274.8221
    186.00      7       0.01200        279.7530

    186.10      1       0.00000        260.7904
    186.10      2       0.00200        261.4343
    186.10      3       0.00400        263.3230
    186.10      4       0.00600        266.3298
    186.10      5       0.00800        270.2532
    186.10      6       0.01000        274.8300
    186.10      7       0.01200        279.7534

    186.20      1       0.00000        260.8197
    186.20      2       0.00200        261.4626
    186.20      3       0.00400        263.3485
    186.20      4       0.00600        266.3507
    186.20      5       0.00800        270.2680
    186.20      6       0.01000        274.8379
    186.20      7       0.01200        279.7538

    186.30      1       0.00000        260.8489
    186.30      2       0.00200        261.4909
    186.30      3       0.00400        263.3739
    186.30      4       0.00600        266.3715
    186.30      5       0.00800        270.2829
    186.30      6       0.01000        274.8457
    186.30      7       0.01200        279.7542

    186.40      1       0.00000        260.8781
    186.40      2       0.00200        261.5192
    186.40      3       0.00400        263.3992
    186.40      4       0.00600        266.3923
    186.40      5       0.00800        270.2977
    186.40      6       0.01000        274.8536
    186.40      7       0.01200        279.7545

    186.50      1       0.00000        260.9073
    186.50      2       0.00200        261.5474
    186.50      3       0.00400        263.4246
    186.50      4       0.00600        266.4131
    186.50      5       0.00800        270.3125
    186.50      6       0.01000        274.8615
    186.50      7       0.01200        279.7549

    186.60      1       0.00000        260.9364
    186.60      2       0.00200        261.5755
    186.60      3       0.00400        263.4498
    186.60      4       0.00600        266.4338
    186.60      5       0.00800        270.3273
    186.60      6       0.01000        274.8693
    186.60      7       0.01200        279.7553

    186.70      1       0.00000        260.9655
    186.70      2       0.00200        261.6036
    186.70      3       0.00400        263.4751
    186.70      4       0.00600        266.4545
    186.70      5       0.00800        270.3420
    186.70      6       0.01000        274.8771
    186.70      7       0.01200        279.7557

    186.80      1       0.00000        260.9946
    186.80      2       0.00200        261.6317
    186.80      3       0.00400        263.5003
    186.80      4       0.00600        266.4751
    186.80      5       0.00800        270.3568
    186.80      6       0.01000        274.8849
    186.80      7       0.01200        279.7560

    186.90      1       0.00000        261.0236
    186.90      2       0.00200        261.6597
    186.90      3       0.00400        263.5255
    186.90      4       0.00600        266.4958
    186.90      5       0.00800        270.3715
    186.90      6       0.01000        274.8927
    186.90      7       0.01200        279.7564

    187.00      1       0.00000        261.0525
    187.00      2       0.00200        261.6877
    187.00      3       0.00400        263.5506
    187.00      4       0.00600        266.5164
    187.00      5       0.00800        270.3862
    187.00      6       0.01000        274.9005
    187.00      7       0.01200        279.7568

    187.10      1       0.00000        261.0814
    187.10      2       0.00200        261.7156
    187.10      3       0.00400        263.5757
    187.10      4       0.00600        266.5370
    187.10      5       0.00800        270.4008
    187.10      6       0.01000        274.9083
    187.10      7       0.01200        279.7572

    187.20      1       0.00000        261.1103
    187.20      2       0.00200        261.7435
    187.20      3       0.00400        263.6008
    187.20      4       0.00600        266.5575
    187.20      5       0.00800        270.4155
    187.20      6       0.01000        274.9161
    187.20      7       0.01200        279.7575

    187.30      1       0.00000        261.1391
    187.30      2       0.00200        261.7714
    187.30      3       0.00400        263.6258
    187.30      4       0.00600        266.5780
    187.30      5       0.00800        270.4301
    187.30      6       0.01000        274.9238
    187.30      7       0.01200        279.7579

    187.40      1       0.00000        261.1679
    187.40      2       0.00200        261.7992
    187.40      3       0.00400        263.6508
    187.40      4       0.00600        266.5985
    187.40      5       0.00800        270.4447
    187.40      6       0.01000        274.9316
    187.40      7       0.01200        279.7583

    187.50      1       0.00000        261.1966
    187.50      2       0.00200        261.8269
    187.50      3       0.00400        263.6757
    187.50      4       0.00600        266.6189
    187.50      5       0.00800        270.4593
    187.50      6       0.01000        274.9393
    187.50      7       0.01200        279.7586

    187.60      1       0.00000        261.2253
    187.60      2       0.00200        261.8547
    187.60      3       0.00400        263.7006
    187.60      4       0.00600        266.6393
    187.60      5       0.00800        270.4738
    187.60      6       0.01000        274.9470
    187.60      7       0.01200        279.7590

    187.70      1       0.00000        261.2539
    187.70      2       0.00200        261.8823
    187.70      3       0.00400        263.7255
    187.70      4       0.00600        266.6597
    187.70      5       0.00800        270.4884
    187.70      6       0.01000        274.9547
    187.70      7       0.01200        279.7594

    187.80      1       0.00000        261.2825
    187.80      2       0.00200        261.9100
    187.80      3       0.00400        263.7503
    187.80      4       0.00600        266.6801
    187.80      5       0.00800        270.5029
    187.80      6       0.01000        274.9624
    187.80      7       0.01200        279.7597

    187.90      1       0.00000        261.3111
    187.90      2       0.00200        261.9376
    187.90      3       0.00400        263.7751
    187.90      4       0.00600        266.7004
    187.90      5       0.00800        270.5174
    187.90      6       0.01000        274.9701
    187.90      7       0.01200        279.7601

    188.00      1       0.00000        261.3396
    188.00      2       0.00200        261.9651
    188.00      3       0.00400        263.7998
    188.00      4       0.00600        266.7207
    188.00      5       0.00800        270.5318
    188.00      6       0.01000        274.9778
    188.00      7       0.01200        279.7605

    188.10      1       0.00000        261.3681
    188.10      2       0.00200        261.9927
    188.10      3       0.00400        263.8246
    188.10      4       0.00600        266.7409
    188.10      5       0.00800        270.5463
    188.10      6       0.01000        274.9855
    188.10      7       0.01200        279.7608

    188.20      1       0.00000        261.3965
    188.20      2       0.00200        262.0201
    188.20      3       0.00400        263.8492
    188.20      4       0.00600        266.7612
    188.20      5       0.00800        270.5607
    188.20      6       0.01000        274.9931
    188.20      7       0.01200        279.7612

    188.30      1       0.00000        261.4249
    188.30      2       0.00200        262.0476
    188.30      3       0.00400        263.8739
    188.30      4       0.00600        266.7814
    188.30      5       0.00800        270.5751
    188.30      6       0.01000        275.0007
    188.30      7       0.01200        279.7616

    188.40      1       0.00000        261.4532
    188.40      2       0.00200        262.0749
    188.40      3       0.00400        263.8985
    188.40      4       0.00600        266.8015
    188.40      5       0.00800        270.5895
    188.40      6       0.01000        275.0084
    188.40      7       0.01200        279.7619

    188.50      1       0.00000        261.4815
    188.50      2       0.00200        262.1023
    188.50      3       0.00400        263.9230
    188.50      4       0.00600        266.8217
    188.50      5       0.00800        270.6038
    188.50      6       0.01000        275.0160
    188.50      7       0.01200        279.7623

    188.60      1       0.00000        261.5098
    188.60      2       0.00200        262.1296
    188.60      3       0.00400        263.9476
    188.60      4       0.00600        266.8418
    188.60      5       0.00800        270.6182
    188.60      6       0.01000        275.0236
    188.60      7       0.01200        279.7626

    188.70      1       0.00000        261.5380
    188.70      2       0.00200        262.1569
    188.70      3       0.00400        263.9721
    188.70      4       0.00600        266.8618
    188.70      5       0.00800        270.6325
    188.70      6       0.01000        275.0312
    188.70      7       0.01200        279.7630

    188.80      1       0.00000        261.5661
    188.80      2       0.00200        262.1841
    188.80      3       0.00400        263.9965
    188.80      4       0.00600        266.8819
    188.80      5       0.00800        270.6468
    188.80      6       0.01000        275.0388
    188.80      7       0.01200        279.7634

    188.90      1       0.00000        261.5942
    188.90      2       0.00200        262.2113
    188.90      3       0.00400        264.0209
    188.90      4       0.00600        266.9019
    188.90      5       0.00800        270.6611
    188.90      6       0.01000        275.0463
    188.90      7       0.01200        279.7637

    189.00      1       0.00000        261.6223
    189.00      2       0.00200        262.2384
    189.00      3       0.00400        264.0453
    189.00      4       0.00600        266.9219
    189.00      5       0.00800        270.6753
    189.00      6       0.01000        275.0539
    189.00      7       0.01200        279.7641

    189.10      1       0.00000        261.6504
    189.10      2       0.00200        262.2655
    189.10      3       0.00400        264.0696
    189.10      4       0.00600        266.9418
    189.10      5       0.00800        270.6895
    189.10      6       0.01000        275.0614
    189.10      7       0.01200        279.7645

    189.20      1       0.00000        261.6784
    189.20      2       0.00200        262.2925
    189.20      3       0.00400        264.0939
    189.20      4       0.00600        266.9618
    189.20      5       0.00800        270.7037
    189.20      6       0.01000        275.0690
    189.20      7       0.01200        279.7648

    189.30      1       0.00000        261.7063
    189.30      2       0.00200        262.3196
    189.30      3       0.00400        264.1182
    189.30      4       0.00600        266.9816
    189.30      5       0.00800        270.7179
    189.30      6       0.01000        275.0765
    189.30      7       0.01200        279.7652

    189.40      1       0.00000        261.7342
    189.40      2       0.00200        262.3465
    189.40      3       0.00400        264.1424
    189.40      4       0.00600        267.0015
    189.40      5       0.00800        270.7321
    189.40      6       0.01000        275.0840
    189.40      7       0.01200        279.7655

    189.50      1       0.00000        261.7621
    189.50      2       0.00200        262.3735
    189.50      3       0.00400        264.1666
    189.50      4       0.00600        267.0213
    189.50      5       0.00800        270.7462
    189.50      6       0.01000        275.0915
    189.50      7       0.01200        279.7659

    189.60      1       0.00000        261.7899
    189.60      2       0.00200        262.4004
    189.60      3       0.00400        264.1908
    189.60      4       0.00600        267.0411
    189.60      5       0.00800        270.7603
    189.60      6       0.01000        275.0990
    189.60      7       0.01200        279.7662

    189.70      1       0.00000        261.8177
    189.70      2       0.00200        262.4272
    189.70      3       0.00400        264.2149
    189.70      4       0.00600        267.0609
    189.70      5       0.00800        270.7744
    189.70      6       0.01000        275.1065
    189.70      7       0.01200        279.7666

    189.80      1       0.00000        261.8454
    189.80      2       0.00200        262.4540
    189.80      3       0.00400        264.2390
    189.80      4       0.00600        267.0807
    189.80      5       0.00800        270.7885
    189.80      6       0.01000        275.1139
    189.80      7       0.01200        279.7670

    189.90      1       0.00000        261.8731
    189.90      2       0.00200        262.4808
    189.90      3       0.00400        264.2630
    189.90      4       0.00600        267.1004
    189.90      5       0.00800        270.8026
    189.90      6       0.01000        275.1214
    189.90      7       0.01200        279.7673

    190.00      1       0.00000        261.9008
    190.00      2       0.00200        262.5075
    190.00      3       0.00400        264.2870
    190.00      4       0.00600        267.1200
    190.00      5       0.00800        270.8166
    190.00      6       0.01000        275.1288
    190.00      7       0.01200        279.7677

    190.10      1       0.00000        261.9284
    190.10      2       0.00200        262.5342
    190.10      3       0.00400        264.3110
    190.10      4       0.00600        267.1397
    190.10      5       0.00800        270.8306
    190.10      6       0.01000        275.1363
    190.10      7       0.01200        279.7680

    190.20      1       0.00000        261.9560
    190.20      2       0.00200        262.5608
    190.20      3       0.00400        264.3349
    190.20      4       0.00600        267.1593
    190.20      5       0.00800        270.8446
    190.20      6       0.01000        275.1437
    190.20      7       0.01200        279.7684

    190.30      1       0.00000        261.9835
    190.30      2       0.00200        262.5875
    190.30      3       0.00400        264.3588
    190.30      4       0.00600        267.1789
    190.30      5       0.00800        270.8585
    190.30      6       0.01000        275.1511
    190.30      7       0.01200        279.7687

    190.40      1       0.00000        262.0110
    190.40      2       0.00200        262.6140
    190.40      3       0.00400        264.3827
    190.40      4       0.00600        267.1985
    190.40      5       0.00800        270.8725
    190.40      6       0.01000        275.1585
    190.40      7       0.01200        279.7691

    190.50      1       0.00000        262.0384
    190.50      2       0.00200        262.6405
    190.50      3       0.00400        264.4065
    190.50      4       0.00600        267.2180
    190.50      5       0.00800        270.8864
    190.50      6       0.01000        275.1659
    190.50      7       0.01200        279.7694

    190.60      1       0.00000        262.0658
    190.60      2       0.00200        262.6670
    190.60      3       0.00400        264.4303
    190.60      4       0.00600        267.2375
    190.60      5       0.00800        270.9003
    190.60      6       0.01000        275.1733
    190.60      7       0.01200        279.7698

    190.70      1       0.00000        262.0932
    190.70      2       0.00200        262.6935
    190.70      3       0.00400        264.4541
    190.70      4       0.00600        267.2570
    190.70      5       0.00800        270.9142
    190.70      6       0.01000        275.1806
    190.70      7       0.01200        279.7701

    190.80      1       0.00000        262.1205
    190.80      2       0.00200        262.7199
    190.80      3       0.00400        264.4778
    190.80      4       0.00600        267.2764
    190.80      5       0.00800        270.9281
    190.80      6       0.01000        275.1880
    190.80      7       0.01200        279.7705

    190.90      1       0.00000        262.1478
    190.90      2       0.00200        262.7462
    190.90      3       0.00400        264.5015
    190.90      4       0.00600        267.2958
    190.90      5       0.00800        270.9419
    190.90      6       0.01000        275.1953
    190.90      7       0.01200        279.7708

    191.00      1       0.00000        262.1750
    191.00      2       0.00200        262.7726
    191.00      3       0.00400        264.5251
    191.00      4       0.00600        267.3152
    191.00      5       0.00800        270.9557
    191.00      6       0.01000        275.2026
    191.00      7       0.01200        279.7712

    191.10      1       0.00000        262.2022
    191.10      2       0.00200        262.7988
    191.10      3       0.00400        264.5487
    191.10      4       0.00600        267.3345
    191.10      5       0.00800        270.9695
    191.10      6       0.01000        275.2100
    191.10      7       0.01200        279.7715

    191.20      1       0.00000        262.2294
    191.20      2       0.00200        262.8251
    191.20      3       0.00400        264.5723
    191.20      4       0.00600        267.3539
    191.20      5       0.00800        270.9833
    191.20      6       0.01000        275.2173
    191.20      7       0.01200        279.7719

    191.30      1       0.00000        262.2565
    191.30      2       0.00200        262.8513
    191.30      3       0.00400        264.5958
    191.30      4       0.00600        267.3732
    191.30      5       0.00800        270.9971
    191.30      6       0.01000        275.2246
    191.30      7       0.01200        279.7722

    191.40      1       0.00000        262.2835
    191.40      2       0.00200        262.8774
    191.40      3       0.00400        264.6193
    191.40      4       0.00600        267.3924
    191.40      5       0.00800        271.0108
    191.40      6       0.01000        275.2318
    191.40      7       0.01200        279.7726

    191.50      1       0.00000        262.3106
    191.50      2       0.00200        262.9036
    191.50      3       0.00400        264.6428
    191.50      4       0.00600        267.4117
    191.50      5       0.00800        271.0245
    191.50      6       0.01000        275.2391
    191.50      7       0.01200        279.7729

    191.60      1       0.00000        262.3376
    191.60      2       0.00200        262.9296
    191.60      3       0.00400        264.6662
    191.60      4       0.00600        267.4309
    191.60      5       0.00800        271.0382
    191.60      6       0.01000        275.2464
    191.60      7       0.01200        279.7733

    191.70      1       0.00000        262.3645
    191.70      2       0.00200        262.9557
    191.70      3       0.00400        264.6896
    191.70      4       0.00600        267.4500
    191.70      5       0.00800        271.0519
    191.70      6       0.01000        275.2536
    191.70      7       0.01200        279.7736

    191.80      1       0.00000        262.3914
    191.80      2       0.00200        262.9817
    191.80      3       0.00400        264.7130
    191.80      4       0.00600        267.4692
    191.80      5       0.00800        271.0655
    191.80      6       0.01000        275.2609
    191.80      7       0.01200        279.7740

    191.90      1       0.00000        262.4183
    191.90      2       0.00200        263.0077
    191.90      3       0.00400        264.7363
    191.90      4       0.00600        267.4883
    191.90      5       0.00800        271.0792
    191.90      6       0.01000        275.2681
    191.90      7       0.01200        279.7743

    192.00      1       0.00000        262.4451
    192.00      2       0.00200        263.0336
    192.00      3       0.00400        264.7596
    192.00      4       0.00600        267.5074
    192.00      5       0.00800        271.0928
    192.00      6       0.01000        275.2753
    192.00      7       0.01200        279.7747

    192.10      1       0.00000        262.4719
    192.10      2       0.00200        263.0595
    192.10      3       0.00400        264.7828
    192.10      4       0.00600        267.5264
    192.10      5       0.00800        271.1064
    192.10      6       0.01000        275.2825
    192.10      7       0.01200        279.7750

    192.20      1       0.00000        262.4986
    192.20      2       0.00200        263.0853
    192.20      3       0.00400        264.8060
    192.20      4       0.00600        267.5455
    192.20      5       0.00800        271.1199
    192.20      6       0.01000        275.2897
    192.20      7       0.01200        279.7753

    192.30      1       0.00000        262.5253
    192.30      2       0.00200        263.1111
    192.30      3       0.00400        264.8292
    192.30      4       0.00600        267.5645
    192.30      5       0.00800        271.1335
    192.30      6       0.01000        275.2969
    192.30      7       0.01200        279.7757

    192.40      1       0.00000        262.5520
    192.40      2       0.00200        263.1369
    192.40      3       0.00400        264.8524
    192.40      4       0.00600        267.5834
    192.40      5       0.00800        271.1470
    192.40      6       0.01000        275.3041
    192.40      7       0.01200        279.7760

    192.50      1       0.00000        262.5786
    192.50      2       0.00200        263.1626
    192.50      3       0.00400        264.8755
    192.50      4       0.00600        267.6024
    192.50      5       0.00800        271.1605
    192.50      6       0.01000        275.3113
    192.50      7       0.01200        279.7764

    192.60      1       0.00000        262.6052
    192.60      2       0.00200        263.1883
    192.60      3       0.00400        264.8986
    192.60      4       0.00600        267.6213
    192.60      5       0.00800        271.1740
    192.60      6       0.01000        275.3184
    192.60      7       0.01200        279.7767

    192.70      1       0.00000        262.6317
    192.70      2       0.00200        263.2139
    192.70      3       0.00400        264.9216
    192.70      4       0.00600        267.6402
    192.70      5       0.00800        271.1874
    192.70      6       0.01000        275.3256
    192.70      7       0.01200        279.7771

    192.80      1       0.00000        262.6582
    192.80      2       0.00200        263.2395
    192.80      3       0.00400        264.9446
    192.80      4       0.00600        267.6590
    192.80      5       0.00800        271.2009
    192.80      6       0.01000        275.3327
    192.80      7       0.01200        279.7774

    192.90      1       0.00000        262.6847
    192.90      2       0.00200        263.2651
    192.90      3       0.00400        264.9676
    192.90      4       0.00600        267.6779
    192.90      5       0.00800        271.2143
    192.90      6       0.01000        275.3398
    192.90      7       0.01200        279.7777

    193.00      1       0.00000        262.7111
    193.00      2       0.00200        263.2906
    193.00      3       0.00400        264.9905
    193.00      4       0.00600        267.6967
    193.00      5       0.00800        271.2277
    193.00      6       0.01000        275.3469
    193.00      7       0.01200        279.7781

    193.10      1       0.00000        262.7375
    193.10      2       0.00200        263.3161
    193.10      3       0.00400        265.0134
    193.10      4       0.00600        267.7154
    193.10      5       0.00800        271.2411
    193.10      6       0.01000        275.3540
    193.10      7       0.01200        279.7784

    193.20      1       0.00000        262.7638
    193.20      2       0.00200        263.3416
    193.20      3       0.00400        265.0363
    193.20      4       0.00600        267.7342
    193.20      5       0.00800        271.2545
    193.20      6       0.01000        275.3611
    193.20      7       0.01200        279.7787

    193.30      1       0.00000        262.7901
    193.30      2       0.00200        263.3670
    193.30      3       0.00400        265.0591
    193.30      4       0.00600        267.7529
    193.30      5       0.00800        271.2678
    193.30      6       0.01000        275.3682
    193.30      7       0.01200        279.7791

    193.40      1       0.00000        262.8163
    193.40      2       0.00200        263.3924
    193.40      3       0.00400        265.0819
    193.40      4       0.00600        267.7716
    193.40      5       0.00800        271.2811
    193.40      6       0.01000        275.3752
    193.40      7       0.01200        279.7794

    193.50      1       0.00000        262.8426
    193.50      2       0.00200        263.4177
    193.50      3       0.00400        265.1046
    193.50      4       0.00600        267.7902
    193.50      5       0.00800        271.2944
    193.50      6       0.01000        275.3823
    193.50      7       0.01200        279.7798

    193.60      1       0.00000        262.8687
    193.60      2       0.00200        263.4430
    193.60      3       0.00400        265.1274
    193.60      4       0.00600        267.8089
    193.60      5       0.00800        271.3077
    193.60      6       0.01000        275.3893
    193.60      7       0.01200        279.7801

    193.70      1       0.00000        262.8949
    193.70      2       0.00200        263.4683
    193.70      3       0.00400        265.1501
    193.70      4       0.00600        267.8275
    193.70      5       0.00800        271.3210
    193.70      6       0.01000        275.3964
    193.70      7       0.01200        279.7804

    193.80      1       0.00000        262.9210
    193.80      2       0.00200        263.4935
    193.80      3       0.00400        265.1727
    193.80      4       0.00600        267.8460
    193.80      5       0.00800        271.3342
    193.80      6       0.01000        275.4034
    193.80      7       0.01200        279.7808

    193.90      1       0.00000        262.9470
    193.90      2       0.00200        263.5187
    193.90      3       0.00400        265.1953
    193.90      4       0.00600        267.8646
    193.90      5       0.00800        271.3474
    193.90      6       0.01000        275.4104
    193.90      7       0.01200        279.7811

    194.00      1       0.00000        262.9730
    194.00      2       0.00200        263.5438
    194.00      3       0.00400        265.2179
    194.00      4       0.00600        267.8831
    194.00      5       0.00800        271.3606
    194.00      6       0.01000        275.4174
    194.00      7       0.01200        279.7814

    194.10      1       0.00000        262.9990
    194.10      2       0.00200        263.5689
    194.10      3       0.00400        265.2405
    194.10      4       0.00600        267.9016
    194.10      5       0.00800        271.3738
    194.10      6       0.01000        275.4244
    194.10      7       0.01200        279.7818

    194.20      1       0.00000        263.0249
    194.20      2       0.00200        263.5940
    194.20      3       0.00400        265.2630
    194.20      4       0.00600        267.9200
    194.20      5       0.00800        271.3870
    194.20      6       0.01000        275.4314
    194.20      7       0.01200        279.7821

    194.30      1       0.00000        263.0508
    194.30      2       0.00200        263.6190
    194.30      3       0.00400        265.2855
    194.30      4       0.00600        267.9385
    194.30      5       0.00800        271.4001
    194.30      6       0.01000        275.4384
    194.30      7       0.01200        279.7824

    194.40      1       0.00000        263.0767
    194.40      2       0.00200        263.6440
    194.40      3       0.00400        265.3079
    194.40      4       0.00600        267.9569
    194.40      5       0.00800        271.4132
    194.40      6       0.01000        275.4453
    194.40      7       0.01200        279.7828

    194.50      1       0.00000        263.1025
    194.50      2       0.00200        263.6690
    194.50      3       0.00400        265.3303
    194.50      4       0.00600        267.9752
    194.50      5       0.00800        271.4263
    194.50      6       0.01000        275.4523
    194.50      7       0.01200        279.7831

    194.60      1       0.00000        263.1283
    194.60      2       0.00200        263.6939
    194.60      3       0.00400        265.3527
    194.60      4       0.00600        267.9936
    194.60      5       0.00800        271.4394
    194.60      6       0.01000        275.4592
    194.60      7       0.01200        279.7834

    194.70      1       0.00000        263.1540
    194.70      2       0.00200        263.7188
    194.70      3       0.00400        265.3751
    194.70      4       0.00600        268.0119
    194.70      5       0.00800        271.4525
    194.70      6       0.01000        275.4661
    194.70      7       0.01200        279.7838

    194.80      1       0.00000        263.1797
    194.80      2       0.00200        263.7436
    194.80      3       0.00400        265.3974
    194.80      4       0.00600        268.0302
    194.80      5       0.00800        271.4655
    194.80      6       0.01000        275.4730
    194.80      7       0.01200        279.7841

    194.90      1       0.00000        263.2054
    194.90      2       0.00200        263.7684
    194.90      3       0.00400        265.4196
    194.90      4       0.00600        268.0484
    194.90      5       0.00800        271.4785
    194.90      6       0.01000        275.4800
    194.90      7       0.01200        279.7844

    195.00      1       0.00000        263.2310
    195.00      2       0.00200        263.7932
    195.00      3       0.00400        265.4419
    195.00      4       0.00600        268.0667
    195.00      5       0.00800        271.4915
    195.00      6       0.01000        275.4868
    195.00      7       0.01200        279.7847

    195.10      1       0.00000        263.2566
    195.10      2       0.00200        263.8179
    195.10      3       0.00400        265.4641
    195.10      4       0.00600        268.0849
    195.10      5       0.00800        271.5045
    195.10      6       0.01000        275.4937
    195.10      7       0.01200        279.7851

    195.20      1       0.00000        263.2821
    195.20      2       0.00200        263.8426
    195.20      3       0.00400        265.4863
    195.20      4       0.00600        268.1031
    195.20      5       0.00800        271.5175
    195.20      6       0.01000        275.5006
    195.20      7       0.01200        279.7854

    195.30      1       0.00000        263.3076
    195.30      2       0.00200        263.8672
    195.30      3       0.00400        265.5084
    195.30      4       0.00600        268.1212
    195.30      5       0.00800        271.5304
    195.30      6       0.01000        275.5075
    195.30      7       0.01200        279.7857

    195.40      1       0.00000        263.3331
    195.40      2       0.00200        263.8918
    195.40      3       0.00400        265.5305
    195.40      4       0.00600        268.1393
    195.40      5       0.00800        271.5433
    195.40      6       0.01000        275.5143
    195.40      7       0.01200        279.7861

    195.50      1       0.00000        263.3585
    195.50      2       0.00200        263.9164
    195.50      3       0.00400        265.5526
    195.50      4       0.00600        268.1574
    195.50      5       0.00800        271.5562
    195.50      6       0.01000        275.5212
    195.50      7       0.01200        279.7864

    195.60      1       0.00000        263.3839
    195.60      2       0.00200        263.9409
    195.60      3       0.00400        265.5746
    195.60      4       0.00600        268.1755
    195.60      5       0.00800        271.5691
    195.60      6       0.01000        275.5280
    195.60      7       0.01200        279.7867

    195.70      1       0.00000        263.4093
    195.70      2       0.00200        263.9654
    195.70      3       0.00400        265.5966
    195.70      4       0.00600        268.1935
    195.70      5       0.00800        271.5820
    195.70      6       0.01000        275.5348
    195.70      7       0.01200        279.7870

    195.80      1       0.00000        263.4346
    195.80      2       0.00200        263.9899
    195.80      3       0.00400        265.6186
    195.80      4       0.00600        268.2115
    195.80      5       0.00800        271.5948
    195.80      6       0.01000        275.5416
    195.80      7       0.01200        279.7874

    195.90      1       0.00000        263.4599
    195.90      2       0.00200        264.0143
    195.90      3       0.00400        265.6406
    195.90      4       0.00600        268.2295
    195.90      5       0.00800        271.6076
    195.90      6       0.01000        275.5484
    195.90      7       0.01200        279.7877

    196.00      1       0.00000        263.4851
    196.00      2       0.00200        264.0387
    196.00      3       0.00400        265.6625
    196.00      4       0.00600        268.2475
    196.00      5       0.00800        271.6205
    196.00      6       0.01000        275.5552
    196.00      7       0.01200        279.7880

    196.10      1       0.00000        263.5103
    196.10      2       0.00200        264.0631
    196.10      3       0.00400        265.6843
    196.10      4       0.00600        268.2654
    196.10      5       0.00800        271.6332
    196.10      6       0.01000        275.5620
    196.10      7       0.01200        279.7883

    196.20      1       0.00000        263.5354
    196.20      2       0.00200        264.0874
    196.20      3       0.00400        265.7062
    196.20      4       0.00600        268.2833
    196.20      5       0.00800        271.6460
    196.20      6       0.01000        275.5688
    196.20      7       0.01200        279.7887

    196.30      1       0.00000        263.5606
    196.30      2       0.00200        264.1117
    196.30      3       0.00400        265.7280
    196.30      4       0.00600        268.3012
    196.30      5       0.00800        271.6587
    196.30      6       0.01000        275.5755
    196.30      7       0.01200        279.7890

    196.40      1       0.00000        263.5856
    196.40      2       0.00200        264.1359
    196.40      3       0.00400        265.7498
    196.40      4       0.00600        268.3190
    196.40      5       0.00800        271.6715
    196.40      6       0.01000        275.5823
    196.40      7       0.01200        279.7893

    196.50      1       0.00000        263.6107
    196.50      2       0.00200        264.1601
    196.50      3       0.00400        265.7715
    196.50      4       0.00600        268.3369
    196.50      5       0.00800        271.6842
    196.50      6       0.01000        275.5890
    196.50      7       0.01200        279.7896

    196.60      1       0.00000        263.6357
    196.60      2       0.00200        264.1843
    196.60      3       0.00400        265.7932
    196.60      4       0.00600        268.3547
    196.60      5       0.00800        271.6969
    196.60      6       0.01000        275.5958
    196.60      7       0.01200        279.7899

    196.70      1       0.00000        263.6607
    196.70      2       0.00200        264.2084
    196.70      3       0.00400        265.8149
    196.70      4       0.00600        268.3724
    196.70      5       0.00800        271.7095
    196.70      6       0.01000        275.6025
    196.70      7       0.01200        279.7903

    196.80      1       0.00000        263.6856
    196.80      2       0.00200        264.2325
    196.80      3       0.00400        265.8365
    196.80      4       0.00600        268.3902
    196.80      5       0.00800        271.7222
    196.80      6       0.01000        275.6092
    196.80      7       0.01200        279.7906

    196.90      1       0.00000        263.7105
    196.90      2       0.00200        264.2565
    196.90      3       0.00400        265.8581
    196.90      4       0.00600        268.4079
    196.90      5       0.00800        271.7348
    196.90      6       0.01000        275.6159
    196.90      7       0.01200        279.7909

    197.00      1       0.00000        263.7353
    197.00      2       0.00200        264.2806
    197.00      3       0.00400        265.8797
    197.00      4       0.00600        268.4256
    197.00      5       0.00800        271.7474
    197.00      6       0.01000        275.6226
    197.00      7       0.01200        279.7912

    197.10      1       0.00000        263.7601
    197.10      2       0.00200        264.3045
    197.10      3       0.00400        265.9012
    197.10      4       0.00600        268.4432
    197.10      5       0.00800        271.7600
    197.10      6       0.01000        275.6293
    197.10      7       0.01200        279.7915

    197.20      1       0.00000        263.7849
    197.20      2       0.00200        264.3285
    197.20      3       0.00400        265.9228
    197.20      4       0.00600        268.4608
    197.20      5       0.00800        271.7726
    197.20      6       0.01000        275.6359
    197.20      7       0.01200        279.7919

    197.30      1       0.00000        263.8096
    197.30      2       0.00200        264.3524
    197.30      3       0.00400        265.9442
    197.30      4       0.00600        268.4784
    197.30      5       0.00800        271.7851
    197.30      6       0.01000        275.6426
    197.30      7       0.01200        279.7922

    197.40      1       0.00000        263.8343
    197.40      2       0.00200        264.3763
    197.40      3       0.00400        265.9657
    197.40      4       0.00600        268.4960
    197.40      5       0.00800        271.7977
    197.40      6       0.01000        275.6492
    197.40      7       0.01200        279.7925

    197.50      1       0.00000        263.8590
    197.50      2       0.00200        264.4001
    197.50      3       0.00400        265.9871
    197.50      4       0.00600        268.5136
    197.50      5       0.00800        271.8102
    197.50      6       0.01000        275.6559
    197.50      7       0.01200        279.7928

    197.60      1       0.00000        263.8836
    197.60      2       0.00200        264.4239
    197.60      3       0.00400        266.0085
    197.60      4       0.00600        268.5311
    197.60      5       0.00800        271.8227
    197.60      6       0.01000        275.6625
    197.60      7       0.01200        279.7931

    197.70      1       0.00000        263.9082
    197.70      2       0.00200        264.4477
    197.70      3       0.00400        266.0298
    197.70      4       0.00600        268.5486
    197.70      5       0.00800        271.8351
    197.70      6       0.01000        275.6691
    197.70      7       0.01200        279.7934

    197.80      1       0.00000        263.9328
    197.80      2       0.00200        264.4714
    197.80      3       0.00400        266.0511
    197.80      4       0.00600        268.5661
    197.80      5       0.00800        271.8476
    197.80      6       0.01000        275.6757
    197.80      7       0.01200        279.7938

    197.90      1       0.00000        263.9573
    197.90      2       0.00200        264.4951
    197.90      3       0.00400        266.0724
    197.90      4       0.00600        268.5835
    197.90      5       0.00800        271.8600
    197.90      6       0.01000        275.6823
    197.90      7       0.01200        279.7941

    198.00      1       0.00000        263.9818
    198.00      2       0.00200        264.5187
    198.00      3       0.00400        266.0937
    198.00      4       0.00600        268.6009
    198.00      5       0.00800        271.8725
    198.00      6       0.01000        275.6889
    198.00      7       0.01200        279.7944

    198.10      1       0.00000        264.0062
    198.10      2       0.00200        264.5423
    198.10      3       0.00400        266.1149
    198.10      4       0.00600        268.6183
    198.10      5       0.00800        271.8849
    198.10      6       0.01000        275.6955
    198.10      7       0.01200        279.7947

    198.20      1       0.00000        264.0306
    198.20      2       0.00200        264.5659
    198.20      3       0.00400        266.1361
    198.20      4       0.00600        268.6357
    198.20      5       0.00800        271.8972
    198.20      6       0.01000        275.7020
    198.20      7       0.01200        279.7950

    198.30      1       0.00000        264.0550
    198.30      2       0.00200        264.5895
    198.30      3       0.00400        266.1572
    198.30      4       0.00600        268.6530
    198.30      5       0.00800        271.9096
    198.30      6       0.01000        275.7086
    198.30      7       0.01200        279.7953

    198.40      1       0.00000        264.0793
    198.40      2       0.00200        264.6130
    198.40      3       0.00400        266.1783
    198.40      4       0.00600        268.6703
    198.40      5       0.00800        271.9219
    198.40      6       0.01000        275.7151
    198.40      7       0.01200        279.7956

    198.50      1       0.00000        264.1036
    198.50      2       0.00200        264.6365
    198.50      3       0.00400        266.1994
    198.50      4       0.00600        268.6876
    198.50      5       0.00800        271.9343
    198.50      6       0.01000        275.7217
    198.50      7       0.01200        279.7959

    198.60      1       0.00000        264.1278
    198.60      2       0.00200        264.6599
    198.60      3       0.00400        266.2205
    198.60      4       0.00600        268.7049
    198.60      5       0.00800        271.9466
    198.60      6       0.01000        275.7282
    198.60      7       0.01200        279.7963

    198.70      1       0.00000        264.1520
    198.70      2       0.00200        264.6833
    198.70      3       0.00400        266.2415
    198.70      4       0.00600        268.7221
    198.70      5       0.00800        271.9589
    198.70      6       0.01000        275.7347
    198.70      7       0.01200        279.7966

    198.80      1       0.00000        264.1762
    198.80      2       0.00200        264.7067
    198.80      3       0.00400        266.2625
    198.80      4       0.00600        268.7393
    198.80      5       0.00800        271.9711
    198.80      6       0.01000        275.7412
    198.80      7       0.01200        279.7969

    198.90      1       0.00000        264.2004
    198.90      2       0.00200        264.7300
    198.90      3       0.00400        266.2834
    198.90      4       0.00600        268.7565
    198.90      5       0.00800        271.9834
    198.90      6       0.01000        275.7477
    198.90      7       0.01200        279.7972

    199.00      1       0.00000        264.2245
    199.00      2       0.00200        264.7533
    199.00      3       0.00400        266.3044
    199.00      4       0.00600        268.7736
    199.00      5       0.00800        271.9956
    199.00      6       0.01000        275.7542
    199.00      7       0.01200        279.7975

    199.10      1       0.00000        264.2485
    199.10      2       0.00200        264.7766
    199.10      3       0.00400        266.3252
    199.10      4       0.00600        268.7908
    199.10      5       0.00800        272.0078
    199.10      6       0.01000        275.7607
    199.10      7       0.01200        279.7978

    199.20      1       0.00000        264.2726
    199.20      2       0.00200        264.7998
    199.20      3       0.00400        266.3461
    199.20      4       0.00600        268.8079
    199.20      5       0.00800        272.0200
    199.20      6       0.01000        275.7672
    199.20      7       0.01200        279.7981

    199.30      1       0.00000        264.2966
    199.30      2       0.00200        264.8230
    199.30      3       0.00400        266.3669
    199.30      4       0.00600        268.8249
    199.30      5       0.00800        272.0322
    199.30      6       0.01000        275.7736
    199.30      7       0.01200        279.7984

    199.40      1       0.00000        264.3205
    199.40      2       0.00200        264.8461
    199.40      3       0.00400        266.3877
    199.40      4       0.00600        268.8420
    199.40      5       0.00800        272.0443
    199.40      6       0.01000        275.7801
    199.40      7       0.01200        279.7987

    199.50      1       0.00000        264.3444
    199.50      2       0.00200        264.8692
    199.50      3       0.00400        266.4085
    199.50      4       0.00600        268.8590
    199.50      5       0.00800        272.0565
    199.50      6       0.01000        275.7865
    199.50      7       0.01200        279.7990

    199.60      1       0.00000        264.3683
    199.60      2       0.00200        264.8923
    199.60      3       0.00400        266.4292
    199.60      4       0.00600        268.8760
    199.60      5       0.00800        272.0686
    199.60      6       0.01000        275.7929
    199.60      7       0.01200        279.7993

    199.70      1       0.00000        264.3922
    199.70      2       0.00200        264.9154
    199.70      3       0.00400        266.4499
    199.70      4       0.00600        268.8930
    199.70      5       0.00800        272.0807
    199.70      6       0.01000        275.7994
    199.70      7       0.01200        279.7996

    199.80      1       0.00000        264.4160
    199.80      2       0.00200        264.9384
    199.80      3       0.00400        266.4706
    199.80      4       0.00600        268.9099
    199.80      5       0.00800        272.0928
    199.80      6       0.01000        275.8058
    199.80      7       0.01200        279.8000

    199.90      1       0.00000        264.4397
    199.90      2       0.00200        264.9614
    199.90      3       0.00400        266.4913
    199.90      4       0.00600        268.9268
    199.90      5       0.00800        272.1048
    199.90      6       0.01000        275.8122
    199.90      7       0.01200        279.8003

