      0.000000      0.000000    200.000000
      0.000000      0.500000    200.000000
      0.000000      1.000000    200.000000
      0.000000      1.500000    200.000000
      0.000000      2.000000    200.000000
      0.000000      2.500000    200.000000
      0.000000      3.000000    200.000000
      0.000000      3.500000    200.000000
      0.000000      4.000000    200.000000
      0.000000      4.500000    200.000000
      0.000000      5.000000    200.000000
      0.000000      5.500000    200.000000
      0.000000      6.000000    200.000000
      0.000000      6.500000    200.000000
      0.000000      7.000000    200.000000
      0.000000      7.500000    200.000000
      0.000000      8.000000    200.000000
      0.000000      8.500000    200.000000
      0.000000      9.000000    200.000000
      0.000000      9.500000    200.000000
      0.000000     10.000000    200.000000
      0.000000     10.500000    200.000000
      0.000000     11.000000    200.000000
      0.000000     11.500000    200.000000
      0.000000     12.000000    200.000000
      0.000000     12.500000    200.000000
      0.000000     13.000000    200.000000
      0.000000     13.500000    200.000000
      0.000000     14.000000    200.000000
      0.000000     14.500000    200.000000
      0.000000     15.000000    200.000000
      0.000000     15.500000    200.000000
      0.000000     16.000000    200.000000
      0.000000     16.500000    200.000000
      0.000000     17.000000    200.000000
      0.000000     17.500000    200.000000
      0.000000     18.000000    200.000000
      0.000000     18.500000    200.000000
      0.000000     19.000000    200.000000
      0.000000     19.500000    200.000000
      0.000000     20.000000    200.000000
      0.000000     20.500000    200.000000
      0.000000     21.000000    200.000000
      0.000000     21.500000    200.000000
      0.000000     22.000000    200.000000
      0.000000     22.500000    200.000000
      0.000000     23.000000    200.000000
      0.000000     23.500000    200.000000
      0.000000     24.000000    200.000000
      0.000000     24.500000    200.000000
      0.000000     25.000000    200.000000
      0.000000     25.500000    200.000000
      0.000000     26.000000    200.000000
      0.000000     26.500000    200.000000
      0.000000     27.000000    200.000000
      0.000000     27.500000    200.000000
      0.000000     28.000000    200.000000
      0.000000     28.500000    200.000000
      0.000000     29.000000    200.000000
      0.000000     29.500000    200.000000
      0.000000     30.000000    200.000000
      0.000000     30.500000    200.000000
      0.000000     31.000000    200.000000
      0.000000     31.500000    200.000000
      0.000000     32.000000    200.000000
      0.000000     32.500000    200.000000
      0.000000     33.000000    200.000000
      0.000000     33.500000    200.000000
      0.000000     34.000000    200.000000
      0.000000     34.500000    200.000000
      0.000000     35.000000    200.000000
      0.000000     35.500000    200.000000
      0.000000     36.000000    200.000000
      0.000000     36.500000    200.000000
      0.000000     37.000000    200.000000
      0.000000     37.500000    200.000000
      0.000000     38.000000    200.000000
      0.000000     38.500000    200.000000
      0.000000     39.000000    200.000000
      0.000000     39.500000    200.000000
      0.000000     40.000000    200.000000

      0.500000      0.000000     25.000000
      0.500000      0.500000    112.470073
      0.500000      1.000000    147.029344
      0.500000      1.500000    163.267012
      0.500000      2.000000    172.143326
      0.500000      2.500000    177.602754
      0.500000      3.000000    181.264210
      0.500000      3.500000    183.879021
      0.500000      4.000000    185.834862
      0.500000      4.500000    187.349933
      0.500000      5.000000    188.555906
      0.500000      5.500000    189.536799
      0.500000      6.000000    190.348694
      0.500000      6.500000    191.030442
      0.500000      7.000000    191.609796
      0.500000      7.500000    192.107101
      0.500000      8.000000    192.537611
      0.500000      8.500000    192.912978
      0.500000      9.000000    193.242257
      0.500000      9.500000    193.532583
      0.500000     10.000000    193.789653
      0.500000     10.500000    194.018066
      0.500000     11.000000    194.221574
      0.500000     11.500000    194.403260
      0.500000     12.000000    194.565682
      0.500000     12.500000    194.710973
      0.500000     13.000000    194.840924
      0.500000     13.500000    194.957044
      0.500000     14.000000    195.060608
      0.500000     14.500000    195.152700
      0.500000     15.000000    195.234240
      0.500000     15.500000    195.306008
      0.500000     16.000000    195.368667
      0.500000     16.500000    195.422774
      0.500000     17.000000    195.468798
      0.500000     17.500000    195.507127
      0.500000     18.000000    195.538077
      0.500000     18.500000    195.561898
      0.500000     19.000000    195.578780
      0.500000     19.500000    195.588857
      0.500000     20.000000    195.592208
      0.500000     20.500000    195.588857
      0.500000     21.000000    195.578781
      0.500000     21.500000    195.561898
      0.500000     22.000000    195.538077
      0.500000     22.500000    195.507127
      0.500000     23.000000    195.468798
      0.500000     23.500000    195.422774
      0.500000     24.000000    195.368667
      0.500000     24.500000    195.306008
      0.500000     25.000000    195.234240
      0.500000     25.500000    195.152701
      0.500000     26.000000    195.060608
      0.500000     26.500000    194.957044
      0.500000     27.000000    194.840925
      0.500000     27.500000    194.710974
      0.500000     28.000000    194.565683
      0.500000     28.500000    194.403261
      0.500000     29.000000    194.221574
      0.500000     29.500000    194.018067
      0.500000     30.000000    193.789654
      0.500000     30.500000    193.532584
      0.500000     31.000000    193.242258
      0.500000     31.500000    192.912979
      0.500000     32.000000    192.537611
      0.500000     32.500000    192.107101
      0.500000     33.000000    191.609796
      0.500000     33.500000    191.030443
      0.500000     34.000000    190.348695
      0.500000     34.500000    189.536799
      0.500000     35.000000    188.555907
      0.500000     35.500000    187.349934
      0.500000     36.000000    185.834863
      0.500000     36.500000    183.879021
      0.500000     37.000000    181.264210
      0.500000     37.500000    177.602754
      0.500000     38.000000    172.143327
      0.500000     38.500000    163.267012
      0.500000     39.000000    147.029344
      0.500000     39.500000    112.470073
      0.500000     40.000000     25.000000

      1.000000      0.000000     25.000000
      1.000000      0.500000     77.850948
      1.000000      1.000000    112.380292
      1.000000      1.500000    133.895376
      1.000000      2.000000    147.703540
      1.000000      2.500000    157.003478
      1.000000      3.000000    163.575066
      1.000000      3.500000    168.417010
      1.000000      4.000000    172.110495
      1.000000      4.500000    175.008965
      1.000000      5.000000    177.336894
      1.000000      5.500000    179.242594
      1.000000      6.000000    180.827536
      1.000000      6.500000    182.163280
      1.000000      7.000000    183.301639
      1.000000      7.500000    184.280998
      1.000000      8.000000    185.130363
      1.000000      8.500000    185.872045
      1.000000      9.000000    186.523467
      1.000000      9.500000    187.098422
      1.000000     10.000000    187.607962
      1.000000     10.500000    188.061039
      1.000000     11.000000    188.464969
      1.000000     11.500000    188.825784
      1.000000     12.000000    189.148495
      1.000000     12.500000    189.437288
      1.000000     13.000000    189.695680
      1.000000     13.500000    189.926642
      1.000000     14.000000    190.132688
      1.000000     14.500000    190.315953
      1.000000     15.000000    190.478252
      1.000000     15.500000    190.621126
      1.000000     16.000000    190.745884
      1.000000     16.500000    190.853631
      1.000000     17.000000    190.945291
      1.000000     17.500000    191.021633
      1.000000     18.000000    191.083282
      1.000000     18.500000    191.130735
      1.000000     19.000000    191.164367
      1.000000     19.500000    191.184442
      1.000000     20.000000    191.191116
      1.000000     20.500000    191.184442
      1.000000     21.000000    191.164367
      1.000000     21.500000    191.130735
      1.000000     22.000000    191.083282
      1.000000     22.500000    191.021633
      1.000000     23.000000    190.945291
      1.000000     23.500000    190.853631
      1.000000     24.000000    190.745885
      1.000000     24.500000    190.621127
      1.000000     25.000000    190.478252
      1.000000     25.500000    190.315954
      1.000000     26.000000    190.132689
      1.000000     26.500000    189.926643
      1.000000     27.000000    189.695681
      1.000000     27.500000    189.437289
      1.000000     28.000000    189.148496
      1.000000     28.500000    188.825785
      1.000000     29.000000    188.464970
      1.000000     29.500000    188.061040
      1.000000     30.000000    187.607964
      1.000000     30.500000    187.098423
      1.000000     31.000000    186.523468
      1.000000     31.500000    185.872046
      1.000000     32.000000    185.130364
      1.000000     32.500000    184.280999
      1.000000     33.000000    183.301640
      1.000000     33.500000    182.163281
      1.000000     34.000000    180.827537
      1.000000     34.500000    179.242595
      1.000000     35.000000    177.336895
      1.000000     35.500000    175.008966
      1.000000     36.000000    172.110496
      1.000000     36.500000    168.417011
      1.000000     37.000000    163.575067
      1.000000     37.500000    157.003479
      1.000000     38.000000    147.703541
      1.000000     38.500000    133.895376
      1.000000     39.000000    112.380292
      1.000000     39.500000     77.850948
      1.000000     40.000000     25.000000

      1.500000      0.000000     25.000000
      1.500000      0.500000     61.553426
      1.500000      1.000000     90.745501
      1.500000      1.500000    112.230658
      1.500000      2.000000    127.771982
      1.500000      2.500000    139.132554
      1.500000      3.000000    147.615566
      1.500000      3.500000    154.103459
      1.500000      4.000000    159.181142
      1.500000      4.500000    163.238538
      1.500000      5.000000    166.540109
      1.500000      5.500000    169.269148
      1.500000      6.000000    171.555576
      1.500000      6.500000    173.493502
      1.500000      7.000000    175.152484
      1.500000      7.500000    176.584887
      1.500000      8.000000    177.830799
      1.500000      8.500000    178.921373
      1.500000      9.000000    179.881144
      1.500000      9.500000    180.729676
      1.500000     10.000000    181.482736
      1.500000     10.500000    182.153158
      1.500000     11.000000    182.751478
      1.500000     11.500000    183.286413
      1.500000     12.000000    183.765226
      1.500000     12.500000    184.194002
      1.500000     13.000000    184.577867
      1.500000     13.500000    184.921157
      1.500000     14.000000    185.227549
      1.500000     14.500000    185.500172
      1.500000     15.000000    185.741688
      1.500000     15.500000    185.954361
      1.500000     16.000000    186.140114
      1.500000     16.500000    186.300574
      1.500000     17.000000    186.437102
      1.500000     17.500000    186.550832
      1.500000     18.000000    186.642685
      1.500000     18.500000    186.713392
      1.500000     19.000000    186.763510
      1.500000     19.500000    186.793427
      1.500000     20.000000    186.803373
      1.500000     20.500000    186.793427
      1.500000     21.000000    186.763510
      1.500000     21.500000    186.713393
      1.500000     22.000000    186.642685
      1.500000     22.500000    186.550832
      1.500000     23.000000    186.437103
      1.500000     23.500000    186.300574
      1.500000     24.000000    186.140115
      1.500000     24.500000    185.954362
      1.500000     25.000000    185.741689
      1.500000     25.500000    185.500173
      1.500000     26.000000    185.227550
      1.500000     26.500000    184.921158
      1.500000     27.000000    184.577869
      1.500000     27.500000    184.194004
      1.500000     28.000000    183.765228
      1.500000     28.500000    183.286415
      1.500000     29.000000    182.751480
      1.500000     29.500000    182.153160
      1.500000     30.000000    181.482738
      1.500000     30.500000    180.729678
      1.500000     31.000000    179.881146
      1.500000     31.500000    178.921374
      1.500000     32.000000    177.830801
      1.500000     32.500000    176.584889
      1.500000     33.000000    175.152485
      1.500000     33.500000    173.493504
      1.500000     34.000000    171.555578
      1.500000     34.500000    169.269150
      1.500000     35.000000    166.540111
      1.500000     35.500000    163.238539
      1.500000     36.000000    159.181144
      1.500000     36.500000    154.103460
      1.500000     37.000000    147.615567
      1.500000     37.500000    139.132555
      1.500000     38.000000    127.771982
      1.500000     38.500000    112.230659
      1.500000     39.000000     90.745501
      1.500000     39.500000     61.553427
      1.500000     40.000000     25.000000

      2.000000      0.000000     25.000000
      2.000000      0.500000     52.617256
      2.000000      1.000000     76.817627
      2.000000      1.500000     96.509775
      2.000000      2.000000    112.021174
      2.000000      2.500000    124.139189
      2.000000      3.000000    133.651184
      2.000000      3.500000    141.200116
      2.000000      4.000000    147.272078
      2.000000      4.500000    152.223936
      2.000000      5.000000    156.315858
      2.000000      5.500000    159.738313
      2.000000      6.000000    162.632118
      2.000000      6.500000    165.102669
      2.000000      7.000000    167.229906
      2.000000      7.500000    169.075268
      2.000000      8.000000    170.686575
      2.000000      8.500000    172.101502
      2.000000      9.000000    173.350060
      2.000000      9.500000    174.456401
      2.000000     10.000000    175.440149
      2.000000     10.500000    176.317380
      2.000000     11.000000    177.101372
      2.000000     11.500000    177.803165
      2.000000     12.000000    178.431994
      2.000000     12.500000    178.995628
      2.000000     13.000000    179.500630
      2.000000     13.500000    179.952569
      2.000000     14.000000    180.356180
      2.000000     14.500000    180.715499
      2.000000     15.000000    181.033966
      2.000000     15.500000    181.314515
      2.000000     16.000000    181.559639
      2.000000     16.500000    181.771447
      2.000000     17.000000    181.951713
      2.000000     17.500000    182.101908
      2.000000     18.000000    182.223233
      2.000000     18.500000    182.316640
      2.000000     19.000000    182.382854
      2.000000     19.500000    182.422382
      2.000000     20.000000    182.435525
      2.000000     20.500000    182.422382
      2.000000     21.000000    182.382854
      2.000000     21.500000    182.316640
      2.000000     22.000000    182.223233
      2.000000     22.500000    182.101909
      2.000000     23.000000    181.951714
      2.000000     23.500000    181.771448
      2.000000     24.000000    181.559640
      2.000000     24.500000    181.314517
      2.000000     25.000000    181.033968
      2.000000     25.500000    180.715500
      2.000000     26.000000    180.356182
      2.000000     26.500000    179.952571
      2.000000     27.000000    179.500632
      2.000000     27.500000    178.995630
      2.000000     28.000000    178.431996
      2.000000     28.500000    177.803167
      2.000000     29.000000    177.101375
      2.000000     29.500000    176.317382
      2.000000     30.000000    175.440151
      2.000000     30.500000    174.456404
      2.000000     31.000000    173.350062
      2.000000     31.500000    172.101505
      2.000000     32.000000    170.686577
      2.000000     32.500000    169.075270
      2.000000     33.000000    167.229909
      2.000000     33.500000    165.102671
      2.000000     34.000000    162.632120
      2.000000     34.500000    159.738315
      2.000000     35.000000    156.315859
      2.000000     35.500000    152.223937
      2.000000     36.000000    147.272080
      2.000000     36.500000    141.200118
      2.000000     37.000000    133.651185
      2.000000     37.500000    124.139190
      2.000000     38.000000    112.021175
      2.000000     38.500000     96.509775
      2.000000     39.000000     76.817628
      2.000000     39.500000     52.617257
      2.000000     40.000000     25.000000

      2.500000      0.000000     25.000000
      2.500000      0.500000     47.097972
      2.500000      1.000000     67.397977
      2.500000      1.500000     84.969639
      2.500000      2.000000     99.663750
      2.500000      2.500000    111.751845
      2.500000      3.000000    121.649865
      2.500000      3.500000    129.773745
      2.500000      4.000000    136.483117
      2.500000      4.500000    142.069269
      2.500000      5.000000    146.761072
      2.500000      5.500000    150.736130
      2.500000      6.000000    154.131913
      2.500000      6.500000    157.055150
      2.500000      7.000000    159.589206
      2.500000      7.500000    161.799702
      2.500000      8.000000    163.738731
      2.500000      8.500000    165.448002
      2.500000      9.000000    166.961193
      2.500000      9.500000    168.305721
      2.500000     10.000000    169.504077
      2.500000     10.500000    170.574841
      2.500000     11.000000    171.533467
      2.500000     11.500000    172.392881
      2.500000     12.000000    173.163958
      2.500000     12.500000    173.855885
      2.500000     13.000000    174.476457
      2.500000     13.500000    175.032309
      2.500000     14.000000    175.529104
      2.500000     14.500000    175.971677
      2.500000     15.000000    176.364164
      2.500000     15.500000    176.710095
      2.500000     16.000000    177.012479
      2.500000     16.500000    177.273864
      2.500000     17.000000    177.496395
      2.500000     17.500000    177.681854
      2.500000     18.000000    177.831698
      2.500000     18.500000    177.947082
      2.500000     19.000000    178.028885
      2.500000     19.500000    178.077723
      2.500000     20.000000    178.093962
      2.500000     20.500000    178.077723
      2.500000     21.000000    178.028885
      2.500000     21.500000    177.947082
      2.500000     22.000000    177.831699
      2.500000     22.500000    177.681855
      2.500000     23.000000    177.496396
      2.500000     23.500000    177.273866
      2.500000     24.000000    177.012481
      2.500000     24.500000    176.710097
      2.500000     25.000000    176.364166
      2.500000     25.500000    175.971679
      2.500000     26.000000    175.529106
      2.500000     26.500000    175.032312
      2.500000     27.000000    174.476459
      2.500000     27.500000    173.855887
      2.500000     28.000000    173.163960
      2.500000     28.500000    172.392884
      2.500000     29.000000    171.533469
      2.500000     29.500000    170.574844
      2.500000     30.000000    169.504080
      2.500000     30.500000    168.305724
      2.500000     31.000000    166.961196
      2.500000     31.500000    165.448005
      2.500000     32.000000    163.738734
      2.500000     32.500000    161.799705
      2.500000     33.000000    159.589208
      2.500000     33.500000    157.055153
      2.500000     34.000000    154.131916
      2.500000     34.500000    150.736132
      2.500000     35.000000    146.761074
      2.500000     35.500000    142.069271
      2.500000     36.000000    136.483119
      2.500000     36.500000    129.773747
      2.500000     37.000000    121.649867
      2.500000     37.500000    111.751847
      2.500000     38.000000     99.663751
      2.500000     38.500000     84.969640
      2.500000     39.000000     67.397978
      2.500000     39.500000     47.097972
      2.500000     40.000000     25.000000

      3.000000      0.000000     25.000000
      3.000000      0.500000     43.376655
      3.000000      1.000000     60.706671
      3.000000      1.500000     76.307056
      3.000000      2.000000     89.912340
      3.000000      2.500000    101.554578
      3.000000      3.000000    111.422687
      3.000000      3.500000    119.761883
      3.000000      4.000000    126.817377
      3.000000      4.500000    132.808952
      3.000000      5.000000    137.923031
      3.000000      5.500000    142.313221
      3.000000      6.000000    146.104256
      3.000000      6.500000    149.396812
      3.000000      7.000000    152.272064
      3.000000      7.500000    154.795604
      3.000000      8.000000    157.020646
      3.000000      8.500000    158.990581
      3.000000      9.000000    160.740989
      3.000000      9.500000    162.301214
      3.000000     10.000000    163.695597
      3.000000     10.500000    164.944441
      3.000000     11.000000    166.064772
      3.000000     11.500000    167.070935
      3.000000     12.000000    167.975072
      3.000000     12.500000    168.787496
      3.000000     13.000000    169.517003
      3.000000     13.500000    170.171109
      3.000000     14.000000    170.756249
      3.000000     14.500000    171.277942
      3.000000     15.000000    171.740917
      3.000000     15.500000    172.149224
      3.000000     16.000000    172.506318
      3.000000     16.500000    172.815136
      3.000000     17.000000    173.078149
      3.000000     17.500000    173.297417
      3.000000     18.000000    173.474623
      3.000000     18.500000    173.611105
      3.000000     19.000000    173.707880
      3.000000     19.500000    173.765663
      3.000000     20.000000    173.784877
      3.000000     20.500000    173.765663
      3.000000     21.000000    173.707881
      3.000000     21.500000    173.611106
      3.000000     22.000000    173.474624
      3.000000     22.500000    173.297419
      3.000000     23.000000    173.078151
      3.000000     23.500000    172.815137
      3.000000     24.000000    172.506320
      3.000000     24.500000    172.149226
      3.000000     25.000000    171.740919
      3.000000     25.500000    171.277944
      3.000000     26.000000    170.756252
      3.000000     26.500000    170.171111
      3.000000     27.000000    169.517006
      3.000000     27.500000    168.787499
      3.000000     28.000000    167.975075
      3.000000     28.500000    167.070939
      3.000000     29.000000    166.064776
      3.000000     29.500000    164.944445
      3.000000     30.000000    163.695600
      3.000000     30.500000    162.301217
      3.000000     31.000000    160.740993
      3.000000     31.500000    158.990585
      3.000000     32.000000    157.020650
      3.000000     32.500000    154.795607
      3.000000     33.000000    152.272067
      3.000000     33.500000    149.396816
      3.000000     34.000000    146.104259
      3.000000     34.500000    142.313224
      3.000000     35.000000    137.923034
      3.000000     35.500000    132.808955
      3.000000     36.000000    126.817379
      3.000000     36.500000    119.761885
      3.000000     37.000000    111.422689
      3.000000     37.500000    101.554579
      3.000000     38.000000     89.912341
      3.000000     38.500000     76.307057
      3.000000     39.000000     60.706671
      3.000000     39.500000     43.376655
      3.000000     40.000000     25.000000

      3.500000      0.000000     25.000000
      3.500000      0.500000     40.701976
      3.500000      1.000000     55.744994
      3.500000      1.500000     69.639575
      3.500000      2.000000     82.123976
      3.500000      2.500000     93.131438
      3.500000      3.000000    102.724421
      3.500000      3.500000    111.033722
      3.500000      4.000000    118.215555
      3.500000      4.500000    124.426132
      3.500000      5.000000    129.808881
      3.500000      5.500000    134.489466
      3.500000      6.000000    138.575079
      3.500000      6.500000    142.155779
      3.500000      7.000000    145.306635
      3.500000      7.500000    148.090004
      3.500000      8.000000    150.557668
      3.500000      8.500000    152.752688
      3.500000      9.000000    154.710969
      3.500000      9.500000    156.462549
      3.500000     10.000000    158.032655
      3.500000     10.500000    159.442555
      3.500000     11.000000    160.710246
      3.500000     11.500000    161.851017
      3.500000     12.000000    162.877897
      3.500000     12.500000    163.802026
      3.500000     13.000000    164.632952
      3.500000     13.500000    165.378873
      3.500000     14.000000    166.046842
      3.500000     14.500000    166.642925
      3.500000     15.000000    167.172339
      3.500000     15.500000    167.639565
      3.500000     16.000000    168.048435
      3.500000     16.500000    168.402212
      3.500000     17.000000    168.703649
      3.500000     17.500000    168.955043
      3.500000     18.000000    169.158273
      3.500000     18.500000    169.314836
      3.500000     19.000000    169.425869
      3.500000     19.500000    169.492172
      3.500000     20.000000    169.514221
      3.500000     20.500000    169.492173
      3.500000     21.000000    169.425869
      3.500000     21.500000    169.314836
      3.500000     22.000000    169.158274
      3.500000     22.500000    168.955045
      3.500000     23.000000    168.703651
      3.500000     23.500000    168.402214
      3.500000     24.000000    168.048437
      3.500000     24.500000    167.639567
      3.500000     25.000000    167.172342
      3.500000     25.500000    166.642928
      3.500000     26.000000    166.046845
      3.500000     26.500000    165.378877
      3.500000     27.000000    164.632955
      3.500000     27.500000    163.802030
      3.500000     28.000000    162.877901
      3.500000     28.500000    161.851021
      3.500000     29.000000    160.710250
      3.500000     29.500000    159.442559
      3.500000     30.000000    158.032659
      3.500000     30.500000    156.462553
      3.500000     31.000000    154.710973
      3.500000     31.500000    152.752692
      3.500000     32.000000    150.557672
      3.500000     32.500000    148.090008
      3.500000     33.000000    145.306639
      3.500000     33.500000    142.155783
      3.500000     34.000000    138.575082
      3.500000     34.500000    134.489469
      3.500000     35.000000    129.808884
      3.500000     35.500000    124.426135
      3.500000     36.000000    118.215558
      3.500000     36.500000    111.033724
      3.500000     37.000000    102.724424
      3.500000     37.500000     93.131440
      3.500000     38.000000     82.123978
      3.500000     38.500000     69.639576
      3.500000     39.000000     55.744995
      3.500000     39.500000     40.701976
      3.500000     40.000000     25.000000

      4.000000      0.000000     25.000000
      4.000000      0.500000     38.686254
      4.000000      1.000000     51.931755
      4.000000      1.500000     64.382275
      4.000000      2.000000     75.812552
      4.000000      2.500000     86.122778
      4.000000      3.000000     95.309839
      4.000000      3.500000    103.433028
      4.000000      4.000000    110.584989
      4.000000      4.500000    116.871141
      4.000000      5.000000    122.396894
      4.000000      5.500000    127.260683
      4.000000      6.000000    131.550813
      4.000000      6.500000    135.344592
      4.000000      7.000000    138.708692
      4.000000      7.500000    141.700110
      4.000000      8.000000    144.367335
      4.000000      8.500000    146.751535
      4.000000      9.000000    148.887649
      4.000000      9.500000    150.805358
      4.000000     10.000000    152.529921
      4.000000     10.500000    154.082878
      4.000000     11.000000    155.482641
      4.000000     11.500000    156.744989
      4.000000     12.000000    157.883474
      4.000000     12.500000    158.909761
      4.000000     13.000000    159.833905
      4.000000     13.500000    160.664592
      4.000000     14.000000    161.409322
      4.000000     14.500000    162.074577
      4.000000     15.000000    162.665951
      4.000000     15.500000    163.188262
      4.000000     16.000000    163.645646
      4.000000     16.500000    164.041628
      4.000000     17.000000    164.379193
      4.000000     17.500000    164.660833
      4.000000     18.000000    164.888591
      4.000000     18.500000    165.064096
      4.000000     19.000000    165.188587
      4.000000     19.500000    165.262937
      4.000000     20.000000    165.287663
      4.000000     20.500000    165.262937
      4.000000     21.000000    165.188588
      4.000000     21.500000    165.064097
      4.000000     22.000000    164.888593
      4.000000     22.500000    164.660835
      4.000000     23.000000    164.379195
      4.000000     23.500000    164.041630
      4.000000     24.000000    163.645648
      4.000000     24.500000    163.188265
      4.000000     25.000000    162.665954
      4.000000     25.500000    162.074580
      4.000000     26.000000    161.409325
      4.000000     26.500000    160.664595
      4.000000     27.000000    159.833909
      4.000000     27.500000    158.909764
      4.000000     28.000000    157.883478
      4.000000     28.500000    156.744994
      4.000000     29.000000    155.482646
      4.000000     29.500000    154.082882
      4.000000     30.000000    152.529926
      4.000000     30.500000    150.805363
      4.000000     31.000000    148.887653
      4.000000     31.500000    146.751540
      4.000000     32.000000    144.367340
      4.000000     32.500000    141.700114
      4.000000     33.000000    138.708696
      4.000000     33.500000    135.344596
      4.000000     34.000000    131.550817
      4.000000     34.500000    127.260687
      4.000000     35.000000    122.396898
      4.000000     35.500000    116.871145
      4.000000     36.000000    110.584992
      4.000000     36.500000    103.433030
      4.000000     37.000000     95.309841
      4.000000     37.500000     86.122780
      4.000000     38.000000     75.812553
      4.000000     38.500000     64.382276
      4.000000     39.000000     51.931756
      4.000000     39.500000     38.686254
      4.000000     40.000000     25.000000

      4.500000      0.000000     25.000000
      4.500000      0.500000     37.111285
      4.500000      1.000000     48.913497
      4.500000      1.500000     60.145216
      4.500000      2.000000     70.621178
      4.500000      2.500000     80.237284
      4.500000      3.000000     88.959129
      4.500000      3.500000     96.803561
      4.500000      4.000000    103.820233
      4.500000      4.500000    110.076549
      4.500000      5.000000    115.646873
      4.500000      5.500000    120.605559
      4.500000      6.000000    125.022900
      4.500000      6.500000    128.963083
      4.500000      7.000000    132.483432
      4.500000      7.500000    135.634408
      4.500000      8.000000    138.460028
      4.500000      8.500000    140.998468
      4.500000      9.000000    143.282734
      4.500000      9.500000    145.341314
      4.500000     10.000000    147.198794
      4.500000     10.500000    148.876395
      4.500000     11.000000    150.392452
      4.500000     11.500000    151.762826
      4.500000     12.000000    153.001251
      4.500000     12.500000    154.119637
      4.500000     13.000000    155.128317
      4.500000     13.500000    156.036267
      4.500000     14.000000    156.851277
      4.500000     14.500000    157.580110
      4.500000     15.000000    158.228625
      4.500000     15.500000    158.801889
      4.500000     16.000000    159.304258
      4.500000     16.500000    159.739462
      4.500000     17.000000    160.110663
      4.500000     17.500000    160.420506
      4.500000     18.000000    160.671164
      4.500000     18.500000    160.864370
      4.500000     19.000000    161.001448
      4.500000     19.500000    161.083326
      4.500000     20.000000    161.110558
      4.500000     20.500000    161.083326
      4.500000     21.000000    161.001448
      4.500000     21.500000    160.864371
      4.500000     22.000000    160.671165
      4.500000     22.500000    160.420508
      4.500000     23.000000    160.110665
      4.500000     23.500000    159.739465
      4.500000     24.000000    159.304261
      4.500000     24.500000    158.801892
      4.500000     25.000000    158.228629
      4.500000     25.500000    157.580113
      4.500000     26.000000    156.851280
      4.500000     26.500000    156.036271
      4.500000     27.000000    155.128322
      4.500000     27.500000    154.119641
      4.500000     28.000000    153.001256
      4.500000     28.500000    151.762830
      4.500000     29.000000    150.392457
      4.500000     29.500000    148.876400
      4.500000     30.000000    147.198799
      4.500000     30.500000    145.341319
      4.500000     31.000000    143.282739
      4.500000     31.500000    140.998473
      4.500000     32.000000    138.460033
      4.500000     32.500000    135.634413
      4.500000     33.000000    132.483436
      4.500000     33.500000    128.963088
      4.500000     34.000000    125.022904
      4.500000     34.500000    120.605563
      4.500000     35.000000    115.646877
      4.500000     35.500000    110.076553
      4.500000     36.000000    103.820237
      4.500000     36.500000     96.803564
      4.500000     37.000000     88.959132
      4.500000     37.500000     80.237287
      4.500000     38.000000     70.621180
      4.500000     38.500000     60.145218
      4.500000     39.000000     48.913499
      4.500000     39.500000     37.111286
      4.500000     40.000000     25.000000

      5.000000      0.000000     25.000000
      5.000000      0.500000     35.845390
      5.000000      1.000000     46.465733
      5.000000      1.500000     56.663915
      5.000000      2.000000     66.289659
      5.000000      2.500000     75.246053
      5.000000      3.000000     83.485832
      5.000000      3.500000     91.001853
      5.000000      4.000000     97.815835
      5.000000      4.500000    103.967951
      5.000000      5.000000    109.508489
      5.000000      5.500000    114.491780
      5.000000      6.000000    118.972145
      5.000000      6.500000    123.001409
      5.000000      7.000000    126.627544
      5.000000      7.500000    129.894063
      5.000000      8.000000    132.839901
      5.000000      8.500000    135.499577
      5.000000      9.000000    137.903504
      5.000000      9.500000    140.078372
      5.000000     10.000000    142.047547
      5.000000     10.500000    143.831456
      5.000000     11.000000    145.447947
      5.000000     11.500000    146.912611
      5.000000     12.000000    148.239068
      5.000000     12.500000    149.439218
      5.000000     13.000000    150.523462
      5.000000     13.500000    151.500882
      5.000000     14.000000    152.379409
      5.000000     14.500000    153.165961
      5.000000     15.000000    153.866554
      5.000000     15.500000    154.486409
      5.000000     16.000000    155.030036
      5.000000     16.500000    155.501301
      5.000000     17.000000    155.903491
      5.000000     17.500000    156.239365
      5.000000     18.000000    156.511188
      5.000000     18.500000    156.720775
      5.000000     19.000000    156.869508
      5.000000     19.500000    156.958362
      5.000000     20.000000    156.987916
      5.000000     20.500000    156.958363
      5.000000     21.000000    156.869509
      5.000000     21.500000    156.720776
      5.000000     22.000000    156.511190
      5.000000     22.500000    156.239366
      5.000000     23.000000    155.903494
      5.000000     23.500000    155.501303
      5.000000     24.000000    155.030039
      5.000000     24.500000    154.486413
      5.000000     25.000000    153.866557
      5.000000     25.500000    153.165965
      5.000000     26.000000    152.379414
      5.000000     26.500000    151.500886
      5.000000     27.000000    150.523466
      5.000000     27.500000    149.439223
      5.000000     28.000000    148.239073
      5.000000     28.500000    146.912616
      5.000000     29.000000    145.447952
      5.000000     29.500000    143.831461
      5.000000     30.000000    142.047552
      5.000000     30.500000    140.078377
      5.000000     31.000000    137.903510
      5.000000     31.500000    135.499583
      5.000000     32.000000    132.839907
      5.000000     32.500000    129.894068
      5.000000     33.000000    126.627549
      5.000000     33.500000    123.001414
      5.000000     34.000000    118.972150
      5.000000     34.500000    114.491784
      5.000000     35.000000    109.508493
      5.000000     35.500000    103.967955
      5.000000     36.000000     97.815838
      5.000000     36.500000     91.001857
      5.000000     37.000000     83.485835
      5.000000     37.500000     75.246055
      5.000000     38.000000     66.289661
      5.000000     38.500000     56.663917
      5.000000     39.000000     46.465735
      5.000000     39.500000     35.845391
      5.000000     40.000000     25.000000

      5.500000      0.000000     25.000000
      5.500000      0.500000     34.804541
      5.500000      1.000000     44.440131
      5.500000      1.500000     53.755052
      5.500000      2.000000     62.627490
      5.500000      2.500000     70.971436
      5.500000      3.000000     78.736291
      5.500000      3.500000     85.902186
      5.500000      4.000000     92.473301
      5.500000      4.500000     98.470931
      5.500000      5.000000    103.927352
      5.500000      5.500000    108.880927
      5.500000      6.000000    113.372491
      5.500000      6.500000    117.442866
      5.500000      7.000000    121.131272
      5.500000      7.500000    124.474398
      5.500000      8.000000    127.505937
      5.500000      8.500000    130.256436
      5.500000      9.000000    132.753334
      5.500000      9.500000    135.021123
      5.500000     10.000000    137.081565
      5.500000     10.500000    138.953935
      5.500000     11.000000    140.655270
      5.500000     11.500000    142.200603
      5.500000     12.000000    143.603191
      5.500000     12.500000    144.874709
      5.500000     13.000000    146.025430
      5.500000     13.500000    147.064390
      5.500000     14.000000    147.999519
      5.500000     14.500000    148.837771
      5.500000     15.000000    149.585220
      5.500000     15.500000    150.247160
      5.500000     16.000000    150.828176
      5.500000     16.500000    151.332214
      5.500000     17.000000    151.762638
      5.500000     17.500000    152.122273
      5.500000     18.000000    152.413450
      5.500000     18.500000    152.638034
      5.500000     19.000000    152.797449
      5.500000     19.500000    152.892699
      5.500000     20.000000    152.924384
      5.500000     20.500000    152.892700
      5.500000     21.000000    152.797449
      5.500000     21.500000    152.638035
      5.500000     22.000000    152.413452
      5.500000     22.500000    152.122275
      5.500000     23.000000    151.762640
      5.500000     23.500000    151.332217
      5.500000     24.000000    150.828179
      5.500000     24.500000    150.247163
      5.500000     25.000000    149.585224
      5.500000     25.500000    148.837775
      5.500000     26.000000    147.999524
      5.500000     26.500000    147.064395
      5.500000     27.000000    146.025435
      5.500000     27.500000    144.874714
      5.500000     28.000000    143.603197
      5.500000     28.500000    142.200609
      5.500000     29.000000    140.655275
      5.500000     29.500000    138.953941
      5.500000     30.000000    137.081571
      5.500000     30.500000    135.021129
      5.500000     31.000000    132.753340
      5.500000     31.500000    130.256442
      5.500000     32.000000    127.505943
      5.500000     32.500000    124.474404
      5.500000     33.000000    121.131278
      5.500000     33.500000    117.442872
      5.500000     34.000000    113.372496
      5.500000     34.500000    108.880932
      5.500000     35.000000    103.927357
      5.500000     35.500000     98.470935
      5.500000     36.000000     92.473305
      5.500000     36.500000     85.902190
      5.500000     37.000000     78.736295
      5.500000     37.500000     70.971439
      5.500000     38.000000     62.627492
      5.500000     38.500000     53.755054
      5.500000     39.000000     44.440133
      5.500000     39.500000     34.804542
      5.500000     40.000000     25.000000

      6.000000      0.000000     25.000000
      6.000000      0.500000     33.932643
      6.000000      1.000000     42.735199
      6.000000      1.500000     51.288672
      6.000000      2.000000     59.493812
      6.000000      2.500000     67.275912
      6.000000      3.000000     74.585711
      6.000000      3.500000     81.397300
      6.000000      4.000000     87.704253
      6.000000      4.500000     93.515119
      6.000000      5.000000     98.849062
      6.000000      5.500000    103.732085
      6.000000      6.000000    108.194025
      6.000000      6.500000    112.266292
      6.000000      7.000000    115.980282
      6.000000      7.500000    119.366321
      6.000000      8.000000    122.453015
      6.000000      8.500000    125.266895
      6.000000      9.000000    127.832273
      6.000000      9.500000    130.171222
      6.000000     10.000000    132.303656
      6.000000     10.500000    134.247451
      6.000000     11.000000    136.018593
      6.000000     11.500000    137.631342
      6.000000     12.000000    139.098386
      6.000000     12.500000    140.430995
      6.000000     13.000000    141.639161
      6.000000     13.500000    142.731729
      6.000000     14.000000    143.716509
      6.000000     14.500000    144.600383
      6.000000     15.000000    145.389397
      6.000000     15.500000    146.088835
      6.000000     16.000000    146.703294
      6.000000     16.500000    147.236744
      6.000000     17.000000    147.692574
      6.000000     17.500000    148.073642
      6.000000     18.000000    148.382307
      6.000000     18.500000    148.620462
      6.000000     19.000000    148.789554
      6.000000     19.500000    148.890604
      6.000000     20.000000    148.924220
      6.000000     20.500000    148.890604
      6.000000     21.000000    148.789555
      6.000000     21.500000    148.620463
      6.000000     22.000000    148.382309
      6.000000     22.500000    148.073644
      6.000000     23.000000    147.692576
      6.000000     23.500000    147.236747
      6.000000     24.000000    146.703298
      6.000000     24.500000    146.088839
      6.000000     25.000000    145.389401
      6.000000     25.500000    144.600388
      6.000000     26.000000    143.716514
      6.000000     26.500000    142.731734
      6.000000     27.000000    141.639167
      6.000000     27.500000    140.431001
      6.000000     28.000000    139.098392
      6.000000     28.500000    137.631349
      6.000000     29.000000    136.018600
      6.000000     29.500000    134.247457
      6.000000     30.000000    132.303663
      6.000000     30.500000    130.171229
      6.000000     31.000000    127.832280
      6.000000     31.500000    125.266902
      6.000000     32.000000    122.453021
      6.000000     32.500000    119.366328
      6.000000     33.000000    115.980288
      6.000000     33.500000    112.266298
      6.000000     34.000000    108.194031
      6.000000     34.500000    103.732091
      6.000000     35.000000     98.849067
      6.000000     35.500000     93.515124
      6.000000     36.000000     87.704258
      6.000000     36.500000     81.397305
      6.000000     37.000000     74.585715
      6.000000     37.500000     67.275915
      6.000000     38.000000     59.493815
      6.000000     38.500000     51.288674
      6.000000     39.000000     42.735200
      6.000000     39.500000     33.932644
      6.000000     40.000000     25.000000

      6.500000      0.000000     25.000000
      6.500000      0.500000     33.190833
      6.500000      1.000000     41.279348
      6.500000      1.500000     49.170626
      6.500000      2.000000     56.783176
      6.500000      2.500000     64.052688
      6.500000      3.000000     70.933342
      6.500000      3.500000     77.397051
      6.500000      4.000000     83.431292
      6.500000      4.500000     89.036231
      6.500000      5.000000     94.221691
      6.500000      5.500000     99.004329
      6.500000      6.000000    103.405233
      6.500000      6.500000    107.447995
      6.500000      7.000000    111.157244
      6.500000      7.500000    114.557590
      6.500000      8.000000    117.672906
      6.500000      8.500000    120.525859
      6.500000      9.000000    123.137641
      6.500000      9.500000    125.527837
      6.500000     10.000000    127.714388
      6.500000     10.500000    129.713620
      6.500000     11.000000    131.540312
      6.500000     11.500000    133.207788
      6.500000     12.000000    134.728017
      6.500000     12.500000    136.111725
      6.500000     13.000000    137.368492
      6.500000     13.500000    138.506855
      6.500000     14.000000    139.534404
      6.500000     14.500000    140.457858
      6.500000     15.000000    141.283150
      6.500000     15.500000    142.015489
      6.500000     16.000000    142.659424
      6.500000     16.500000    143.218893
      6.500000     17.000000    143.697272
      6.500000     17.500000    144.097413
      6.500000     18.000000    144.421675
      6.500000     18.500000    144.671954
      6.500000     19.000000    144.849702
      6.500000     19.500000    144.955943
      6.500000     20.000000    144.991289
      6.500000     20.500000    144.955944
      6.500000     21.000000    144.849703
      6.500000     21.500000    144.671956
      6.500000     22.000000    144.421677
      6.500000     22.500000    144.097416
      6.500000     23.000000    143.697275
      6.500000     23.500000    143.218896
      6.500000     24.000000    142.659428
      6.500000     24.500000    142.015494
      6.500000     25.000000    141.283155
      6.500000     25.500000    140.457863
      6.500000     26.000000    139.534409
      6.500000     26.500000    138.506861
      6.500000     27.000000    137.368498
      6.500000     27.500000    136.111731
      6.500000     28.000000    134.728024
      6.500000     28.500000    133.207794
      6.500000     29.000000    131.540319
      6.500000     29.500000    129.713627
      6.500000     30.000000    127.714395
      6.500000     30.500000    125.527844
      6.500000     31.000000    123.137648
      6.500000     31.500000    120.525866
      6.500000     32.000000    117.672913
      6.500000     32.500000    114.557597
      6.500000     33.000000    111.157250
      6.500000     33.500000    107.448002
      6.500000     34.000000    103.405240
      6.500000     34.500000     99.004335
      6.500000     35.000000     94.221696
      6.500000     35.500000     89.036237
      6.500000     36.000000     83.431297
      6.500000     36.500000     77.397056
      6.500000     37.000000     70.933346
      6.500000     37.500000     64.052691
      6.500000     38.000000     56.783179
      6.500000     38.500000     49.170628
      6.500000     39.000000     41.279349
      6.500000     39.500000     33.190834
      6.500000     40.000000     25.000000

      7.000000      0.000000     25.000000
      7.000000      0.500000     32.551343
      7.000000      1.000000     40.020732
      7.000000      1.500000     47.331308
      7.000000      2.000000     54.415578
      7.000000      2.500000     61.218320
      7.000000      3.000000     67.697919
      7.000000      3.500000     73.826270
      7.000000      4.000000     79.587633
      7.000000      4.500000     84.976824
      7.000000      5.000000     89.997141
      7.000000      5.500000     94.658305
      7.000000      6.000000     98.974585
      7.000000      6.500000    102.963213
      7.000000      7.000000    106.643107
      7.000000      7.500000    110.033889
      7.000000      8.000000    113.155160
      7.000000      8.500000    116.025994
      7.000000      9.000000    118.664596
      7.000000      9.500000    121.088097
      7.000000     10.000000    123.312439
      7.000000     10.500000    125.352329
      7.000000     11.000000    127.221247
      7.000000     11.500000    128.931479
      7.000000     12.000000    130.494171
      7.000000     12.500000    131.919397
      7.000000     13.000000    133.216226
      7.000000     13.500000    134.392799
      7.000000     14.000000    135.456394
      7.000000     14.500000    136.413497
      7.000000     15.000000    137.269857
      7.000000     15.500000    138.030550
      7.000000     16.000000    138.700020
      7.000000     16.500000    139.282133
      7.000000     17.000000    139.780210
      7.000000     17.500000    140.197064
      7.000000     18.000000    140.535028
      7.000000     18.500000    140.795979
      7.000000     19.000000    140.981356
      7.000000     19.500000    141.092178
      7.000000     20.000000    141.129052
      7.000000     20.500000    141.092179
      7.000000     21.000000    140.981357
      7.000000     21.500000    140.795981
      7.000000     22.000000    140.535031
      7.000000     22.500000    140.197067
      7.000000     23.000000    139.780213
      7.000000     23.500000    139.282137
      7.000000     24.000000    138.700024
      7.000000     24.500000    138.030554
      7.000000     25.000000    137.269862
      7.000000     25.500000    136.413502
      7.000000     26.000000    135.456400
      7.000000     26.500000    134.392805
      7.000000     27.000000    133.216232
      7.000000     27.500000    131.919403
      7.000000     28.000000    130.494178
      7.000000     28.500000    128.931486
      7.000000     29.000000    127.221254
      7.000000     29.500000    125.352336
      7.000000     30.000000    123.312446
      7.000000     30.500000    121.088105
      7.000000     31.000000    118.664604
      7.000000     31.500000    116.026002
      7.000000     32.000000    113.155168
      7.000000     32.500000    110.033897
      7.000000     33.000000    106.643115
      7.000000     33.500000    102.963220
      7.000000     34.000000     98.974592
      7.000000     34.500000     94.658312
      7.000000     35.000000     89.997147
      7.000000     35.500000     84.976829
      7.000000     36.000000     79.587638
      7.000000     36.500000     73.826275
      7.000000     37.000000     67.697923
      7.000000     37.500000     61.218324
      7.000000     38.000000     54.415581
      7.000000     38.500000     47.331310
      7.000000     39.000000     40.020734
      7.000000     39.500000     32.551344
      7.000000     40.000000     25.000000

      7.500000      0.000000     25.000000
      7.500000      0.500000     31.993805
      7.500000      1.000000     38.920932
      7.500000      1.500000     45.718296
      7.500000      2.000000     52.329506
      7.500000      2.500000     58.707098
      7.500000      3.000000     64.813743
      7.500000      3.500000     70.622478
      7.500000      4.000000     76.116147
      7.500000      4.500000     81.286290
      7.500000      5.000000     86.131746
      7.500000      5.500000     90.657167
      7.500000      6.000000     94.871589
      7.500000      6.500000     98.787165
      7.500000      7.000000    102.418084
      7.500000      7.500000    105.779700
      7.500000      8.000000    108.887853
      7.500000      8.500000    111.758361
      7.500000      9.000000    114.406653
      7.500000      9.500000    116.847519
      7.500000     10.000000    119.094942
      7.500000     10.500000    121.162011
      7.500000     11.000000    123.060870
      7.500000     11.500000    124.802712
      7.500000     12.000000    126.397793
      7.500000     12.500000    127.855466
      7.500000     13.000000    129.184217
      7.500000     13.500000    130.391720
      7.500000     14.000000    131.484878
      7.500000     14.500000    132.469878
      7.500000     15.000000    133.352234
      7.500000     15.500000    134.136833
      7.500000     16.000000    134.827975
      7.500000     16.500000    135.429410
      7.500000     17.000000    135.944372
      7.500000     17.500000    136.375607
      7.500000     18.000000    136.725396
      7.500000     18.500000    136.995578
      7.500000     19.000000    137.187567
      7.500000     19.500000    137.302363
      7.500000     20.000000    137.340563
      7.500000     20.500000    137.302364
      7.500000     21.000000    137.187568
      7.500000     21.500000    136.995580
      7.500000     22.000000    136.725398
      7.500000     22.500000    136.375610
      7.500000     23.000000    135.944376
      7.500000     23.500000    135.429414
      7.500000     24.000000    134.827979
      7.500000     24.500000    134.136838
      7.500000     25.000000    133.352239
      7.500000     25.500000    132.469884
      7.500000     26.000000    131.484884
      7.500000     26.500000    130.391726
      7.500000     27.000000    129.184224
      7.500000     27.500000    127.855473
      7.500000     28.000000    126.397801
      7.500000     28.500000    124.802719
      7.500000     29.000000    123.060877
      7.500000     29.500000    121.162019
      7.500000     30.000000    119.094950
      7.500000     30.500000    116.847527
      7.500000     31.000000    114.406661
      7.500000     31.500000    111.758369
      7.500000     32.000000    108.887861
      7.500000     32.500000    105.779708
      7.500000     33.000000    102.418092
      7.500000     33.500000     98.787173
      7.500000     34.000000     94.871596
      7.500000     34.500000     90.657173
      7.500000     35.000000     86.131752
      7.500000     35.500000     81.286296
      7.500000     36.000000     76.116152
      7.500000     36.500000     70.622483
      7.500000     37.000000     64.813747
      7.500000     37.500000     58.707102
      7.500000     38.000000     52.329510
      7.500000     38.500000     45.718298
      7.500000     39.000000     38.920934
      7.500000     39.500000     31.993806
      7.500000     40.000000     25.000000

      8.000000      0.000000     25.000000
      8.000000      0.500000     31.502947
      8.000000      1.000000     37.950894
      8.000000      1.500000     44.291438
      8.000000      2.000000     50.477054
      8.000000      2.500000     56.466824
      8.000000      3.000000     62.227476
      8.000000      3.500000     67.733753
      8.000000      4.000000     72.968186
      8.000000      4.500000     77.920443
      8.000000      5.000000     82.586387
      8.000000      5.500000     86.967026
      8.000000      6.000000     91.067440
      8.000000      6.500000     94.895775
      8.000000      7.000000     98.462365
      8.000000      7.500000    101.778974
      8.000000      8.000000    104.858191
      8.000000      8.500000    107.712944
      8.000000      9.000000    110.356139
      8.000000      9.500000    112.800383
      8.000000     10.000000    115.057800
      8.000000     10.500000    117.139903
      8.000000     11.000000    119.057510
      8.000000     11.500000    120.820706
      8.000000     12.000000    122.438825
      8.000000     12.500000    123.920457
      8.000000     13.000000    125.273459
      8.000000     13.500000    126.504987
      8.000000     14.000000    127.621522
      8.000000     14.500000    128.628905
      8.000000     15.000000    129.532369
      8.000000     15.500000    130.336574
      8.000000     16.000000    131.045637
      8.000000     16.500000    131.663161
      8.000000     17.000000    132.192263
      8.000000     17.500000    132.635596
      8.000000     18.000000    132.995371
      8.000000     18.500000    133.273372
      8.000000     19.000000    133.470973
      8.000000     19.500000    133.589146
      8.000000     20.000000    133.628473
      8.000000     20.500000    133.589146
      8.000000     21.000000    133.470974
      8.000000     21.500000    133.273374
      8.000000     22.000000    132.995373
      8.000000     22.500000    132.635599
      8.000000     23.000000    132.192267
      8.000000     23.500000    131.663165
      8.000000     24.000000    131.045641
      8.000000     24.500000    130.336579
      8.000000     25.000000    129.532374
      8.000000     25.500000    128.628911
      8.000000     26.000000    127.621528
      8.000000     26.500000    126.504994
      8.000000     27.000000    125.273466
      8.000000     27.500000    123.920464
      8.000000     28.000000    122.438833
      8.000000     28.500000    120.820714
      8.000000     29.000000    119.057518
      8.000000     29.500000    117.139912
      8.000000     30.000000    115.057809
      8.000000     30.500000    112.800391
      8.000000     31.000000    110.356147
      8.000000     31.500000    107.712953
      8.000000     32.000000    104.858199
      8.000000     32.500000    101.778983
      8.000000     33.000000     98.462373
      8.000000     33.500000     94.895783
      8.000000     34.000000     91.067447
      8.000000     34.500000     86.967034
      8.000000     35.000000     82.586394
      8.000000     35.500000     77.920449
      8.000000     36.000000     72.968192
      8.000000     36.500000     67.733758
      8.000000     37.000000     62.227481
      8.000000     37.500000     56.466828
      8.000000     38.000000     50.477057
      8.000000     38.500000     44.291440
      8.000000     39.000000     37.950896
      8.000000     39.500000     31.502948
      8.000000     40.000000     25.000000

      8.500000      0.000000     25.000000
      8.500000      0.500000     31.067089
      8.500000      1.000000     37.088259
      8.500000      1.500000     43.019506
      8.500000      2.000000     48.820449
      8.500000      2.500000     54.455667
      8.500000      3.000000     59.895585
      8.500000      3.500000     65.116870
      8.500000      4.000000     70.102404
      8.500000      4.500000     74.840908
      8.500000      5.000000     79.326333
      8.500000      5.500000     83.557113
      8.500000      6.000000     87.535369
      8.500000      6.500000     91.266132
      8.500000      7.000000     94.756627
      8.500000      7.500000     98.015642
      8.500000      8.000000    101.052993
      8.500000      8.500000    103.879088
      8.500000      9.000000    106.504575
      8.500000      9.500000    108.940073
      8.500000     10.000000    111.195975
      8.500000     10.500000    113.282293
      8.500000     11.000000    115.208563
      8.500000     11.500000    116.983777
      8.500000     12.000000    118.616346
      8.500000     12.500000    120.114077
      8.500000     13.000000    121.484175
      8.500000     13.500000    122.733248
      8.500000     14.000000    123.867319
      8.500000     14.500000    124.891851
      8.500000     15.000000    125.811764
      8.500000     15.500000    126.631458
      8.500000     16.000000    127.354839
      8.500000     16.500000    127.985335
      8.500000     17.000000    128.525924
      8.500000     17.500000    128.979146
      8.500000     18.000000    129.347121
      8.500000     18.500000    129.631567
      8.500000     19.000000    129.833806
      8.500000     19.500000    129.954776
      8.500000     20.000000    129.995038
      8.500000     20.500000    129.954777
      8.500000     21.000000    129.833807
      8.500000     21.500000    129.631569
      8.500000     22.000000    129.347124
      8.500000     22.500000    128.979149
      8.500000     23.000000    128.525928
      8.500000     23.500000    127.985339
      8.500000     24.000000    127.354843
      8.500000     24.500000    126.631464
      8.500000     25.000000    125.811770
      8.500000     25.500000    124.891858
      8.500000     26.000000    123.867326
      8.500000     26.500000    122.733255
      8.500000     27.000000    121.484183
      8.500000     27.500000    120.114085
      8.500000     28.000000    118.616354
      8.500000     28.500000    116.983786
      8.500000     29.000000    115.208571
      8.500000     29.500000    113.282301
      8.500000     30.000000    111.195984
      8.500000     30.500000    108.940082
      8.500000     31.000000    106.504584
      8.500000     31.500000    103.879097
      8.500000     32.000000    101.053002
      8.500000     32.500000     98.015650
      8.500000     33.000000     94.756635
      8.500000     33.500000     91.266140
      8.500000     34.000000     87.535377
      8.500000     34.500000     83.557121
      8.500000     35.000000     79.326341
      8.500000     35.500000     74.840915
      8.500000     36.000000     70.102410
      8.500000     36.500000     65.116876
      8.500000     37.000000     59.895590
      8.500000     37.500000     54.455672
      8.500000     38.000000     48.820453
      8.500000     38.500000     43.019509
      8.500000     39.000000     37.088261
      8.500000     39.500000     31.067089
      8.500000     40.000000     25.000000

      9.000000      0.000000     25.000000
      9.000000      0.500000     30.677148
      9.000000      1.000000     36.315547
      9.000000      1.500000     41.877881
      9.000000      2.000000     47.329568
      9.000000      2.500000     52.639811
      9.000000      3.000000     57.782327
      9.000000      3.500000     62.735740
      9.000000      4.000000     67.483652
      9.000000      4.500000     72.014453
      9.000000      5.000000     76.320926
      9.000000      5.500000     80.399725
      9.000000      6.000000     84.250791
      9.000000      6.500000     87.876757
      9.000000      7.000000     91.282369
      9.000000      7.500000     94.473974
      9.000000      8.000000     97.459053
      9.000000      8.500000    100.245841
      9.000000      9.000000    102.842999
      9.000000      9.500000    105.259363
      9.000000     10.000000    107.503734
      9.000000     10.500000    109.584730
      9.000000     11.000000    111.510672
      9.000000     11.500000    113.289496
      9.000000     12.000000    114.928706
      9.000000     12.500000    116.435332
      9.000000     13.000000    117.815919
      9.000000     13.500000    119.076511
      9.000000     14.000000    120.222657
      9.000000     14.500000    121.259418
      9.000000     15.000000    122.191379
      9.000000     15.500000    123.022658
      9.000000     16.000000    123.756925
      9.000000     16.500000    124.397418
      9.000000     17.000000    124.946953
      9.000000     17.500000    125.407942
      9.000000     18.000000    125.782403
      9.000000     18.500000    126.071971
      9.000000     19.000000    126.277910
      9.000000     19.500000    126.401116
      9.000000     20.000000    126.442126
      9.000000     20.500000    126.401117
      9.000000     21.000000    126.277911
      9.000000     21.500000    126.071973
      9.000000     22.000000    125.782405
      9.000000     22.500000    125.407945
      9.000000     23.000000    124.946957
      9.000000     23.500000    124.397423
      9.000000     24.000000    123.756930
      9.000000     24.500000    123.022663
      9.000000     25.000000    122.191385
      9.000000     25.500000    121.259425
      9.000000     26.000000    120.222664
      9.000000     26.500000    119.076518
      9.000000     27.000000    117.815927
      9.000000     27.500000    116.435341
      9.000000     28.000000    114.928714
      9.000000     28.500000    113.289505
      9.000000     29.000000    111.510681
      9.000000     29.500000    109.584740
      9.000000     30.000000    107.503743
      9.000000     30.500000    105.259372
      9.000000     31.000000    102.843009
      9.000000     31.500000    100.245850
      9.000000     32.000000     97.459062
      9.000000     32.500000     94.473983
      9.000000     33.000000     91.282378
      9.000000     33.500000     87.876765
      9.000000     34.000000     84.250800
      9.000000     34.500000     80.399733
      9.000000     35.000000     76.320933
      9.000000     35.500000     72.014460
      9.000000     36.000000     67.483658
      9.000000     36.500000     62.735746
      9.000000     37.000000     57.782333
      9.000000     37.500000     52.639816
      9.000000     38.000000     47.329572
      9.000000     38.500000     41.877884
      9.000000     39.000000     36.315549
      9.000000     39.500000     30.677149
      9.000000     40.000000     25.000000

      9.500000      0.000000     25.000000
      9.500000      0.500000     30.325958
      9.500000      1.000000     35.618900
      9.500000      1.500000     40.846901
      9.500000      2.000000     45.980132
      9.500000      2.500000     50.991683
      9.500000      3.000000     55.858174
      9.500000      3.500000     60.560110
      9.500000      4.000000     65.082011
      9.500000      4.500000     69.412327
      9.500000      5.000000     73.543192
      9.500000      5.500000     77.470069
      9.500000      6.000000     81.191316
      9.500000      6.500000     84.707735
      9.500000      7.000000     88.022121
      9.500000      7.500000     91.138831
      9.500000      8.000000     94.063405
      9.500000      8.500000     96.802223
      9.500000      9.000000     99.362220
      9.500000      9.500000    101.750645
      9.500000     10.000000    103.974868
      9.500000     10.500000    106.042225
      9.500000     11.000000    107.959899
      9.500000     11.500000    109.734830
      9.500000     12.000000    111.373649
      9.500000     12.500000    112.882629
      9.500000     13.000000    114.267659
      9.500000     13.500000    115.534220
      9.500000     14.000000    116.687380
      9.500000     14.500000    117.731788
      9.500000     15.000000    118.671677
      9.500000     15.500000    119.510870
      9.500000     16.000000    120.252788
      9.500000     16.500000    120.900460
      9.500000     17.000000    121.456530
      9.500000     17.500000    121.923268
      9.500000     18.000000    122.302577
      9.500000     18.500000    122.596005
      9.500000     19.000000    122.804748
      9.500000     19.500000    122.929654
      9.500000     20.000000    122.971234
      9.500000     20.500000    122.929655
      9.500000     21.000000    122.804749
      9.500000     21.500000    122.596007
      9.500000     22.000000    122.302580
      9.500000     22.500000    121.923271
      9.500000     23.000000    121.456534
      9.500000     23.500000    120.900465
      9.500000     24.000000    120.252794
      9.500000     24.500000    119.510876
      9.500000     25.000000    118.671683
      9.500000     25.500000    117.731795
      9.500000     26.000000    116.687388
      9.500000     26.500000    115.534228
      9.500000     27.000000    114.267667
      9.500000     27.500000    112.882638
      9.500000     28.000000    111.373658
      9.500000     28.500000    109.734839
      9.500000     29.000000    107.959909
      9.500000     29.500000    106.042235
      9.500000     30.000000    103.974878
      9.500000     30.500000    101.750655
      9.500000     31.000000     99.362230
      9.500000     31.500000     96.802233
      9.500000     32.000000     94.063415
      9.500000     32.500000     91.138841
      9.500000     33.000000     88.022130
      9.500000     33.500000     84.707744
      9.500000     34.000000     81.191324
      9.500000     34.500000     77.470077
      9.500000     35.000000     73.543200
      9.500000     35.500000     69.412334
      9.500000     36.000000     65.082018
      9.500000     36.500000     60.560116
      9.500000     37.000000     55.858179
      9.500000     37.500000     50.991688
      9.500000     38.000000     45.980136
      9.500000     38.500000     40.846904
      9.500000     39.000000     35.618902
      9.500000     39.500000     30.325959
      9.500000     40.000000     25.000000

     10.000000      0.000000     25.000000
     10.000000      0.500000     30.007785
     10.000000      1.000000     34.987193
     10.000000      1.500000     39.910693
     10.000000      2.000000     44.752375
     10.000000      2.500000     49.488616
     10.000000      3.000000     54.098575
     10.000000      3.500000     58.564515
     10.000000      4.000000     62.871956
     10.000000      4.500000     67.009651
     10.000000      5.000000     70.969449
     10.000000      5.500000     74.746044
     10.000000      6.000000     78.336668
     10.000000      6.500000     81.740748
     10.000000      7.000000     84.959548
     10.000000      7.500000     87.995826
     10.000000      8.000000     90.853514
     10.000000      8.500000     93.537428
     10.000000      9.000000     96.053014
     10.000000      9.500000     98.406130
     10.000000     10.000000    100.602869
     10.000000     10.500000    102.649403
     10.000000     11.000000    104.551871
     10.000000     11.500000    106.316278
     10.000000     12.000000    107.948431
     10.000000     12.500000    109.453877
     10.000000     13.000000    110.837868
     10.000000     13.500000    112.105332
     10.000000     14.000000    113.260857
     10.000000     14.500000    114.308678
     10.000000     15.000000    115.252671
     10.000000     15.500000    116.096358
     10.000000     16.000000    116.842899
     10.000000     16.500000    117.495106
     10.000000     17.000000    118.055441
     10.000000     17.500000    118.526023
     10.000000     18.000000    118.908635
     10.000000     18.500000    119.204727
     10.000000     19.000000    119.415423
     10.000000     19.500000    119.541521
     10.000000     20.000000    119.583501
     10.000000     20.500000    119.541522
     10.000000     21.000000    119.415424
     10.000000     21.500000    119.204729
     10.000000     22.000000    118.908638
     10.000000     22.500000    118.526027
     10.000000     23.000000    118.055445
     10.000000     23.500000    117.495111
     10.000000     24.000000    116.842905
     10.000000     24.500000    116.096364
     10.000000     25.000000    115.252678
     10.000000     25.500000    114.308685
     10.000000     26.000000    113.260865
     10.000000     26.500000    112.105341
     10.000000     27.000000    110.837877
     10.000000     27.500000    109.453886
     10.000000     28.000000    107.948441
     10.000000     28.500000    106.316288
     10.000000     29.000000    104.551880
     10.000000     29.500000    102.649413
     10.000000     30.000000    100.602879
     10.000000     30.500000     98.406141
     10.000000     31.000000     96.053024
     10.000000     31.500000     93.537438
     10.000000     32.000000     90.853524
     10.000000     32.500000     87.995836
     10.000000     33.000000     84.959558
     10.000000     33.500000     81.740758
     10.000000     34.000000     78.336677
     10.000000     34.500000     74.746052
     10.000000     35.000000     70.969457
     10.000000     35.500000     67.009659
     10.000000     36.000000     62.871963
     10.000000     36.500000     58.564522
     10.000000     37.000000     54.098580
     10.000000     37.500000     49.488621
     10.000000     38.000000     44.752379
     10.000000     38.500000     39.910696
     10.000000     39.000000     34.987195
     10.000000     39.500000     30.007786
     10.000000     40.000000     25.000000

     10.500000      0.000000     25.000000
     10.500000      0.500000     29.717988
     10.500000      1.000000     34.411396
     10.500000      1.500000     39.056301
     10.500000      2.000000     43.630061
     10.500000      2.500000     48.111832
     10.500000      3.000000     52.482993
     10.500000      3.500000     56.727422
     10.500000      4.000000     60.831646
     10.500000      4.500000     64.784874
     10.500000      5.000000     68.578909
     10.500000      5.500000     72.207989
     10.500000      6.000000     75.668566
     10.500000      6.500000     78.959042
     10.500000      7.000000     82.079498
     10.500000      7.500000     85.031411
     10.500000      8.000000     87.817398
     10.500000      8.500000     90.440962
     10.500000      9.000000     92.906278
     10.500000      9.500000     95.217995
     10.500000     10.000000     97.381076
     10.500000     10.500000     99.400649
     10.500000     11.000000    101.281903
     10.500000     11.500000    103.029983
     10.500000     12.000000    104.649922
     10.500000     12.500000    106.146582
     10.500000     13.000000    107.524605
     10.500000     13.500000    108.788385
     10.500000     14.000000    109.942040
     10.500000     14.500000    110.989396
     10.500000     15.000000    111.933975
     10.500000     15.500000    112.778991
     10.500000     16.000000    113.527346
     10.500000     16.500000    114.181626
     10.500000     17.000000    114.744106
     10.500000     17.500000    115.216750
     10.500000     18.000000    115.601214
     10.500000     18.500000    115.898847
     10.500000     19.000000    116.110696
     10.500000     19.500000    116.237508
     10.500000     20.000000    116.279729
     10.500000     20.500000    116.237509
     10.500000     21.000000    116.110697
     10.500000     21.500000    115.898849
     10.500000     22.000000    115.601217
     10.500000     22.500000    115.216754
     10.500000     23.000000    114.744110
     10.500000     23.500000    114.181631
     10.500000     24.000000    113.527352
     10.500000     24.500000    112.778998
     10.500000     25.000000    111.933982
     10.500000     25.500000    110.989403
     10.500000     26.000000    109.942048
     10.500000     26.500000    108.788394
     10.500000     27.000000    107.524614
     10.500000     27.500000    106.146591
     10.500000     28.000000    104.649932
     10.500000     28.500000    103.029992
     10.500000     29.000000    101.281913
     10.500000     29.500000     99.400660
     10.500000     30.000000     97.381086
     10.500000     30.500000     95.218006
     10.500000     31.000000     92.906288
     10.500000     31.500000     90.440972
     10.500000     32.000000     87.817408
     10.500000     32.500000     85.031422
     10.500000     33.000000     82.079508
     10.500000     33.500000     78.959052
     10.500000     34.000000     75.668576
     10.500000     34.500000     72.207998
     10.500000     35.000000     68.578917
     10.500000     35.500000     64.784882
     10.500000     36.000000     60.831654
     10.500000     36.500000     56.727428
     10.500000     37.000000     52.482999
     10.500000     37.500000     48.111837
     10.500000     38.000000     43.630065
     10.500000     38.500000     39.056305
     10.500000     39.000000     34.411398
     10.500000     39.500000     29.717989
     10.500000     40.000000     25.000000

     11.000000      0.000000     25.000000
     11.000000      0.500000     29.452773
     11.000000      1.000000     33.884099
     11.000000      1.500000     38.273057
     11.000000      2.000000     42.599734
     11.000000      2.500000     46.845659
     11.000000      3.000000     50.994145
     11.000000      3.500000     55.030532
     11.000000      4.000000     58.942334
     11.000000      4.500000     62.719290
     11.000000      5.000000     66.353323
     11.000000      5.500000     69.838439
     11.000000      6.000000     73.170565
     11.000000      6.500000     76.347359
     11.000000      7.000000     79.367990
     11.000000      7.500000     82.232925
     11.000000      8.000000     84.943705
     11.000000      8.500000     87.502745
     11.000000      9.000000     89.913140
     11.000000      9.500000     92.178498
     11.000000     10.000000     94.302790
     11.000000     10.500000     96.290217
     11.000000     11.000000     98.145110
     11.000000     11.500000     99.871828
     11.000000     12.000000    101.474694
     11.000000     12.500000    102.957923
     11.000000     13.000000    104.325587
     11.000000     13.500000    105.581565
     11.000000     14.000000    106.729524
     11.000000     14.500000    107.772891
     11.000000     15.000000    108.714842
     11.000000     15.500000    109.558288
     11.000000     16.000000    110.305869
     11.000000     16.500000    110.959947
     11.000000     17.000000    111.522609
     11.000000     17.500000    111.995659
     11.000000     18.000000    112.380624
     11.000000     18.500000    112.678751
     11.000000     19.000000    112.891008
     11.000000     19.500000    113.018087
     11.000000     20.000000    113.060400
     11.000000     20.500000    113.018087
     11.000000     21.000000    112.891010
     11.000000     21.500000    112.678754
     11.000000     22.000000    112.380628
     11.000000     22.500000    111.995663
     11.000000     23.000000    111.522613
     11.000000     23.500000    110.959952
     11.000000     24.000000    110.305874
     11.000000     24.500000    109.558295
     11.000000     25.000000    108.714850
     11.000000     25.500000    107.772899
     11.000000     26.000000    106.729532
     11.000000     26.500000    105.581574
     11.000000     27.000000    104.325596
     11.000000     27.500000    102.957933
     11.000000     28.000000    101.474704
     11.000000     28.500000     99.871839
     11.000000     29.000000     98.145120
     11.000000     29.500000     96.290228
     11.000000     30.000000     94.302800
     11.000000     30.500000     92.178509
     11.000000     31.000000     89.913151
     11.000000     31.500000     87.502756
     11.000000     32.000000     84.943716
     11.000000     32.500000     82.232935
     11.000000     33.000000     79.368000
     11.000000     33.500000     76.347369
     11.000000     34.000000     73.170575
     11.000000     34.500000     69.838448
     11.000000     35.000000     66.353332
     11.000000     35.500000     62.719298
     11.000000     36.000000     58.942342
     11.000000     36.500000     55.030539
     11.000000     37.000000     50.994151
     11.000000     37.500000     46.845665
     11.000000     38.000000     42.599738
     11.000000     38.500000     38.273060
     11.000000     39.000000     33.884102
     11.000000     39.500000     29.452774
     11.000000     40.000000     25.000000

     11.500000      0.000000     25.000000
     11.500000      0.500000     29.209003
     11.500000      1.000000     33.399173
     11.500000      1.500000     37.552093
     11.500000      2.000000     41.650159
     11.500000      2.500000     45.676926
     11.500000      3.000000     49.617396
     11.500000      3.500000     53.458227
     11.500000      4.000000     57.187870
     11.500000      4.500000     60.796629
     11.500000      5.000000     64.276656
     11.500000      5.500000     67.621879
     11.500000      6.000000     70.827898
     11.500000      6.500000     73.891837
     11.500000      7.000000     76.812180
     11.500000      7.500000     79.588593
     11.500000      8.000000     82.221754
     11.500000      8.500000     84.713174
     11.500000      9.000000     87.065041
     11.500000      9.500000     89.280070
     11.500000     10.000000     91.361368
     11.500000     10.500000     93.312321
     11.500000     11.000000     95.136492
     11.500000     11.500000     96.837529
     11.500000     12.000000     98.419102
     11.500000     12.500000     99.884833
     11.500000     13.000000    101.238255
     11.500000     13.500000    102.482766
     11.500000     14.000000    103.621600
     11.500000     14.500000    104.657805
     11.500000     15.000000    105.594217
     11.500000     15.500000    106.433452
     11.500000     16.000000    107.177895
     11.500000     16.500000    107.829686
     11.500000     17.000000    108.390724
     11.500000     17.500000    108.862655
     11.500000     18.000000    109.246875
     11.500000     18.500000    109.544528
     11.500000     19.000000    109.756501
     11.500000     19.500000    109.883432
     11.500000     20.000000    109.925700
     11.500000     20.500000    109.883432
     11.500000     21.000000    109.756503
     11.500000     21.500000    109.544530
     11.500000     22.000000    109.246878
     11.500000     22.500000    108.862659
     11.500000     23.000000    108.390729
     11.500000     23.500000    107.829692
     11.500000     24.000000    107.177901
     11.500000     24.500000    106.433459
     11.500000     25.000000    105.594224
     11.500000     25.500000    104.657813
     11.500000     26.000000    103.621609
     11.500000     26.500000    102.482775
     11.500000     27.000000    101.238264
     11.500000     27.500000     99.884843
     11.500000     28.000000     98.419112
     11.500000     28.500000     96.837540
     11.500000     29.000000     95.136502
     11.500000     29.500000     93.312333
     11.500000     30.000000     91.361379
     11.500000     30.500000     89.280081
     11.500000     31.000000     87.065053
     11.500000     31.500000     84.713185
     11.500000     32.000000     82.221765
     11.500000     32.500000     79.588604
     11.500000     33.000000     76.812190
     11.500000     33.500000     73.891848
     11.500000     34.000000     70.827909
     11.500000     34.500000     67.621889
     11.500000     35.000000     64.276665
     11.500000     35.500000     60.796638
     11.500000     36.000000     57.187878
     11.500000     36.500000     53.458234
     11.500000     37.000000     49.617403
     11.500000     37.500000     45.676932
     11.500000     38.000000     41.650163
     11.500000     38.500000     37.552096
     11.500000     39.000000     33.399175
     11.500000     39.500000     29.209004
     11.500000     40.000000     25.000000

     12.000000      0.000000     25.000000
     12.000000      0.500000     28.984068
     12.000000      1.000000     32.951496
     12.000000      1.500000     36.885983
     12.000000      2.000000     40.771882
     12.000000      2.500000     44.594492
     12.000000      3.000000     48.340287
     12.000000      3.500000     51.997111
     12.000000      4.000000     55.554289
     12.000000      4.500000     59.002702
     12.000000      5.000000     62.334792
     12.000000      5.500000     65.544524
     12.000000      6.000000     68.627313
     12.000000      6.500000     71.579914
     12.000000      7.000000     74.400299
     12.000000      7.500000     77.087515
     12.000000      8.000000     79.641544
     12.000000      8.500000     82.063157
     12.000000      9.000000     84.353782
     12.000000      9.500000     86.515373
     12.000000     10.000000     88.550292
     12.000000     10.500000     90.461210
     12.000000     11.000000     92.251007
     12.000000     11.500000     93.922696
     12.000000     12.000000     95.479352
     12.000000     12.500000     96.924054
     12.000000     13.000000     98.259835
     12.000000     13.500000     99.489644
     12.000000     14.000000    100.616309
     12.000000     14.500000    101.642512
     12.000000     15.000000    102.570769
     12.000000     15.500000    103.403411
     12.000000     16.000000    104.142573
     12.000000     16.500000    104.790181
     12.000000     17.000000    105.347947
     12.000000     17.500000    105.817363
     12.000000     18.000000    106.199695
     12.000000     18.500000    106.495984
     12.000000     19.000000    106.707039
     12.000000     19.500000    106.833441
     12.000000     20.000000    106.875536
     12.000000     20.500000    106.833441
     12.000000     21.000000    106.707041
     12.000000     21.500000    106.495987
     12.000000     22.000000    106.199699
     12.000000     22.500000    105.817367
     12.000000     23.000000    105.347952
     12.000000     23.500000    104.790187
     12.000000     24.000000    104.142579
     12.000000     24.500000    103.403418
     12.000000     25.000000    102.570776
     12.000000     25.500000    101.642520
     12.000000     26.000000    100.616317
     12.000000     26.500000     99.489653
     12.000000     27.000000     98.259845
     12.000000     27.500000     96.924064
     12.000000     28.000000     95.479363
     12.000000     28.500000     93.922707
     12.000000     29.000000     92.251018
     12.000000     29.500000     90.461222
     12.000000     30.000000     88.550304
     12.000000     30.500000     86.515384
     12.000000     31.000000     84.353794
     12.000000     31.500000     82.063169
     12.000000     32.000000     79.641555
     12.000000     32.500000     77.087527
     12.000000     33.000000     74.400310
     12.000000     33.500000     71.579925
     12.000000     34.000000     68.627323
     12.000000     34.500000     65.544534
     12.000000     35.000000     62.334801
     12.000000     35.500000     59.002711
     12.000000     36.000000     55.554297
     12.000000     36.500000     51.997118
     12.000000     37.000000     48.340294
     12.000000     37.500000     44.594497
     12.000000     38.000000     40.771887
     12.000000     38.500000     36.885986
     12.000000     39.000000     32.951498
     12.000000     39.500000     28.984069
     12.000000     40.000000     25.000000

     12.500000      0.000000     25.000000
     12.500000      0.500000     28.775772
     12.500000      1.000000     32.536761
     12.500000      1.500000     36.268460
     12.500000      2.000000     39.956897
     12.500000      2.500000     43.588870
     12.500000      3.000000     47.152152
     12.500000      3.500000     50.635640
     12.500000      4.000000     54.029474
     12.500000      4.500000     57.325099
     12.500000      5.000000     60.515286
     12.500000      5.500000     63.594113
     12.500000      6.000000     66.556915
     12.500000      6.500000     69.400208
     12.500000      7.000000     72.121588
     12.500000      7.500000     74.719626
     12.500000      8.000000     77.193750
     12.500000      8.500000     79.544130
     12.500000      9.000000     81.771559
     12.500000      9.500000     83.877347
     12.500000     10.000000     85.863220
     12.500000     10.500000     87.731221
     12.500000     11.000000     89.483632
     12.500000     11.500000     91.122898
     12.500000     12.000000     92.651558
     12.500000     12.500000     94.072197
     12.500000     13.000000     95.387390
     12.500000     13.500000     96.599668
     12.500000     14.000000     97.711480
     12.500000     14.500000     98.725166
     12.500000     15.000000     99.642937
     12.500000     15.500000    100.466852
     12.500000     16.000000    101.198807
     12.500000     16.500000    101.840520
     12.500000     17.000000    102.393523
     12.500000     17.500000    102.859156
     12.500000     18.000000    103.238561
     12.500000     18.500000    103.532676
     12.500000     19.000000    103.742233
     12.500000     19.500000    103.867757
     12.500000     20.000000    103.909564
     12.500000     20.500000    103.867758
     12.500000     21.000000    103.742234
     12.500000     21.500000    103.532678
     12.500000     22.000000    103.238564
     12.500000     22.500000    102.859160
     12.500000     23.000000    102.393528
     12.500000     23.500000    101.840525
     12.500000     24.000000    101.198813
     12.500000     24.500000    100.466860
     12.500000     25.000000     99.642945
     12.500000     25.500000     98.725175
     12.500000     26.000000     97.711489
     12.500000     26.500000     96.599678
     12.500000     27.000000     95.387400
     12.500000     27.500000     94.072207
     12.500000     28.000000     92.651569
     12.500000     28.500000     91.122909
     12.500000     29.000000     89.483644
     12.500000     29.500000     87.731233
     12.500000     30.000000     85.863232
     12.500000     30.500000     83.877359
     12.500000     31.000000     81.771571
     12.500000     31.500000     79.544142
     12.500000     32.000000     77.193762
     12.500000     32.500000     74.719638
     12.500000     33.000000     72.121599
     12.500000     33.500000     69.400219
     12.500000     34.000000     66.556926
     12.500000     34.500000     63.594123
     12.500000     35.000000     60.515295
     12.500000     35.500000     57.325108
     12.500000     36.000000     54.029482
     12.500000     36.500000     50.635647
     12.500000     37.000000     47.152158
     12.500000     37.500000     43.588876
     12.500000     38.000000     39.956901
     12.500000     38.500000     36.268464
     12.500000     39.000000     32.536763
     12.500000     39.500000     28.775773
     12.500000     40.000000     25.000000

     13.000000      0.000000     25.000000
     13.000000      0.500000     28.582258
     13.000000      1.000000     32.151316
     13.000000      1.500000     35.694200
     13.000000      2.000000     39.198374
     13.000000      2.500000     42.651942
     13.000000      3.000000     46.043809
     13.000000      3.500000     49.363823
     13.000000      4.000000     52.602869
     13.000000      4.500000     55.752935
     13.000000      5.000000     58.807140
     13.000000      5.500000     61.759727
     13.000000      6.000000     64.606028
     13.000000      6.500000     67.342415
     13.000000      7.000000     69.966220
     13.000000      7.500000     72.475651
     13.000000      8.000000     74.869703
     13.000000      8.500000     77.148054
     13.000000      9.000000     79.310977
     13.000000      9.500000     81.359239
     13.000000     10.000000     83.294020
     13.000000     10.500000     85.116823
     13.000000     11.000000     86.829405
     13.000000     11.500000     88.433705
     13.000000     12.000000     89.931787
     13.000000     12.500000     91.325786
     13.000000     13.000000     92.617862
     13.000000     13.500000     93.810160
     13.000000     14.000000     94.904778
     13.000000     14.500000     95.903738
     13.000000     15.000000     96.808963
     13.000000     15.500000     97.622256
     13.000000     16.000000     98.345285
     13.000000     16.500000     98.979569
     13.000000     17.000000     99.526469
     13.000000     17.500000     99.987180
     13.000000     18.000000    100.362719
     13.000000     18.500000    100.653927
     13.000000     19.000000    100.861461
     13.000000     19.500000    100.985793
     13.000000     20.000000    101.027205
     13.000000     20.500000    100.985793
     13.000000     21.000000    100.861463
     13.000000     21.500000    100.653929
     13.000000     22.000000    100.362722
     13.000000     22.500000     99.987184
     13.000000     23.000000     99.526474
     13.000000     23.500000     98.979575
     13.000000     24.000000     98.345291
     13.000000     24.500000     97.622263
     13.000000     25.000000     96.808971
     13.000000     25.500000     95.903747
     13.000000     26.000000     94.904787
     13.000000     26.500000     93.810169
     13.000000     27.000000     92.617872
     13.000000     27.500000     91.325797
     13.000000     28.000000     89.931798
     13.000000     28.500000     88.433717
     13.000000     29.000000     86.829417
     13.000000     29.500000     85.116835
     13.000000     30.000000     83.294032
     13.000000     30.500000     81.359252
     13.000000     31.000000     79.310989
     13.000000     31.500000     77.148066
     13.000000     32.000000     74.869715
     13.000000     32.500000     72.475663
     13.000000     33.000000     69.966232
     13.000000     33.500000     67.342427
     13.000000     34.000000     64.606039
     13.000000     34.500000     61.759737
     13.000000     35.000000     58.807150
     13.000000     35.500000     55.752944
     13.000000     36.000000     52.602877
     13.000000     36.500000     49.363831
     13.000000     37.000000     46.043816
     13.000000     37.500000     42.651948
     13.000000     38.000000     39.198379
     13.000000     38.500000     35.694203
     13.000000     39.000000     32.151319
     13.000000     39.500000     28.582259
     13.000000     40.000000     25.000000

     13.500000      0.000000     25.000000
     13.500000      0.500000     28.401945
     13.500000      1.000000     31.792046
     13.500000      1.500000     35.158649
     13.500000      2.000000     38.490459
     13.500000      2.500000     41.776714
     13.500000      3.000000     45.007321
     13.500000      3.500000     48.172974
     13.500000      4.000000     51.265243
     13.500000      4.500000     54.276633
     13.500000      5.000000     57.200614
     13.500000      5.500000     60.031626
     13.500000      6.000000     62.765057
     13.500000      6.500000     65.397206
     13.500000      7.000000     67.925226
     13.500000      7.500000     70.347058
     13.500000      8.000000     72.661356
     13.500000      8.500000     74.867408
     13.500000      9.000000     76.965056
     13.500000      9.500000     78.954615
     13.500000     10.000000     80.836799
     13.500000     10.500000     82.612648
     13.500000     11.000000     84.283460
     13.500000     11.500000     85.850732
     13.500000     12.000000     87.316101
     13.500000     12.500000     88.681301
     13.500000     13.000000     89.948113
     13.500000     13.500000     91.118333
     13.500000     14.000000     92.193735
     13.500000     14.500000     93.176047
     13.500000     15.000000     94.066922
     13.500000     15.500000     94.867925
     13.500000     16.000000     95.580508
     13.500000     16.500000     96.206004
     13.500000     17.000000     96.745608
     13.500000     17.500000     97.200376
     13.500000     18.000000     97.571209
     13.500000     18.500000     97.858853
     13.500000     19.000000     98.063893
     13.500000     19.500000     98.186749
     13.500000     20.000000     98.227673
     13.500000     20.500000     98.186750
     13.500000     21.000000     98.063895
     13.500000     21.500000     97.858856
     13.500000     22.000000     97.571212
     13.500000     22.500000     97.200380
     13.500000     23.000000     96.745613
     13.500000     23.500000     96.206010
     13.500000     24.000000     95.580515
     13.500000     24.500000     94.867932
     13.500000     25.000000     94.066930
     13.500000     25.500000     93.176055
     13.500000     26.000000     92.193744
     13.500000     26.500000     91.118343
     13.500000     27.000000     89.948123
     13.500000     27.500000     88.681312
     13.500000     28.000000     87.316113
     13.500000     28.500000     85.850744
     13.500000     29.000000     84.283472
     13.500000     29.500000     82.612660
     13.500000     30.000000     80.836811
     13.500000     30.500000     78.954627
     13.500000     31.000000     76.965068
     13.500000     31.500000     74.867421
     13.500000     32.000000     72.661368
     13.500000     32.500000     70.347070
     13.500000     33.000000     67.925238
     13.500000     33.500000     65.397218
     13.500000     34.000000     62.765068
     13.500000     34.500000     60.031637
     13.500000     35.000000     57.200624
     13.500000     35.500000     54.276643
     13.500000     36.000000     51.265252
     13.500000     36.500000     48.172982
     13.500000     37.000000     45.007328
     13.500000     37.500000     41.776720
     13.500000     38.000000     38.490464
     13.500000     38.500000     35.158652
     13.500000     39.000000     31.792049
     13.500000     39.500000     28.401946
     13.500000     40.000000     25.000000

     14.000000      0.000000     25.000000
     14.000000      0.500000     28.233474
     14.000000      1.000000     31.456276
     14.000000      1.500000     34.657889
     14.000000      2.000000     37.828099
     14.000000      2.500000     40.957136
     14.000000      3.000000     44.035788
     14.000000      3.500000     47.055510
     14.000000      4.000000     50.008498
     14.000000      4.500000     52.887741
     14.000000      5.000000     55.687059
     14.000000      5.500000     58.401107
     14.000000      6.000000     61.025369
     14.000000      6.500000     63.556126
     14.000000      7.000000     65.990421
     14.000000      7.500000     68.326000
     14.000000      8.000000     70.561257
     14.000000      8.500000     72.695168
     14.000000      9.000000     74.727224
     14.000000      9.500000     76.657366
     14.000000     10.000000     78.485914
     14.000000     10.500000     80.213511
     14.000000     11.000000     81.841058
     14.000000     11.500000     83.369662
     14.000000     12.000000     84.800586
     14.000000     12.500000     86.135204
     14.000000     13.000000     87.374958
     14.000000     13.500000     88.521325
     14.000000     14.000000     89.575785
     14.000000     14.500000     90.539793
     14.000000     15.000000     91.414757
     14.000000     15.500000     92.202015
     14.000000     16.000000     92.902821
     14.000000     16.500000     93.518331
     14.000000     17.000000     94.049586
     14.000000     17.500000     94.497508
     14.000000     18.000000     94.862889
     14.000000     18.500000     95.146386
     14.000000     19.000000     95.348512
     14.000000     19.500000     95.469639
     14.000000     20.000000     95.509990
     14.000000     20.500000     95.469640
     14.000000     21.000000     95.348514
     14.000000     21.500000     95.146388
     14.000000     22.000000     94.862893
     14.000000     22.500000     94.497513
     14.000000     23.000000     94.049591
     14.000000     23.500000     93.518337
     14.000000     24.000000     92.902828
     14.000000     24.500000     92.202022
     14.000000     25.000000     91.414765
     14.000000     25.500000     90.539802
     14.000000     26.000000     89.575794
     14.000000     26.500000     88.521335
     14.000000     27.000000     87.374968
     14.000000     27.500000     86.135215
     14.000000     28.000000     84.800598
     14.000000     28.500000     83.369674
     14.000000     29.000000     81.841070
     14.000000     29.500000     80.213524
     14.000000     30.000000     78.485927
     14.000000     30.500000     76.657379
     14.000000     31.000000     74.727237
     14.000000     31.500000     72.695180
     14.000000     32.000000     70.561269
     14.000000     32.500000     68.326012
     14.000000     33.000000     65.990433
     14.000000     33.500000     63.556138
     14.000000     34.000000     61.025380
     14.000000     34.500000     58.401118
     14.000000     35.000000     55.687069
     14.000000     35.500000     52.887750
     14.000000     36.000000     50.008506
     14.000000     36.500000     47.055518
     14.000000     37.000000     44.035795
     14.000000     37.500000     40.957142
     14.000000     38.000000     37.828105
     14.000000     38.500000     34.657893
     14.000000     39.000000     31.456279
     14.000000     39.500000     28.233476
     14.000000     40.000000     25.000000

     14.500000      0.000000     25.000000
     14.500000      0.500000     28.075676
     14.500000      1.000000     31.141696
     14.500000      1.500000     34.188533
     14.500000      2.000000     37.206914
     14.500000      2.500000     40.187941
     14.500000      3.000000     43.123185
     14.500000      3.500000     46.004782
     14.500000      4.000000     48.825496
     14.500000      4.500000     51.578774
     14.500000      5.000000     54.258773
     14.500000      5.500000     56.860375
     14.500000      6.000000     59.379185
     14.500000      6.500000     61.811511
     14.500000      7.000000     64.154333
     14.500000      7.500000     66.405264
     14.500000      8.000000     68.562504
     14.500000      8.500000     70.624783
     14.500000      9.000000     72.591309
     14.500000      9.500000     74.461712
     14.500000     10.000000     76.235983
     14.500000     10.500000     77.914426
     14.500000     11.000000     79.497600
     14.500000     11.500000     80.986274
     14.500000     12.000000     82.381380
     14.500000     12.500000     83.683973
     14.500000     13.000000     84.895191
     14.500000     13.500000     86.016225
     14.500000     14.000000     87.048288
     14.500000     14.500000     87.992585
     14.500000     15.000000     88.850298
     14.500000     15.500000     89.622558
     14.500000     16.000000     90.310434
     14.500000     16.500000     90.914914
     14.500000     17.000000     91.436899
     14.500000     17.500000     91.877184
     14.500000     18.000000     92.236457
     14.500000     18.500000     92.515290
     14.500000     19.000000     92.714132
     14.500000     19.500000     92.833307
     14.500000     20.000000     92.873010
     14.500000     20.500000     92.833308
     14.500000     21.000000     92.714133
     14.500000     21.500000     92.515292
     14.500000     22.000000     92.236460
     14.500000     22.500000     91.877188
     14.500000     23.000000     91.436904
     14.500000     23.500000     90.914921
     14.500000     24.000000     90.310441
     14.500000     24.500000     89.622566
     14.500000     25.000000     88.850306
     14.500000     25.500000     87.992594
     14.500000     26.000000     87.048298
     14.500000     26.500000     86.016236
     14.500000     27.000000     84.895202
     14.500000     27.500000     83.683984
     14.500000     28.000000     82.381392
     14.500000     28.500000     80.986286
     14.500000     29.000000     79.497612
     14.500000     29.500000     77.914438
     14.500000     30.000000     76.235996
     14.500000     30.500000     74.461725
     14.500000     31.000000     72.591322
     14.500000     31.500000     70.624796
     14.500000     32.000000     68.562517
     14.500000     32.500000     66.405277
     14.500000     33.000000     64.154345
     14.500000     33.500000     61.811523
     14.500000     34.000000     59.379197
     14.500000     34.500000     56.860386
     14.500000     35.000000     54.258783
     14.500000     35.500000     51.578784
     14.500000     36.000000     48.825505
     14.500000     36.500000     46.004790
     14.500000     37.000000     43.123192
     14.500000     37.500000     40.187947
     14.500000     38.000000     37.206920
     14.500000     38.500000     34.188537
     14.500000     39.000000     31.141699
     14.500000     39.500000     28.075678
     14.500000     40.000000     25.000000

     15.000000      0.000000     25.000000
     15.000000      0.500000     27.927535
     15.000000      1.000000     30.846299
     15.000000      1.500000     33.747631
     15.000000      2.000000     36.623085
     15.000000      2.500000     39.464528
     15.000000      3.000000     42.264230
     15.000000      3.500000     45.014936
     15.000000      4.000000     47.709933
     15.000000      4.500000     50.343087
     15.000000      5.000000     52.908884
     15.000000      5.500000     55.402436
     15.000000      6.000000     57.819487
     15.000000      6.500000     60.156400
     15.000000      7.000000     62.410136
     15.000000      7.500000     64.578222
     15.000000      8.000000     66.658713
     15.000000      8.500000     68.650152
     15.000000      9.000000     70.551519
     15.000000      9.500000     72.362190
     15.000000     10.000000     74.081881
     15.000000     10.500000     75.710610
     15.000000     11.000000     77.248643
     15.000000     11.500000     78.696455
     15.000000     12.000000     80.054688
     15.000000     12.500000     81.324117
     15.000000     13.000000     82.505610
     15.000000     13.500000     83.600100
     15.000000     14.000000     84.608557
     15.000000     14.500000     85.531965
     15.000000     15.000000     86.371294
     15.000000     15.500000     87.127487
     15.000000     16.000000     87.801443
     15.000000     16.500000     88.393996
     15.000000     17.000000     88.905912
     15.000000     17.500000     89.337872
     15.000000     18.000000     89.690466
     15.000000     18.500000     89.964186
     15.000000     19.000000     90.159420
     15.000000     19.500000     90.276448
     15.000000     20.000000     90.315438
     15.000000     20.500000     90.276449
     15.000000     21.000000     90.159422
     15.000000     21.500000     89.964189
     15.000000     22.000000     89.690470
     15.000000     22.500000     89.337877
     15.000000     23.000000     88.905918
     15.000000     23.500000     88.394002
     15.000000     24.000000     87.801450
     15.000000     24.500000     87.127495
     15.000000     25.000000     86.371302
     15.000000     25.500000     85.531974
     15.000000     26.000000     84.608567
     15.000000     26.500000     83.600110
     15.000000     27.000000     82.505621
     15.000000     27.500000     81.324129
     15.000000     28.000000     80.054700
     15.000000     28.500000     78.696467
     15.000000     29.000000     77.248656
     15.000000     29.500000     75.710623
     15.000000     30.000000     74.081895
     15.000000     30.500000     72.362203
     15.000000     31.000000     70.551532
     15.000000     31.500000     68.650165
     15.000000     32.000000     66.658726
     15.000000     32.500000     64.578235
     15.000000     33.000000     62.410149
     15.000000     33.500000     60.156413
     15.000000     34.000000     57.819499
     15.000000     34.500000     55.402448
     15.000000     35.000000     52.908895
     15.000000     35.500000     50.343097
     15.000000     36.000000     47.709942
     15.000000     36.500000     45.014945
     15.000000     37.000000     42.264237
     15.000000     37.500000     39.464535
     15.000000     38.000000     36.623090
     15.000000     38.500000     33.747635
     15.000000     39.000000     30.846302
     15.000000     39.500000     27.927536
     15.000000     40.000000     25.000000

     15.500000      0.000000     25.000000
     15.500000      0.500000     27.788164
     15.500000      1.000000     30.568334
     15.500000      1.500000     33.332608
     15.500000      2.000000     36.073267
     15.500000      2.500000     38.782858
     15.500000      3.000000     41.454271
     15.500000      3.500000     44.080802
     15.500000      4.000000     46.656211
     15.500000      4.500000     49.174759
     15.500000      5.000000     51.631242
     15.500000      5.500000     54.021000
     15.500000      6.000000     56.339928
     15.500000      6.500000     58.584468
     15.500000      7.000000     60.751591
     15.500000      7.500000     62.838775
     15.500000      8.000000     64.843976
     15.500000      8.500000     66.765593
     15.500000      9.000000     68.602427
     15.500000      9.500000     70.353648
     15.500000     10.000000     72.018745
     15.500000     10.500000     73.597492
     15.500000     11.000000     75.089908
     15.500000     11.500000     76.496215
     15.500000     12.000000     77.816803
     15.500000     12.500000     79.052199
     15.500000     13.000000     80.203033
     15.500000     13.500000     81.270008
     15.500000     14.000000     82.253879
     15.500000     14.500000     83.155424
     15.500000     15.000000     83.975426
     15.500000     15.500000     84.714657
     15.500000     16.000000     85.373855
     15.500000     16.500000     85.953717
     15.500000     17.000000     86.454884
     15.500000     17.500000     86.877929
     15.500000     18.000000     87.223352
     15.500000     18.500000     87.491571
     15.500000     19.000000     87.682917
     15.500000     19.500000     87.797628
     15.500000     20.000000     87.835849
     15.500000     20.500000     87.797629
     15.500000     21.000000     87.682919
     15.500000     21.500000     87.491574
     15.500000     22.000000     87.223356
     15.500000     22.500000     86.877934
     15.500000     23.000000     86.454889
     15.500000     23.500000     85.953724
     15.500000     24.000000     85.373862
     15.500000     24.500000     84.714665
     15.500000     25.000000     83.975435
     15.500000     25.500000     83.155433
     15.500000     26.000000     82.253889
     15.500000     26.500000     81.270019
     15.500000     27.000000     80.203044
     15.500000     27.500000     79.052211
     15.500000     28.000000     77.816815
     15.500000     28.500000     76.496227
     15.500000     29.000000     75.089921
     15.500000     29.500000     73.597505
     15.500000     30.000000     72.018758
     15.500000     30.500000     70.353661
     15.500000     31.000000     68.602441
     15.500000     31.500000     66.765606
     15.500000     32.000000     64.843989
     15.500000     32.500000     62.838788
     15.500000     33.000000     60.751603
     15.500000     33.500000     58.584480
     15.500000     34.000000     56.339940
     15.500000     34.500000     54.021011
     15.500000     35.000000     51.631252
     15.500000     35.500000     49.174770
     15.500000     36.000000     46.656220
     15.500000     36.500000     44.080810
     15.500000     37.000000     41.454278
     15.500000     37.500000     38.782864
     15.500000     38.000000     36.073272
     15.500000     38.500000     33.332612
     15.500000     39.000000     30.568337
     15.500000     39.500000     27.788166
     15.500000     40.000000     25.000000

     16.000000      0.000000     25.000000
     16.000000      0.500000     27.656788
     16.000000      1.000000     30.306265
     16.000000      1.500000     32.941200
     16.000000      2.000000     35.554517
     16.000000      2.500000     38.139366
     16.000000      3.000000     40.689193
     16.000000      3.500000     43.197790
     16.000000      4.000000     45.659350
     16.000000      4.500000     48.068498
     16.000000      5.000000     50.420324
     16.000000      5.500000     52.710393
     16.000000      6.000000     54.934758
     16.000000      6.500000     57.089954
     16.000000      7.000000     59.172985
     16.000000      7.500000     61.181312
     16.000000      8.000000     63.112825
     16.000000      8.500000     64.965817
     16.000000      9.000000     66.738951
     16.000000      9.500000     68.431230
     16.000000     10.000000     70.041958
     16.000000     10.500000     71.570708
     16.000000     11.000000     73.017285
     16.000000     11.500000     74.381695
     16.000000     12.000000     75.664112
     16.000000     12.500000     76.864846
     16.000000     13.000000     77.984316
     16.000000     13.500000     79.023023
     16.000000     14.000000     79.981528
     16.000000     14.500000     80.860427
     16.000000     15.000000     81.660333
     16.000000     15.500000     82.381860
     16.000000     16.000000     83.025605
     16.000000     16.500000     83.592136
     16.000000     17.000000     84.081979
     16.000000     17.500000     84.495609
     16.000000     18.000000     84.833444
     16.000000     18.500000     85.095831
     16.000000     19.000000     85.283049
     16.000000     19.500000     85.395299
     16.000000     20.000000     85.432703
     16.000000     20.500000     85.395300
     16.000000     21.000000     85.283051
     16.000000     21.500000     85.095834
     16.000000     22.000000     84.833448
     16.000000     22.500000     84.495614
     16.000000     23.000000     84.081984
     16.000000     23.500000     83.592142
     16.000000     24.000000     83.025613
     16.000000     24.500000     82.381868
     16.000000     25.000000     81.660342
     16.000000     25.500000     80.860436
     16.000000     26.000000     79.981538
     16.000000     26.500000     79.023034
     16.000000     27.000000     77.984327
     16.000000     27.500000     76.864858
     16.000000     28.000000     75.664124
     16.000000     28.500000     74.381708
     16.000000     29.000000     73.017298
     16.000000     29.500000     71.570721
     16.000000     30.000000     70.041972
     16.000000     30.500000     68.431244
     16.000000     31.000000     66.738965
     16.000000     31.500000     64.965830
     16.000000     32.000000     63.112838
     16.000000     32.500000     61.181325
     16.000000     33.000000     59.172998
     16.000000     33.500000     57.089966
     16.000000     34.000000     54.934771
     16.000000     34.500000     52.710405
     16.000000     35.000000     50.420335
     16.000000     35.500000     48.068509
     16.000000     36.000000     45.659360
     16.000000     36.500000     43.197799
     16.000000     37.000000     40.689201
     16.000000     37.500000     38.139373
     16.000000     38.000000     35.554522
     16.000000     38.500000     32.941204
     16.000000     39.000000     30.306268
     16.000000     39.500000     27.656789
     16.000000     40.000000     25.000000

     16.500000      0.000000     25.000000
     16.500000      0.500000     27.532722
     16.500000      1.000000     30.058738
     16.500000      1.500000     32.571411
     16.500000      2.000000     35.064234
     16.500000      2.500000     37.530899
     16.500000      3.000000     39.965345
     16.500000      3.500000     42.361817
     16.500000      4.000000     44.714901
     16.500000      4.500000     47.019561
     16.500000      5.000000     49.271163
     16.500000      5.500000     51.465492
     16.500000      6.000000     53.598760
     16.500000      6.500000     55.667604
     16.500000      7.000000     57.669084
     16.500000      7.500000     59.600664
     16.500000      8.000000     61.460196
     16.500000      8.500000     63.245899
     16.500000      9.000000     64.956332
     16.500000      9.500000     66.590365
     16.500000     10.000000     68.147152
     16.500000     10.500000     69.626097
     16.500000     11.000000     71.026829
     16.500000     11.500000     72.349170
     16.500000     12.000000     73.593105
     16.500000     12.500000     74.758758
     16.500000     13.000000     75.846362
     16.500000     13.500000     76.856242
     16.500000     14.000000     77.788785
     16.500000     14.500000     78.644424
     16.500000     15.000000     79.423621
     16.500000     15.500000     80.126848
     16.500000     16.000000     80.754572
     16.500000     16.500000     81.307244
     16.500000     17.000000     81.785288
     16.500000     17.500000     82.189088
     16.500000     18.000000     82.518984
     16.500000     18.500000     82.775263
     16.500000     19.000000     82.958153
     16.500000     19.500000     83.067819
     16.500000     20.000000     83.104364
     16.500000     20.500000     83.067820
     16.500000     21.000000     82.958154
     16.500000     21.500000     82.775266
     16.500000     22.000000     82.518988
     16.500000     22.500000     82.189093
     16.500000     23.000000     81.785293
     16.500000     23.500000     81.307251
     16.500000     24.000000     80.754579
     16.500000     24.500000     80.126856
     16.500000     25.000000     79.423630
     16.500000     25.500000     78.644434
     16.500000     26.000000     77.788795
     16.500000     26.500000     76.856253
     16.500000     27.000000     75.846374
     16.500000     27.500000     74.758770
     16.500000     28.000000     73.593118
     16.500000     28.500000     72.349183
     16.500000     29.000000     71.026843
     16.500000     29.500000     69.626110
     16.500000     30.000000     68.147165
     16.500000     30.500000     66.590379
     16.500000     31.000000     64.956346
     16.500000     31.500000     63.245913
     16.500000     32.000000     61.460210
     16.500000     32.500000     59.600677
     16.500000     33.000000     57.669097
     16.500000     33.500000     55.667617
     16.500000     34.000000     53.598772
     16.500000     34.500000     51.465504
     16.500000     35.000000     49.271174
     16.500000     35.500000     47.019571
     16.500000     36.000000     44.714911
     16.500000     36.500000     42.361826
     16.500000     37.000000     39.965353
     16.500000     37.500000     37.530905
     16.500000     38.000000     35.064240
     16.500000     38.500000     32.571415
     16.500000     39.000000     30.058741
     16.500000     39.500000     27.532724
     16.500000     40.000000     25.000000

     17.000000      0.000000     25.000000
     17.000000      0.500000     27.415362
     17.000000      1.000000     29.824556
     17.000000      1.500000     32.221471
     17.000000      2.000000     34.600111
     17.000000      2.500000     36.954649
     17.000000      3.000000     39.279473
     17.000000      3.500000     41.569233
     17.000000      4.000000     43.818877
     17.000000      4.500000     46.023682
     17.000000      5.000000     48.179276
     17.000000      5.500000     50.281653
     17.000000      6.000000     52.327185
     17.000000      6.500000     54.312621
     17.000000      7.000000     56.235085
     17.000000      7.500000     58.092065
     17.000000      8.000000     59.881397
     17.000000      8.500000     61.601254
     17.000000      9.000000     63.250115
     17.000000      9.500000     64.826749
     17.000000     10.000000     66.330188
     17.000000     10.500000     67.759700
     17.000000     11.000000     69.114767
     17.000000     11.500000     70.395053
     17.000000     12.000000     71.600383
     17.000000     12.500000     72.730719
     17.000000     13.000000     73.786136
     17.000000     13.500000     74.766800
     17.000000     14.000000     75.672946
     17.000000     14.500000     76.504865
     17.000000     15.000000     77.262881
     17.000000     15.500000     77.947340
     17.000000     16.000000     78.558592
     17.000000     16.500000     79.096983
     17.000000     17.000000     79.562842
     17.000000     17.500000     79.956473
     17.000000     18.000000     80.278144
     17.000000     18.500000     80.528085
     17.000000     19.000000     80.706481
     17.000000     19.500000     80.813463
     17.000000     20.000000     80.849115
     17.000000     20.500000     80.813464
     17.000000     21.000000     80.706482
     17.000000     21.500000     80.528088
     17.000000     22.000000     80.278148
     17.000000     22.500000     79.956477
     17.000000     23.000000     79.562848
     17.000000     23.500000     79.096989
     17.000000     24.000000     78.558599
     17.000000     24.500000     77.947348
     17.000000     25.000000     77.262890
     17.000000     25.500000     76.504875
     17.000000     26.000000     75.672957
     17.000000     26.500000     74.766811
     17.000000     27.000000     73.786148
     17.000000     27.500000     72.730731
     17.000000     28.000000     71.600395
     17.000000     28.500000     70.395066
     17.000000     29.000000     69.114780
     17.000000     29.500000     67.759714
     17.000000     30.000000     66.330201
     17.000000     30.500000     64.826763
     17.000000     31.000000     63.250129
     17.000000     31.500000     61.601268
     17.000000     32.000000     59.881411
     17.000000     32.500000     58.092078
     17.000000     33.000000     56.235098
     17.000000     33.500000     54.312634
     17.000000     34.000000     52.327197
     17.000000     34.500000     50.281664
     17.000000     35.000000     48.179287
     17.000000     35.500000     46.023693
     17.000000     36.000000     43.818887
     17.000000     36.500000     41.569241
     17.000000     37.000000     39.279480
     17.000000     37.500000     36.954655
     17.000000     38.000000     34.600117
     17.000000     38.500000     32.221475
     17.000000     39.000000     29.824559
     17.000000     39.500000     27.415364
     17.000000     40.000000     25.000000

     17.500000      0.000000     25.000000
     17.500000      0.500000     27.304171
     17.500000      1.000000     29.602652
     17.500000      1.500000     31.889806
     17.500000      2.000000     34.160091
     17.500000      2.500000     36.408113
     17.500000      3.000000     38.628664
     17.500000      3.500000     40.816765
     17.500000      4.000000     42.967693
     17.500000      4.500000     45.077016
     17.500000      5.000000     47.140605
     17.500000      5.500000     49.154659
     17.500000      6.000000     51.115706
     17.500000      6.500000     53.020611
     17.500000      7.000000     54.866571
     17.500000      7.500000     56.651113
     17.500000      8.000000     58.372077
     17.500000      8.500000     60.027605
     17.500000      9.000000     61.616125
     17.500000      9.500000     63.136328
     17.500000     10.000000     64.587151
     17.500000     10.500000     65.967752
     17.500000     11.000000     67.277487
     17.500000     11.500000     68.515892
     17.500000     12.000000     69.682656
     17.500000     12.500000     70.777602
     17.500000     13.000000     71.800666
     17.500000     13.500000     72.751876
     17.500000     14.000000     73.631337
     17.500000     14.500000     74.439211
     17.500000     15.000000     75.175701
     17.500000     15.500000     75.841040
     17.500000     16.000000     76.435474
     17.500000     16.500000     76.959255
     17.500000     17.000000     77.412627
     17.500000     17.500000     77.795818
     17.500000     18.000000     78.109036
     17.500000     18.500000     78.352456
     17.500000     19.000000     78.526223
     17.500000     19.500000     78.630440
     17.500000     20.000000     78.665172
     17.500000     20.500000     78.630441
     17.500000     21.000000     78.526225
     17.500000     21.500000     78.352459
     17.500000     22.000000     78.109040
     17.500000     22.500000     77.795823
     17.500000     23.000000     77.412633
     17.500000     23.500000     76.959262
     17.500000     24.000000     76.435482
     17.500000     24.500000     75.841048
     17.500000     25.000000     75.175710
     17.500000     25.500000     74.439221
     17.500000     26.000000     73.631348
     17.500000     26.500000     72.751887
     17.500000     27.000000     71.800677
     17.500000     27.500000     70.777614
     17.500000     28.000000     69.682669
     17.500000     28.500000     68.515905
     17.500000     29.000000     67.277500
     17.500000     29.500000     65.967765
     17.500000     30.000000     64.587165
     17.500000     30.500000     63.136342
     17.500000     31.000000     61.616139
     17.500000     31.500000     60.027619
     17.500000     32.000000     58.372090
     17.500000     32.500000     56.651127
     17.500000     33.000000     54.866585
     17.500000     33.500000     53.020624
     17.500000     34.000000     51.115719
     17.500000     34.500000     49.154671
     17.500000     35.000000     47.140617
     17.500000     35.500000     45.077026
     17.500000     36.000000     42.967703
     17.500000     36.500000     40.816773
     17.500000     37.000000     38.628672
     17.500000     37.500000     36.408119
     17.500000     38.000000     34.160096
     17.500000     38.500000     31.889810
     17.500000     39.000000     29.602655
     17.500000     39.500000     27.304172
     17.500000     40.000000     25.000000

     18.000000      0.000000     25.000000
     18.000000      0.500000     27.198669
     18.000000      1.000000     29.392077
     18.000000      1.500000     31.575010
     18.000000      2.000000     33.742335
     18.000000      2.500000     35.889047
     18.000000      3.000000     38.010307
     18.000000      3.500000     40.101469
     18.000000      4.000000     42.158116
     18.000000      4.500000     44.176083
     18.000000      5.000000     46.151472
     18.000000      5.500000     48.080674
     18.000000      6.000000     49.960371
     18.000000      6.500000     51.787546
     18.000000      7.000000     53.559478
     18.000000      7.500000     55.273741
     18.000000      8.000000     56.928192
     18.000000      8.500000     58.520966
     18.000000      9.000000     60.050453
     18.000000      9.500000     61.515290
     18.000000     10.000000     62.914339
     18.000000     10.500000     64.246670
     18.000000     11.000000     65.511539
     18.000000     11.500000     66.708374
     18.000000     12.000000     67.836748
     18.000000     12.500000     68.896368
     18.000000     13.000000     69.887050
     18.000000     13.500000     70.808704
     18.000000     14.000000     71.661318
     18.000000     14.500000     72.444942
     18.000000     15.000000     73.159674
     18.000000     15.500000     73.805646
     18.000000     16.000000     74.383013
     18.000000     16.500000     74.891939
     18.000000     17.000000     75.332594
     18.000000     17.500000     75.705140
     18.000000     18.000000     76.009726
     18.000000     18.500000     76.246483
     18.000000     19.000000     76.415516
     18.000000     19.500000     76.516904
     18.000000     20.000000     76.550695
     18.000000     20.500000     76.516905
     18.000000     21.000000     76.415518
     18.000000     21.500000     76.246486
     18.000000     22.000000     76.009730
     18.000000     22.500000     75.705145
     18.000000     23.000000     75.332600
     18.000000     23.500000     74.891946
     18.000000     24.000000     74.383020
     18.000000     24.500000     73.805655
     18.000000     25.000000     73.159684
     18.000000     25.500000     72.444952
     18.000000     26.000000     71.661328
     18.000000     26.500000     70.808715
     18.000000     27.000000     69.887062
     18.000000     27.500000     68.896381
     18.000000     28.000000     67.836761
     18.000000     28.500000     66.708387
     18.000000     29.000000     65.511553
     18.000000     29.500000     64.246683
     18.000000     30.000000     62.914353
     18.000000     30.500000     61.515304
     18.000000     31.000000     60.050467
     18.000000     31.500000     58.520980
     18.000000     32.000000     56.928206
     18.000000     32.500000     55.273754
     18.000000     33.000000     53.559491
     18.000000     33.500000     51.787559
     18.000000     34.000000     49.960383
     18.000000     34.500000     48.080686
     18.000000     35.000000     46.151483
     18.000000     35.500000     44.176093
     18.000000     36.000000     42.158126
     18.000000     36.500000     40.101478
     18.000000     37.000000     38.010315
     18.000000     37.500000     35.889054
     18.000000     38.000000     33.742340
     18.000000     38.500000     31.575014
     18.000000     39.000000     29.392080
     18.000000     39.500000     27.198670
     18.000000     40.000000     25.000000

     18.500000      0.000000     25.000000
     18.500000      0.500000     27.098427
     18.500000      1.000000     29.191979
     18.500000      1.500000     31.275821
     18.500000      2.000000     33.345191
     18.500000      2.500000     35.395436
     18.500000      3.000000     37.422048
     18.500000      3.500000     39.420689
     18.500000      4.000000     41.387221
     18.500000      4.500000     43.317727
     18.500000      5.000000     45.208527
     18.500000      5.500000     47.056193
     18.500000      6.000000     48.857559
     18.500000      6.500000     50.609724
     18.500000      7.000000     52.310055
     18.500000      7.500000     53.956180
     18.500000      8.000000     55.545988
     18.500000      8.500000     57.077614
     18.500000      9.000000     58.549432
     18.500000      9.500000     59.960041
     18.500000     10.000000     61.308247
     18.500000     10.500000     62.593050
     18.500000     11.000000     63.813628
     18.500000     11.500000     64.969317
     18.500000     12.000000     66.059598
     18.500000     12.500000     67.084075
     18.500000     13.000000     68.042463
     18.500000     13.500000     68.934572
     18.500000     14.000000     69.760289
     18.500000     14.500000     70.519567
     18.500000     15.000000     71.212410
     18.500000     15.500000     71.838861
     18.500000     16.000000     72.398992
     18.500000     16.500000     72.892896
     18.500000     17.000000     73.320672
     18.500000     17.500000     73.682424
     18.500000     18.000000     73.978249
     18.500000     18.500000     74.208235
     18.500000     19.000000     74.372456
     18.500000     19.500000     74.470966
     18.500000     20.000000     74.503800
     18.500000     20.500000     74.470967
     18.500000     21.000000     74.372458
     18.500000     21.500000     74.208238
     18.500000     22.000000     73.978253
     18.500000     22.500000     73.682429
     18.500000     23.000000     73.320678
     18.500000     23.500000     72.892903
     18.500000     24.000000     72.399000
     18.500000     24.500000     71.838869
     18.500000     25.000000     71.212419
     18.500000     25.500000     70.519577
     18.500000     26.000000     69.760300
     18.500000     26.500000     68.934584
     18.500000     27.000000     68.042475
     18.500000     27.500000     67.084087
     18.500000     28.000000     66.059611
     18.500000     28.500000     64.969330
     18.500000     29.000000     63.813641
     18.500000     29.500000     62.593064
     18.500000     30.000000     61.308261
     18.500000     30.500000     59.960055
     18.500000     31.000000     58.549446
     18.500000     31.500000     57.077628
     18.500000     32.000000     55.546002
     18.500000     32.500000     53.956194
     18.500000     33.000000     52.310068
     18.500000     33.500000     50.609738
     18.500000     34.000000     48.857572
     18.500000     34.500000     47.056205
     18.500000     35.000000     45.208538
     18.500000     35.500000     43.317738
     18.500000     36.000000     41.387231
     18.500000     36.500000     39.420698
     18.500000     37.000000     37.422055
     18.500000     37.500000     35.395443
     18.500000     38.000000     33.345196
     18.500000     38.500000     31.275825
     18.500000     39.000000     29.191982
     18.500000     39.500000     27.098428
     18.500000     40.000000     25.000000

     19.000000      0.000000     25.000000
     19.000000      0.500000     27.003059
     19.000000      1.000000     29.001591
     19.000000      1.500000     30.991105
     19.000000      2.000000     32.967171
     19.000000      2.500000     34.925458
     19.000000      3.000000     36.861759
     19.000000      3.500000     38.772018
     19.000000      4.000000     40.652354
     19.000000      4.500000     42.499078
     19.000000      5.000000     44.308716
     19.000000      5.500000     46.078014
     19.000000      6.000000     47.803949
     19.000000      6.500000     49.483739
     19.000000      7.000000     51.114838
     19.000000      7.500000     52.694938
     19.000000      8.000000     54.221966
     19.000000      8.500000     55.694071
     19.000000      9.000000     57.109623
     19.000000      9.500000     58.467196
     19.000000     10.000000     59.765558
     19.000000     10.500000     61.003657
     19.000000     11.000000     62.180606
     19.000000     11.500000     63.295671
     19.000000     12.000000     64.348252
     19.000000     12.500000     65.337871
     19.000000     13.000000     66.264158
     19.000000     13.500000     67.126835
     19.000000     14.000000     67.925703
     19.000000     14.500000     68.660629
     19.000000     15.000000     69.331538
     19.000000     15.500000     69.938396
     19.000000     16.000000     70.481202
     19.000000     16.500000     70.959982
     19.000000     17.000000     71.374777
     19.000000     17.500000     71.725636
     19.000000     18.000000     72.012612
     19.000000     18.500000     72.235755
     19.000000     19.000000     72.395109
     19.000000     19.500000     72.490708
     19.000000     20.000000     72.522572
     19.000000     20.500000     72.490709
     19.000000     21.000000     72.395111
     19.000000     21.500000     72.235758
     19.000000     22.000000     72.012616
     19.000000     22.500000     71.725641
     19.000000     23.000000     71.374783
     19.000000     23.500000     70.959989
     19.000000     24.000000     70.481210
     19.000000     24.500000     69.938404
     19.000000     25.000000     69.331548
     19.000000     25.500000     68.660639
     19.000000     26.000000     67.925713
     19.000000     26.500000     67.126846
     19.000000     27.000000     66.264170
     19.000000     27.500000     65.337884
     19.000000     28.000000     64.348265
     19.000000     28.500000     63.295684
     19.000000     29.000000     62.180620
     19.000000     29.500000     61.003671
     19.000000     30.000000     59.765572
     19.000000     30.500000     58.467210
     19.000000     31.000000     57.109637
     19.000000     31.500000     55.694085
     19.000000     32.000000     54.221980
     19.000000     32.500000     52.694952
     19.000000     33.000000     51.114852
     19.000000     33.500000     49.483752
     19.000000     34.000000     47.803962
     19.000000     34.500000     46.078026
     19.000000     35.000000     44.308728
     19.000000     35.500000     42.499089
     19.000000     36.000000     40.652363
     19.000000     36.500000     38.772027
     19.000000     37.000000     36.861767
     19.000000     37.500000     34.925465
     19.000000     38.000000     32.967177
     19.000000     38.500000     30.991109
     19.000000     39.000000     29.001594
     19.000000     39.500000     27.003060
     19.000000     40.000000     25.000000

     19.500000      0.000000     25.000000
     19.500000      0.500000     26.912217
     19.500000      1.000000     28.820223
     19.500000      1.500000     30.719836
     19.500000      2.000000     32.606931
     19.500000      2.500000     34.477467
     19.500000      3.000000     36.327513
     19.500000      3.500000     38.153272
     19.500000      4.000000     39.951097
     19.500000      4.500000     41.717518
     19.500000      5.000000     43.449247
     19.500000      5.500000     45.143197
     19.500000      6.000000     46.796486
     19.500000      6.500000     48.406446
     19.500000      7.000000     49.970621
     19.500000      7.500000     51.486771
     19.500000      8.000000     52.952866
     19.500000      8.500000     54.367083
     19.500000      9.000000     55.727794
     19.500000      9.500000     57.033564
     19.500000     10.000000     58.283134
     19.500000     10.500000     59.475415
     19.500000     11.000000     60.609471
     19.500000     11.500000     61.684510
     19.500000     12.000000     62.699869
     19.500000     12.500000     63.655002
     19.500000     13.000000     64.549465
     19.500000     13.500000     65.382908
     19.500000     14.000000     66.155058
     19.500000     14.500000     66.865711
     19.500000     15.000000     67.514720
     19.500000     15.500000     68.101984
     19.500000     16.000000     68.627441
     19.500000     16.500000     69.091056
     19.500000     17.000000     69.492819
     19.500000     17.500000     69.832733
     19.500000     18.000000     70.110809
     19.500000     18.500000     70.327066
     19.500000     19.000000     70.481520
     19.500000     19.500000     70.574186
     19.500000     20.000000     70.605074
     19.500000     20.500000     70.574187
     19.500000     21.000000     70.481522
     19.500000     21.500000     70.327069
     19.500000     22.000000     70.110813
     19.500000     22.500000     69.832737
     19.500000     23.000000     69.492825
     19.500000     23.500000     69.091063
     19.500000     24.000000     68.627448
     19.500000     24.500000     68.101993
     19.500000     25.000000     67.514729
     19.500000     25.500000     66.865721
     19.500000     26.000000     66.155069
     19.500000     26.500000     65.382919
     19.500000     27.000000     64.549477
     19.500000     27.500000     63.655014
     19.500000     28.000000     62.699882
     19.500000     28.500000     61.684524
     19.500000     29.000000     60.609485
     19.500000     29.500000     59.475429
     19.500000     30.000000     58.283148
     19.500000     30.500000     57.033578
     19.500000     31.000000     55.727808
     19.500000     31.500000     54.367097
     19.500000     32.000000     52.952881
     19.500000     32.500000     51.486785
     19.500000     33.000000     49.970635
     19.500000     33.500000     48.406459
     19.500000     34.000000     46.796499
     19.500000     34.500000     45.143209
     19.500000     35.000000     43.449258
     19.500000     35.500000     41.717528
     19.500000     36.000000     39.951107
     19.500000     36.500000     38.153280
     19.500000     37.000000     36.327521
     19.500000     37.500000     34.477474
     19.500000     38.000000     32.606937
     19.500000     38.500000     30.719841
     19.500000     39.000000     28.820226
     19.500000     39.500000     26.912219
     19.500000     40.000000     25.000000

     20.000000      0.000000     25.000000
     20.000000      0.500000     26.825587
     20.000000      1.000000     28.647249
     20.000000      1.500000     30.461086
     20.000000      2.000000     32.263251
     20.000000      2.500000     34.049967
     20.000000      3.000000     35.817556
     20.000000      3.500000     37.562458
     20.000000      4.000000     39.281246
     20.000000      4.500000     40.970649
     20.000000      5.000000     42.627557
     20.000000      5.500000     44.249041
     20.000000      6.000000     45.832354
     20.000000      6.500000     47.374938
     20.000000      7.000000     48.874430
     20.000000      7.500000     50.328660
     20.000000      8.000000     51.735648
     20.000000      8.500000     53.093601
     20.000000      9.000000     54.400908
     20.000000      9.500000     55.656132
     20.000000     10.000000     56.858001
     20.000000     10.500000     58.005399
     20.000000     11.000000     59.097355
     20.000000     11.500000     60.133032
     20.000000     12.000000     61.111715
     20.000000     12.500000     62.032803
     20.000000     13.000000     62.895794
     20.000000     13.500000     63.700276
     20.000000     14.000000     64.445913
     20.000000     14.500000     65.132440
     20.000000     15.000000     65.759649
     20.000000     15.500000     66.327382
     20.000000     16.000000     66.835522
     20.000000     16.500000     67.283985
     20.000000     17.000000     67.672713
     20.000000     17.500000     68.001668
     20.000000     18.000000     68.270828
     20.000000     18.500000     68.480181
     20.000000     19.000000     68.629721
     20.000000     19.500000     68.719445
     20.000000     20.000000     68.749353
     20.000000     20.500000     68.719446
     20.000000     21.000000     68.629723
     20.000000     21.500000     68.480184
     20.000000     22.000000     68.270832
     20.000000     22.500000     68.001673
     20.000000     23.000000     67.672719
     20.000000     23.500000     67.283992
     20.000000     24.000000     66.835530
     20.000000     24.500000     66.327390
     20.000000     25.000000     65.759658
     20.000000     25.500000     65.132450
     20.000000     26.000000     64.445923
     20.000000     26.500000     63.700287
     20.000000     27.000000     62.895806
     20.000000     27.500000     62.032816
     20.000000     28.000000     61.111728
     20.000000     28.500000     60.133045
     20.000000     29.000000     59.097369
     20.000000     29.500000     58.005413
     20.000000     30.000000     56.858016
     20.000000     30.500000     55.656146
     20.000000     31.000000     54.400922
     20.000000     31.500000     53.093615
     20.000000     32.000000     51.735662
     20.000000     32.500000     50.328674
     20.000000     33.000000     48.874444
     20.000000     33.500000     47.374951
     20.000000     34.000000     45.832366
     20.000000     34.500000     44.249053
     20.000000     35.000000     42.627569
     20.000000     35.500000     40.970660
     20.000000     36.000000     39.281256
     20.000000     36.500000     37.562467
     20.000000     37.000000     35.817564
     20.000000     37.500000     34.049974
     20.000000     38.000000     32.263256
     20.000000     38.500000     30.461091
     20.000000     39.000000     28.647252
     20.000000     39.500000     26.825588
     20.000000     40.000000     25.000000

     20.500000      0.000000     25.000000
     20.500000      0.500000     26.742881
     20.500000      1.000000     28.482098
     20.500000      1.500000     30.214010
     20.500000      2.000000     31.935019
     20.500000      2.500000     33.641594
     20.500000      3.000000     35.330287
     20.500000      3.500000     36.997758
     20.500000      4.000000     38.640783
     20.500000      4.500000     40.256275
     20.500000      5.000000     41.841294
     20.500000      5.500000     43.393058
     20.500000      6.000000     44.908950
     20.500000      6.500000     46.386523
     20.500000      7.000000     47.823503
     20.500000      7.500000     49.217792
     20.500000      8.000000     50.567465
     20.500000      8.500000     51.870766
     20.500000      9.000000     53.126106
     20.500000      9.500000     54.332057
     20.500000     10.000000     55.487341
     20.500000     10.500000     56.590828
     20.500000     11.000000     57.641520
     20.500000     11.500000     58.638547
     20.500000     12.000000     59.581158
     20.500000     12.500000     60.468704
     20.500000     13.000000     61.300635
     20.500000     13.500000     62.076489
     20.500000     14.000000     62.795879
     20.500000     14.500000     63.458487
     20.500000     15.000000     64.064055
     20.500000     15.500000     64.612375
     20.500000     16.000000     65.103283
     20.500000     16.500000     65.536650
     20.500000     17.000000     65.912381
     20.500000     17.500000     66.230401
     20.500000     18.000000     66.490657
     20.500000     18.500000     66.693112
     20.500000     19.000000     66.837739
     20.500000     19.500000     66.924521
     20.500000     20.000000     66.953450
     20.500000     20.500000     66.924522
     20.500000     21.000000     66.837741
     20.500000     21.500000     66.693115
     20.500000     22.000000     66.490661
     20.500000     22.500000     66.230406
     20.500000     23.000000     65.912387
     20.500000     23.500000     65.536657
     20.500000     24.000000     65.103290
     20.500000     24.500000     64.612383
     20.500000     25.000000     64.064064
     20.500000     25.500000     63.458497
     20.500000     26.000000     62.795890
     20.500000     26.500000     62.076500
     20.500000     27.000000     61.300647
     20.500000     27.500000     60.468716
     20.500000     28.000000     59.581171
     20.500000     28.500000     58.638561
     20.500000     29.000000     57.641533
     20.500000     29.500000     56.590842
     20.500000     30.000000     55.487355
     20.500000     30.500000     54.332071
     20.500000     31.000000     53.126121
     20.500000     31.500000     51.870780
     20.500000     32.000000     50.567479
     20.500000     32.500000     49.217806
     20.500000     33.000000     47.823517
     20.500000     33.500000     46.386536
     20.500000     34.000000     44.908963
     20.500000     34.500000     43.393070
     20.500000     35.000000     41.841305
     20.500000     35.500000     40.256285
     20.500000     36.000000     38.640792
     20.500000     36.500000     36.997767
     20.500000     37.000000     35.330295
     20.500000     37.500000     33.641600
     20.500000     38.000000     31.935024
     20.500000     38.500000     30.214014
     20.500000     39.000000     28.482101
     20.500000     39.500000     26.742882
     20.500000     40.000000     25.000000

     21.000000      0.000000     25.000000
     21.000000      0.500000     26.663839
     21.000000      1.000000     28.324253
     21.000000      1.500000     29.977836
     21.000000      2.000000     31.621222
     21.000000      2.500000     33.251101
     21.000000      3.000000     34.864242
     21.000000      3.500000     36.457504
     21.000000      4.000000     38.027852
     21.000000      4.500000     39.572374
     21.000000      5.000000     41.088286
     21.000000      5.500000     42.572948
     21.000000      6.000000     44.023867
     21.000000      6.500000     45.438701
     21.000000      7.000000     46.815268
     21.000000      7.500000     48.151542
     21.000000      8.000000     49.445655
     21.000000      8.500000     50.695893
     21.000000      9.000000     51.900696
     21.000000      9.500000     53.058649
     21.000000     10.000000     54.168481
     21.000000     10.500000     55.229052
     21.000000     11.000000     56.239350
     21.000000     11.500000     57.198482
     21.000000     12.000000     58.105666
     21.000000     12.500000     58.960220
     21.000000     13.000000     59.761556
     21.000000     13.500000     60.509168
     21.000000     14.000000     61.202629
     21.000000     14.500000     61.841577
     21.000000     15.000000     62.425711
     21.000000     15.500000     62.954782
     21.000000     16.000000     63.428585
     21.000000     16.500000     63.846955
     21.000000     17.000000     64.209761
     21.000000     17.500000     64.516899
     21.000000     18.000000     64.768290
     21.000000     18.500000     64.963872
     21.000000     19.000000     65.103603
     21.000000     19.500000     65.187453
     21.000000     20.000000     65.215405
     21.000000     20.500000     65.187454
     21.000000     21.000000     65.103605
     21.000000     21.500000     64.963875
     21.000000     22.000000     64.768294
     21.000000     22.500000     64.516904
     21.000000     23.000000     64.209767
     21.000000     23.500000     63.846962
     21.000000     24.000000     63.428592
     21.000000     24.500000     62.954790
     21.000000     25.000000     62.425721
     21.000000     25.500000     61.841587
     21.000000     26.000000     61.202640
     21.000000     26.500000     60.509179
     21.000000     27.000000     59.761567
     21.000000     27.500000     58.960232
     21.000000     28.000000     58.105679
     21.000000     28.500000     57.198496
     21.000000     29.000000     56.239363
     21.000000     29.500000     55.229065
     21.000000     30.000000     54.168495
     21.000000     30.500000     53.058664
     21.000000     31.000000     51.900710
     21.000000     31.500000     50.695907
     21.000000     32.000000     49.445669
     21.000000     32.500000     48.151556
     21.000000     33.000000     46.815282
     21.000000     33.500000     45.438714
     21.000000     34.000000     44.023879
     21.000000     34.500000     42.572960
     21.000000     35.000000     41.088298
     21.000000     35.500000     39.572384
     21.000000     36.000000     38.027862
     21.000000     36.500000     36.457513
     21.000000     37.000000     34.864250
     21.000000     37.500000     33.251108
     21.000000     38.000000     31.621227
     21.000000     38.500000     29.977840
     21.000000     39.000000     28.324256
     21.000000     39.500000     26.663841
     21.000000     40.000000     25.000000

     21.500000      0.000000     25.000000
     21.500000      0.500000     26.588223
     21.500000      1.000000     28.173239
     21.500000      1.500000     29.751860
     21.500000      2.000000     31.320931
     21.500000      2.500000     32.877349
     21.500000      3.000000     34.418078
     21.500000      3.500000     35.940164
     21.500000      4.000000     37.440749
     21.500000      4.500000     38.917083
     21.500000      5.000000     40.366530
     21.500000      5.500000     41.786583
     21.500000      6.000000     43.174868
     21.500000      6.500000     44.529148
     21.500000      7.000000     45.847327
     21.500000      7.500000     47.127454
     21.500000      8.000000     48.367720
     21.500000      8.500000     49.566456
     21.500000      9.000000     50.722136
     21.500000      9.500000     51.833365
     21.500000     10.000000     52.898883
     21.500000     10.500000     53.917550
     21.500000     11.000000     54.888347
     21.500000     11.500000     55.810367
     21.500000     12.000000     56.682806
     21.500000     12.500000     57.504957
     21.500000     13.000000     58.276200
     21.500000     13.500000     58.996000
     21.500000     14.000000     59.663894
     21.500000     14.500000     60.279484
     21.500000     15.000000     60.842433
     21.500000     15.500000     61.352458
     21.500000     16.000000     61.809321
     21.500000     16.500000     62.212826
     21.500000     17.000000     62.562811
     21.500000     17.500000     62.859147
     21.500000     18.000000     63.101732
     21.500000     18.500000     63.290486
     21.500000     19.000000     63.425350
     21.500000     19.500000     63.506284
     21.500000     20.000000     63.533265
     21.500000     20.500000     63.506285
     21.500000     21.000000     63.425352
     21.500000     21.500000     63.290489
     21.500000     22.000000     63.101736
     21.500000     22.500000     62.859152
     21.500000     23.000000     62.562817
     21.500000     23.500000     62.212833
     21.500000     24.000000     61.809329
     21.500000     24.500000     61.352467
     21.500000     25.000000     60.842442
     21.500000     25.500000     60.279494
     21.500000     26.000000     59.663904
     21.500000     26.500000     58.996012
     21.500000     27.000000     58.276212
     21.500000     27.500000     57.504969
     21.500000     28.000000     56.682819
     21.500000     28.500000     55.810381
     21.500000     29.000000     54.888361
     21.500000     29.500000     53.917563
     21.500000     30.000000     52.898897
     21.500000     30.500000     51.833379
     21.500000     31.000000     50.722150
     21.500000     31.500000     49.566470
     21.500000     32.000000     48.367734
     21.500000     32.500000     47.127468
     21.500000     33.000000     45.847341
     21.500000     33.500000     44.529161
     21.500000     34.000000     43.174880
     21.500000     34.500000     41.786595
     21.500000     35.000000     40.366541
     21.500000     35.500000     38.917093
     21.500000     36.000000     37.440759
     21.500000     36.500000     35.940173
     21.500000     37.000000     34.418085
     21.500000     37.500000     32.877355
     21.500000     38.000000     31.320936
     21.500000     38.500000     29.751864
     21.500000     39.000000     28.173242
     21.500000     39.500000     26.588225
     21.500000     40.000000     25.000000

     22.000000      0.000000     25.000000
     22.000000      0.500000     26.515814
     22.000000      1.000000     28.028622
     22.000000      1.500000     29.535435
     22.000000      2.000000     31.033293
     22.000000      2.500000     32.519285
     22.000000      3.000000     33.990556
     22.000000      3.500000     35.444326
     22.000000      4.000000     36.877900
     22.000000      4.500000     38.288678
     22.000000      5.000000     39.674168
     22.000000      5.500000     41.031987
     22.000000      6.000000     42.359875
     22.000000      6.500000     43.655696
     22.000000      7.000000     44.917440
     22.000000      7.500000     46.143230
     22.000000      8.000000     47.331315
     22.000000      8.500000     48.480078
     22.000000      9.000000     49.588027
     22.000000      9.500000     50.653795
     22.000000     10.000000     51.676136
     22.000000     10.500000     52.653919
     22.000000     11.000000     53.586124
     22.000000     11.500000     54.471835
     22.000000     12.000000     55.310236
     22.000000     12.500000     56.100602
     22.000000     13.000000     56.842291
     22.000000     13.500000     57.534741
     22.000000     14.000000     58.177463
     22.000000     14.500000     58.770032
     22.000000     15.000000     59.312081
     22.000000     15.500000     59.803299
     22.000000     16.000000     60.243418
     22.000000     16.500000     60.632218
     22.000000     17.000000     60.969512
     22.000000     17.500000     61.255149
     22.000000     18.000000     61.489008
     22.000000     18.500000     61.670991
     22.000000     19.000000     61.801029
     22.000000     19.500000     61.879071
     22.000000     20.000000     61.905089
     22.000000     20.500000     61.879072
     22.000000     21.000000     61.801031
     22.000000     21.500000     61.670994
     22.000000     22.000000     61.489011
     22.000000     22.500000     61.255154
     22.000000     23.000000     60.969518
     22.000000     23.500000     60.632225
     22.000000     24.000000     60.243426
     22.000000     24.500000     59.803307
     22.000000     25.000000     59.312090
     22.000000     25.500000     58.770042
     22.000000     26.000000     58.177474
     22.000000     26.500000     57.534752
     22.000000     27.000000     56.842302
     22.000000     27.500000     56.100614
     22.000000     28.000000     55.310249
     22.000000     28.500000     54.471848
     22.000000     29.000000     53.586137
     22.000000     29.500000     52.653932
     22.000000     30.000000     51.676150
     22.000000     30.500000     50.653809
     22.000000     31.000000     49.588041
     22.000000     31.500000     48.480092
     22.000000     32.000000     47.331329
     22.000000     32.500000     46.143243
     22.000000     33.000000     44.917454
     22.000000     33.500000     43.655709
     22.000000     34.000000     42.359888
     22.000000     34.500000     41.031999
     22.000000     35.000000     39.674179
     22.000000     35.500000     38.288689
     22.000000     36.000000     36.877909
     22.000000     36.500000     35.444334
     22.000000     37.000000     33.990563
     22.000000     37.500000     32.519291
     22.000000     38.000000     31.033299
     22.000000     38.500000     29.535439
     22.000000     39.000000     28.028625
     22.000000     39.500000     26.515815
     22.000000     40.000000     25.000000

     22.500000      0.000000     25.000000
     22.500000      0.500000     26.446409
     22.500000      1.000000     27.889999
     22.500000      1.500000     29.327963
     22.500000      2.000000     30.757523
     22.500000      2.500000     32.175942
     22.500000      3.000000     33.580535
     22.500000      3.500000     34.968684
     22.500000      4.000000     36.337846
     22.500000      4.500000     37.685564
     22.500000      5.000000     39.009476
     22.500000      5.500000     40.307323
     22.500000      6.000000     41.576951
     22.500000      6.500000     42.816321
     22.500000      7.000000     44.023509
     22.500000      7.500000     45.196710
     22.500000      8.000000     46.334235
     22.500000      8.500000     47.434516
     22.500000      9.000000     48.496101
     22.500000      9.500000     49.517654
     22.500000     10.000000     50.497948
     22.500000     10.500000     51.435867
     22.500000     11.000000     52.330395
     22.500000     11.500000     53.180615
     22.500000     12.000000     53.985704
     22.500000     12.500000     54.744925
     22.500000     13.000000     55.457621
     22.500000     13.500000     56.123212
     22.500000     14.000000     56.741188
     22.500000     14.500000     57.311102
     22.500000     15.000000     57.832563
     22.500000     15.500000     58.305238
     22.500000     16.000000     58.728837
     22.500000     16.500000     59.103117
     22.500000     17.000000     59.427872
     22.500000     17.500000     59.702932
     22.500000     18.000000     59.928159
     22.500000     18.500000     60.103444
     22.500000     19.000000     60.228705
     22.500000     19.500000     60.303885
     22.500000     20.000000     60.328949
     22.500000     20.500000     60.303886
     22.500000     21.000000     60.228707
     22.500000     21.500000     60.103447
     22.500000     22.000000     59.928163
     22.500000     22.500000     59.702937
     22.500000     23.000000     59.427878
     22.500000     23.500000     59.103124
     22.500000     24.000000     58.728845
     22.500000     24.500000     58.305246
     22.500000     25.000000     57.832572
     22.500000     25.500000     57.311111
     22.500000     26.000000     56.741199
     22.500000     26.500000     56.123224
     22.500000     27.000000     55.457633
     22.500000     27.500000     54.744937
     22.500000     28.000000     53.985717
     22.500000     28.500000     53.180628
     22.500000     29.000000     52.330408
     22.500000     29.500000     51.435880
     22.500000     30.000000     50.497962
     22.500000     30.500000     49.517667
     22.500000     31.000000     48.496115
     22.500000     31.500000     47.434529
     22.500000     32.000000     46.334248
     22.500000     32.500000     45.196723
     22.500000     33.000000     44.023523
     22.500000     33.500000     42.816334
     22.500000     34.000000     41.576964
     22.500000     34.500000     40.307335
     22.500000     35.000000     39.009487
     22.500000     35.500000     37.685574
     22.500000     36.000000     36.337855
     22.500000     36.500000     34.968693
     22.500000     37.000000     33.580543
     22.500000     37.500000     32.175949
     22.500000     38.000000     30.757529
     22.500000     38.500000     29.327968
     22.500000     39.000000     27.890002
     22.500000     39.500000     26.446411
     22.500000     40.000000     25.000000

     23.000000      0.000000     25.000000
     23.000000      0.500000     26.379825
     23.000000      1.000000     27.757003
     23.000000      1.500000     29.128896
     23.000000      2.000000     30.492895
     23.000000      2.500000     31.846425
     23.000000      3.000000     33.186959
     23.000000      3.500000     34.512030
     23.000000      4.000000     35.819236
     23.000000      4.500000     37.106256
     23.000000      5.000000     38.370852
     23.000000      5.500000     39.610878
     23.000000      6.000000     40.824286
     23.000000      6.500000     42.009130
     23.000000      7.000000     43.163568
     23.000000      7.500000     44.285866
     23.000000      8.000000     45.374399
     23.000000      8.500000     46.427650
     23.000000      9.000000     47.444208
     23.000000      9.500000     48.422771
     23.000000     10.000000     49.362138
     23.000000     10.500000     50.261207
     23.000000     11.000000     51.118975
     23.000000     11.500000     51.934528
     23.000000     12.000000     52.707042
     23.000000     12.500000     53.435774
     23.000000     13.000000     54.120058
     23.000000     13.500000     54.759301
     23.000000     14.000000     55.352978
     23.000000     14.500000     55.900625
     23.000000     15.000000     56.401835
     23.000000     15.500000     56.856254
     23.000000     16.000000     57.263578
     23.000000     16.500000     57.623543
     23.000000     17.000000     57.935929
     23.000000     17.500000     58.200550
     23.000000     18.000000     58.417255
     23.000000     18.500000     58.585924
     23.000000     19.000000     58.706465
     23.000000     19.500000     58.778816
     23.000000     20.000000     58.802937
     23.000000     20.500000     58.778817
     23.000000     21.000000     58.706467
     23.000000     21.500000     58.585927
     23.000000     22.000000     58.417259
     23.000000     22.500000     58.200555
     23.000000     23.000000     57.935935
     23.000000     23.500000     57.623550
     23.000000     24.000000     57.263585
     23.000000     24.500000     56.856263
     23.000000     25.000000     56.401844
     23.000000     25.500000     55.900634
     23.000000     26.000000     55.352988
     23.000000     26.500000     54.759312
     23.000000     27.000000     54.120069
     23.000000     27.500000     53.435786
     23.000000     28.000000     52.707055
     23.000000     28.500000     51.934541
     23.000000     29.000000     51.118988
     23.000000     29.500000     50.261221
     23.000000     30.000000     49.362152
     23.000000     30.500000     48.422785
     23.000000     31.000000     47.444222
     23.000000     31.500000     46.427663
     23.000000     32.000000     45.374413
     23.000000     32.500000     44.285879
     23.000000     33.000000     43.163581
     23.000000     33.500000     42.009142
     23.000000     34.000000     40.824298
     23.000000     34.500000     39.610890
     23.000000     35.000000     38.370863
     23.000000     35.500000     37.106266
     23.000000     36.000000     35.819245
     23.000000     36.500000     34.512038
     23.000000     37.000000     33.186967
     23.000000     37.500000     31.846432
     23.000000     38.000000     30.492901
     23.000000     38.500000     29.128901
     23.000000     39.000000     27.757006
     23.000000     39.500000     26.379827
     23.000000     40.000000     25.000000

     23.500000      0.000000     25.000000
     23.500000      0.500000     26.315889
     23.500000      1.000000     27.629290
     23.500000      1.500000     28.937724
     23.500000      2.000000     30.238737
     23.500000      2.500000     31.529905
     23.500000      3.000000     32.808848
     23.500000      3.500000     34.073240
     23.500000      4.000000     35.320813
     23.500000      4.500000     36.549373
     23.500000      5.000000     37.756798
     23.500000      5.500000     38.941052
     23.500000      6.000000     40.100186
     23.500000      6.500000     41.232345
     23.500000      7.000000     42.335767
     23.500000      7.500000     43.408789
     23.500000      8.000000     44.449847
     23.500000      8.500000     45.457477
     23.500000      9.000000     46.430313
     23.500000      9.500000     47.367087
     23.500000     10.000000     48.266626
     23.500000     10.500000     49.127851
     23.500000     11.000000     49.949771
     23.500000     11.500000     50.731482
     23.500000     12.000000     51.472164
     23.500000     12.500000     52.171072
     23.500000     13.000000     52.827537
     23.500000     13.500000     53.440958
     23.500000     14.000000     54.010799
     23.500000     14.500000     54.536586
     23.500000     15.000000     55.017898
     23.500000     15.500000     55.454369
     23.500000     16.000000     55.845678
     23.500000     16.500000     56.191551
     23.500000     17.000000     56.491752
     23.500000     17.500000     56.746085
     23.500000     18.000000     56.954389
     23.500000     18.500000     57.116532
     23.500000     19.000000     57.232419
     23.500000     19.500000     57.301978
     23.500000     20.000000     57.325169
     23.500000     20.500000     57.301979
     23.500000     21.000000     57.232420
     23.500000     21.500000     57.116535
     23.500000     22.000000     56.954392
     23.500000     22.500000     56.746090
     23.500000     23.000000     56.491758
     23.500000     23.500000     56.191557
     23.500000     24.000000     55.845686
     23.500000     24.500000     55.454377
     23.500000     25.000000     55.017907
     23.500000     25.500000     54.536595
     23.500000     26.000000     54.010809
     23.500000     26.500000     53.440968
     23.500000     27.000000     52.827548
     23.500000     27.500000     52.171084
     23.500000     28.000000     51.472176
     23.500000     28.500000     50.731495
     23.500000     29.000000     49.949784
     23.500000     29.500000     49.127864
     23.500000     30.000000     48.266640
     23.500000     30.500000     47.367101
     23.500000     31.000000     46.430327
     23.500000     31.500000     45.457491
     23.500000     32.000000     44.449860
     23.500000     32.500000     43.408802
     23.500000     33.000000     42.335780
     23.500000     33.500000     41.232357
     23.500000     34.000000     40.100199
     23.500000     34.500000     38.941064
     23.500000     35.000000     37.756809
     23.500000     35.500000     36.549383
     23.500000     36.000000     35.320823
     23.500000     36.500000     34.073248
     23.500000     37.000000     32.808856
     23.500000     37.500000     31.529911
     23.500000     38.000000     30.238742
     23.500000     38.500000     28.937729
     23.500000     39.000000     27.629293
     23.500000     39.500000     26.315891
     23.500000     40.000000     25.000000

     24.000000      0.000000     25.000000
     24.000000      0.500000     26.254442
     24.000000      1.000000     27.506544
     24.000000      1.500000     28.753974
     24.000000      2.000000     29.994423
     24.000000      2.500000     31.225609
     24.000000      3.000000     32.445289
     24.000000      3.500000     33.651268
     24.000000      4.000000     34.841406
     24.000000      4.500000     36.013624
     24.000000      5.000000     37.165916
     24.000000      5.500000     38.296346
     24.000000      6.000000     39.403064
     24.000000      6.500000     40.484298
     24.000000      7.000000     41.538366
     24.000000      7.500000     42.563676
     24.000000      8.000000     43.558724
     24.000000      8.500000     44.522100
     24.000000      9.000000     45.452481
     24.000000      9.500000     46.348639
     24.000000     10.000000     47.209431
     24.000000     10.500000     48.033801
     24.000000     11.000000     48.820777
     24.000000     11.500000     49.569468
     24.000000     12.000000     50.279061
     24.000000     12.500000     50.948815
     24.000000     13.000000     51.578061
     24.000000     13.500000     52.166195
     24.000000     14.000000     52.712677
     24.000000     14.500000     53.217023
     24.000000     15.000000     53.678805
     24.000000     15.500000     54.097646
     24.000000     16.000000     54.473217
     24.000000     16.500000     54.805232
     24.000000     17.000000     55.093446
     24.000000     17.500000     55.337653
     24.000000     18.000000     55.537683
     24.000000     18.500000     55.693401
     24.000000     19.000000     55.804701
     24.000000     19.500000     55.871510
     24.000000     20.000000     55.893785
     24.000000     20.500000     55.871511
     24.000000     21.000000     55.804702
     24.000000     21.500000     55.693403
     24.000000     22.000000     55.537687
     24.000000     22.500000     55.337658
     24.000000     23.000000     55.093451
     24.000000     23.500000     54.805238
     24.000000     24.000000     54.473224
     24.000000     24.500000     54.097654
     24.000000     25.000000     53.678814
     24.000000     25.500000     53.217032
     24.000000     26.000000     52.712687
     24.000000     26.500000     52.166206
     24.000000     27.000000     51.578072
     24.000000     27.500000     50.948827
     24.000000     28.000000     50.279073
     24.000000     28.500000     49.569481
     24.000000     29.000000     48.820790
     24.000000     29.500000     48.033814
     24.000000     30.000000     47.209444
     24.000000     30.500000     46.348653
     24.000000     31.000000     45.452495
     24.000000     31.500000     44.522113
     24.000000     32.000000     43.558738
     24.000000     32.500000     42.563689
     24.000000     33.000000     41.538379
     24.000000     33.500000     40.484310
     24.000000     34.000000     39.403076
     24.000000     34.500000     38.296358
     24.000000     35.000000     37.165926
     24.000000     35.500000     36.013634
     24.000000     36.000000     34.841415
     24.000000     36.500000     33.651277
     24.000000     37.000000     32.445297
     24.000000     37.500000     31.225616
     24.000000     38.000000     29.994429
     24.000000     38.500000     28.753979
     24.000000     39.000000     27.506547
     24.000000     39.500000     26.254444
     24.000000     40.000000     25.000000

     24.500000      0.000000     25.000000
     24.500000      0.500000     26.195335
     24.500000      1.000000     27.388469
     24.500000      1.500000     28.577206
     24.500000      2.000000     29.759373
     24.500000      2.500000     30.932820
     24.500000      3.000000     32.095432
     24.500000      3.500000     33.245139
     24.500000      4.000000     34.379918
     24.500000      4.500000     35.497804
     24.500000      5.000000     36.596894
     24.500000      5.500000     37.675356
     24.500000      6.000000     38.731425
     24.500000      6.500000     39.763417
     24.500000      7.000000     40.769726
     24.500000      7.500000     41.748826
     24.500000      8.000000     42.699276
     24.500000      8.500000     43.619717
     24.500000      9.000000     44.508875
     24.500000      9.500000     45.365558
     24.500000     10.000000     46.188658
     24.500000     10.500000     46.977146
     24.500000     11.000000     47.730069
     24.500000     11.500000     48.446554
     24.500000     12.000000     49.125798
     24.500000     12.500000     49.767068
     24.500000     13.000000     50.369699
     24.500000     13.500000     50.933088
     24.500000     14.000000     51.456692
     24.500000     14.500000     51.940025
     24.500000     15.000000     52.382655
     24.500000     15.500000     52.784196
     24.500000     16.000000     53.144314
     24.500000     16.500000     53.462715
     24.500000     17.000000     53.739148
     24.500000     17.500000     53.973399
     24.500000     18.000000     54.165293
     24.500000     18.500000     54.314688
     24.500000     19.000000     54.421475
     24.500000     19.500000     54.485578
     24.500000     20.000000     54.506951
     24.500000     20.500000     54.485579
     24.500000     21.000000     54.421477
     24.500000     21.500000     54.314691
     24.500000     22.000000     54.165297
     24.500000     22.500000     53.973404
     24.500000     23.000000     53.739153
     24.500000     23.500000     53.462721
     24.500000     24.000000     53.144321
     24.500000     24.500000     52.784204
     24.500000     25.000000     52.382663
     24.500000     25.500000     51.940035
     24.500000     26.000000     51.456702
     24.500000     26.500000     50.933098
     24.500000     27.000000     50.369710
     24.500000     27.500000     49.767079
     24.500000     28.000000     49.125810
     24.500000     28.500000     48.446566
     24.500000     29.000000     47.730082
     24.500000     29.500000     46.977159
     24.500000     30.000000     46.188672
     24.500000     30.500000     45.365572
     24.500000     31.000000     44.508888
     24.500000     31.500000     43.619730
     24.500000     32.000000     42.699289
     24.500000     32.500000     41.748839
     24.500000     33.000000     40.769738
     24.500000     33.500000     39.763430
     24.500000     34.000000     38.731437
     24.500000     34.500000     37.675367
     24.500000     35.000000     36.596905
     24.500000     35.500000     35.497814
     24.500000     36.000000     34.379927
     24.500000     36.500000     33.245147
     24.500000     37.000000     32.095440
     24.500000     37.500000     30.932826
     24.500000     38.000000     29.759378
     24.500000     38.500000     28.577210
     24.500000     39.000000     27.388472
     24.500000     39.500000     26.195337
     24.500000     40.000000     25.000000

     25.000000      0.000000     25.000000
     25.000000      0.500000     26.138431
     25.000000      1.000000     27.274789
     25.000000      1.500000     28.407010
     25.000000      2.000000     29.533043
     25.000000      2.500000     30.650865
     25.000000      3.000000     31.758482
     25.000000      3.500000     32.853938
     25.000000      4.000000     33.935323
     25.000000      4.500000     35.000779
     25.000000      5.000000     36.048504
     25.000000      5.500000     37.076757
     25.000000      6.000000     38.083865
     25.000000      6.500000     39.068221
     25.000000      7.000000     40.028295
     25.000000      7.500000     40.962627
     25.000000      8.000000     41.869837
     25.000000      8.500000     42.748618
     25.000000      9.000000     43.597744
     25.000000      9.500000     44.416063
     25.000000     10.000000     45.202500
     25.000000     10.500000     45.956055
     25.000000     11.000000     46.675802
     25.000000     11.500000     47.360882
     25.000000     12.000000     48.010509
     25.000000     12.500000     48.623962
     25.000000     13.000000     49.200580
     25.000000     13.500000     49.739766
     25.000000     14.000000     50.240980
     25.000000     14.500000     50.703734
     25.000000     15.000000     51.127594
     25.000000     15.500000     51.512172
     25.000000     16.000000     51.857130
     25.000000     16.500000     52.162168
     25.000000     17.000000     52.427033
     25.000000     17.500000     52.651505
     25.000000     18.000000     52.835404
     25.000000     18.500000     52.978585
     25.000000     19.000000     53.080936
     25.000000     19.500000     53.142378
     25.000000     20.000000     53.162864
     25.000000     20.500000     53.142379
     25.000000     21.000000     53.080937
     25.000000     21.500000     52.978587
     25.000000     22.000000     52.835407
     25.000000     22.500000     52.651509
     25.000000     23.000000     52.427038
     25.000000     23.500000     52.162175
     25.000000     24.000000     51.857137
     25.000000     24.500000     51.512180
     25.000000     25.000000     51.127602
     25.000000     25.500000     50.703743
     25.000000     26.000000     50.240990
     25.000000     26.500000     49.739777
     25.000000     27.000000     49.200591
     25.000000     27.500000     48.623973
     25.000000     28.000000     48.010521
     25.000000     28.500000     47.360894
     25.000000     29.000000     46.675814
     25.000000     29.500000     45.956068
     25.000000     30.000000     45.202513
     25.000000     30.500000     44.416076
     25.000000     31.000000     43.597757
     25.000000     31.500000     42.748631
     25.000000     32.000000     41.869850
     25.000000     32.500000     40.962640
     25.000000     33.000000     40.028307
     25.000000     33.500000     39.068233
     25.000000     34.000000     38.083876
     25.000000     34.500000     37.076768
     25.000000     35.000000     36.048514
     25.000000     35.500000     35.000789
     25.000000     36.000000     33.935332
     25.000000     36.500000     32.853946
     25.000000     37.000000     31.758489
     25.000000     37.500000     30.650871
     25.000000     38.000000     29.533048
     25.000000     38.500000     28.407014
     25.000000     39.000000     27.274792
     25.000000     39.500000     26.138433
     25.000000     40.000000     25.000000

     25.500000      0.000000     25.000000
     25.500000      0.500000     26.083600
     25.500000      1.000000     27.165248
     25.500000      1.500000     28.243000
     25.500000      2.000000     29.314926
     25.500000      2.500000     30.379116
     25.500000      3.000000     31.433692
     25.500000      3.500000     32.476807
     25.500000      4.000000     33.506658
     25.500000      4.500000     34.521486
     25.500000      5.000000     35.519586
     25.500000      5.500000     36.499305
     25.500000      6.000000     37.459056
     25.500000      6.500000     38.397309
     25.500000      7.000000     39.312606
     25.500000      7.500000     40.203553
     25.500000      8.000000     41.068827
     25.500000      8.500000     41.907177
     25.500000      9.000000     42.717421
     25.500000      9.500000     43.498450
     25.500000     10.000000     44.249225
     25.500000     10.500000     44.968776
     25.500000     11.000000     45.656201
     25.500000     11.500000     46.310665
     25.500000     12.000000     46.931398
     25.500000     12.500000     47.517691
     25.500000     13.000000     48.068895
     25.500000     13.500000     48.584420
     25.500000     14.000000     49.063729
     25.500000     14.500000     49.506338
     25.500000     15.000000     49.911815
     25.500000     15.500000     50.279771
     25.500000     16.000000     50.609865
     25.500000     16.500000     50.901798
     25.500000     17.000000     51.155312
     25.500000     17.500000     51.370185
     25.500000     18.000000     51.546234
     25.500000     18.500000     51.683313
     25.500000     19.000000     51.781307
     25.500000     19.500000     51.840135
     25.500000     20.000000     51.859751
     25.500000     20.500000     51.840136
     25.500000     21.000000     51.781309
     25.500000     21.500000     51.683316
     25.500000     22.000000     51.546238
     25.500000     22.500000     51.370189
     25.500000     23.000000     51.155317
     25.500000     23.500000     50.901804
     25.500000     24.000000     50.609872
     25.500000     24.500000     50.279779
     25.500000     25.000000     49.911823
     25.500000     25.500000     49.506347
     25.500000     26.000000     49.063738
     25.500000     26.500000     48.584430
     25.500000     27.000000     48.068906
     25.500000     27.500000     47.517702
     25.500000     28.000000     46.931409
     25.500000     28.500000     46.310677
     25.500000     29.000000     45.656213
     25.500000     29.500000     44.968788
     25.500000     30.000000     44.249238
     25.500000     30.500000     43.498463
     25.500000     31.000000     42.717434
     25.500000     31.500000     41.907189
     25.500000     32.000000     41.068840
     25.500000     32.500000     40.203565
     25.500000     33.000000     39.312618
     25.500000     33.500000     38.397321
     25.500000     34.000000     37.459067
     25.500000     34.500000     36.499316
     25.500000     35.000000     35.519596
     25.500000     35.500000     34.521496
     25.500000     36.000000     33.506667
     25.500000     36.500000     32.476815
     25.500000     37.000000     31.433699
     25.500000     37.500000     30.379122
     25.500000     38.000000     29.314931
     25.500000     38.500000     28.243004
     25.500000     39.000000     27.165251
     25.500000     39.500000     26.083601
     25.500000     40.000000     25.000000

     26.000000      0.000000     25.000000
     26.000000      0.500000     26.030721
     26.000000      1.000000     27.059604
     26.000000      1.500000     28.084817
     26.000000      2.000000     29.104543
     26.000000      2.500000     30.116983
     26.000000      3.000000     31.120363
     26.000000      3.500000     32.112942
     26.000000      4.000000     33.093017
     26.000000      4.500000     34.058923
     26.000000      5.000000     35.009047
     26.000000      5.500000     35.941824
     26.000000      6.000000     36.855744
     26.000000      6.500000     37.749356
     26.000000      7.000000     38.621268
     26.000000      7.500000     39.470152
     26.000000      8.000000     40.294743
     26.000000      8.500000     41.093841
     26.000000      9.000000     41.866314
     26.000000      9.500000     42.611093
     26.000000     10.000000     43.327175
     26.000000     10.500000     44.013623
     26.000000     11.000000     44.669563
     26.000000     11.500000     45.294181
     26.000000     12.000000     45.886728
     26.000000     12.500000     46.446510
     26.000000     13.000000     46.972891
     26.000000     13.500000     47.465290
     26.000000     14.000000     47.923179
     26.000000     14.500000     48.346078
     26.000000     15.000000     48.733558
     26.000000     15.500000     49.085234
     26.000000     16.000000     49.400764
     26.000000     16.500000     49.679850
     26.000000     17.000000     49.922232
     26.000000     17.500000     50.127690
     26.000000     18.000000     50.296038
     26.000000     18.500000     50.427128
     26.000000     19.000000     50.520845
     26.000000     19.500000     50.577108
     26.000000     20.000000     50.595868
     26.000000     20.500000     50.577109
     26.000000     21.000000     50.520847
     26.000000     21.500000     50.427131
     26.000000     22.000000     50.296042
     26.000000     22.500000     50.127694
     26.000000     23.000000     49.922237
     26.000000     23.500000     49.679856
     26.000000     24.000000     49.400771
     26.000000     24.500000     49.085241
     26.000000     25.000000     48.733566
     26.000000     25.500000     48.346087
     26.000000     26.000000     47.923188
     26.000000     26.500000     47.465300
     26.000000     27.000000     46.972901
     26.000000     27.500000     46.446521
     26.000000     28.000000     45.886739
     26.000000     28.500000     45.294193
     26.000000     29.000000     44.669575
     26.000000     29.500000     44.013636
     26.000000     30.000000     43.327188
     26.000000     30.500000     42.611106
     26.000000     31.000000     41.866327
     26.000000     31.500000     41.093854
     26.000000     32.000000     40.294755
     26.000000     32.500000     39.470164
     26.000000     33.000000     38.621280
     26.000000     33.500000     37.749367
     26.000000     34.000000     36.855755
     26.000000     34.500000     35.941835
     26.000000     35.000000     35.009057
     26.000000     35.500000     34.058933
     26.000000     36.000000     33.093025
     26.000000     36.500000     32.112950
     26.000000     37.000000     31.120370
     26.000000     37.500000     30.116989
     26.000000     38.000000     29.104548
     26.000000     38.500000     28.084821
     26.000000     39.000000     27.059606
     26.000000     39.500000     26.030722
     26.000000     40.000000     25.000000

     26.500000      0.000000     25.000000
     26.500000      0.500000     25.979680
     26.500000      1.000000     26.957628
     26.500000      1.500000     27.932122
     26.500000      2.000000     28.901447
     26.500000      2.500000     29.863909
     26.500000      3.000000     30.817835
     26.500000      3.500000     31.761583
     26.500000      4.000000     32.693543
     26.500000      4.500000     33.612144
     26.500000      5.000000     34.515857
     26.500000      5.500000     35.403200
     26.500000      6.000000     36.272742
     26.500000      6.500000     37.123103
     26.500000      7.000000     37.952959
     26.500000      7.500000     38.761045
     26.500000      8.000000     39.546152
     26.500000      8.500000     40.307133
     26.500000      9.000000     41.042903
     26.500000      9.500000     41.752434
     26.500000     10.000000     42.434761
     26.500000     10.500000     43.088981
     26.500000     11.000000     43.714246
     26.500000     11.500000     44.309771
     26.500000     12.000000     44.874824
     26.500000     12.500000     45.408731
     26.500000     13.000000     45.910870
     26.500000     13.500000     46.380672
     26.500000     14.000000     46.817619
     26.500000     14.500000     47.221239
     26.500000     15.000000     47.591107
     26.500000     15.500000     47.926843
     26.500000     16.000000     48.228109
     26.500000     16.500000     48.494607
     26.500000     17.000000     48.726079
     26.500000     17.500000     48.922306
     26.500000     18.000000     49.083102
     26.500000     18.500000     49.208318
     26.500000     19.000000     49.297840
     26.500000     19.500000     49.351586
     26.500000     20.000000     49.369507
     26.500000     20.500000     49.351586
     26.500000     21.000000     49.297842
     26.500000     21.500000     49.208321
     26.500000     22.000000     49.083105
     26.500000     22.500000     48.922310
     26.500000     23.000000     48.726085
     26.500000     23.500000     48.494613
     26.500000     24.000000     48.228115
     26.500000     24.500000     47.926850
     26.500000     25.000000     47.591115
     26.500000     25.500000     47.221248
     26.500000     26.000000     46.817628
     26.500000     26.500000     46.380682
     26.500000     27.000000     45.910880
     26.500000     27.500000     45.408741
     26.500000     28.000000     44.874835
     26.500000     28.500000     44.309782
     26.500000     29.000000     43.714258
     26.500000     29.500000     43.088993
     26.500000     30.000000     42.434774
     26.500000     30.500000     41.752446
     26.500000     31.000000     41.042915
     26.500000     31.500000     40.307146
     26.500000     32.000000     39.546164
     26.500000     32.500000     38.761057
     26.500000     33.000000     37.952971
     26.500000     33.500000     37.123114
     26.500000     34.000000     36.272753
     26.500000     34.500000     35.403211
     26.500000     35.000000     34.515867
     26.500000     35.500000     33.612153
     26.500000     36.000000     32.693552
     26.500000     36.500000     31.761591
     26.500000     37.000000     30.817842
     26.500000     37.500000     29.863915
     26.500000     38.000000     28.901452
     26.500000     38.500000     27.932126
     26.500000     39.000000     26.957631
     26.500000     39.500000     25.979681
     26.500000     40.000000     25.000000

     27.000000      0.000000     25.000000
     27.000000      0.500000     25.930369
     27.000000      1.000000     26.859109
     27.000000      1.500000     27.784595
     27.000000      2.000000     28.705215
     27.000000      2.500000     29.619370
     27.000000      3.000000     30.525486
     27.000000      3.500000     31.422012
     27.000000      4.000000     32.307429
     27.000000      4.500000     33.180253
     27.000000      5.000000     34.039037
     27.000000      5.500000     34.882379
     27.000000      6.000000     35.708921
     27.000000      6.500000     36.517355
     27.000000      7.000000     37.306422
     27.000000      7.500000     38.074917
     27.000000      8.000000     38.821688
     27.000000      8.500000     39.545639
     27.000000      9.000000     40.245731
     27.000000      9.500000     40.920979
     27.000000     10.000000     41.570457
     27.000000     10.500000     42.193294
     27.000000     11.000000     42.788673
     27.000000     11.500000     43.355833
     27.000000     12.000000     43.894068
     27.000000     12.500000     44.402721
     27.000000     13.000000     44.881187
     27.000000     13.500000     45.328912
     27.000000     14.000000     45.745388
     27.000000     14.500000     46.130153
     27.000000     15.000000     46.482790
     27.000000     15.500000     46.802924
     27.000000     16.000000     47.090223
     27.000000     16.500000     47.344391
     27.000000     17.000000     47.565175
     27.000000     17.500000     47.752354
     27.000000     18.000000     47.905747
     27.000000     18.500000     48.025204
     27.000000     19.000000     48.110612
     27.000000     19.500000     48.161889
     27.000000     20.000000     48.178988
     27.000000     20.500000     48.161890
     27.000000     21.000000     48.110614
     27.000000     21.500000     48.025207
     27.000000     22.000000     47.905750
     27.000000     22.500000     47.752358
     27.000000     23.000000     47.565179
     27.000000     23.500000     47.344397
     27.000000     24.000000     47.090229
     27.000000     24.500000     46.802931
     27.000000     25.000000     46.482798
     27.000000     25.500000     46.130162
     27.000000     26.000000     45.745397
     27.000000     26.500000     45.328922
     27.000000     27.000000     44.881197
     27.000000     27.500000     44.402731
     27.000000     28.000000     43.894079
     27.000000     28.500000     43.355845
     27.000000     29.000000     42.788684
     27.000000     29.500000     42.193305
     27.000000     30.000000     41.570469
     27.000000     30.500000     40.920991
     27.000000     31.000000     40.245743
     27.000000     31.500000     39.545651
     27.000000     32.000000     38.821699
     27.000000     32.500000     38.074928
     27.000000     33.000000     37.306433
     27.000000     33.500000     36.517366
     27.000000     34.000000     35.708932
     27.000000     34.500000     34.882389
     27.000000     35.000000     34.039046
     27.000000     35.500000     33.180262
     27.000000     36.000000     32.307438
     27.000000     36.500000     31.422020
     27.000000     37.000000     30.525493
     27.000000     37.500000     29.619376
     27.000000     38.000000     28.705219
     27.000000     38.500000     27.784599
     27.000000     39.000000     26.859111
     27.000000     39.500000     25.930370
     27.000000     40.000000     25.000000

     27.500000      0.000000     25.000000
     27.500000      0.500000     25.882688
     27.500000      1.000000     26.763843
     27.500000      1.500000     27.641935
     27.500000      2.000000     28.515447
     27.500000      2.500000     29.382872
     27.500000      3.000000     30.242728
     27.500000      3.500000     31.093551
     27.500000      4.000000     31.933910
     27.500000      4.500000     32.762401
     27.500000      5.000000     33.577660
     27.500000      5.500000     34.378358
     27.500000      6.000000     35.163210
     27.500000      6.500000     35.930975
     27.500000      7.000000     36.680458
     27.500000      7.500000     37.410513
     27.500000      8.000000     38.120044
     27.500000      8.500000     38.808005
     27.500000      9.000000     39.473403
     27.500000      9.500000     40.115296
     27.500000     10.000000     40.732795
     27.500000     10.500000     41.325065
     27.500000     11.000000     41.891319
     27.500000     11.500000     42.430823
     27.500000     12.000000     42.942895
     27.500000     12.500000     43.426898
     27.500000     13.000000     43.882248
     27.500000     13.500000     44.308403
     27.500000     14.000000     44.704870
     27.500000     14.500000     45.071197
     27.500000     15.000000     45.406977
     27.500000     15.500000     45.711843
     27.500000     16.000000     45.985468
     27.500000     16.500000     46.227562
     27.500000     17.000000     46.437875
     27.500000     17.500000     46.616191
     27.500000     18.000000     46.762328
     27.500000     18.500000     46.876141
     27.500000     19.000000     46.957517
     27.500000     19.500000     47.006374
     27.500000     20.000000     47.022666
     27.500000     20.500000     47.006375
     27.500000     21.000000     46.957518
     27.500000     21.500000     46.876144
     27.500000     22.000000     46.762331
     27.500000     22.500000     46.616195
     27.500000     23.000000     46.437880
     27.500000     23.500000     46.227568
     27.500000     24.000000     45.985474
     27.500000     24.500000     45.711850
     27.500000     25.000000     45.406985
     27.500000     25.500000     45.071205
     27.500000     26.000000     44.704878
     27.500000     26.500000     44.308412
     27.500000     27.000000     43.882257
     27.500000     27.500000     43.426908
     27.500000     28.000000     42.942905
     27.500000     28.500000     42.430834
     27.500000     29.000000     41.891330
     27.500000     29.500000     41.325076
     27.500000     30.000000     40.732807
     27.500000     30.500000     40.115308
     27.500000     31.000000     39.473414
     27.500000     31.500000     38.808017
     27.500000     32.000000     38.120056
     27.500000     32.500000     37.410525
     27.500000     33.000000     36.680469
     27.500000     33.500000     35.930986
     27.500000     34.000000     35.163220
     27.500000     34.500000     34.378368
     27.500000     35.000000     33.577669
     27.500000     35.500000     32.762410
     27.500000     36.000000     31.933918
     27.500000     36.500000     31.093559
     27.500000     37.000000     30.242734
     27.500000     37.500000     29.382878
     27.500000     38.000000     28.515451
     27.500000     38.500000     27.641939
     27.500000     39.000000     26.763845
     27.500000     39.500000     25.882690
     27.500000     40.000000     25.000000

     28.000000      0.000000     25.000000
     28.000000      0.500000     25.836541
     28.000000      1.000000     26.671640
     28.000000      1.500000     27.503857
     28.000000      2.000000     28.331764
     28.000000      2.500000     29.153945
     28.000000      3.000000     29.969001
     28.000000      3.500000     30.775556
     28.000000      4.000000     31.572257
     28.000000      4.500000     32.357783
     28.000000      5.000000     33.130843
     28.000000      5.500000     33.890183
     28.000000      6.000000     34.634587
     28.000000      6.500000     35.362878
     28.000000      7.000000     36.073923
     28.000000      7.500000     36.766635
     28.000000      8.000000     37.439971
     28.000000      8.500000     38.092935
     28.000000      9.000000     38.724581
     28.000000      9.500000     39.334007
     28.000000     10.000000     39.920365
     28.000000     10.500000     40.482853
     28.000000     11.000000     41.020715
     28.000000     11.500000     41.533247
     28.000000     12.000000     42.019790
     28.000000     12.500000     42.479732
     28.000000     13.000000     42.912504
     28.000000     13.500000     43.317584
     28.000000     14.000000     43.694492
     28.000000     14.500000     44.042789
     28.000000     15.000000     44.362080
     28.000000     15.500000     44.652005
     28.000000     16.000000     44.912245
     28.000000     16.500000     45.142517
     28.000000     17.000000     45.342575
     28.000000     17.500000     45.512207
     28.000000     18.000000     45.651236
     28.000000     18.500000     45.759518
     28.000000     19.000000     45.836941
     28.000000     19.500000     45.883427
     28.000000     20.000000     45.898927
     28.000000     20.500000     45.883428
     28.000000     21.000000     45.836943
     28.000000     21.500000     45.759520
     28.000000     22.000000     45.651239
     28.000000     22.500000     45.512211
     28.000000     23.000000     45.342579
     28.000000     23.500000     45.142522
     28.000000     24.000000     44.912251
     28.000000     24.500000     44.652012
     28.000000     25.000000     44.362087
     28.000000     25.500000     44.042797
     28.000000     26.000000     43.694500
     28.000000     26.500000     43.317593
     28.000000     27.000000     42.912513
     28.000000     27.500000     42.479742
     28.000000     28.000000     42.019801
     28.000000     28.500000     41.533258
     28.000000     29.000000     41.020726
     28.000000     29.500000     40.482864
     28.000000     30.000000     39.920377
     28.000000     30.500000     39.334019
     28.000000     31.000000     38.724592
     28.000000     31.500000     38.092947
     28.000000     32.000000     37.439982
     28.000000     32.500000     36.766646
     28.000000     33.000000     36.073934
     28.000000     33.500000     35.362888
     28.000000     34.000000     34.634597
     28.000000     34.500000     33.890193
     28.000000     35.000000     33.130852
     28.000000     35.500000     32.357792
     28.000000     36.000000     31.572265
     28.000000     36.500000     30.775563
     28.000000     37.000000     29.969008
     28.000000     37.500000     29.153951
     28.000000     38.000000     28.331769
     28.000000     38.500000     27.503860
     28.000000     39.000000     26.671642
     28.000000     39.500000     25.836542
     28.000000     40.000000     25.000000

     28.500000      0.000000     25.000000
     28.500000      0.500000     25.791837
     28.500000      1.000000     26.582317
     28.500000      1.500000     27.370089
     28.500000      2.000000     28.153808
     28.500000      2.500000     28.932143
     28.500000      3.000000     29.703777
     28.500000      3.500000     30.467414
     28.500000      4.000000     31.221781
     28.500000      4.500000     31.965631
     28.500000      5.000000     32.697748
     28.500000      5.500000     33.416946
     28.500000      6.000000     34.122076
     28.500000      6.500000     34.812026
     28.500000      7.000000     35.485723
     28.500000      7.500000     36.142135
     28.500000      8.000000     36.780271
     28.500000      8.500000     37.399186
     28.500000      9.000000     37.997978
     28.500000      9.500000     38.575789
     28.500000     10.000000     39.131807
     28.500000     10.500000     39.665266
     28.500000     11.000000     40.175444
     28.500000     11.500000     40.661662
     28.500000     12.000000     41.123289
     28.500000     12.500000     41.559735
     28.500000     13.000000     41.970453
     28.500000     13.500000     42.354938
     28.500000     14.000000     42.712725
     28.500000     14.500000     43.043391
     28.500000     15.000000     43.346550
     28.500000     15.500000     43.621853
     28.500000     16.000000     43.868991
     28.500000     16.500000     44.087687
     28.500000     17.000000     44.277702
     28.500000     17.500000     44.438828
     28.500000     18.000000     44.570892
     28.500000     18.500000     44.673754
     28.500000     19.000000     44.747304
     28.500000     19.500000     44.791466
     28.500000     20.000000     44.806192
     28.500000     20.500000     44.791466
     28.500000     21.000000     44.747306
     28.500000     21.500000     44.673756
     28.500000     22.000000     44.570895
     28.500000     22.500000     44.438832
     28.500000     23.000000     44.277706
     28.500000     23.500000     44.087692
     28.500000     24.000000     43.868997
     28.500000     24.500000     43.621860
     28.500000     25.000000     43.346557
     28.500000     25.500000     43.043399
     28.500000     26.000000     42.712733
     28.500000     26.500000     42.354947
     28.500000     27.000000     41.970462
     28.500000     27.500000     41.559745
     28.500000     28.000000     41.123299
     28.500000     28.500000     40.661673
     28.500000     29.000000     40.175454
     28.500000     29.500000     39.665277
     28.500000     30.000000     39.131818
     28.500000     30.500000     38.575800
     28.500000     31.000000     37.997989
     28.500000     31.500000     37.399197
     28.500000     32.000000     36.780282
     28.500000     32.500000     36.142145
     28.500000     33.000000     35.485734
     28.500000     33.500000     34.812037
     28.500000     34.000000     34.122086
     28.500000     34.500000     33.416955
     28.500000     35.000000     32.697757
     28.500000     35.500000     31.965640
     28.500000     36.000000     31.221789
     28.500000     36.500000     30.467421
     28.500000     37.000000     29.703783
     28.500000     37.500000     28.932148
     28.500000     38.000000     28.153813
     28.500000     38.500000     27.370092
     28.500000     39.000000     26.582319
     28.500000     39.500000     25.791838
     28.500000     40.000000     25.000000

     29.000000      0.000000     25.000000
     29.000000      0.500000     25.748489
     29.000000      1.000000     26.495703
     29.000000      1.500000     27.240374
     29.000000      2.000000     27.981237
     29.000000      2.500000     28.717042
     29.000000      3.000000     29.446550
     29.000000      3.500000     30.168543
     29.000000      4.000000     30.881822
     29.000000      4.500000     31.585214
     29.000000      5.000000     32.277572
     29.000000      5.500000     32.957778
     29.000000      6.000000     33.624747
     29.000000      6.500000     34.277429
     29.000000      7.000000     34.914809
     29.000000      7.500000     35.535910
     29.000000      8.000000     36.139793
     29.000000      8.500000     36.725561
     29.000000      9.000000     37.292356
     29.000000      9.500000     37.839364
     29.000000     10.000000     38.365810
     29.000000     10.500000     38.870962
     29.000000     11.000000     39.354132
     29.000000     11.500000     39.814670
     29.000000     12.000000     40.251971
     29.000000     12.500000     40.665468
     29.000000     13.000000     41.054637
     29.000000     13.500000     41.418991
     29.000000     14.000000     41.758082
     29.000000     14.500000     42.071501
     29.000000     15.000000     42.358876
     29.000000     15.500000     42.619869
     29.000000     16.000000     42.854180
     29.000000     16.500000     43.061541
     29.000000     17.000000     43.241718
     29.000000     17.500000     43.394512
     29.000000     18.000000     43.519753
     29.000000     18.500000     43.617304
     29.000000     19.000000     43.687058
     29.000000     19.500000     43.728942
     29.000000     20.000000     43.742908
     29.000000     20.500000     43.728942
     29.000000     21.000000     43.687060
     29.000000     21.500000     43.617306
     29.000000     22.000000     43.519756
     29.000000     22.500000     43.394516
     29.000000     23.000000     43.241723
     29.000000     23.500000     43.061546
     29.000000     24.000000     42.854185
     29.000000     24.500000     42.619875
     29.000000     25.000000     42.358882
     29.000000     25.500000     42.071508
     29.000000     26.000000     41.758090
     29.000000     26.500000     41.418999
     29.000000     27.000000     41.054646
     29.000000     27.500000     40.665478
     29.000000     28.000000     40.251981
     29.000000     28.500000     39.814680
     29.000000     29.000000     39.354142
     29.000000     29.500000     38.870973
     29.000000     30.000000     38.365820
     29.000000     30.500000     37.839375
     29.000000     31.000000     37.292367
     29.000000     31.500000     36.725572
     29.000000     32.000000     36.139804
     29.000000     32.500000     35.535920
     29.000000     33.000000     34.914819
     29.000000     33.500000     34.277439
     29.000000     34.000000     33.624756
     29.000000     34.500000     32.957787
     29.000000     35.000000     32.277580
     29.000000     35.500000     31.585222
     29.000000     36.000000     30.881830
     29.000000     36.500000     30.168550
     29.000000     37.000000     29.446556
     29.000000     37.500000     28.717047
     29.000000     38.000000     27.981242
     29.000000     38.500000     27.240377
     29.000000     39.000000     26.495706
     29.000000     39.500000     25.748490
     29.000000     40.000000     25.000000

     29.500000      0.000000     25.000000
     29.500000      0.500000     25.706415
     29.500000      1.000000     26.411634
     29.500000      1.500000     27.114466
     29.500000      2.000000     27.813726
     29.500000      2.500000     28.508237
     29.500000      3.000000     29.196839
     29.500000      3.500000     29.878386
     29.500000      4.000000     30.551752
     29.500000      4.500000     31.215832
     29.500000      5.000000     31.869547
     29.500000      5.500000     32.511846
     29.500000      6.000000     33.141706
     29.500000      6.500000     33.758135
     29.500000      7.000000     34.360175
     29.500000      7.500000     34.946903
     29.500000      8.000000     35.517431
     29.500000      8.500000     36.070909
     29.500000      9.000000     36.606524
     29.500000      9.500000     37.123502
     29.500000     10.000000     37.621107
     29.500000     10.500000     38.098643
     29.500000     11.000000     38.555452
     29.500000     11.500000     38.990917
     29.500000     12.000000     39.404457
     29.500000     12.500000     39.795532
     29.500000     13.000000     40.163637
     29.500000     13.500000     40.508307
     29.500000     14.000000     40.829112
     29.500000     14.500000     41.125657
     29.500000     15.000000     41.397584
     29.500000     15.500000     41.644569
     29.500000     16.000000     41.866320
     29.500000     16.500000     42.062579
     29.500000     17.000000     42.233120
     29.500000     17.500000     42.377750
     29.500000     18.000000     42.496305
     29.500000     18.500000     42.588651
     29.500000     19.000000     42.654686
     29.500000     19.500000     42.694336
     29.500000     20.000000     42.707558
     29.500000     20.500000     42.694337
     29.500000     21.000000     42.654687
     29.500000     21.500000     42.588653
     29.500000     22.000000     42.496307
     29.500000     22.500000     42.377754
     29.500000     23.000000     42.233125
     29.500000     23.500000     42.062584
     29.500000     24.000000     41.866325
     29.500000     24.500000     41.644575
     29.500000     25.000000     41.397591
     29.500000     25.500000     41.125664
     29.500000     26.000000     40.829119
     29.500000     26.500000     40.508315
     29.500000     27.000000     40.163646
     29.500000     27.500000     39.795541
     29.500000     28.000000     39.404466
     29.500000     28.500000     38.990926
     29.500000     29.000000     38.555462
     29.500000     29.500000     38.098653
     29.500000     30.000000     37.621117
     29.500000     30.500000     37.123512
     29.500000     31.000000     36.606535
     29.500000     31.500000     36.070920
     29.500000     32.000000     35.517442
     29.500000     32.500000     34.946913
     29.500000     33.000000     34.360185
     29.500000     33.500000     33.758144
     29.500000     34.000000     33.141715
     29.500000     34.500000     32.511855
     29.500000     35.000000     31.869556
     29.500000     35.500000     31.215839
     29.500000     36.000000     30.551759
     29.500000     36.500000     29.878393
     29.500000     37.000000     29.196845
     29.500000     37.500000     28.508242
     29.500000     38.000000     27.813730
     29.500000     38.500000     27.114469
     29.500000     39.000000     26.411636
     29.500000     39.500000     25.706416
     29.500000     40.000000     25.000000

     30.000000      0.000000     25.000000
     30.000000      0.500000     25.665536
     30.000000      1.000000     26.329952
     30.000000      1.500000     26.992131
     30.000000      2.000000     27.650962
     30.000000      2.500000     28.305343
     30.000000      3.000000     28.954184
     30.000000      3.500000     29.596411
     30.000000      4.000000     30.230967
     30.000000      4.500000     30.856814
     30.000000      5.000000     31.472940
     30.000000      5.500000     32.078355
     30.000000      6.000000     32.672096
     30.000000      6.500000     33.253230
     30.000000      7.000000     33.820854
     30.000000      7.500000     34.374097
     30.000000      8.000000     34.912121
     30.000000      8.500000     35.434122
     30.000000      9.000000     35.939330
     30.000000      9.500000     36.427014
     30.000000     10.000000     36.896474
     30.000000     10.500000     37.347050
     30.000000     11.000000     37.778118
     30.000000     11.500000     38.189089
     30.000000     12.000000     38.579410
     30.000000     12.500000     38.948565
     30.000000     13.000000     39.296074
     30.000000     13.500000     39.621490
     30.000000     14.000000     39.924402
     30.000000     14.500000     40.204432
     30.000000     15.000000     40.461237
     30.000000     15.500000     40.694503
     30.000000     16.000000     40.903953
     30.000000     16.500000     41.089336
     30.000000     17.000000     41.250436
     30.000000     17.500000     41.387065
     30.000000     18.000000     41.499066
     30.000000     18.500000     41.586311
     30.000000     19.000000     41.648699
     30.000000     19.500000     41.686160
     30.000000     20.000000     41.698652
     30.000000     20.500000     41.686161
     30.000000     21.000000     41.648700
     30.000000     21.500000     41.586313
     30.000000     22.000000     41.499069
     30.000000     22.500000     41.387069
     30.000000     23.000000     41.250440
     30.000000     23.500000     41.089341
     30.000000     24.000000     40.903958
     30.000000     24.500000     40.694509
     30.000000     25.000000     40.461243
     30.000000     25.500000     40.204439
     30.000000     26.000000     39.924410
     30.000000     26.500000     39.621498
     30.000000     27.000000     39.296082
     30.000000     27.500000     38.948574
     30.000000     28.000000     38.579419
     30.000000     28.500000     38.189098
     30.000000     29.000000     37.778128
     30.000000     29.500000     37.347060
     30.000000     30.000000     36.896484
     30.000000     30.500000     36.427023
     30.000000     31.000000     35.939340
     30.000000     31.500000     35.434131
     30.000000     32.000000     34.912131
     30.000000     32.500000     34.374107
     30.000000     33.000000     33.820863
     30.000000     33.500000     33.253239
     30.000000     34.000000     32.672105
     30.000000     34.500000     32.078363
     30.000000     35.000000     31.472948
     30.000000     35.500000     30.856822
     30.000000     36.000000     30.230973
     30.000000     36.500000     29.596417
     30.000000     37.000000     28.954189
     30.000000     37.500000     28.305347
     30.000000     38.000000     27.650966
     30.000000     38.500000     26.992134
     30.000000     39.000000     26.329954
     30.000000     39.500000     25.665537
     30.000000     40.000000     25.000000

     30.500000      0.000000     25.000000
     30.500000      0.500000     25.625778
     30.500000      1.000000     26.250508
     30.500000      1.500000     26.873145
     30.500000      2.000000     27.492648
     30.500000      2.500000     28.107988
     30.500000      3.000000     28.718143
     30.500000      3.500000     29.322107
     30.500000      4.000000     29.918890
     30.500000      4.500000     30.507520
     30.500000      5.000000     31.087045
     30.500000      5.500000     31.656537
     30.500000      6.000000     32.215093
     30.500000      6.500000     32.761836
     30.500000      7.000000     33.295915
     30.500000      7.500000     33.816511
     30.500000      8.000000     34.322834
     30.500000      8.500000     34.814127
     30.500000      9.000000     35.289663
     30.500000      9.500000     35.748749
     30.500000     10.000000     36.190726
     30.500000     10.500000     36.614968
     30.500000     11.000000     37.020882
     30.500000     11.500000     37.407911
     30.500000     12.000000     37.775530
     30.500000     12.500000     38.123247
     30.500000     13.000000     38.450605
     30.500000     13.500000     38.757178
     30.500000     14.000000     39.042576
     30.500000     14.500000     39.306435
     30.500000     15.000000     39.548428
     30.500000     15.500000     39.768257
     30.500000     16.000000     39.965653
     30.500000     16.500000     40.140378
     30.500000     17.000000     40.292224
     30.500000     17.500000     40.421010
     30.500000     18.000000     40.526586
     30.500000     18.500000     40.608828
     30.500000     19.000000     40.667640
     30.500000     19.500000     40.702955
     30.500000     20.000000     40.714731
     30.500000     20.500000     40.702955
     30.500000     21.000000     40.667641
     30.500000     21.500000     40.608830
     30.500000     22.000000     40.526588
     30.500000     22.500000     40.421013
     30.500000     23.000000     40.292227
     30.500000     23.500000     40.140382
     30.500000     24.000000     39.965658
     30.500000     24.500000     39.768263
     30.500000     25.000000     39.548435
     30.500000     25.500000     39.306442
     30.500000     26.000000     39.042583
     30.500000     26.500000     38.757186
     30.500000     27.000000     38.450613
     30.500000     27.500000     38.123255
     30.500000     28.000000     37.775538
     30.500000     28.500000     37.407920
     30.500000     29.000000     37.020892
     30.500000     29.500000     36.614977
     30.500000     30.000000     36.190736
     30.500000     30.500000     35.748759
     30.500000     31.000000     35.289672
     30.500000     31.500000     34.814136
     30.500000     32.000000     34.322844
     30.500000     32.500000     33.816520
     30.500000     33.000000     33.295924
     30.500000     33.500000     32.761844
     30.500000     34.000000     32.215102
     30.500000     34.500000     31.656545
     30.500000     35.000000     31.087052
     30.500000     35.500000     30.507527
     30.500000     36.000000     29.918897
     30.500000     36.500000     29.322113
     30.500000     37.000000     28.718148
     30.500000     37.500000     28.107992
     30.500000     38.000000     27.492652
     30.500000     38.500000     26.873147
     30.500000     39.000000     26.250510
     30.500000     39.500000     25.625779
     30.500000     40.000000     25.000000

     31.000000      0.000000     25.000000
     31.000000      0.500000     25.587068
     31.000000      1.000000     26.173157
     31.000000      1.500000     26.757291
     31.000000      2.000000     27.338499
     31.000000      2.500000     27.915818
     31.000000      3.000000     28.488293
     31.000000      3.500000     29.054985
     31.000000      4.000000     29.614967
     31.000000      4.500000     30.167330
     31.000000      5.000000     30.711183
     31.000000      5.500000     31.245657
     31.000000      6.000000     31.769905
     31.000000      6.500000     32.283105
     31.000000      7.000000     32.784459
     31.000000      7.500000     33.273198
     31.000000      8.000000     33.748579
     31.000000      8.500000     34.209890
     31.000000      9.000000     34.656446
     31.000000      9.500000     35.087595
     31.000000     10.000000     35.502714
     31.000000     10.500000     35.901214
     31.000000     11.000000     36.282533
     31.000000     11.500000     36.646145
     31.000000     12.000000     36.991552
     31.000000     12.500000     37.318289
     31.000000     13.000000     37.625921
     31.000000     13.500000     37.914045
     31.000000     14.000000     38.182287
     31.000000     14.500000     38.430306
     31.000000     15.000000     38.657786
     31.000000     15.500000     38.864444
     31.000000     16.000000     39.050025
     31.000000     16.500000     39.214300
     31.000000     17.000000     39.357072
     31.000000     17.500000     39.478167
     31.000000     18.000000     39.577441
     31.000000     18.500000     39.654776
     31.000000     19.000000     39.710080
     31.000000     19.500000     39.743289
     31.000000     20.000000     39.754363
     31.000000     20.500000     39.743290
     31.000000     21.000000     39.710082
     31.000000     21.500000     39.654778
     31.000000     22.000000     39.577443
     31.000000     22.500000     39.478170
     31.000000     23.000000     39.357075
     31.000000     23.500000     39.214305
     31.000000     24.000000     39.050030
     31.000000     24.500000     38.864450
     31.000000     25.000000     38.657792
     31.000000     25.500000     38.430312
     31.000000     26.000000     38.182294
     31.000000     26.500000     37.914052
     31.000000     27.000000     37.625928
     31.000000     27.500000     37.318297
     31.000000     28.000000     36.991560
     31.000000     28.500000     36.646154
     31.000000     29.000000     36.282542
     31.000000     29.500000     35.901223
     31.000000     30.000000     35.502723
     31.000000     30.500000     35.087604
     31.000000     31.000000     34.656455
     31.000000     31.500000     34.209899
     31.000000     32.000000     33.748588
     31.000000     32.500000     33.273207
     31.000000     33.000000     32.784468
     31.000000     33.500000     32.283114
     31.000000     34.000000     31.769913
     31.000000     34.500000     31.245665
     31.000000     35.000000     30.711190
     31.000000     35.500000     30.167337
     31.000000     36.000000     29.614973
     31.000000     36.500000     29.054991
     31.000000     37.000000     28.488298
     31.000000     37.500000     27.915822
     31.000000     38.000000     27.338503
     31.000000     38.500000     26.757294
     31.000000     39.000000     26.173159
     31.000000     39.500000     25.587069
     31.000000     40.000000     25.000000

     31.500000      0.000000     25.000000
     31.500000      0.500000     25.549337
     31.500000      1.000000     26.097761
     31.500000      1.500000     26.644364
     31.500000      2.000000     27.188240
     31.500000      2.500000     27.728491
     31.500000      3.000000     28.264228
     31.500000      3.500000     28.794573
     31.500000      4.000000     29.318664
     31.500000      4.500000     29.835650
     31.500000      5.000000     30.344700
     31.500000      5.500000     30.845003
     31.500000      6.000000     31.335766
     31.500000      6.500000     31.816221
     31.500000      7.000000     32.285620
     31.500000      7.500000     32.743244
     31.500000      8.000000     33.188396
     31.500000      8.500000     33.620407
     31.500000      9.000000     34.038637
     31.500000      9.500000     34.442470
     31.500000     10.000000     34.831324
     31.500000     10.500000     35.204641
     31.500000     11.000000     35.561893
     31.500000     11.500000     35.902585
     31.500000     12.000000     36.226245
     31.500000     12.500000     36.532436
     31.500000     13.000000     36.820746
     31.500000     13.500000     37.090793
     31.500000     14.000000     37.342225
     31.500000     14.500000     37.574715
     31.500000     15.000000     37.787967
     31.500000     15.500000     37.981711
     31.500000     16.000000     38.155703
     31.500000     16.500000     38.309729
     31.500000     17.000000     38.443597
     31.500000     17.500000     38.557146
     31.500000     18.000000     38.650236
     31.500000     18.500000     38.722756
     31.500000     19.000000     38.774617
     31.500000     19.500000     38.805760
     31.500000     20.000000     38.816145
     31.500000     20.500000     38.805760
     31.500000     21.000000     38.774619
     31.500000     21.500000     38.722757
     31.500000     22.000000     38.650238
     31.500000     22.500000     38.557149
     31.500000     23.000000     38.443601
     31.500000     23.500000     38.309733
     31.500000     24.000000     38.155708
     31.500000     24.500000     37.981716
     31.500000     25.000000     37.787973
     31.500000     25.500000     37.574721
     31.500000     26.000000     37.342231
     31.500000     26.500000     37.090800
     31.500000     27.000000     36.820753
     31.500000     27.500000     36.532444
     31.500000     28.000000     36.226253
     31.500000     28.500000     35.902593
     31.500000     29.000000     35.561902
     31.500000     29.500000     35.204649
     31.500000     30.000000     34.831332
     31.500000     30.500000     34.442479
     31.500000     31.000000     34.038645
     31.500000     31.500000     33.620416
     31.500000     32.000000     33.188404
     31.500000     32.500000     32.743252
     31.500000     33.000000     32.285629
     31.500000     33.500000     31.816229
     31.500000     34.000000     31.335774
     31.500000     34.500000     30.845010
     31.500000     35.000000     30.344707
     31.500000     35.500000     29.835656
     31.500000     36.000000     29.318670
     31.500000     36.500000     28.794579
     31.500000     37.000000     28.264233
     31.500000     37.500000     27.728495
     31.500000     38.000000     27.188243
     31.500000     38.500000     26.644366
     31.500000     39.000000     26.097763
     31.500000     39.500000     25.549338
     31.500000     40.000000     25.000000

     32.000000      0.000000     25.000000
     32.000000      0.500000     25.512517
     32.000000      1.000000     26.024187
     32.000000      1.500000     26.534164
     32.000000      2.000000     27.041606
     32.000000      2.500000     27.545678
     32.000000      3.000000     28.045554
     32.000000      3.500000     28.540418
     32.000000      4.000000     29.029465
     32.000000      4.500000     29.511906
     32.000000      5.000000     29.986966
     32.000000      5.500000     30.453889
     32.000000      6.000000     30.911937
     32.000000      6.500000     31.360392
     32.000000      7.000000     31.798558
     32.000000      7.500000     32.225762
     32.000000      8.000000     32.641354
     32.000000      8.500000     33.044708
     32.000000      9.000000     33.435224
     32.000000      9.500000     33.812328
     32.000000     10.000000     34.175471
     32.000000     10.500000     34.524132
     32.000000     11.000000     34.857816
     32.000000     11.500000     35.176056
     32.000000     12.000000     35.478410
     32.000000     12.500000     35.764465
     32.000000     13.000000     36.033835
     32.000000     13.500000     36.286159
     32.000000     14.000000     36.521104
     32.000000     14.500000     36.738364
     32.000000     15.000000     36.937657
     32.000000     15.500000     37.118729
     32.000000     16.000000     37.281350
     32.000000     16.500000     37.425314
     32.000000     17.000000     37.550444
     32.000000     17.500000     37.656584
     32.000000     18.000000     37.743603
     32.000000     18.500000     37.811394
     32.000000     19.000000     37.859876
     32.000000     19.500000     37.888988
     32.000000     20.000000     37.898696
     32.000000     20.500000     37.888989
     32.000000     21.000000     37.859877
     32.000000     21.500000     37.811396
     32.000000     22.000000     37.743605
     32.000000     22.500000     37.656587
     32.000000     23.000000     37.550448
     32.000000     23.500000     37.425318
     32.000000     24.000000     37.281354
     32.000000     24.500000     37.118734
     32.000000     25.000000     36.937663
     32.000000     25.500000     36.738370
     32.000000     26.000000     36.521111
     32.000000     26.500000     36.286166
     32.000000     27.000000     36.033842
     32.000000     27.500000     35.764472
     32.000000     28.000000     35.478417
     32.000000     28.500000     35.176063
     32.000000     29.000000     34.857824
     32.000000     29.500000     34.524140
     32.000000     30.000000     34.175479
     32.000000     30.500000     33.812336
     32.000000     31.000000     33.435232
     32.000000     31.500000     33.044716
     32.000000     32.000000     32.641362
     32.000000     32.500000     32.225770
     32.000000     33.000000     31.798566
     32.000000     33.500000     31.360400
     32.000000     34.000000     30.911944
     32.000000     34.500000     30.453896
     32.000000     35.000000     29.986973
     32.000000     35.500000     29.511912
     32.000000     36.000000     29.029471
     32.000000     36.500000     28.540423
     32.000000     37.000000     28.045559
     32.000000     37.500000     27.545682
     32.000000     38.000000     27.041609
     32.000000     38.500000     26.534166
     32.000000     39.000000     26.024189
     32.000000     39.500000     25.512518
     32.000000     40.000000     25.000000

     32.500000      0.000000     25.000000
     32.500000      0.500000     25.476546
     32.500000      1.000000     25.952307
     32.500000      1.500000     26.426498
     32.500000      2.000000     26.898341
     32.500000      2.500000     27.367061
     32.500000      3.000000     27.831893
     32.500000      3.500000     28.292079
     32.500000      4.000000     28.746873
     32.500000      4.500000     29.195543
     32.500000      5.000000     29.637370
     32.500000      5.500000     30.071651
     32.500000      6.000000     30.497701
     32.500000      6.500000     30.914852
     32.500000      7.000000     31.322459
     32.500000      7.500000     31.719893
     32.500000      8.000000     32.106550
     32.500000      8.500000     32.481847
     32.500000      9.000000     32.845224
     32.500000      9.500000     33.196146
     32.500000     10.000000     33.534101
     32.500000     10.500000     33.858601
     32.500000     11.000000     34.169184
     32.500000     11.500000     34.465413
     32.500000     12.000000     34.746874
     32.500000     12.500000     35.013181
     32.500000     13.000000     35.263970
     32.500000     13.500000     35.498904
     32.500000     14.000000     35.717671
     32.500000     14.500000     35.919981
     32.500000     15.000000     36.105570
     32.500000     15.500000     36.274200
     32.500000     16.000000     36.425653
     32.500000     16.500000     36.559737
     32.500000     17.000000     36.676282
     32.500000     17.500000     36.775144
     32.500000     18.000000     36.856198
     32.500000     18.500000     36.919344
     32.500000     19.000000     36.964504
     32.500000     19.500000     36.991622
     32.500000     20.000000     37.000666
     32.500000     20.500000     36.991623
     32.500000     21.000000     36.964505
     32.500000     21.500000     36.919346
     32.500000     22.000000     36.856200
     32.500000     22.500000     36.775147
     32.500000     23.000000     36.676286
     32.500000     23.500000     36.559740
     32.500000     24.000000     36.425657
     32.500000     24.500000     36.274204
     32.500000     25.000000     36.105575
     32.500000     25.500000     35.919986
     32.500000     26.000000     35.717677
     32.500000     26.500000     35.498911
     32.500000     27.000000     35.263977
     32.500000     27.500000     35.013188
     32.500000     28.000000     34.746881
     32.500000     28.500000     34.465420
     32.500000     29.000000     34.169192
     32.500000     29.500000     33.858609
     32.500000     30.000000     33.534109
     32.500000     30.500000     33.196154
     32.500000     31.000000     32.845232
     32.500000     31.500000     32.481854
     32.500000     32.000000     32.106557
     32.500000     32.500000     31.719900
     32.500000     33.000000     31.322466
     32.500000     33.500000     30.914860
     32.500000     34.000000     30.497708
     32.500000     34.500000     30.071657
     32.500000     35.000000     29.637376
     32.500000     35.500000     29.195549
     32.500000     36.000000     28.746878
     32.500000     36.500000     28.292084
     32.500000     37.000000     27.831897
     32.500000     37.500000     27.367065
     32.500000     38.000000     26.898344
     32.500000     38.500000     26.426501
     32.500000     39.000000     25.952308
     32.500000     39.500000     25.476547
     32.500000     40.000000     25.000000

     33.000000      0.000000     25.000000
     33.000000      0.500000     25.441360
     33.000000      1.000000     25.881995
     33.000000      1.500000     26.321181
     33.000000      2.000000     26.758199
     33.000000      2.500000     27.192334
     33.000000      3.000000     27.622878
     33.000000      3.500000     28.049131
     33.000000      4.000000     28.470406
     33.000000      4.500000     28.886023
     33.000000      5.000000     29.295319
     33.000000      5.500000     29.697644
     33.000000      6.000000     30.092363
     33.000000      6.500000     30.478859
     33.000000      7.000000     30.856532
     33.000000      7.500000     31.224802
     33.000000      8.000000     31.583106
     33.000000      8.500000     31.930906
     33.000000      9.000000     32.267680
     33.000000      9.500000     32.592932
     33.000000     10.000000     32.906186
     33.000000     10.500000     33.206988
     33.000000     11.000000     33.494908
     33.000000     11.500000     33.769538
     33.000000     12.000000     34.030494
     33.000000     12.500000     34.277415
     33.000000     13.000000     34.509961
     33.000000     13.500000     34.727819
     33.000000     14.000000     34.930694
     33.000000     14.500000     35.118319
     33.000000     15.000000     35.290445
     33.000000     15.500000     35.446848
     33.000000     16.000000     35.587326
     33.000000     16.500000     35.711698
     33.000000     17.000000     35.819806
     33.000000     17.500000     35.911513
     33.000000     18.000000     35.986702
     33.000000     18.500000     36.045281
     33.000000     19.000000     36.087175
     33.000000     19.500000     36.112332
     33.000000     20.000000     36.120722
     33.000000     20.500000     36.112333
     33.000000     21.000000     36.087176
     33.000000     21.500000     36.045282
     33.000000     22.000000     35.986704
     33.000000     22.500000     35.911515
     33.000000     23.000000     35.819809
     33.000000     23.500000     35.711702
     33.000000     24.000000     35.587330
     33.000000     24.500000     35.446852
     33.000000     25.000000     35.290450
     33.000000     25.500000     35.118324
     33.000000     26.000000     34.930700
     33.000000     26.500000     34.727824
     33.000000     27.000000     34.509967
     33.000000     27.500000     34.277421
     33.000000     28.000000     34.030501
     33.000000     28.500000     33.769545
     33.000000     29.000000     33.494915
     33.000000     29.500000     33.206995
     33.000000     30.000000     32.906193
     33.000000     30.500000     32.592940
     33.000000     31.000000     32.267688
     33.000000     31.500000     31.930913
     33.000000     32.000000     31.583114
     33.000000     32.500000     31.224809
     33.000000     33.000000     30.856539
     33.000000     33.500000     30.478866
     33.000000     34.000000     30.092370
     33.000000     34.500000     29.697650
     33.000000     35.000000     29.295325
     33.000000     35.500000     28.886029
     33.000000     36.000000     28.470411
     33.000000     36.500000     28.049136
     33.000000     37.000000     27.622882
     33.000000     37.500000     27.192338
     33.000000     38.000000     26.758202
     33.000000     38.500000     26.321184
     33.000000     39.000000     25.881997
     33.000000     39.500000     25.441361
     33.000000     40.000000     25.000000

     33.500000      0.000000     25.000000
     33.500000      0.500000     25.406899
     33.500000      1.000000     25.813132
     33.500000      1.500000     26.218033
     33.500000      2.000000     26.620941
     33.500000      2.500000     27.021198
     33.500000      3.000000     27.418153
     33.500000      3.500000     27.811164
     33.500000      4.000000     28.199596
     33.500000      4.500000     28.582825
     33.500000      5.000000     28.960241
     33.500000      5.500000     29.331244
     33.500000      6.000000     29.695249
     33.500000      6.500000     30.051689
     33.500000      7.000000     30.400010
     33.500000      7.500000     30.739676
     33.500000      8.000000     31.070169
     33.500000      8.500000     31.390990
     33.500000      9.000000     31.701660
     33.500000      9.500000     32.001718
     33.500000     10.000000     32.290724
     33.500000     10.500000     32.568258
     33.500000     11.000000     32.833922
     33.500000     11.500000     33.087339
     33.500000     12.000000     33.328151
     33.500000     12.500000     33.556024
     33.500000     13.000000     33.770643
     33.500000     13.500000     33.971715
     33.500000     14.000000     34.158970
     33.500000     14.500000     34.332156
     33.500000     15.000000     34.491043
     33.500000     15.500000     34.635422
     33.500000     16.000000     34.765106
     33.500000     16.500000     34.879925
     33.500000     17.000000     34.979732
     33.500000     17.500000     35.064399
     33.500000     18.000000     35.133819
     33.500000     18.500000     35.187903
     33.500000     19.000000     35.226583
     33.500000     19.500000     35.249811
     33.500000     20.000000     35.257557
     33.500000     20.500000     35.249812
     33.500000     21.000000     35.226584
     33.500000     21.500000     35.187905
     33.500000     22.000000     35.133821
     33.500000     22.500000     35.064401
     33.500000     23.000000     34.979735
     33.500000     23.500000     34.879928
     33.500000     24.000000     34.765109
     33.500000     24.500000     34.635426
     33.500000     25.000000     34.491047
     33.500000     25.500000     34.332161
     33.500000     26.000000     34.158975
     33.500000     26.500000     33.971721
     33.500000     27.000000     33.770648
     33.500000     27.500000     33.556030
     33.500000     28.000000     33.328157
     33.500000     28.500000     33.087345
     33.500000     29.000000     32.833929
     33.500000     29.500000     32.568265
     33.500000     30.000000     32.290730
     33.500000     30.500000     32.001725
     33.500000     31.000000     31.701667
     33.500000     31.500000     31.390997
     33.500000     32.000000     31.070176
     33.500000     32.500000     30.739682
     33.500000     33.000000     30.400016
     33.500000     33.500000     30.051695
     33.500000     34.000000     29.695255
     33.500000     34.500000     29.331249
     33.500000     35.000000     28.960246
     33.500000     35.500000     28.582830
     33.500000     36.000000     28.199600
     33.500000     36.500000     27.811168
     33.500000     37.000000     27.418157
     33.500000     37.500000     27.021201
     33.500000     38.000000     26.620944
     33.500000     38.500000     26.218035
     33.500000     39.000000     25.813134
     33.500000     39.500000     25.406900
     33.500000     40.000000     25.000000

     34.000000      0.000000     25.000000
     34.000000      0.500000     25.373105
     34.000000      1.000000     25.745601
     34.000000      1.500000     26.116879
     34.000000      2.000000     26.486333
     34.000000      2.500000     26.853364
     34.000000      3.000000     27.217374
     34.000000      3.500000     27.577775
     34.000000      4.000000     27.933988
     34.000000      4.500000     28.285442
     34.000000      5.000000     28.631575
     34.000000      5.500000     28.971840
     34.000000      6.000000     29.305702
     34.000000      6.500000     29.632639
     34.000000      7.000000     29.952143
     34.000000      7.500000     30.263723
     34.000000      8.000000     30.566904
     34.000000      8.500000     30.861227
     34.000000      9.000000     31.146252
     34.000000      9.500000     31.421556
     34.000000     10.000000     31.686733
     34.000000     10.500000     31.941399
     34.000000     11.000000     32.185185
     34.000000     11.500000     32.417744
     34.000000     12.000000     32.638748
     34.000000     12.500000     32.847887
     34.000000     13.000000     33.044871
     34.000000     13.500000     33.229431
     34.000000     14.000000     33.401315
     34.000000     14.500000     33.560292
     34.000000     15.000000     33.706150
     34.000000     15.500000     33.838694
     34.000000     16.000000     33.957751
     34.000000     16.500000     34.063164
     34.000000     17.000000     34.154798
     34.000000     17.500000     34.232534
     34.000000     18.000000     34.296272
     34.000000     18.500000     34.345930
     34.000000     19.000000     34.381446
     34.000000     19.500000     34.402773
     34.000000     20.000000     34.409885
     34.000000     20.500000     34.402773
     34.000000     21.000000     34.381446
     34.000000     21.500000     34.345931
     34.000000     22.000000     34.296274
     34.000000     22.500000     34.232536
     34.000000     23.000000     34.154801
     34.000000     23.500000     34.063167
     34.000000     24.000000     33.957754
     34.000000     24.500000     33.838698
     34.000000     25.000000     33.706154
     34.000000     25.500000     33.560297
     34.000000     26.000000     33.401320
     34.000000     26.500000     33.229436
     34.000000     27.000000     33.044877
     34.000000     27.500000     32.847892
     34.000000     28.000000     32.638753
     34.000000     28.500000     32.417750
     34.000000     29.000000     32.185191
     34.000000     29.500000     31.941405
     34.000000     30.000000     31.686740
     34.000000     30.500000     31.421562
     34.000000     31.000000     31.146259
     34.000000     31.500000     30.861234
     34.000000     32.000000     30.566910
     34.000000     32.500000     30.263729
     34.000000     33.000000     29.952149
     34.000000     33.500000     29.632644
     34.000000     34.000000     29.305708
     34.000000     34.500000     28.971846
     34.000000     35.000000     28.631580
     34.000000     35.500000     28.285446
     34.000000     36.000000     27.933993
     34.000000     36.500000     27.577779
     34.000000     37.000000     27.217377
     34.000000     37.500000     26.853367
     34.000000     38.000000     26.486336
     34.000000     38.500000     26.116881
     34.000000     39.000000     25.745602
     34.000000     39.500000     25.373106
     34.000000     40.000000     25.000000

     34.500000      0.000000     25.000000
     34.500000      0.500000     25.339921
     34.500000      1.000000     25.679288
     34.500000      1.500000     26.017548
     34.500000      2.000000     26.354151
     34.500000      2.500000     26.688549
     34.500000      3.000000     27.020203
     34.500000      3.500000     27.348576
     34.500000      4.000000     27.673141
     34.500000      4.500000     27.993378
     34.500000      5.000000     28.308778
     34.500000      5.500000     28.618841
     34.500000      6.000000     28.923081
     34.500000      6.500000     29.221021
     34.500000      7.000000     29.512200
     34.500000      7.500000     29.796170
     34.500000      8.000000     30.072497
     34.500000      8.500000     30.340764
     34.500000      9.000000     30.600567
     34.500000      9.500000     30.851521
     34.500000     10.000000     31.093256
     34.500000     10.500000     31.325419
     34.500000     11.000000     31.547675
     34.500000     11.500000     31.759705
     34.500000     12.000000     31.961210
     34.500000     12.500000     32.151905
     34.500000     13.000000     32.331525
     34.500000     13.500000     32.499823
     34.500000     14.000000     32.656569
     34.500000     14.500000     32.801549
     34.500000     15.000000     32.934570
     34.500000     15.500000     33.055453
     34.500000     16.000000     33.164039
     34.500000     16.500000     33.260185
     34.500000     17.000000     33.343764
     34.500000     17.500000     33.414668
     34.500000     18.000000     33.472805
     34.500000     18.500000     33.518101
     34.500000     19.000000     33.550497
     34.500000     19.500000     33.569951
     34.500000     20.000000     33.576438
     34.500000     20.500000     33.569951
     34.500000     21.000000     33.550497
     34.500000     21.500000     33.518102
     34.500000     22.000000     33.472807
     34.500000     22.500000     33.414670
     34.500000     23.000000     33.343766
     34.500000     23.500000     33.260187
     34.500000     24.000000     33.164042
     34.500000     24.500000     33.055457
     34.500000     25.000000     32.934574
     34.500000     25.500000     32.801554
     34.500000     26.000000     32.656573
     34.500000     26.500000     32.499828
     34.500000     27.000000     32.331530
     34.500000     27.500000     32.151910
     34.500000     28.000000     31.961215
     34.500000     28.500000     31.759711
     34.500000     29.000000     31.547681
     34.500000     29.500000     31.325425
     34.500000     30.000000     31.093262
     34.500000     30.500000     30.851527
     34.500000     31.000000     30.600573
     34.500000     31.500000     30.340769
     34.500000     32.000000     30.072503
     34.500000     32.500000     29.796175
     34.500000     33.000000     29.512205
     34.500000     33.500000     29.221026
     34.500000     34.000000     28.923086
     34.500000     34.500000     28.618846
     34.500000     35.000000     28.308783
     34.500000     35.500000     27.993382
     34.500000     36.000000     27.673145
     34.500000     36.500000     27.348580
     34.500000     37.000000     27.020206
     34.500000     37.500000     26.688552
     34.500000     38.000000     26.354153
     34.500000     38.500000     26.017550
     34.500000     39.000000     25.679289
     34.500000     39.500000     25.339922
     34.500000     40.000000     25.000000

     35.000000      0.000000     25.000000
     35.000000      0.500000     25.307291
     35.000000      1.000000     25.614082
     35.000000      1.500000     25.919874
     35.000000      2.000000     26.224172
     35.000000      2.500000     26.526481
     35.000000      3.000000     26.826313
     35.000000      3.500000     27.123185
     35.000000      4.000000     27.416621
     35.000000      4.500000     27.706152
     35.000000      5.000000     27.991317
     35.000000      5.500000     28.271667
     35.000000      6.000000     28.546759
     35.000000      6.500000     28.816165
     35.000000      7.000000     29.079467
     35.000000      7.500000     29.336260
     35.000000      8.000000     29.586151
     35.000000      8.500000     29.828763
     35.000000      9.000000     30.063731
     35.000000      9.500000     30.290705
     35.000000     10.000000     30.509351
     35.000000     10.500000     30.719347
     35.000000     11.000000     30.920391
     35.000000     11.500000     31.112194
     35.000000     12.000000     31.294482
     35.000000     12.500000     31.466998
     35.000000     13.000000     31.629502
     35.000000     13.500000     31.781769
     35.000000     14.000000     31.923588
     35.000000     14.500000     32.054767
     35.000000     15.000000     32.175129
     35.000000     15.500000     32.284511
     35.000000     16.000000     32.382769
     35.000000     16.500000     32.469772
     35.000000     17.000000     32.545405
     35.000000     17.500000     32.609569
     35.000000     18.000000     32.662181
     35.000000     18.500000     32.703173
     35.000000     19.000000     32.732490
     35.000000     19.500000     32.750096
     35.000000     20.000000     32.755967
     35.000000     20.500000     32.750096
     35.000000     21.000000     32.732491
     35.000000     21.500000     32.703174
     35.000000     22.000000     32.662183
     35.000000     22.500000     32.609571
     35.000000     23.000000     32.545407
     35.000000     23.500000     32.469774
     35.000000     24.000000     32.382772
     35.000000     24.500000     32.284515
     35.000000     25.000000     32.175132
     35.000000     25.500000     32.054771
     35.000000     26.000000     31.923592
     35.000000     26.500000     31.781773
     35.000000     27.000000     31.629507
     35.000000     27.500000     31.467003
     35.000000     28.000000     31.294487
     35.000000     28.500000     31.112199
     35.000000     29.000000     30.920396
     35.000000     29.500000     30.719353
     35.000000     30.000000     30.509356
     35.000000     30.500000     30.290711
     35.000000     31.000000     30.063736
     35.000000     31.500000     29.828769
     35.000000     32.000000     29.586157
     35.000000     32.500000     29.336265
     35.000000     33.000000     29.079472
     35.000000     33.500000     28.816170
     35.000000     34.000000     28.546764
     35.000000     34.500000     28.271671
     35.000000     35.000000     27.991322
     35.000000     35.500000     27.706156
     35.000000     36.000000     27.416625
     35.000000     36.500000     27.123188
     35.000000     37.000000     26.826316
     35.000000     37.500000     26.526483
     35.000000     38.000000     26.224174
     35.000000     38.500000     25.919876
     35.000000     39.000000     25.614083
     35.000000     39.500000     25.307292
     35.000000     40.000000     25.000000

     35.500000      0.000000     25.000000
     35.500000      0.500000     25.275161
     35.500000      1.000000     25.549875
     35.500000      1.500000     25.823696
     35.500000      2.000000     26.096181
     35.500000      2.500000     26.366889
     35.500000      3.000000     26.635383
     35.500000      3.500000     26.901231
     35.500000      4.000000     27.164007
     35.500000      4.500000     27.423292
     35.500000      5.000000     27.678674
     35.500000      5.500000     27.929749
     35.500000      6.000000     28.176124
     35.500000      6.500000     28.417413
     35.500000      7.000000     28.653243
     35.500000      7.500000     28.883251
     35.500000      8.000000     29.107086
     35.500000      8.500000     29.324407
     35.500000      9.000000     29.534890
     35.500000      9.500000     29.738219
     35.500000     10.000000     29.934094
     35.500000     10.500000     30.122229
     35.500000     11.000000     30.302350
     35.500000     11.500000     30.474197
     35.500000     12.000000     30.637526
     35.500000     12.500000     30.792105
     35.500000     13.000000     30.937718
     35.500000     13.500000     31.074161
     35.500000     14.000000     31.201248
     35.500000     14.500000     31.318803
     35.500000     15.000000     31.426667
     35.500000     15.500000     31.524695
     35.500000     16.000000     31.612755
     35.500000     16.500000     31.690729
     35.500000     17.000000     31.758515
     35.500000     17.500000     31.816024
     35.500000     18.000000     31.863179
     35.500000     18.500000     31.899919
     35.500000     19.000000     31.926196
     35.500000     19.500000     31.941976
     35.500000     20.000000     31.947238
     35.500000     20.500000     31.941976
     35.500000     21.000000     31.926196
     35.500000     21.500000     31.899920
     35.500000     22.000000     31.863180
     35.500000     22.500000     31.816025
     35.500000     23.000000     31.758517
     35.500000     23.500000     31.690732
     35.500000     24.000000     31.612757
     35.500000     24.500000     31.524698
     35.500000     25.000000     31.426670
     35.500000     25.500000     31.318806
     35.500000     26.000000     31.201251
     35.500000     26.500000     31.074165
     35.500000     27.000000     30.937722
     35.500000     27.500000     30.792109
     35.500000     28.000000     30.637530
     35.500000     28.500000     30.474202
     35.500000     29.000000     30.302354
     35.500000     29.500000     30.122234
     35.500000     30.000000     29.934099
     35.500000     30.500000     29.738224
     35.500000     31.000000     29.534895
     35.500000     31.500000     29.324412
     35.500000     32.000000     29.107090
     35.500000     32.500000     28.883256
     35.500000     33.000000     28.653248
     35.500000     33.500000     28.417417
     35.500000     34.000000     28.176128
     35.500000     34.500000     27.929753
     35.500000     35.000000     27.678677
     35.500000     35.500000     27.423295
     35.500000     36.000000     27.164010
     35.500000     36.500000     26.901234
     35.500000     37.000000     26.635385
     35.500000     37.500000     26.366891
     35.500000     38.000000     26.096183
     35.500000     38.500000     25.823697
     35.500000     39.000000     25.549876
     35.500000     39.500000     25.275161
     35.500000     40.000000     25.000000

     36.000000      0.000000     25.000000
     36.000000      0.500000     25.243477
     36.000000      1.000000     25.486560
     36.000000      1.500000     25.728854
     36.000000      2.000000     25.969968
     36.000000      2.500000     26.209511
     36.000000      3.000000     26.447099
     36.000000      3.500000     26.682348
     36.000000      4.000000     26.914884
     36.000000      4.500000     27.144335
     36.000000      5.000000     27.370336
     36.000000      5.500000     27.592532
     36.000000      6.000000     27.810574
     36.000000      6.500000     28.024121
     36.000000      7.000000     28.232842
     36.000000      7.500000     28.436417
     36.000000      8.000000     28.634533
     36.000000      8.500000     28.826891
     36.000000      9.000000     29.013202
     36.000000      9.500000     29.193187
     36.000000     10.000000     29.366579
     36.000000     10.500000     29.533125
     36.000000     11.000000     29.692582
     36.000000     11.500000     29.844720
     36.000000     12.000000     29.989320
     36.000000     12.500000     30.126179
     36.000000     13.000000     30.255103
     36.000000     13.500000     30.375912
     36.000000     14.000000     30.488440
     36.000000     14.500000     30.592530
     36.000000     15.000000     30.688043
     36.000000     15.500000     30.774847
     36.000000     16.000000     30.852826
     36.000000     16.500000     30.921876
     36.000000     17.000000     30.981904
     36.000000     17.500000     31.032832
     36.000000     18.000000     31.074592
     36.000000     18.500000     31.107128
     36.000000     19.000000     31.130399
     36.000000     19.500000     31.144374
     36.000000     20.000000     31.149034
     36.000000     20.500000     31.144374
     36.000000     21.000000     31.130400
     36.000000     21.500000     31.107129
     36.000000     22.000000     31.074593
     36.000000     22.500000     31.032834
     36.000000     23.000000     30.981906
     36.000000     23.500000     30.921878
     36.000000     24.000000     30.852828
     36.000000     24.500000     30.774849
     36.000000     25.000000     30.688046
     36.000000     25.500000     30.592534
     36.000000     26.000000     30.488443
     36.000000     26.500000     30.375916
     36.000000     27.000000     30.255106
     36.000000     27.500000     30.126183
     36.000000     28.000000     29.989324
     36.000000     28.500000     29.844724
     36.000000     29.000000     29.692586
     36.000000     29.500000     29.533129
     36.000000     30.000000     29.366584
     36.000000     30.500000     29.193191
     36.000000     31.000000     29.013206
     36.000000     31.500000     28.826896
     36.000000     32.000000     28.634537
     36.000000     32.500000     28.436421
     36.000000     33.000000     28.232846
     36.000000     33.500000     28.024125
     36.000000     34.000000     27.810578
     36.000000     34.500000     27.592536
     36.000000     35.000000     27.370340
     36.000000     35.500000     27.144338
     36.000000     36.000000     26.914887
     36.000000     36.500000     26.682351
     36.000000     37.000000     26.447101
     36.000000     37.500000     26.209513
     36.000000     38.000000     25.969969
     36.000000     38.500000     25.728855
     36.000000     39.000000     25.486561
     36.000000     39.500000     25.243478
     36.000000     40.000000     25.000000

     36.500000      0.000000     25.000000
     36.500000      0.500000     25.212189
     36.500000      1.000000     25.424034
     36.500000      1.500000     25.635193
     36.500000      2.000000     25.845324
     36.500000      2.500000     26.054090
     36.500000      3.000000     26.261152
     36.500000      3.500000     26.466181
     36.500000      4.000000     26.668846
     36.500000      4.500000     26.868827
     36.500000      5.000000     27.065805
     36.500000      5.500000     27.259471
     36.500000      6.000000     27.449519
     36.500000      6.500000     27.635654
     36.500000      7.000000     27.817588
     36.500000      7.500000     27.995040
     36.500000      8.000000     28.167739
     36.500000      8.500000     28.335424
     36.500000      9.000000     28.497840
     36.500000      9.500000     28.654747
     36.500000     10.000000     28.805911
     36.500000     10.500000     28.951111
     36.500000     11.000000     29.090134
     36.500000     11.500000     29.222779
     36.500000     12.000000     29.348857
     36.500000     12.500000     29.468188
     36.500000     13.000000     29.580603
     36.500000     13.500000     29.685945
     36.500000     14.000000     29.784068
     36.500000     14.500000     29.874837
     36.500000     15.000000     29.958127
     36.500000     15.500000     30.033824
     36.500000     16.000000     30.101827
     36.500000     16.500000     30.162044
     36.500000     17.000000     30.214395
     36.500000     17.500000     30.258809
     36.500000     18.000000     30.295228
     36.500000     18.500000     30.323604
     36.500000     19.000000     30.343899
     36.500000     19.500000     30.356087
     36.500000     20.000000     30.360152
     36.500000     20.500000     30.356087
     36.500000     21.000000     30.343900
     36.500000     21.500000     30.323605
     36.500000     22.000000     30.295229
     36.500000     22.500000     30.258810
     36.500000     23.000000     30.214396
     36.500000     23.500000     30.162046
     36.500000     24.000000     30.101829
     36.500000     24.500000     30.033827
     36.500000     25.000000     29.958129
     36.500000     25.500000     29.874840
     36.500000     26.000000     29.784071
     36.500000     26.500000     29.685948
     36.500000     27.000000     29.580606
     36.500000     27.500000     29.468191
     36.500000     28.000000     29.348860
     36.500000     28.500000     29.222783
     36.500000     29.000000     29.090137
     36.500000     29.500000     28.951115
     36.500000     30.000000     28.805915
     36.500000     30.500000     28.654751
     36.500000     31.000000     28.497844
     36.500000     31.500000     28.335427
     36.500000     32.000000     28.167743
     36.500000     32.500000     27.995044
     36.500000     33.000000     27.817592
     36.500000     33.500000     27.635658
     36.500000     34.000000     27.449522
     36.500000     34.500000     27.259474
     36.500000     35.000000     27.065808
     36.500000     35.500000     26.868830
     36.500000     36.000000     26.668849
     36.500000     36.500000     26.466183
     36.500000     37.000000     26.261155
     36.500000     37.500000     26.054091
     36.500000     38.000000     25.845326
     36.500000     38.500000     25.635194
     36.500000     39.000000     25.424035
     36.500000     39.500000     25.212189
     36.500000     40.000000     25.000000

     37.000000      0.000000     25.000000
     37.000000      0.500000     25.181244
     37.000000      1.000000     25.362194
     37.000000      1.500000     25.542559
     37.000000      2.000000     25.722048
     37.000000      2.500000     25.900371
     37.000000      3.000000     26.077241
     37.000000      3.500000     26.252375
     37.000000      4.000000     26.425494
     37.000000      4.500000     26.596322
     37.000000      5.000000     26.764587
     37.000000      5.500000     26.930026
     37.000000      6.000000     27.092378
     37.000000      6.500000     27.251390
     37.000000      7.000000     27.406816
     37.000000      7.500000     27.558417
     37.000000      8.000000     27.705961
     37.000000      8.500000     27.849223
     37.000000      9.000000     27.987989
     37.000000      9.500000     28.122051
     37.000000     10.000000     28.251209
     37.000000     10.500000     28.375273
     37.000000     11.000000     28.494064
     37.000000     11.500000     28.607407
     37.000000     12.000000     28.715141
     37.000000     12.500000     28.817112
     37.000000     13.000000     28.913176
     37.000000     13.500000     29.003198
     37.000000     14.000000     29.087052
     37.000000     14.500000     29.164623
     37.000000     15.000000     29.235804
     37.000000     15.500000     29.300497
     37.000000     16.000000     29.358615
     37.000000     16.500000     29.410080
     37.000000     17.000000     29.454822
     37.000000     17.500000     29.492782
     37.000000     18.000000     29.523909
     37.000000     18.500000     29.548161
     37.000000     19.000000     29.565507
     37.000000     19.500000     29.575924
     37.000000     20.000000     29.579398
     37.000000     20.500000     29.575925
     37.000000     21.000000     29.565508
     37.000000     21.500000     29.548162
     37.000000     22.000000     29.523910
     37.000000     22.500000     29.492783
     37.000000     23.000000     29.454823
     37.000000     23.500000     29.410081
     37.000000     24.000000     29.358617
     37.000000     24.500000     29.300499
     37.000000     25.000000     29.235806
     37.000000     25.500000     29.164625
     37.000000     26.000000     29.087055
     37.000000     26.500000     29.003201
     37.000000     27.000000     28.913179
     37.000000     27.500000     28.817115
     37.000000     28.000000     28.715144
     37.000000     28.500000     28.607410
     37.000000     29.000000     28.494067
     37.000000     29.500000     28.375277
     37.000000     30.000000     28.251212
     37.000000     30.500000     28.122054
     37.000000     31.000000     27.987992
     37.000000     31.500000     27.849227
     37.000000     32.000000     27.705964
     37.000000     32.500000     27.558420
     37.000000     33.000000     27.406819
     37.000000     33.500000     27.251393
     37.000000     34.000000     27.092381
     37.000000     34.500000     26.930028
     37.000000     35.000000     26.764590
     37.000000     35.500000     26.596324
     37.000000     36.000000     26.425496
     37.000000     36.500000     26.252377
     37.000000     37.000000     26.077243
     37.000000     37.500000     25.900372
     37.000000     38.000000     25.722049
     37.000000     38.500000     25.542560
     37.000000     39.000000     25.362195
     37.000000     39.500000     25.181244
     37.000000     40.000000     25.000000

     37.500000      0.000000     25.000000
     37.500000      0.500000     25.150592
     37.500000      1.000000     25.300940
     37.500000      1.500000     25.450802
     37.500000      2.000000     25.599937
     37.500000      2.500000     25.748104
     37.500000      3.000000     25.895065
     37.500000      3.500000     26.040586
     37.500000      4.000000     26.184433
     37.500000      4.500000     26.326378
     37.500000      5.000000     26.466196
     37.500000      5.500000     26.603668
     37.500000      6.000000     26.738576
     37.500000      6.500000     26.870712
     37.500000      7.000000     26.999870
     37.500000      7.500000     27.125851
     37.500000      8.000000     27.248463
     37.500000      8.500000     27.367520
     37.500000      9.000000     27.482843
     37.500000      9.500000     27.594257
     37.500000     10.000000     27.701600
     37.500000     10.500000     27.804711
     37.500000     11.000000     27.903440
     37.500000     11.500000     27.997645
     37.500000     12.000000     28.087189
     37.500000     12.500000     28.171945
     37.500000     13.000000     28.251792
     37.500000     13.500000     28.326619
     37.500000     14.000000     28.396320
     37.500000     14.500000     28.460799
     37.500000     15.000000     28.519968
     37.500000     15.500000     28.573745
     37.500000     16.000000     28.622057
     37.500000     16.500000     28.664838
     37.500000     17.000000     28.702032
     37.500000     17.500000     28.733588
     37.500000     18.000000     28.759464
     37.500000     18.500000     28.779625
     37.500000     19.000000     28.794045
     37.500000     19.500000     28.802705
     37.500000     20.000000     28.805593
     37.500000     20.500000     28.802705
     37.500000     21.000000     28.794045
     37.500000     21.500000     28.779626
     37.500000     22.000000     28.759464
     37.500000     22.500000     28.733589
     37.500000     23.000000     28.702033
     37.500000     23.500000     28.664840
     37.500000     24.000000     28.622058
     37.500000     24.500000     28.573747
     37.500000     25.000000     28.519970
     37.500000     25.500000     28.460801
     37.500000     26.000000     28.396322
     37.500000     26.500000     28.326621
     37.500000     27.000000     28.251794
     37.500000     27.500000     28.171947
     37.500000     28.000000     28.087191
     37.500000     28.500000     27.997647
     37.500000     29.000000     27.903443
     37.500000     29.500000     27.804713
     37.500000     30.000000     27.701602
     37.500000     30.500000     27.594260
     37.500000     31.000000     27.482845
     37.500000     31.500000     27.367523
     37.500000     32.000000     27.248466
     37.500000     32.500000     27.125854
     37.500000     33.000000     26.999872
     37.500000     33.500000     26.870714
     37.500000     34.000000     26.738579
     37.500000     34.500000     26.603670
     37.500000     35.000000     26.466199
     37.500000     35.500000     26.326380
     37.500000     36.000000     26.184435
     37.500000     36.500000     26.040588
     37.500000     37.000000     25.895067
     37.500000     37.500000     25.748105
     37.500000     38.000000     25.599938
     37.500000     38.500000     25.450803
     37.500000     39.000000     25.300940
     37.500000     39.500000     25.150592
     37.500000     40.000000     25.000000

     38.000000      0.000000     25.000000
     38.000000      0.500000     25.120183
     38.000000      1.000000     25.240171
     38.000000      1.500000     25.359773
     38.000000      2.000000     25.478794
     38.000000      2.500000     25.597043
     38.000000      3.000000     25.714331
     38.000000      3.500000     25.830470
     38.000000      4.000000     25.945274
     38.000000      4.500000     26.058562
     38.000000      5.000000     26.170153
     38.000000      5.500000     26.279872
     38.000000      6.000000     26.387548
     38.000000      6.500000     26.493011
     38.000000      7.000000     26.596100
     38.000000      7.500000     26.696655
     38.000000      8.000000     26.794522
     38.000000      8.500000     26.889552
     38.000000      9.000000     26.981604
     38.000000      9.500000     27.070537
     38.000000     10.000000     27.156222
     38.000000     10.500000     27.238530
     38.000000     11.000000     27.317342
     38.000000     11.500000     27.392543
     38.000000     12.000000     27.464025
     38.000000     12.500000     27.531686
     38.000000     13.000000     27.595429
     38.000000     13.500000     27.655165
     38.000000     14.000000     27.710810
     38.000000     14.500000     27.762287
     38.000000     15.000000     27.809525
     38.000000     15.500000     27.852458
     38.000000     16.000000     27.891029
     38.000000     16.500000     27.925185
     38.000000     17.000000     27.954880
     38.000000     17.500000     27.980074
     38.000000     18.000000     28.000734
     38.000000     18.500000     28.016830
     38.000000     19.000000     28.028343
     38.000000     19.500000     28.035258
     38.000000     20.000000     28.037563
     38.000000     20.500000     28.035258
     38.000000     21.000000     28.028344
     38.000000     21.500000     28.016831
     38.000000     22.000000     28.000734
     38.000000     22.500000     27.980075
     38.000000     23.000000     27.954881
     38.000000     23.500000     27.925186
     38.000000     24.000000     27.891030
     38.000000     24.500000     27.852459
     38.000000     25.000000     27.809526
     38.000000     25.500000     27.762288
     38.000000     26.000000     27.710812
     38.000000     26.500000     27.655167
     38.000000     27.000000     27.595431
     38.000000     27.500000     27.531688
     38.000000     28.000000     27.464027
     38.000000     28.500000     27.392545
     38.000000     29.000000     27.317344
     38.000000     29.500000     27.238532
     38.000000     30.000000     27.156224
     38.000000     30.500000     27.070540
     38.000000     31.000000     26.981606
     38.000000     31.500000     26.889555
     38.000000     32.000000     26.794524
     38.000000     32.500000     26.696657
     38.000000     33.000000     26.596102
     38.000000     33.500000     26.493013
     38.000000     34.000000     26.387550
     38.000000     34.500000     26.279874
     38.000000     35.000000     26.170155
     38.000000     35.500000     26.058563
     38.000000     36.000000     25.945276
     38.000000     36.500000     25.830471
     38.000000     37.000000     25.714332
     38.000000     37.500000     25.597044
     38.000000     38.000000     25.478795
     38.000000     38.500000     25.359773
     38.000000     39.000000     25.240172
     38.000000     39.500000     25.120183
     38.000000     40.000000     25.000000

     38.500000      0.000000     25.000000
     38.500000      0.500000     25.089968
     38.500000      1.000000     25.179791
     38.500000      1.500000     25.269323
     38.500000      2.000000     25.358422
     38.500000      2.500000     25.446944
     38.500000      3.000000     25.534746
     38.500000      3.500000     25.621688
     38.500000      4.000000     25.707632
     38.500000      4.500000     25.792442
     38.500000      5.000000     25.875982
     38.500000      5.500000     25.958121
     38.500000      6.000000     26.038731
     38.500000      6.500000     26.117686
     38.500000      7.000000     26.194864
     38.500000      7.500000     26.270146
     38.500000      8.000000     26.343416
     38.500000      8.500000     26.414564
     38.500000      9.000000     26.483482
     38.500000      9.500000     26.550067
     38.500000     10.000000     26.614220
     38.500000     10.500000     26.675846
     38.500000     11.000000     26.734855
     38.500000     11.500000     26.791161
     38.500000     12.000000     26.844683
     38.500000     12.500000     26.895345
     38.500000     13.000000     26.943073
     38.500000     13.500000     26.987802
     38.500000     14.000000     27.029468
     38.500000     14.500000     27.068014
     38.500000     15.000000     27.103385
     38.500000     15.500000     27.135534
     38.500000     16.000000     27.164417
     38.500000     16.500000     27.189993
     38.500000     17.000000     27.212230
     38.500000     17.500000     27.231096
     38.500000     18.000000     27.246566
     38.500000     18.500000     27.258620
     38.500000     19.000000     27.267241
     38.500000     19.500000     27.272419
     38.500000     20.000000     27.274145
     38.500000     20.500000     27.272419
     38.500000     21.000000     27.267241
     38.500000     21.500000     27.258620
     38.500000     22.000000     27.246566
     38.500000     22.500000     27.231096
     38.500000     23.000000     27.212230
     38.500000     23.500000     27.189994
     38.500000     24.000000     27.164418
     38.500000     24.500000     27.135535
     38.500000     25.000000     27.103386
     38.500000     25.500000     27.068015
     38.500000     26.000000     27.029470
     38.500000     26.500000     26.987803
     38.500000     27.000000     26.943075
     38.500000     27.500000     26.895346
     38.500000     28.000000     26.844685
     38.500000     28.500000     26.791163
     38.500000     29.000000     26.734856
     38.500000     29.500000     26.675847
     38.500000     30.000000     26.614222
     38.500000     30.500000     26.550069
     38.500000     31.000000     26.483484
     38.500000     31.500000     26.414566
     38.500000     32.000000     26.343418
     38.500000     32.500000     26.270147
     38.500000     33.000000     26.194866
     38.500000     33.500000     26.117688
     38.500000     34.000000     26.038733
     38.500000     34.500000     25.958123
     38.500000     35.000000     25.875983
     38.500000     35.500000     25.792443
     38.500000     36.000000     25.707634
     38.500000     36.500000     25.621689
     38.500000     37.000000     25.534747
     38.500000     37.500000     25.446944
     38.500000     38.000000     25.358423
     38.500000     38.500000     25.269324
     38.500000     39.000000     25.179791
     38.500000     39.500000     25.089968
     38.500000     40.000000     25.000000

     39.000000      0.000000     25.000000
     39.000000      0.500000     25.059898
     39.000000      1.000000     25.119700
     39.000000      1.500000     25.179308
     39.000000      2.000000     25.238628
     39.000000      2.500000     25.297564
     39.000000      3.000000     25.356021
     39.000000      3.500000     25.413905
     39.000000      4.000000     25.471126
     39.000000      4.500000     25.527591
     39.000000      5.000000     25.583211
     39.000000      5.500000     25.637899
     39.000000      6.000000     25.691570
     39.000000      6.500000     25.744139
     39.000000      7.000000     25.795525
     39.000000      7.500000     25.845648
     39.000000      8.000000     25.894434
     39.000000      8.500000     25.941806
     39.000000      9.000000     25.987694
     39.000000      9.500000     26.032029
     39.000000     10.000000     26.074745
     39.000000     10.500000     26.115779
     39.000000     11.000000     26.155071
     39.000000     11.500000     26.192563
     39.000000     12.000000     26.228202
     39.000000     12.500000     26.261936
     39.000000     13.000000     26.293718
     39.000000     13.500000     26.323502
     39.000000     14.000000     26.351248
     39.000000     14.500000     26.376915
     39.000000     15.000000     26.400469
     39.000000     15.500000     26.421877
     39.000000     16.000000     26.441110
     39.000000     16.500000     26.458142
     39.000000     17.000000     26.472950
     39.000000     17.500000     26.485513
     39.000000     18.000000     26.495815
     39.000000     18.500000     26.503842
     39.000000     19.000000     26.509583
     39.000000     19.500000     26.513031
     39.000000     20.000000     26.514181
     39.000000     20.500000     26.513031
     39.000000     21.000000     26.509583
     39.000000     21.500000     26.503842
     39.000000     22.000000     26.495815
     39.000000     22.500000     26.485513
     39.000000     23.000000     26.472950
     39.000000     23.500000     26.458143
     39.000000     24.000000     26.441111
     39.000000     24.500000     26.421878
     39.000000     25.000000     26.400470
     39.000000     25.500000     26.376916
     39.000000     26.000000     26.351248
     39.000000     26.500000     26.323503
     39.000000     27.000000     26.293719
     39.000000     27.500000     26.261937
     39.000000     28.000000     26.228203
     39.000000     28.500000     26.192564
     39.000000     29.000000     26.155072
     39.000000     29.500000     26.115780
     39.000000     30.000000     26.074746
     39.000000     30.500000     26.032030
     39.000000     31.000000     25.987695
     39.000000     31.500000     25.941807
     39.000000     32.000000     25.894435
     39.000000     32.500000     25.845650
     39.000000     33.000000     25.795526
     39.000000     33.500000     25.744140
     39.000000     34.000000     25.691571
     39.000000     34.500000     25.637900
     39.000000     35.000000     25.583212
     39.000000     35.500000     25.527592
     39.000000     36.000000     25.471126
     39.000000     36.500000     25.413906
     39.000000     37.000000     25.356021
     39.000000     37.500000     25.297564
     39.000000     38.000000     25.238628
     39.000000     38.500000     25.179309
     39.000000     39.000000     25.119700
     39.000000     39.500000     25.059898
     39.000000     40.000000     25.000000

     39.500000      0.000000     25.000000
     39.500000      0.500000     25.029925
     39.500000      1.000000     25.059802
     39.500000      1.500000     25.089582
     39.500000      2.000000     25.119218
     39.500000      2.500000     25.148662
     39.500000      3.000000     25.177867
     39.500000      3.500000     25.206787
     39.500000      4.000000     25.235374
     39.500000      4.500000     25.263584
     39.500000      5.000000     25.291373
     39.500000      5.500000     25.318695
     39.500000      6.000000     25.345510
     39.500000      6.500000     25.371774
     39.500000      7.000000     25.397447
     39.500000      7.500000     25.422490
     39.500000      8.000000     25.446864
     39.500000      8.500000     25.470532
     39.500000      9.000000     25.493459
     39.500000      9.500000     25.515610
     39.500000     10.000000     25.536952
     39.500000     10.500000     25.557454
     39.500000     11.000000     25.577086
     39.500000     11.500000     25.595818
     39.500000     12.000000     25.613625
     39.500000     12.500000     25.630480
     39.500000     13.000000     25.646360
     39.500000     13.500000     25.661242
     39.500000     14.000000     25.675105
     39.500000     14.500000     25.687929
     39.500000     15.000000     25.699698
     39.500000     15.500000     25.710395
     39.500000     16.000000     25.720005
     39.500000     16.500000     25.728515
     39.500000     17.000000     25.735914
     39.500000     17.500000     25.742192
     39.500000     18.000000     25.747339
     39.500000     18.500000     25.751350
     39.500000     19.000000     25.754219
     39.500000     19.500000     25.755941
     39.500000     20.000000     25.756516
     39.500000     20.500000     25.755941
     39.500000     21.000000     25.754219
     39.500000     21.500000     25.751350
     39.500000     22.000000     25.747339
     39.500000     22.500000     25.742192
     39.500000     23.000000     25.735914
     39.500000     23.500000     25.728516
     39.500000     24.000000     25.720006
     39.500000     24.500000     25.710396
     39.500000     25.000000     25.699699
     39.500000     25.500000     25.687930
     39.500000     26.000000     25.675105
     39.500000     26.500000     25.661242
     39.500000     27.000000     25.646360
     39.500000     27.500000     25.630481
     39.500000     28.000000     25.613626
     39.500000     28.500000     25.595819
     39.500000     29.000000     25.577086
     39.500000     29.500000     25.557455
     39.500000     30.000000     25.536953
     39.500000     30.500000     25.515611
     39.500000     31.000000     25.493460
     39.500000     31.500000     25.470533
     39.500000     32.000000     25.446864
     39.500000     32.500000     25.422490
     39.500000     33.000000     25.397448
     39.500000     33.500000     25.371774
     39.500000     34.000000     25.345510
     39.500000     34.500000     25.318696
     39.500000     35.000000     25.291373
     39.500000     35.500000     25.263585
     39.500000     36.000000     25.235375
     39.500000     36.500000     25.206787
     39.500000     37.000000     25.177868
     39.500000     37.500000     25.148663
     39.500000     38.000000     25.119218
     39.500000     38.500000     25.089582
     39.500000     39.000000     25.059802
     39.500000     39.500000     25.029925
     39.500000     40.000000     25.000000

     40.000000      0.000000     25.000000
     40.000000      0.500000     25.000000
     40.000000      1.000000     25.000000
     40.000000      1.500000     25.000000
     40.000000      2.000000     25.000000
     40.000000      2.500000     25.000000
     40.000000      3.000000     25.000000
     40.000000      3.500000     25.000000
     40.000000      4.000000     25.000000
     40.000000      4.500000     25.000000
     40.000000      5.000000     25.000000
     40.000000      5.500000     25.000000
     40.000000      6.000000     25.000000
     40.000000      6.500000     25.000000
     40.000000      7.000000     25.000000
     40.000000      7.500000     25.000000
     40.000000      8.000000     25.000000
     40.000000      8.500000     25.000000
     40.000000      9.000000     25.000000
     40.000000      9.500000     25.000000
     40.000000     10.000000     25.000000
     40.000000     10.500000     25.000000
     40.000000     11.000000     25.000000
     40.000000     11.500000     25.000000
     40.000000     12.000000     25.000000
     40.000000     12.500000     25.000000
     40.000000     13.000000     25.000000
     40.000000     13.500000     25.000000
     40.000000     14.000000     25.000000
     40.000000     14.500000     25.000000
     40.000000     15.000000     25.000000
     40.000000     15.500000     25.000000
     40.000000     16.000000     25.000000
     40.000000     16.500000     25.000000
     40.000000     17.000000     25.000000
     40.000000     17.500000     25.000000
     40.000000     18.000000     25.000000
     40.000000     18.500000     25.000000
     40.000000     19.000000     25.000000
     40.000000     19.500000     25.000000
     40.000000     20.000000     25.000000
     40.000000     20.500000     25.000000
     40.000000     21.000000     25.000000
     40.000000     21.500000     25.000000
     40.000000     22.000000     25.000000
     40.000000     22.500000     25.000000
     40.000000     23.000000     25.000000
     40.000000     23.500000     25.000000
     40.000000     24.000000     25.000000
     40.000000     24.500000     25.000000
     40.000000     25.000000     25.000000
     40.000000     25.500000     25.000000
     40.000000     26.000000     25.000000
     40.000000     26.500000     25.000000
     40.000000     27.000000     25.000000
     40.000000     27.500000     25.000000
     40.000000     28.000000     25.000000
     40.000000     28.500000     25.000000
     40.000000     29.000000     25.000000
     40.000000     29.500000     25.000000
     40.000000     30.000000     25.000000
     40.000000     30.500000     25.000000
     40.000000     31.000000     25.000000
     40.000000     31.500000     25.000000
     40.000000     32.000000     25.000000
     40.000000     32.500000     25.000000
     40.000000     33.000000     25.000000
     40.000000     33.500000     25.000000
     40.000000     34.000000     25.000000
     40.000000     34.500000     25.000000
     40.000000     35.000000     25.000000
     40.000000     35.500000     25.000000
     40.000000     36.000000     25.000000
     40.000000     36.500000     25.000000
     40.000000     37.000000     25.000000
     40.000000     37.500000     25.000000
     40.000000     38.000000     25.000000
     40.000000     38.500000     25.000000
     40.000000     39.000000     25.000000
     40.000000     39.500000     25.000000
     40.000000     40.000000     25.000000

