       0.000000      -0.500000       0.000000       0.000000      -0.500000       0.500000       0.000000       0.000000       0.500000      -0.750000
       0.001000      -0.500000      -0.000500       0.001000      -0.500000       0.500000       0.000500      -0.001000       0.500000      -0.749999
       0.002000      -0.499999      -0.001000       0.002000      -0.499999       0.499999       0.001000      -0.002000       0.499999      -0.749997
       0.003000      -0.499997      -0.001500       0.003000      -0.499997       0.499997       0.001500      -0.003000       0.499997      -0.749995
       0.004000      -0.499994      -0.002000       0.004000      -0.499994       0.499994       0.002000      -0.004000       0.499994      -0.749994
       0.005000      -0.499990      -0.002500       0.005000      -0.499990       0.499990       0.002500      -0.005000       0.499990      -0.749992
       0.006000      -0.499985      -0.003000       0.006000      -0.499985       0.499985       0.003000      -0.006000       0.499985      -0.749991
       0.007000      -0.499979      -0.003500       0.007000      -0.499979       0.499979       0.003500      -0.007000       0.499979      -0.749989
       0.008000      -0.499972      -0.004000       0.008000      -0.499972       0.499972       0.004000      -0.008000       0.499972      -0.749988
       0.009000      -0.499964      -0.004500       0.009000      -0.499964       0.499964       0.004500      -0.009000       0.499964      -0.749986
       0.010000      -0.499955      -0.005000       0.010000      -0.499955       0.499955       0.005000      -0.010000       0.499955      -0.749985
       0.011000      -0.499945      -0.005500       0.011000      -0.499945       0.499945       0.005500      -0.011000       0.499945      -0.749983
       0.012000      -0.499934      -0.006000       0.012000      -0.499934       0.499934       0.006000      -0.012000       0.499934      -0.749982
       0.013000      -0.499922      -0.006500       0.013000      -0.499922       0.499922       0.006500      -0.013000       0.499922      -0.749980
       0.014000      -0.499909      -0.007000       0.014000      -0.499909       0.499909       0.007000      -0.014000       0.499909      -0.749979
       0.015000      -0.499895      -0.007500       0.015000      -0.499895       0.499895       0.007500      -0.015000       0.499895      -0.749977
       0.016000      -0.499880      -0.007999       0.016000      -0.499880       0.499880       0.007999      -0.016000       0.499880      -0.749976
       0.017000      -0.499864      -0.008499       0.017000      -0.499864       0.499864       0.008499      -0.017000       0.499864      -0.749974
       0.018000      -0.499847      -0.008999       0.018001      -0.499847       0.499847       0.008999      -0.018001       0.499847      -0.749973
       0.019000      -0.499829      -0.009499       0.019001      -0.499829       0.499829       0.009499      -0.019001       0.499829      -0.749971
       0.020000      -0.499810      -0.009999       0.020001      -0.499810       0.499810       0.009999      -0.020001       0.499810      -0.749970
       0.021000      -0.499790      -0.010499       0.021001      -0.499790       0.499790       0.010499      -0.021001       0.499790      -0.749968
       0.022000      -0.499769      -0.010998       0.022001      -0.499769       0.499769       0.010998      -0.022001       0.499769      -0.749967
       0.023000      -0.499747      -0.011498       0.023001      -0.499747       0.499747       0.011498      -0.023001       0.499747      -0.749965
       0.024000      -0.499724      -0.011998       0.024002      -0.499724       0.499724       0.011998      -0.024002       0.499724      -0.749964
       0.025000      -0.499700      -0.012498       0.025002      -0.499700       0.499700       0.012498      -0.025002       0.499700      -0.749962
       0.026000      -0.499675      -0.012997       0.026002      -0.499675       0.499675       0.012997      -0.026002       0.499675      -0.749961
       0.027000      -0.499649      -0.013497       0.027002      -0.499649       0.499649       0.013497      -0.027002       0.499649      -0.749959
       0.028000      -0.499622      -0.013997       0.028003      -0.499622       0.499622       0.013997      -0.028003       0.499622      -0.749958
       0.029000      -0.499594      -0.014496       0.029003      -0.499594       0.499594       0.014496      -0.029003       0.499594      -0.749956
       0.030000      -0.499565      -0.014996       0.030003      -0.499565       0.499565       0.014996      -0.030003       0.499565      -0.749955
       0.031000      -0.499535      -0.015496       0.031004      -0.499535       0.499535       0.015496      -0.031004       0.499535      -0.749953
       0.032000      -0.499504      -0.015995       0.032004      -0.499504       0.499504       0.015995      -0.032004       0.499504      -0.749952
       0.033000      -0.499472      -0.016495       0.033005      -0.499472       0.499472       0.016495      -0.033005       0.499472      -0.749950
       0.034000      -0.499439      -0.016994       0.034005      -0.499439       0.499439       0.016994      -0.034005       0.499439      -0.749949
       0.035000      -0.499405      -0.017493       0.035006      -0.499405       0.499405       0.017493      -0.035006       0.499405      -0.749947
       0.036000      -0.499370      -0.017993       0.036006      -0.499370       0.499370       0.017993      -0.036006       0.499370      -0.749946
       0.037000      -0.499334      -0.018492       0.037007      -0.499334       0.499334       0.018492      -0.037007       0.499334      -0.749944
       0.038000      -0.499297      -0.018992       0.038007      -0.499296       0.499297       0.018992      -0.038007       0.499296      -0.749943
       0.039000      -0.499259      -0.019491       0.039008      -0.499258       0.499259       0.019491      -0.039008       0.499258      -0.749941
       0.040000      -0.499220      -0.019990       0.040009      -0.499219       0.499220       0.019990      -0.040009       0.499219      -0.749940
       0.041000      -0.499180      -0.020489       0.041009      -0.499179       0.499180       0.020489      -0.041009       0.499179      -0.749938
       0.042000      -0.499139      -0.020989       0.042010      -0.499138       0.499139       0.020989      -0.042010       0.499138      -0.749937
       0.043000      -0.499097      -0.021488       0.043011      -0.499096       0.499097       0.021488      -0.043011       0.499096      -0.749935
       0.044000      -0.499054      -0.021987       0.044012      -0.499053       0.499054       0.021987      -0.044012       0.499053      -0.749934
       0.045000      -0.499010      -0.022486       0.045013      -0.499009       0.499010       0.022486      -0.045013       0.499009      -0.749932
       0.046000      -0.498965      -0.022985       0.046014      -0.498964       0.498965       0.022985      -0.046014       0.498964      -0.749931
       0.047000      -0.498919      -0.023484       0.047015      -0.498918       0.498919       0.023484      -0.047015       0.498918      -0.749929
       0.048000      -0.498872      -0.023983       0.048016      -0.498871       0.498872       0.023983      -0.048016       0.498871      -0.749928
       0.049000      -0.498824      -0.024482       0.049017      -0.498822       0.498824       0.024482      -0.049017       0.498822      -0.749926
       0.050000      -0.498775      -0.024980       0.050018      -0.498773       0.498775       0.024980      -0.050018       0.498773      -0.749925
       0.051000      -0.498725      -0.025479       0.051019      -0.498723       0.498725       0.025479      -0.051019       0.498723      -0.749923
       0.052000      -0.498674      -0.025978       0.052020      -0.498672       0.498674       0.025978      -0.052020       0.498672      -0.749922
       0.053000      -0.498622      -0.026477       0.053021      -0.498620       0.498622       0.026477      -0.053021       0.498620      -0.749920
       0.054000      -0.498569      -0.026975       0.054023      -0.498567       0.498569       0.026975      -0.054023       0.498567      -0.749919
       0.055000      -0.498515      -0.027474       0.055024      -0.498513       0.498515       0.027474      -0.055024       0.498513      -0.749917
       0.056000      -0.498460      -0.027972       0.056025      -0.498457       0.498460       0.027972      -0.056025       0.498457      -0.749916
       0.057000      -0.498404      -0.028471       0.057027      -0.498401       0.498404       0.028471      -0.057027       0.498401      -0.749914
       0.058000      -0.498347      -0.028969       0.058028      -0.498344       0.498347       0.028969      -0.058028       0.498344      -0.749913
       0.059000      -0.498289      -0.029467       0.059030      -0.498286       0.498289       0.029467      -0.059030       0.498286      -0.749911
       0.060000      -0.498230      -0.029966       0.060032      -0.498226       0.498230       0.029966      -0.060032       0.498226      -0.749910
       0.061000      -0.498170      -0.030464       0.061033      -0.498166       0.498170       0.030464      -0.061033       0.498166      -0.749908
       0.062000      -0.498108      -0.030962       0.062035      -0.498105       0.498108       0.030962      -0.062035       0.498105      -0.749907
       0.063000      -0.498046      -0.031460       0.063037      -0.498043       0.498046       0.031460      -0.063037       0.498043      -0.749905
       0.064000      -0.497983      -0.031958       0.064039      -0.497979       0.497983       0.031958      -0.064039       0.497979      -0.749904
       0.065000      -0.497919      -0.032456       0.065041      -0.497915       0.497919       0.032456      -0.065041       0.497915      -0.749902
       0.066000      -0.497854      -0.032954       0.066043      -0.497850       0.497854       0.032954      -0.066043       0.497850      -0.749901
       0.067000      -0.497788      -0.033452       0.067045      -0.497783       0.497788       0.033452      -0.067045       0.497783      -0.749899
       0.068000      -0.497721      -0.033950       0.068047      -0.497716       0.497721       0.033950      -0.068047       0.497716      -0.749898
       0.069000      -0.497653      -0.034448       0.069049      -0.497648       0.497653       0.034448      -0.069049       0.497648      -0.749896
       0.070000      -0.497584      -0.034945       0.070051      -0.497578       0.497584       0.034945      -0.070051       0.497578      -0.749895
       0.071000      -0.497514      -0.035443       0.071053      -0.497508       0.497514       0.035443      -0.071053       0.497508      -0.749893
       0.072000      -0.497443      -0.035940       0.072056      -0.497437       0.497443       0.035940      -0.072056       0.497437      -0.749892
       0.073000      -0.497371      -0.036438       0.073058      -0.497364       0.497371       0.036438      -0.073058       0.497364      -0.749890
       0.074000      -0.497298      -0.036935       0.074061      -0.497291       0.497298       0.036935      -0.074061       0.497291      -0.749889
       0.075000      -0.497224      -0.037432       0.075063      -0.497216       0.497224       0.037432      -0.075063       0.497216      -0.749887
       0.076000      -0.497149      -0.037930       0.076066      -0.497141       0.497149       0.037930      -0.076066       0.497141      -0.749886
       0.077000      -0.497073      -0.038427       0.077069      -0.497064       0.497073       0.038427      -0.077069       0.497064      -0.749884
       0.078000      -0.496996      -0.038924       0.078072      -0.496987       0.496996       0.038924      -0.078072       0.496987      -0.749883
       0.079000      -0.496918      -0.039421       0.079074      -0.496908       0.496918       0.039421      -0.079074       0.496908      -0.749881
       0.080000      -0.496839      -0.039918       0.080077      -0.496829       0.496839       0.039918      -0.080077       0.496829      -0.749880
       0.081000      -0.496758      -0.040414       0.081080      -0.496748       0.496758       0.040414      -0.081080       0.496748      -0.749878
       0.082000      -0.496677      -0.040911       0.082084      -0.496666       0.496677       0.040911      -0.082084       0.496666      -0.749877
       0.083000      -0.496595      -0.041408       0.083087      -0.496584       0.496595       0.041408      -0.083087       0.496584      -0.749875
       0.084000      -0.496512      -0.041904       0.084090      -0.496500       0.496512       0.041904      -0.084090       0.496500      -0.749874
       0.085000      -0.496428      -0.042401       0.085093      -0.496415       0.496428       0.042401      -0.085093       0.496415      -0.749872
       0.086000      -0.496343      -0.042897       0.086097      -0.496330       0.496343       0.042897      -0.086097       0.496330      -0.749871
       0.087000      -0.496257      -0.043394       0.087100      -0.496243       0.496257       0.043394      -0.087100       0.496243      -0.749869
       0.088000      -0.496170      -0.043890       0.088104      -0.496155       0.496170       0.043890      -0.088104       0.496155      -0.749868
       0.089000      -0.496082      -0.044386       0.089108      -0.496067       0.496082       0.044386      -0.089108       0.496067      -0.749866
       0.090000      -0.495993      -0.044882       0.090111      -0.495977       0.495993       0.044882      -0.090111       0.495977      -0.749864
       0.091000      -0.495903      -0.045378       0.091115      -0.495886       0.495903       0.045378      -0.091115       0.495886      -0.749863
       0.092000      -0.495811      -0.045874       0.092119      -0.495794       0.495811       0.045874      -0.092119       0.495794      -0.749861
       0.093000      -0.495719      -0.046370       0.093123      -0.495701       0.495719       0.046370      -0.093123       0.495701      -0.749860
       0.094000      -0.495626      -0.046866       0.094127      -0.495607       0.495626       0.046866      -0.094127       0.495607      -0.749858
       0.095000      -0.495532      -0.047361       0.095132      -0.495512       0.495532       0.047361      -0.095132       0.495512      -0.749857
       0.096000      -0.495437      -0.047857       0.096136      -0.495416       0.495437       0.047857      -0.096136       0.495416      -0.749855
       0.097000      -0.495341      -0.048352       0.097140      -0.495319       0.495341       0.048352      -0.097140       0.495319      -0.749854
       0.098000      -0.495244      -0.048847       0.098145      -0.495221       0.495244       0.048847      -0.098145       0.495221      -0.749852
       0.099000      -0.495145      -0.049343       0.099150      -0.495122       0.495145       0.049343      -0.099150       0.495122      -0.749851
       0.100000      -0.495046      -0.049838       0.100154      -0.495022       0.495046       0.049838      -0.100154       0.495022      -0.749849
       0.101000      -0.494946      -0.050333       0.101159      -0.494921       0.494946       0.050333      -0.101159       0.494921      -0.749848
       0.102000      -0.494845      -0.050828       0.102164      -0.494819       0.494845       0.050828      -0.102164       0.494819      -0.749846
       0.103000      -0.494743      -0.051323       0.103169      -0.494715       0.494743       0.051323      -0.103169       0.494715      -0.749845
       0.104000      -0.494640      -0.051817       0.104174      -0.494611       0.494640       0.051817      -0.104174       0.494611      -0.749843
       0.105000      -0.494536      -0.052312       0.105179      -0.494506       0.494536       0.052312      -0.105179       0.494506      -0.749842
       0.106000      -0.494430      -0.052806       0.106185      -0.494399       0.494430       0.052806      -0.106185       0.494399      -0.749840
       0.107000      -0.494324      -0.053301       0.107190      -0.494292       0.494324       0.053301      -0.107190       0.494292      -0.749839
       0.108000      -0.494217      -0.053795       0.108195      -0.494184       0.494217       0.053795      -0.108195       0.494184      -0.749837
       0.109000      -0.494109      -0.054289       0.109201      -0.494074       0.494109       0.054289      -0.109201       0.494074      -0.749836
       0.110000      -0.494000      -0.054783       0.110207      -0.493964       0.494000       0.054783      -0.110207       0.493964      -0.749834
       0.111000      -0.493889      -0.055277       0.111213      -0.493852       0.493889       0.055277      -0.111213       0.493852      -0.749832
       0.112000      -0.493778      -0.055771       0.112219      -0.493740       0.493778       0.055771      -0.112219       0.493740      -0.749831
       0.113000      -0.493666      -0.056265       0.113225      -0.493626       0.493666       0.056265      -0.113225       0.493626      -0.749829
       0.114000      -0.493553      -0.056758       0.114231      -0.493511       0.493553       0.056758      -0.114231       0.493511      -0.749828
       0.115000      -0.493438      -0.057252       0.115237      -0.493396       0.493438       0.057252      -0.115237       0.493396      -0.749826
       0.116000      -0.493323      -0.057745       0.116243      -0.493279       0.493323       0.057745      -0.116243       0.493279      -0.749825
       0.117000      -0.493207      -0.058239       0.117250      -0.493161       0.493207       0.058239      -0.117250       0.493161      -0.749823
       0.118000      -0.493090      -0.058732       0.118257      -0.493042       0.493090       0.058732      -0.118257       0.493042      -0.749822
       0.119000      -0.492971      -0.059225       0.119263      -0.492922       0.492971       0.059225      -0.119263       0.492922      -0.749820
       0.120000      -0.492852      -0.059718       0.120270      -0.492801       0.492852       0.059718      -0.120270       0.492801      -0.749819
       0.121000      -0.492732      -0.060211       0.121277      -0.492679       0.492732       0.060211      -0.121277       0.492679      -0.749817
       0.122000      -0.492611      -0.060703       0.122284      -0.492556       0.492611       0.060703      -0.122284       0.492556      -0.749816
       0.123000      -0.492488      -0.061196       0.123291      -0.492432       0.492488       0.061196      -0.123291       0.492432      -0.749814
       0.124000      -0.492365      -0.061688       0.124299      -0.492307       0.492365       0.061688      -0.124299       0.492307      -0.749813
       0.125000      -0.492241      -0.062181       0.125306      -0.492181       0.492241       0.062181      -0.125306       0.492181      -0.749811
       0.126000      -0.492115      -0.062673       0.126314      -0.492053       0.492115       0.062673      -0.126314       0.492053      -0.749810
       0.127000      -0.491989      -0.063165       0.127321      -0.491925       0.491989       0.063165      -0.127321       0.491925      -0.749808
       0.128000      -0.491862      -0.063657       0.128329      -0.491796       0.491862       0.063657      -0.128329       0.491796      -0.749806
       0.129000      -0.491734      -0.064149       0.129337      -0.491665       0.491734       0.064149      -0.129337       0.491665      -0.749805
       0.130000      -0.491604      -0.064640       0.130345      -0.491534       0.491604       0.064640      -0.130345       0.491534      -0.749803
       0.131000      -0.491474      -0.065132       0.131353      -0.491401       0.491474       0.065132      -0.131353       0.491401      -0.749802
       0.132000      -0.491342      -0.065623       0.132362      -0.491267       0.491342       0.065623      -0.132362       0.491267      -0.749800
       0.133000      -0.491210      -0.066114       0.133370      -0.491133       0.491210       0.066114      -0.133370       0.491133      -0.749799
       0.134000      -0.491077      -0.066606       0.134379      -0.490997       0.491077       0.066606      -0.134379       0.490997      -0.749797
       0.135000      -0.490942      -0.067097       0.135387      -0.490860       0.490942       0.067097      -0.135387       0.490860      -0.749796
       0.136000      -0.490807      -0.067587       0.136396      -0.490722       0.490807       0.067587      -0.136396       0.490722      -0.749794
       0.137000      -0.490671      -0.068078       0.137405      -0.490583       0.490671       0.068078      -0.137405       0.490583      -0.749793
       0.138000      -0.490533      -0.068569       0.138414      -0.490443       0.490533       0.068569      -0.138414       0.490443      -0.749791
       0.139000      -0.490395      -0.069059       0.139424      -0.490302       0.490395       0.069059      -0.139424       0.490302      -0.749790
       0.140000      -0.490255      -0.069549       0.140433      -0.490160       0.490255       0.069549      -0.140433       0.490160      -0.749788
       0.141000      -0.490115      -0.070040       0.141442      -0.490017       0.490115       0.070040      -0.141442       0.490017      -0.749786
       0.142000      -0.489973      -0.070530       0.142452      -0.489873       0.489973       0.070530      -0.142452       0.489873      -0.749785
       0.143000      -0.489831      -0.071019       0.143462      -0.489727       0.489831       0.071019      -0.143462       0.489727      -0.749783
       0.144000      -0.489688      -0.071509       0.144472      -0.489581       0.489688       0.071509      -0.144472       0.489581      -0.749782
       0.145000      -0.489543      -0.071999       0.145482      -0.489433       0.489543       0.071999      -0.145482       0.489433      -0.749780
       0.146000      -0.489398      -0.072488       0.146492      -0.489285       0.489398       0.072488      -0.146492       0.489285      -0.749779
       0.147000      -0.489251      -0.072978       0.147503      -0.489135       0.489251       0.072978      -0.147503       0.489135      -0.749777
       0.148000      -0.489104      -0.073467       0.148513      -0.488984       0.489104       0.073467      -0.148513       0.488984      -0.749776
       0.149000      -0.488955      -0.073956       0.149524      -0.488833       0.488955       0.073956      -0.149524       0.488833      -0.749774
       0.150000      -0.488806      -0.074444       0.150534      -0.488680       0.488806       0.074444      -0.150534       0.488680      -0.749772
       0.151000      -0.488655      -0.074933       0.151545      -0.488526       0.488655       0.074933      -0.151545       0.488526      -0.749771
       0.152000      -0.488503      -0.075422       0.152557      -0.488371       0.488503       0.075422      -0.152557       0.488371      -0.749769
       0.153000      -0.488351      -0.075910       0.153568      -0.488215       0.488351       0.075910      -0.153568       0.488215      -0.749768
       0.154000      -0.488197      -0.076398       0.154579      -0.488057       0.488197       0.076398      -0.154579       0.488057      -0.749766
       0.155000      -0.488043      -0.076886       0.155591      -0.487899       0.488043       0.076886      -0.155591       0.487899      -0.749765
       0.156000      -0.487887      -0.077374       0.156602      -0.487740       0.487887       0.077374      -0.156602       0.487740      -0.749763
       0.157000      -0.487731      -0.077862       0.157614      -0.487579       0.487731       0.077862      -0.157614       0.487579      -0.749762
       0.158000      -0.487573      -0.078350       0.158626      -0.487418       0.487573       0.078350      -0.158626       0.487418      -0.749760
       0.159000      -0.487414      -0.078837       0.159638      -0.487255       0.487414       0.078837      -0.159638       0.487255      -0.749758
       0.160000      -0.487255      -0.079324       0.160651      -0.487091       0.487255       0.079324      -0.160651       0.487091      -0.749757
       0.161000      -0.487094      -0.079811       0.161663      -0.486926       0.487094       0.079811      -0.161663       0.486926      -0.749755
       0.162000      -0.486932      -0.080298       0.162676      -0.486761       0.486932       0.080298      -0.162676       0.486761      -0.749754
       0.163000      -0.486770      -0.080785       0.163689      -0.486594       0.486770       0.080785      -0.163689       0.486594      -0.749752
       0.164000      -0.486606      -0.081272       0.164702      -0.486425       0.486606       0.081272      -0.164702       0.486425      -0.749751
       0.165000      -0.486441      -0.081758       0.165715      -0.486256       0.486441       0.081758      -0.165715       0.486256      -0.749749
       0.166000      -0.486276      -0.082244       0.166728      -0.486086       0.486276       0.082244      -0.166728       0.486086      -0.749748
       0.167000      -0.486109      -0.082730       0.167742      -0.485914       0.486109       0.082730      -0.167742       0.485914      -0.749746
       0.168000      -0.485941      -0.083216       0.168755      -0.485742       0.485941       0.083216      -0.168755       0.485742      -0.749744
       0.169000      -0.485772      -0.083702       0.169769      -0.485568       0.485772       0.083702      -0.169769       0.485568      -0.749743
       0.170000      -0.485603      -0.084188       0.170783      -0.485394       0.485603       0.084188      -0.170783       0.485394      -0.749741
       0.171000      -0.485432      -0.084673       0.171797      -0.485218       0.485432       0.084673      -0.171797       0.485218      -0.749740
       0.172000      -0.485260      -0.085158       0.172811      -0.485041       0.485260       0.085158      -0.172811       0.485041      -0.749738
       0.173000      -0.485087      -0.085643       0.173826      -0.484863       0.485087       0.085643      -0.173826       0.484863      -0.749737
       0.174000      -0.484913      -0.086128       0.174840      -0.484684       0.484913       0.086128      -0.174840       0.484684      -0.749735
       0.175000      -0.484739      -0.086613       0.175855      -0.484504       0.484739       0.086613      -0.175855       0.484504      -0.749733
       0.176000      -0.484563      -0.087097       0.176870      -0.484322       0.484563       0.087097      -0.176870       0.484322      -0.749732
       0.177000      -0.484386      -0.087582       0.177885      -0.484140       0.484386       0.087582      -0.177885       0.484140      -0.749730
       0.178000      -0.484208      -0.088066       0.178901      -0.483956       0.484208       0.088066      -0.178901       0.483956      -0.749729
       0.179000      -0.484029      -0.088550       0.179916      -0.483771       0.484029       0.088550      -0.179916       0.483771      -0.749727
       0.180000      -0.483849      -0.089033       0.180932      -0.483586       0.483849       0.089033      -0.180932       0.483586      -0.749726
       0.181000      -0.483668      -0.089517       0.181948      -0.483399       0.483668       0.089517      -0.181948       0.483399      -0.749724
       0.182000      -0.483486      -0.090000       0.182964      -0.483211       0.483486       0.090000      -0.182964       0.483211      -0.749722
       0.183000      -0.483303      -0.090484       0.183980      -0.483021       0.483303       0.090484      -0.183980       0.483021      -0.749721
       0.184000      -0.483119      -0.090967       0.184996      -0.482831       0.483119       0.090967      -0.184996       0.482831      -0.749719
       0.185000      -0.482934      -0.091450       0.186013      -0.482640       0.482934       0.091450      -0.186013       0.482640      -0.749718
       0.186000      -0.482748      -0.091932       0.187029      -0.482447       0.482748       0.091932      -0.187029       0.482447      -0.749716
       0.187000      -0.482561      -0.092415       0.188046      -0.482254       0.482561       0.092415      -0.188046       0.482254      -0.749715
       0.188000      -0.482373      -0.092897       0.189064      -0.482059       0.482373       0.092897      -0.189064       0.482059      -0.749713
       0.189000      -0.482184      -0.093379       0.190081      -0.481863       0.482184       0.093379      -0.190081       0.481863      -0.749711
       0.190000      -0.481994      -0.093861       0.191098      -0.481666       0.481994       0.093861      -0.191098       0.481666      -0.749710
       0.191000      -0.481803      -0.094342       0.192116      -0.481468       0.481803       0.094342      -0.192116       0.481468      -0.749708
       0.192000      -0.481611      -0.094824       0.193134      -0.481268       0.481611       0.094824      -0.193134       0.481268      -0.749707
       0.193000      -0.481418      -0.095305       0.194152      -0.481068       0.481418       0.095305      -0.194152       0.481068      -0.749705
       0.194000      -0.481224      -0.095786       0.195170      -0.480866       0.481224       0.095786      -0.195170       0.480866      -0.749703
       0.195000      -0.481028      -0.096267       0.196189      -0.480664       0.481028       0.096267      -0.196189       0.480664      -0.749702
       0.196000      -0.480832      -0.096748       0.197207      -0.480460       0.480832       0.096748      -0.197207       0.480460      -0.749700
       0.197000      -0.480635      -0.097228       0.198226      -0.480255       0.480635       0.097228      -0.198226       0.480255      -0.749699
       0.198000      -0.480437      -0.097708       0.199245      -0.480049       0.480437       0.097708      -0.199245       0.480049      -0.749697
       0.199000      -0.480238      -0.098189       0.200264      -0.479841       0.480238       0.098189      -0.200264       0.479841      -0.749696
       0.200000      -0.480037      -0.098668       0.201284      -0.479633       0.480037       0.098668      -0.201284       0.479633      -0.749694
       0.201000      -0.479836      -0.099148       0.202303      -0.479423       0.479836       0.099148      -0.202303       0.479423      -0.749692
       0.202000      -0.479634      -0.099627       0.203323      -0.479213       0.479634       0.099627      -0.203323       0.479213      -0.749691
       0.203000      -0.479430      -0.100107       0.204343      -0.479001       0.479430       0.100107      -0.204343       0.479001      -0.749689
       0.204000      -0.479226      -0.100586       0.205363      -0.478788       0.479226       0.100586      -0.205363       0.478788      -0.749688
       0.205000      -0.479021      -0.101064       0.206384      -0.478574       0.479021       0.101064      -0.206384       0.478574      -0.749686
       0.206000      -0.478814      -0.101543       0.207404      -0.478358       0.478814       0.101543      -0.207404       0.478358      -0.749684
       0.207000      -0.478607      -0.102021       0.208425      -0.478142       0.478607       0.102021      -0.208425       0.478142      -0.749683
       0.208000      -0.478398      -0.102500       0.209446      -0.477924       0.478398       0.102500      -0.209446       0.477924      -0.749681
       0.209000      -0.478189      -0.102977       0.210467      -0.477705       0.478189       0.102977      -0.210467       0.477705      -0.749680
       0.210000      -0.477979      -0.103455       0.211489      -0.477485       0.477979       0.103455      -0.211489       0.477485      -0.749678
       0.211000      -0.477767      -0.103933       0.212510      -0.477264       0.477767       0.103933      -0.212510       0.477264      -0.749676
       0.212000      -0.477555      -0.104410       0.213532      -0.477042       0.477555       0.104410      -0.213532       0.477042      -0.749675
       0.213000      -0.477341      -0.104887       0.214554      -0.476818       0.477341       0.104887      -0.214554       0.476818      -0.749673
       0.214000      -0.477126      -0.105364       0.215577      -0.476594       0.477126       0.105364      -0.215577       0.476594      -0.749672
       0.215000      -0.476911      -0.105840       0.216599      -0.476368       0.476911       0.105840      -0.216599       0.476368      -0.749670
       0.216000      -0.476694      -0.106317       0.217622      -0.476141       0.476694       0.106317      -0.217622       0.476141      -0.749668
       0.217000      -0.476477      -0.106793       0.218645      -0.475913       0.476477       0.106793      -0.218645       0.475913      -0.749667
       0.218000      -0.476258      -0.107269       0.219668      -0.475684       0.476258       0.107269      -0.219668       0.475684      -0.749665
       0.219000      -0.476038      -0.107744       0.220691      -0.475453       0.476038       0.107744      -0.220691       0.475453      -0.749663
       0.220000      -0.475818      -0.108220       0.221715      -0.475221       0.475818       0.108220      -0.221715       0.475221      -0.749662
       0.221000      -0.475596      -0.108695       0.222739      -0.474989       0.475596       0.108695      -0.222739       0.474989      -0.749660
       0.222000      -0.475373      -0.109170       0.223763      -0.474755       0.475373       0.109170      -0.223763       0.474755      -0.749659
       0.223000      -0.475149      -0.109645       0.224787      -0.474519       0.475149       0.109645      -0.224787       0.474519      -0.749657
       0.224000      -0.474925      -0.110119       0.225811      -0.474283       0.474925       0.110119      -0.225811       0.474283      -0.749655
       0.225000      -0.474699      -0.110594       0.226836      -0.474045       0.474699       0.110594      -0.226836       0.474045      -0.749654
       0.226000      -0.474472      -0.111068       0.227861      -0.473807       0.474472       0.111068      -0.227861       0.473807      -0.749652
       0.227000      -0.474244      -0.111542       0.228886      -0.473567       0.474244       0.111542      -0.228886       0.473567      -0.749651
       0.228000      -0.474015      -0.112015       0.229911      -0.473326       0.474015       0.112015      -0.229911       0.473326      -0.749649
       0.229000      -0.473785      -0.112488       0.230937      -0.473083       0.473785       0.112488      -0.230937       0.473083      -0.749647
       0.230000      -0.473554      -0.112961       0.231962      -0.472840       0.473554       0.112961      -0.231962       0.472840      -0.749646
       0.231000      -0.473322      -0.113434       0.232988      -0.472595       0.473322       0.113434      -0.232988       0.472595      -0.749644
       0.232000      -0.473089      -0.113907       0.234015      -0.472349       0.473089       0.113907      -0.234015       0.472349      -0.749642
       0.233000      -0.472855      -0.114379       0.235041      -0.472102       0.472855       0.114379      -0.235041       0.472102      -0.749641
       0.234000      -0.472620      -0.114851       0.236068      -0.471853       0.472620       0.114851      -0.236068       0.471853      -0.749639
       0.235000      -0.472384      -0.115323       0.237095      -0.471604       0.472384       0.115323      -0.237095       0.471604      -0.749637
       0.236000      -0.472147      -0.115795       0.238122      -0.471353       0.472147       0.115795      -0.238122       0.471353      -0.749636
       0.237000      -0.471909      -0.116266       0.239149      -0.471101       0.471909       0.116266      -0.239149       0.471101      -0.749634
       0.238000      -0.471670      -0.116737       0.240177      -0.470848       0.471670       0.116737      -0.240177       0.470848      -0.749633
       0.239000      -0.471430      -0.117208       0.241205      -0.470594       0.471430       0.117208      -0.241205       0.470594      -0.749631
       0.240000      -0.471189      -0.117679       0.242233      -0.470338       0.471189       0.117679      -0.242233       0.470338      -0.749629
       0.241000      -0.470946      -0.118149       0.243261      -0.470081       0.470946       0.118149      -0.243261       0.470081      -0.749628
       0.242000      -0.470703      -0.118619       0.244290      -0.469823       0.470703       0.118619      -0.244290       0.469823      -0.749626
       0.243000      -0.470459      -0.119089       0.245319      -0.469564       0.470459       0.119089      -0.245319       0.469564      -0.749624
       0.244000      -0.470213      -0.119559       0.246348      -0.469303       0.470213       0.119559      -0.246348       0.469303      -0.749623
       0.245000      -0.469967      -0.120028       0.247377      -0.469042       0.469967       0.120028      -0.247377       0.469042      -0.749621
       0.246000      -0.469720      -0.120497       0.248406      -0.468779       0.469720       0.120497      -0.248406       0.468779      -0.749619
       0.247000      -0.469471      -0.120966       0.249436      -0.468515       0.469471       0.120966      -0.249436       0.468515      -0.749618
       0.248000      -0.469222      -0.121434       0.250466      -0.468249       0.469222       0.121434      -0.250466       0.468249      -0.749616
       0.249000      -0.468971      -0.121902       0.251497      -0.467983       0.468971       0.121902      -0.251497       0.467983      -0.749615
       0.250000      -0.468720      -0.122370       0.252527      -0.467715       0.468720       0.122370      -0.252527       0.467715      -0.749613
       0.251000      -0.468467      -0.122838       0.253558      -0.467446       0.468467       0.122838      -0.253558       0.467446      -0.749611
       0.252000      -0.468214      -0.123306       0.254589      -0.467175       0.468214       0.123306      -0.254589       0.467175      -0.749610
       0.253000      -0.467959      -0.123773       0.255620      -0.466904       0.467959       0.123773      -0.255620       0.466904      -0.749608
       0.254000      -0.467704      -0.124240       0.256652      -0.466631       0.467704       0.124240      -0.256652       0.466631      -0.749606
       0.255000      -0.467447      -0.124706       0.257683      -0.466357       0.467447       0.124706      -0.257683       0.466357      -0.749605
       0.256000      -0.467189      -0.125173       0.258715      -0.466081       0.467189       0.125173      -0.258715       0.466081      -0.749603
       0.257000      -0.466931      -0.125639       0.259748      -0.465805       0.466931       0.125639      -0.259748       0.465805      -0.749601
       0.258000      -0.466671      -0.126105       0.260780      -0.465527       0.466671       0.126105      -0.260780       0.465527      -0.749600
       0.259000      -0.466410      -0.126570       0.261813      -0.465248       0.466410       0.126570      -0.261813       0.465248      -0.749598
       0.260000      -0.466148      -0.127035       0.262846      -0.464968       0.466148       0.127035      -0.262846       0.464968      -0.749596
       0.261000      -0.465885      -0.127500       0.263879      -0.464686       0.465885       0.127500      -0.263879       0.464686      -0.749595
       0.262000      -0.465622      -0.127965       0.264913      -0.464403       0.465622       0.127965      -0.264913       0.464403      -0.749593
       0.263000      -0.465357      -0.128429       0.265947      -0.464119       0.465357       0.128429      -0.265947       0.464119      -0.749591
       0.264000      -0.465091      -0.128893       0.266981      -0.463834       0.465091       0.128893      -0.266981       0.463834      -0.749590
       0.265000      -0.464824      -0.129357       0.268015      -0.463547       0.464824       0.129357      -0.268015       0.463547      -0.749588
       0.266000      -0.464556      -0.129821       0.269050      -0.463259       0.464556       0.129821      -0.269050       0.463259      -0.749586
       0.267000      -0.464287      -0.130284       0.270085      -0.462970       0.464287       0.130284      -0.270085       0.462970      -0.749585
       0.268000      -0.464017      -0.130747       0.271120      -0.462679       0.464017       0.130747      -0.271120       0.462679      -0.749583
       0.269000      -0.463745      -0.131210       0.272155      -0.462388       0.463745       0.131210      -0.272155       0.462388      -0.749581
       0.270000      -0.463473      -0.131672       0.273191      -0.462095       0.463473       0.131672      -0.273191       0.462095      -0.749580
       0.271000      -0.463200      -0.132134       0.274227      -0.461800       0.463200       0.132134      -0.274227       0.461800      -0.749578
       0.272000      -0.462926      -0.132596       0.275263      -0.461505       0.462926       0.132596      -0.275263       0.461505      -0.749576
       0.273000      -0.462651      -0.133058       0.276299      -0.461208       0.462651       0.133058      -0.276299       0.461208      -0.749575
       0.274000      -0.462374      -0.133519       0.277336      -0.460910       0.462374       0.133519      -0.277336       0.460910      -0.749573
       0.275000      -0.462097      -0.133980       0.278373      -0.460610       0.462097       0.133980      -0.278373       0.460610      -0.749571
       0.276000      -0.461819      -0.134440       0.279410      -0.460310       0.461819       0.134440      -0.279410       0.460310      -0.749569
       0.277000      -0.461539      -0.134901       0.280448      -0.460007       0.461539       0.134901      -0.280448       0.460007      -0.749568
       0.278000      -0.461259      -0.135361       0.281486      -0.459704       0.461259       0.135361      -0.281486       0.459704      -0.749566
       0.279000      -0.460977      -0.135820       0.282524      -0.459399       0.460977       0.135820      -0.282524       0.459399      -0.749564
       0.280000      -0.460695      -0.136280       0.283562      -0.459094       0.460695       0.136280      -0.283562       0.459094      -0.749563
       0.281000      -0.460411      -0.136739       0.284601      -0.458786       0.460411       0.136739      -0.284601       0.458786      -0.749561
       0.282000      -0.460127      -0.137198       0.285640      -0.458478       0.460127       0.137198      -0.285640       0.458478      -0.749559
       0.283000      -0.459841      -0.137656       0.286679      -0.458168       0.459841       0.137656      -0.286679       0.458168      -0.749558
       0.284000      -0.459554      -0.138114       0.287718      -0.457857       0.459554       0.138114      -0.287718       0.457857      -0.749556
       0.285000      -0.459267      -0.138572       0.288758      -0.457544       0.459267       0.138572      -0.288758       0.457544      -0.749554
       0.286000      -0.458978      -0.139030       0.289798      -0.457230       0.458978       0.139030      -0.289798       0.457230      -0.749553
       0.287000      -0.458688      -0.139487       0.290838      -0.456915       0.458688       0.139487      -0.290838       0.456915      -0.749551
       0.288000      -0.458397      -0.139944       0.291879      -0.456599       0.458397       0.139944      -0.291879       0.456599      -0.749549
       0.289000      -0.458105      -0.140400       0.292920      -0.456281       0.458105       0.140400      -0.292920       0.456281      -0.749547
       0.290000      -0.457812      -0.140857       0.293961      -0.455962       0.457812       0.140857      -0.293961       0.455962      -0.749546
       0.291000      -0.457518      -0.141313       0.295003      -0.455642       0.457518       0.141313      -0.295003       0.455642      -0.749544
       0.292000      -0.457223      -0.141768       0.296044      -0.455320       0.457223       0.141768      -0.296044       0.455320      -0.749542
       0.293000      -0.456927      -0.142224       0.297086      -0.454997       0.456927       0.142224      -0.297086       0.454997      -0.749541
       0.294000      -0.456630      -0.142679       0.298129      -0.454672       0.456630       0.142679      -0.298129       0.454672      -0.749539
       0.295000      -0.456332      -0.143133       0.299171      -0.454346       0.456332       0.143133      -0.299171       0.454346      -0.749537
       0.296000      -0.456033      -0.143588       0.300214      -0.454019       0.456033       0.143588      -0.300214       0.454019      -0.749535
       0.297000      -0.455733      -0.144042       0.301257      -0.453691       0.455733       0.144042      -0.301257       0.453691      -0.749534
       0.298000      -0.455431      -0.144495       0.302301      -0.453361       0.455431       0.144495      -0.302301       0.453361      -0.749532
       0.299000      -0.455129      -0.144949       0.303345      -0.453030       0.455129       0.144949      -0.303345       0.453030      -0.749530
       0.300000      -0.454826      -0.145402       0.304389      -0.452697       0.454826       0.145402      -0.304389       0.452697      -0.749529
       0.301000      -0.454521      -0.145854       0.305433      -0.452364       0.454521       0.145854      -0.305433       0.452364      -0.749527
       0.302000      -0.454216      -0.146307       0.306478      -0.452028       0.454216       0.146307      -0.306478       0.452028      -0.749525
       0.303000      -0.453910      -0.146759       0.307523      -0.451692       0.453910       0.146759      -0.307523       0.451692      -0.749523
       0.304000      -0.453602      -0.147210       0.308568      -0.451354       0.453602       0.147210      -0.308568       0.451354      -0.749522
       0.305000      -0.453293      -0.147662       0.309614      -0.451014       0.453293       0.147662      -0.309614       0.451014      -0.749520
       0.306000      -0.452984      -0.148113       0.310660      -0.450674       0.452984       0.148113      -0.310660       0.450674      -0.749518
       0.307000      -0.452673      -0.148564       0.311706      -0.450332       0.452673       0.148564      -0.311706       0.450332      -0.749516
       0.308000      -0.452361      -0.149014       0.312752      -0.449988       0.452361       0.149014      -0.312752       0.449988      -0.749515
       0.309000      -0.452049      -0.149464       0.313799      -0.449643       0.452049       0.149464      -0.313799       0.449643      -0.749513
       0.310000      -0.451735      -0.149913       0.314846      -0.449297       0.451735       0.149913      -0.314846       0.449297      -0.749511
       0.311000      -0.451420      -0.150363       0.315893      -0.448950       0.451420       0.150363      -0.315893       0.448950      -0.749509
       0.312000      -0.451104      -0.150812       0.316941      -0.448601       0.451104       0.150812      -0.316941       0.448601      -0.749508
       0.313000      -0.450787      -0.151260       0.317989      -0.448250       0.450787       0.151260      -0.317989       0.448250      -0.749506
       0.314000      -0.450469      -0.151709       0.319037      -0.447898       0.450469       0.151709      -0.319037       0.447898      -0.749504
       0.315000      -0.450150      -0.152156       0.320086      -0.447545       0.450150       0.152156      -0.320086       0.447545      -0.749502
       0.316000      -0.449830      -0.152604       0.321135      -0.447191       0.449830       0.152604      -0.321135       0.447191      -0.749501
       0.317000      -0.449509      -0.153051       0.322184      -0.446835       0.449509       0.153051      -0.322184       0.446835      -0.749499
       0.318000      -0.449187      -0.153498       0.323234      -0.446477       0.449187       0.153498      -0.323234       0.446477      -0.749497
       0.319000      -0.448864      -0.153945       0.324284      -0.446119       0.448864       0.153945      -0.324284       0.446119      -0.749495
       0.320000      -0.448539      -0.154391       0.325334      -0.445758       0.448539       0.154391      -0.325334       0.445758      -0.749494
       0.321000      -0.448214      -0.154836       0.326384      -0.445397       0.448214       0.154836      -0.326384       0.445397      -0.749492
       0.322000      -0.447888      -0.155282       0.327435      -0.445034       0.447888       0.155282      -0.327435       0.445034      -0.749490
       0.323000      -0.447560      -0.155727       0.328486      -0.444669       0.447560       0.155727      -0.328486       0.444669      -0.749488
       0.324000      -0.447232      -0.156171       0.329538      -0.444304       0.447232       0.156171      -0.329538       0.444304      -0.749487
       0.325000      -0.446902      -0.156616       0.330590      -0.443936       0.446902       0.156616      -0.330590       0.443936      -0.749485
       0.326000      -0.446572      -0.157060       0.331642      -0.443568       0.446572       0.157060      -0.331642       0.443568      -0.749483
       0.327000      -0.446240      -0.157503       0.332694      -0.443197       0.446240       0.157503      -0.332694       0.443197      -0.749481
       0.328000      -0.445907      -0.157946       0.333747      -0.442826       0.445907       0.157946      -0.333747       0.442826      -0.749480
       0.329000      -0.445573      -0.158389       0.334800      -0.442453       0.445573       0.158389      -0.334800       0.442453      -0.749478
       0.330000      -0.445239      -0.158832       0.335853      -0.442078       0.445239       0.158832      -0.335853       0.442078      -0.749476
       0.331000      -0.444903      -0.159274       0.336907      -0.441703       0.444903       0.159274      -0.336907       0.441703      -0.749474
       0.332000      -0.444566      -0.159716       0.337961      -0.441325       0.444566       0.159716      -0.337961       0.441325      -0.749472
       0.333000      -0.444228      -0.160157       0.339015      -0.440946       0.444228       0.160157      -0.339015       0.440946      -0.749471
       0.334000      -0.443889      -0.160598       0.340070      -0.440566       0.443889       0.160598      -0.340070       0.440566      -0.749469
       0.335000      -0.443549      -0.161038       0.341125      -0.440185       0.443549       0.161038      -0.341125       0.440185      -0.749467
       0.336000      -0.443208      -0.161479       0.342180      -0.439801       0.443208       0.161479      -0.342180       0.439801      -0.749465
       0.337000      -0.442866      -0.161918       0.343236      -0.439417       0.442866       0.161918      -0.343236       0.439417      -0.749463
       0.338000      -0.442522      -0.162358       0.344292      -0.439031       0.442522       0.162358      -0.344292       0.439031      -0.749462
       0.339000      -0.442178      -0.162797       0.345348      -0.438643       0.442178       0.162797      -0.345348       0.438643      -0.749460
       0.340000      -0.441833      -0.163235       0.346405      -0.438254       0.441833       0.163235      -0.346405       0.438254      -0.749458
       0.341000      -0.441486      -0.163674       0.347462      -0.437864       0.441486       0.163674      -0.347462       0.437864      -0.749456
       0.342000      -0.441139      -0.164112       0.348519      -0.437472       0.441139       0.164112      -0.348519       0.437472      -0.749454
       0.343000      -0.440790      -0.164549       0.349577      -0.437078       0.440790       0.164549      -0.349577       0.437078      -0.749453
       0.344000      -0.440441      -0.164986       0.350635      -0.436683       0.440441       0.164986      -0.350635       0.436683      -0.749451
       0.345000      -0.440090      -0.165423       0.351693      -0.436287       0.440090       0.165423      -0.351693       0.436287      -0.749449
       0.346000      -0.439738      -0.165859       0.352752      -0.435889       0.439738       0.165859      -0.352752       0.435889      -0.749447
       0.347000      -0.439386      -0.166295       0.353811      -0.435489       0.439386       0.166295      -0.353811       0.435489      -0.749445
       0.348000      -0.439032      -0.166730       0.354870      -0.435088       0.439032       0.166730      -0.354870       0.435088      -0.749444
       0.349000      -0.438677      -0.167166       0.355930      -0.434686       0.438677       0.167166      -0.355930       0.434686      -0.749442
       0.350000      -0.438321      -0.167600       0.356990      -0.434282       0.438321       0.167600      -0.356990       0.434282      -0.749440
       0.351000      -0.437964      -0.168035       0.358051      -0.433877       0.437964       0.168035      -0.358051       0.433877      -0.749438
       0.352000      -0.437606      -0.168468       0.359111      -0.433470       0.437606       0.168468      -0.359111       0.433470      -0.749436
       0.353000      -0.437247      -0.168902       0.360172      -0.433061       0.437247       0.168902      -0.360172       0.433061      -0.749434
       0.354000      -0.436887      -0.169335       0.361234      -0.432651       0.436887       0.169335      -0.361234       0.432651      -0.749433
       0.355000      -0.436525      -0.169768       0.362296      -0.432240       0.436525       0.169768      -0.362296       0.432240      -0.749431
       0.356000      -0.436163      -0.170200       0.363358      -0.431826       0.436163       0.170200      -0.363358       0.431826      -0.749429
       0.357000      -0.435800      -0.170632       0.364420      -0.431412       0.435800       0.170632      -0.364420       0.431412      -0.749427
       0.358000      -0.435435      -0.171063       0.365483      -0.430996       0.435435       0.171063      -0.365483       0.430996      -0.749425
       0.359000      -0.435070      -0.171494       0.366546      -0.430578       0.435070       0.171494      -0.366546       0.430578      -0.749423
       0.360000      -0.434703      -0.171925       0.367610      -0.430159       0.434703       0.171925      -0.367610       0.430159      -0.749422
       0.361000      -0.434336      -0.172355       0.368673      -0.429738       0.434336       0.172355      -0.368673       0.429738      -0.749420
       0.362000      -0.433967      -0.172785       0.369738      -0.429316       0.433967       0.172785      -0.369738       0.429316      -0.749418
       0.363000      -0.433597      -0.173214       0.370802      -0.428892       0.433597       0.173214      -0.370802       0.428892      -0.749416
       0.364000      -0.433226      -0.173643       0.371867      -0.428467       0.433226       0.173643      -0.371867       0.428467      -0.749414
       0.365000      -0.432855      -0.174071       0.372932      -0.428040       0.432855       0.174071      -0.372932       0.428040      -0.749412
       0.366000      -0.432482      -0.174499       0.373998      -0.427611       0.432482       0.174499      -0.373998       0.427611      -0.749410
       0.367000      -0.432108      -0.174927       0.375064      -0.427181       0.432108       0.174927      -0.375064       0.427181      -0.749409
       0.368000      -0.431733      -0.175354       0.376130      -0.426749       0.431733       0.175354      -0.376130       0.426749      -0.749407
       0.369000      -0.431357      -0.175781       0.377197      -0.426316       0.431357       0.175781      -0.377197       0.426316      -0.749405
       0.370000      -0.430979      -0.176207       0.378264      -0.425881       0.430979       0.176207      -0.378264       0.425881      -0.749403
       0.371000      -0.430601      -0.176633       0.379331      -0.425445       0.430601       0.176633      -0.379331       0.425445      -0.749401
       0.372000      -0.430222      -0.177058       0.380399      -0.425007       0.430222       0.177058      -0.380399       0.425007      -0.749399
       0.373000      -0.429841      -0.177483       0.381467      -0.424567       0.429841       0.177483      -0.381467       0.424567      -0.749397
       0.374000      -0.429460      -0.177908       0.382536      -0.424126       0.429460       0.177908      -0.382536       0.424126      -0.749396
       0.375000      -0.429077      -0.178332       0.383605      -0.423683       0.429077       0.178332      -0.383605       0.423683      -0.749394
       0.376000      -0.428694      -0.178756       0.384674      -0.423239       0.428694       0.178756      -0.384674       0.423239      -0.749392
       0.377000      -0.428309      -0.179179       0.385743      -0.422793       0.428309       0.179179      -0.385743       0.422793      -0.749390
       0.378000      -0.427923      -0.179602       0.386813      -0.422345       0.427923       0.179602      -0.386813       0.422345      -0.749388
       0.379000      -0.427536      -0.180024       0.387884      -0.421896       0.427536       0.180024      -0.387884       0.421896      -0.749386
       0.380000      -0.427149      -0.180446       0.388954      -0.421445       0.427149       0.180446      -0.388954       0.421445      -0.749384
       0.381000      -0.426760      -0.180868       0.390025      -0.420993       0.426760       0.180868      -0.390025       0.420993      -0.749382
       0.382000      -0.426370      -0.181289       0.391097      -0.420539       0.426370       0.181289      -0.391097       0.420539      -0.749380
       0.383000      -0.425979      -0.181709       0.392169      -0.420083       0.425979       0.181709      -0.392169       0.420083      -0.749379
       0.384000      -0.425586      -0.182129       0.393241      -0.419626       0.425586       0.182129      -0.393241       0.419626      -0.749377
       0.385000      -0.425193      -0.182549       0.394313      -0.419167       0.425193       0.182549      -0.394313       0.419167      -0.749375
       0.386000      -0.424799      -0.182968       0.395386      -0.418706       0.424799       0.182968      -0.395386       0.418706      -0.749373
       0.387000      -0.424403      -0.183387       0.396460      -0.418244       0.424403       0.183387      -0.396460       0.418244      -0.749371
       0.388000      -0.424007      -0.183805       0.397533      -0.417780       0.424007       0.183805      -0.397533       0.417780      -0.749369
       0.389000      -0.423609      -0.184223       0.398607      -0.417314       0.423609       0.184223      -0.398607       0.417314      -0.749367
       0.390000      -0.423211      -0.184640       0.399682      -0.416847       0.423211       0.184640      -0.399682       0.416847      -0.749365
       0.391000      -0.422811      -0.185057       0.400756      -0.416378       0.422811       0.185057      -0.400756       0.416378      -0.749363
       0.392000      -0.422410      -0.185473       0.401832      -0.415907       0.422410       0.185473      -0.401832       0.415907      -0.749361
       0.393000      -0.422009      -0.185889       0.402907      -0.415435       0.422009       0.185889      -0.402907       0.415435      -0.749359
       0.394000      -0.421606      -0.186305       0.403983      -0.414961       0.421606       0.186305      -0.403983       0.414961      -0.749358
       0.395000      -0.421202      -0.186720       0.405059      -0.414486       0.421202       0.186720      -0.405059       0.414486      -0.749356
       0.396000      -0.420797      -0.187134       0.406136      -0.414008       0.420797       0.187134      -0.406136       0.414008      -0.749354
       0.397000      -0.420390      -0.187548       0.407213      -0.413529       0.420390       0.187548      -0.407213       0.413529      -0.749352
       0.398000      -0.419983      -0.187962       0.408290      -0.413049       0.419983       0.187962      -0.408290       0.413049      -0.749350
       0.399000      -0.419575      -0.188375       0.409368      -0.412566       0.419575       0.188375      -0.409368       0.412566      -0.749348
       0.400000      -0.419166      -0.188787       0.410446      -0.412082       0.419166       0.188787      -0.410446       0.412082      -0.749346
       0.401000      -0.418755      -0.189199       0.411525      -0.411596       0.418755       0.189199      -0.411525       0.411596      -0.749344
       0.402000      -0.418344      -0.189611       0.412604      -0.411109       0.418344       0.189611      -0.412604       0.411109      -0.749342
       0.403000      -0.417931      -0.190022       0.413683      -0.410620       0.417931       0.190022      -0.413683       0.410620      -0.749340
       0.404000      -0.417517      -0.190433       0.414763      -0.410129       0.417517       0.190433      -0.414763       0.410129      -0.749338
       0.405000      -0.417103      -0.190843       0.415843      -0.409636       0.417103       0.190843      -0.415843       0.409636      -0.749336
       0.406000      -0.416687      -0.191252       0.416924      -0.409142       0.416687       0.191252      -0.416924       0.409142      -0.749334
       0.407000      -0.416270      -0.191661       0.418005      -0.408646       0.416270       0.191661      -0.418005       0.408646      -0.749332
       0.408000      -0.415852      -0.192070       0.419086      -0.408148       0.415852       0.192070      -0.419086       0.408148      -0.749330
       0.409000      -0.415433      -0.192478       0.420168      -0.407648       0.415433       0.192478      -0.420168       0.407648      -0.749328
       0.410000      -0.415013      -0.192886       0.421250      -0.407147       0.415013       0.192886      -0.421250       0.407147      -0.749326
       0.411000      -0.414591      -0.193293       0.422332      -0.406644       0.414591       0.193293      -0.422332       0.406644      -0.749324
       0.412000      -0.414169      -0.193700       0.423415      -0.406139       0.414169       0.193700      -0.423415       0.406139      -0.749322
       0.413000      -0.413746      -0.194106       0.424498      -0.405632       0.413746       0.194106      -0.424498       0.405632      -0.749320
       0.414000      -0.413321      -0.194511       0.425582      -0.405124       0.413321       0.194511      -0.425582       0.405124      -0.749318
       0.415000      -0.412895      -0.194917       0.426666      -0.404614       0.412895       0.194917      -0.426666       0.404614      -0.749316
       0.416000      -0.412469      -0.195321       0.427750      -0.404102       0.412469       0.195321      -0.427750       0.404102      -0.749314
       0.417000      -0.412041      -0.195725       0.428835      -0.403588       0.412041       0.195725      -0.428835       0.403588      -0.749312
       0.418000      -0.411612      -0.196129       0.429920      -0.403073       0.411612       0.196129      -0.429920       0.403073      -0.749310
       0.419000      -0.411182      -0.196532       0.431006      -0.402555       0.411182       0.196532      -0.431006       0.402555      -0.749308
       0.420000      -0.410751      -0.196935       0.432092      -0.402036       0.410751       0.196935      -0.432092       0.402036      -0.749306
       0.421000      -0.410319      -0.197337       0.433178      -0.401515       0.410319       0.197337      -0.433178       0.401515      -0.749304
       0.422000      -0.409886      -0.197738       0.434265      -0.400993       0.409886       0.197738      -0.434265       0.400993      -0.749302
       0.423000      -0.409452      -0.198139       0.435352      -0.400468       0.409452       0.198139      -0.435352       0.400468      -0.749300
       0.424000      -0.409016      -0.198540       0.436440      -0.399942       0.409016       0.198540      -0.436440       0.399942      -0.749298
       0.425000      -0.408580      -0.198939       0.437528      -0.399414       0.408580       0.198939      -0.437528       0.399414      -0.749296
       0.426000      -0.408142      -0.199339       0.438616      -0.398884       0.408142       0.199339      -0.438616       0.398884      -0.749294
       0.427000      -0.407704      -0.199738       0.439705      -0.398352       0.407704       0.199738      -0.439705       0.398352      -0.749292
       0.428000      -0.407264      -0.200136       0.440794      -0.397819       0.407264       0.200136      -0.440794       0.397819      -0.749290
       0.429000      -0.406823      -0.200534       0.441884      -0.397283       0.406823       0.200534      -0.441884       0.397283      -0.749288
       0.430000      -0.406381      -0.200931       0.442974      -0.396746       0.406381       0.200931      -0.442974       0.396746      -0.749286
       0.431000      -0.405938      -0.201328       0.444064      -0.396207       0.405938       0.201328      -0.444064       0.396207      -0.749284
       0.432000      -0.405494      -0.201724       0.445155      -0.395666       0.405494       0.201724      -0.445155       0.395666      -0.749282
       0.433000      -0.405049      -0.202120       0.446246      -0.395123       0.405049       0.202120      -0.446246       0.395123      -0.749280
       0.434000      -0.404603      -0.202515       0.447338      -0.394578       0.404603       0.202515      -0.447338       0.394578      -0.749278
       0.435000      -0.404156      -0.202910       0.448430      -0.394031       0.404156       0.202910      -0.448430       0.394031      -0.749276
       0.436000      -0.403707      -0.203304       0.449523      -0.393483       0.403707       0.203304      -0.449523       0.393483      -0.749274
       0.437000      -0.403258      -0.203697       0.450615      -0.392933       0.403258       0.203697      -0.450615       0.392933      -0.749272
       0.438000      -0.402807      -0.204090       0.451709      -0.392380       0.402807       0.204090      -0.451709       0.392380      -0.749270
       0.439000      -0.402355      -0.204482       0.452802      -0.391826       0.402355       0.204482      -0.452802       0.391826      -0.749268
       0.440000      -0.401903      -0.204874       0.453897      -0.391270       0.401903       0.204874      -0.453897       0.391270      -0.749266
       0.441000      -0.401449      -0.205265       0.454991      -0.390712       0.401449       0.205265      -0.454991       0.390712      -0.749264
       0.442000      -0.400994      -0.205656       0.456086      -0.390152       0.400994       0.205656      -0.456086       0.390152      -0.749262
       0.443000      -0.400538      -0.206046       0.457181      -0.389591       0.400538       0.206046      -0.457181       0.389591      -0.749260
       0.444000      -0.400080      -0.206436       0.458277      -0.389027       0.400080       0.206436      -0.458277       0.389027      -0.749257
       0.445000      -0.399622      -0.206825       0.459373      -0.388461       0.399622       0.206825      -0.459373       0.388461      -0.749255
       0.446000      -0.399163      -0.207213       0.460470      -0.387894       0.399163       0.207213      -0.460470       0.387894      -0.749253
       0.447000      -0.398702      -0.207601       0.461567      -0.387324       0.398702       0.207601      -0.461567       0.387324      -0.749251
       0.448000      -0.398241      -0.207989       0.462664      -0.386753       0.398241       0.207989      -0.462664       0.386753      -0.749249
       0.449000      -0.397778      -0.208375       0.463762      -0.386180       0.397778       0.208375      -0.463762       0.386180      -0.749247
       0.450000      -0.397314      -0.208762       0.464860      -0.385604       0.397314       0.208762      -0.464860       0.385604      -0.749245
       0.451000      -0.396849      -0.209147       0.465959      -0.385027       0.396849       0.209147      -0.465959       0.385027      -0.749243
       0.452000      -0.396383      -0.209532       0.467058      -0.384448       0.396383       0.209532      -0.467058       0.384448      -0.749241
       0.453000      -0.395916      -0.209917       0.468157      -0.383867       0.395916       0.209917      -0.468157       0.383867      -0.749239
       0.454000      -0.395448      -0.210301       0.469257      -0.383283       0.395448       0.210301      -0.469257       0.383283      -0.749236
       0.455000      -0.394979      -0.210684       0.470358      -0.382698       0.394979       0.210684      -0.470358       0.382698      -0.749234
       0.456000      -0.394509      -0.211067       0.471458      -0.382111       0.394509       0.211067      -0.471458       0.382111      -0.749232
       0.457000      -0.394037      -0.211449       0.472559      -0.381522       0.394037       0.211449      -0.472559       0.381522      -0.749230
       0.458000      -0.393565      -0.211830       0.473661      -0.380931       0.393565       0.211830      -0.473661       0.380931      -0.749228
       0.459000      -0.393091      -0.212211       0.474763      -0.380338       0.393091       0.212211      -0.474763       0.380338      -0.749226
       0.460000      -0.392616      -0.212591       0.475865      -0.379743       0.392616       0.212591      -0.475865       0.379743      -0.749224
       0.461000      -0.392140      -0.212971       0.476968      -0.379146       0.392140       0.212971      -0.476968       0.379146      -0.749222
       0.462000      -0.391663      -0.213350       0.478071      -0.378546       0.391663       0.213350      -0.478071       0.378546      -0.749219
       0.463000      -0.391185      -0.213729       0.479175      -0.377945       0.391185       0.213729      -0.479175       0.377945      -0.749217
       0.464000      -0.390706      -0.214107       0.480279      -0.377342       0.390706       0.214107      -0.480279       0.377342      -0.749215
       0.465000      -0.390226      -0.214484       0.481384      -0.376737       0.390226       0.214484      -0.481384       0.376737      -0.749213
       0.466000      -0.389744      -0.214861       0.482489      -0.376129       0.389744       0.214861      -0.482489       0.376129      -0.749211
       0.467000      -0.389262      -0.215237       0.483594      -0.375520       0.389262       0.215237      -0.483594       0.375520      -0.749209
       0.468000      -0.388778      -0.215613       0.484700      -0.374909       0.388778       0.215613      -0.484700       0.374909      -0.749206
       0.469000      -0.388294      -0.215987       0.485806      -0.374295       0.388294       0.215987      -0.485806       0.374295      -0.749204
       0.470000      -0.387808      -0.216362       0.486913      -0.373679       0.387808       0.216362      -0.486913       0.373679      -0.749202
       0.471000      -0.387321      -0.216735       0.488020      -0.373062       0.387321       0.216735      -0.488020       0.373062      -0.749200
       0.472000      -0.386833      -0.217108       0.489127      -0.372442       0.386833       0.217108      -0.489127       0.372442      -0.749198
       0.473000      -0.386344      -0.217481       0.490235      -0.371820       0.386344       0.217481      -0.490235       0.371820      -0.749196
       0.474000      -0.385854      -0.217853       0.491343      -0.371196       0.385854       0.217853      -0.491343       0.371196      -0.749193
       0.475000      -0.385362      -0.218224       0.492452      -0.370570       0.385362       0.218224      -0.492452       0.370570      -0.749191
       0.476000      -0.384870      -0.218594       0.493561      -0.369942       0.384870       0.218594      -0.493561       0.369942      -0.749189
       0.477000      -0.384376      -0.218964       0.494671      -0.369312       0.384376       0.218964      -0.494671       0.369312      -0.749187
       0.478000      -0.383882      -0.219334       0.495781      -0.368680       0.383882       0.219334      -0.495781       0.368680      -0.749185
       0.479000      -0.383386      -0.219702       0.496892      -0.368045       0.383386       0.219702      -0.496892       0.368045      -0.749182
       0.480000      -0.382889      -0.220070       0.498002      -0.367409       0.382889       0.220070      -0.498002       0.367409      -0.749180
       0.481000      -0.382391      -0.220438       0.499114      -0.366770       0.382391       0.220438      -0.499114       0.366770      -0.749178
       0.482000      -0.381892      -0.220805       0.500226      -0.366129       0.381892       0.220805      -0.500226       0.366129      -0.749176
       0.483000      -0.381392      -0.221171       0.501338      -0.365486       0.381392       0.221171      -0.501338       0.365486      -0.749174
       0.484000      -0.380890      -0.221536       0.502450      -0.364841       0.380890       0.221536      -0.502450       0.364841      -0.749171
       0.485000      -0.380388      -0.221901       0.503563      -0.364193       0.380388       0.221901      -0.503563       0.364193      -0.749169
       0.486000      -0.379884      -0.222265       0.504677      -0.363544       0.379884       0.222265      -0.504677       0.363544      -0.749167
       0.487000      -0.379380      -0.222629       0.505791      -0.362892       0.379380       0.222629      -0.505791       0.362892      -0.749165
       0.488000      -0.378874      -0.222992       0.506905      -0.362238       0.378874       0.222992      -0.506905       0.362238      -0.749162
       0.489000      -0.378367      -0.223354       0.508020      -0.361582       0.378367       0.223354      -0.508020       0.361582      -0.749160
       0.490000      -0.377859      -0.223716       0.509135      -0.360924       0.377859       0.223716      -0.509135       0.360924      -0.749158
       0.491000      -0.377350      -0.224076       0.510251      -0.360263       0.377350       0.224076      -0.510251       0.360263      -0.749156
       0.492000      -0.376839      -0.224437       0.511367      -0.359600       0.376839       0.224437      -0.511367       0.359600      -0.749153
       0.493000      -0.376328      -0.224796       0.512483      -0.358935       0.376328       0.224796      -0.512483       0.358935      -0.749151
       0.494000      -0.375816      -0.225155       0.513600      -0.358268       0.375816       0.225155      -0.513600       0.358268      -0.749149
       0.495000      -0.375302      -0.225514       0.514718      -0.357599       0.375302       0.225514      -0.514718       0.357599      -0.749146
       0.496000      -0.374787      -0.225871       0.515835      -0.356927       0.374787       0.225871      -0.515835       0.356927      -0.749144
       0.497000      -0.374271      -0.226228       0.516954      -0.356253       0.374271       0.226228      -0.516954       0.356253      -0.749142
       0.498000      -0.373754      -0.226584       0.518072      -0.355577       0.373754       0.226584      -0.518072       0.355577      -0.749140
       0.499000      -0.373236      -0.226940       0.519191      -0.354899       0.373236       0.226940      -0.519191       0.354899      -0.749137
       0.500000      -0.372717      -0.227295       0.520311      -0.354218       0.372717       0.227295      -0.520311       0.354218      -0.749135
       0.501000      -0.372197      -0.227649       0.521431      -0.353535       0.372197       0.227649      -0.521431       0.353535      -0.749133
       0.502000      -0.371675      -0.228003       0.522551      -0.352850       0.371675       0.228003      -0.522551       0.352850      -0.749130
       0.503000      -0.371153      -0.228355       0.523672      -0.352162       0.371153       0.228355      -0.523672       0.352162      -0.749128
       0.504000      -0.370629      -0.228708       0.524793      -0.351472       0.370629       0.228708      -0.524793       0.351472      -0.749126
       0.505000      -0.370104      -0.229059       0.525915      -0.350780       0.370104       0.229059      -0.525915       0.350780      -0.749123
       0.506000      -0.369579      -0.229410       0.527037      -0.350086       0.369579       0.229410      -0.527037       0.350086      -0.749121
       0.507000      -0.369051      -0.229760       0.528160      -0.349389       0.369051       0.229760      -0.528160       0.349389      -0.749119
       0.508000      -0.368523      -0.230109       0.529283      -0.348690       0.368523       0.230109      -0.529283       0.348690      -0.749116
       0.509000      -0.367994      -0.230458       0.530406      -0.347988       0.367994       0.230458      -0.530406       0.347988      -0.749114
       0.510000      -0.367464      -0.230806       0.531530      -0.347284       0.367464       0.230806      -0.531530       0.347284      -0.749112
       0.511000      -0.366932      -0.231153       0.532654      -0.346578       0.366932       0.231153      -0.532654       0.346578      -0.749109
       0.512000      -0.366399      -0.231500       0.533779      -0.345870       0.366399       0.231500      -0.533779       0.345870      -0.749107
       0.513000      -0.365866      -0.231846       0.534904      -0.345159       0.365866       0.231846      -0.534904       0.345159      -0.749105
       0.514000      -0.365331      -0.232191       0.536030      -0.344445       0.365331       0.232191      -0.536030       0.344445      -0.749102
       0.515000      -0.364795      -0.232535       0.537156      -0.343730       0.364795       0.232535      -0.537156       0.343730      -0.749100
       0.516000      -0.364258      -0.232879       0.538282      -0.343012       0.364258       0.232879      -0.538282       0.343012      -0.749098
       0.517000      -0.363719      -0.233222       0.539409      -0.342291       0.363719       0.233222      -0.539409       0.342291      -0.749095
       0.518000      -0.363180      -0.233564       0.540536      -0.341569       0.363180       0.233564      -0.540536       0.341569      -0.749093
       0.519000      -0.362639      -0.233906       0.541664      -0.340843       0.362639       0.233906      -0.541664       0.340843      -0.749090
       0.520000      -0.362098      -0.234247       0.542792      -0.340116       0.362098       0.234247      -0.542792       0.340116      -0.749088
       0.521000      -0.361555      -0.234587       0.543921      -0.339385       0.361555       0.234587      -0.543921       0.339385      -0.749086
       0.522000      -0.361011      -0.234926       0.545050      -0.338653       0.361011       0.234926      -0.545050       0.338653      -0.749083
       0.523000      -0.360466      -0.235265       0.546179      -0.337918       0.360466       0.235265      -0.546179       0.337918      -0.749081
       0.524000      -0.359920      -0.235603       0.547309      -0.337180       0.359920       0.235603      -0.547309       0.337180      -0.749078
       0.525000      -0.359372      -0.235940       0.548440      -0.336441       0.359372       0.235940      -0.548440       0.336441      -0.749076
       0.526000      -0.358824      -0.236276       0.549570      -0.335698       0.358824       0.236276      -0.549570       0.335698      -0.749074
       0.527000      -0.358274      -0.236612       0.550702      -0.334953       0.358274       0.236612      -0.550702       0.334953      -0.749071
       0.528000      -0.357724      -0.236947       0.551833      -0.334206       0.357724       0.236947      -0.551833       0.334206      -0.749069
       0.529000      -0.357172      -0.237281       0.552965      -0.333456       0.357172       0.237281      -0.552965       0.333456      -0.749066
       0.530000      -0.356619      -0.237615       0.554098      -0.332704       0.356619       0.237615      -0.554098       0.332704      -0.749064
       0.531000      -0.356065      -0.237947       0.555231      -0.331949       0.356065       0.237947      -0.555231       0.331949      -0.749061
       0.532000      -0.355510      -0.238279       0.556364      -0.331191       0.355510       0.238279      -0.556364       0.331191      -0.749059
       0.533000      -0.354953      -0.238611       0.557498      -0.330432       0.354953       0.238611      -0.557498       0.330432      -0.749056
       0.534000      -0.354396      -0.238941       0.558632      -0.329669       0.354396       0.238941      -0.558632       0.329669      -0.749054
       0.535000      -0.353837      -0.239271       0.559767      -0.328904       0.353837       0.239271      -0.559767       0.328904      -0.749051
       0.536000      -0.353277      -0.239600       0.560902      -0.328137       0.353277       0.239600      -0.560902       0.328137      -0.749049
       0.537000      -0.352716      -0.239928       0.562037      -0.327366       0.352716       0.239928      -0.562037       0.327366      -0.749047
       0.538000      -0.352154      -0.240255       0.563173      -0.326594       0.352154       0.240255      -0.563173       0.326594      -0.749044
       0.539000      -0.351591      -0.240582       0.564310      -0.325818       0.351591       0.240582      -0.564310       0.325818      -0.749042
       0.540000      -0.351027      -0.240908       0.565446      -0.325041       0.351027       0.240908      -0.565446       0.325041      -0.749039
       0.541000      -0.350461      -0.241233       0.566584      -0.324260       0.350461       0.241233      -0.566584       0.324260      -0.749037
       0.542000      -0.349895      -0.241557       0.567721      -0.323477       0.349895       0.241557      -0.567721       0.323477      -0.749034
       0.543000      -0.349327      -0.241880       0.568859      -0.322691       0.349327       0.241880      -0.568859       0.322691      -0.749031
       0.544000      -0.348758      -0.242203       0.569998      -0.321903       0.348758       0.242203      -0.569998       0.321903      -0.749029
       0.545000      -0.348188      -0.242525       0.571137      -0.321112       0.348188       0.242525      -0.571137       0.321112      -0.749026
       0.546000      -0.347617      -0.242846       0.572276      -0.320319       0.347617       0.242846      -0.572276       0.320319      -0.749024
       0.547000      -0.347045      -0.243166       0.573416      -0.319522       0.347045       0.243166      -0.573416       0.319522      -0.749021
       0.548000      -0.346471      -0.243486       0.574556      -0.318723       0.346471       0.243486      -0.574556       0.318723      -0.749019
       0.549000      -0.345897      -0.243805       0.575697      -0.317922       0.345897       0.243805      -0.575697       0.317922      -0.749016
       0.550000      -0.345321      -0.244122       0.576838      -0.317118       0.345321       0.244122      -0.576838       0.317118      -0.749014
       0.551000      -0.344744      -0.244440       0.577979      -0.316311       0.344744       0.244440      -0.577979       0.316311      -0.749011
       0.552000      -0.344166      -0.244756       0.579121      -0.315501       0.344166       0.244756      -0.579121       0.315501      -0.749009
       0.553000      -0.343587      -0.245071       0.580263      -0.314689       0.343587       0.245071      -0.580263       0.314689      -0.749006
       0.554000      -0.343007      -0.245386       0.581406      -0.313874       0.343007       0.245386      -0.581406       0.313874      -0.749003
       0.555000      -0.342426      -0.245700       0.582549      -0.313056       0.342426       0.245700      -0.582549       0.313056      -0.749001
       0.556000      -0.341843      -0.246013       0.583693      -0.312235       0.341843       0.246013      -0.583693       0.312235      -0.748998
       0.557000      -0.341259      -0.246325       0.584837      -0.311412       0.341259       0.246325      -0.584837       0.311412      -0.748996
       0.558000      -0.340675      -0.246637       0.585981      -0.310586       0.340675       0.246637      -0.585981       0.310586      -0.748993
       0.559000      -0.340089      -0.246947       0.587126      -0.309757       0.340089       0.246947      -0.587126       0.309757      -0.748990
       0.560000      -0.339501      -0.247257       0.588271      -0.308926       0.339501       0.247257      -0.588271       0.308926      -0.748988
       0.561000      -0.338913      -0.247566       0.589417      -0.308091       0.338913       0.247566      -0.589417       0.308091      -0.748985
       0.562000      -0.338324      -0.247874       0.590563      -0.307254       0.338324       0.247874      -0.590563       0.307254      -0.748982
       0.563000      -0.337733      -0.248181       0.591709      -0.306414       0.337733       0.248181      -0.591709       0.306414      -0.748980
       0.564000      -0.337141      -0.248488       0.592856      -0.305571       0.337141       0.248488      -0.592856       0.305571      -0.748977
       0.565000      -0.336549      -0.248793       0.594003      -0.304726       0.336549       0.248793      -0.594003       0.304726      -0.748975
       0.566000      -0.335955      -0.249098       0.595151      -0.303877       0.335955       0.249098      -0.595151       0.303877      -0.748972
       0.567000      -0.335359      -0.249402       0.596299      -0.303026       0.335359       0.249402      -0.596299       0.303026      -0.748969
       0.568000      -0.334763      -0.249705       0.597447      -0.302172       0.334763       0.249705      -0.597447       0.302172      -0.748967
       0.569000      -0.334166      -0.250007       0.598596      -0.301315       0.334166       0.250007      -0.598596       0.301315      -0.748964
       0.570000      -0.333567      -0.250308       0.599746      -0.300455       0.333567       0.250308      -0.599746       0.300455      -0.748961
       0.571000      -0.332967      -0.250609       0.600895      -0.299592       0.332967       0.250609      -0.600895       0.299592      -0.748958
       0.572000      -0.332366      -0.250908       0.602046      -0.298727       0.332366       0.250908      -0.602046       0.298727      -0.748956
       0.573000      -0.331764      -0.251207       0.603196      -0.297858       0.331764       0.251207      -0.603196       0.297858      -0.748953
       0.574000      -0.331161      -0.251505       0.604347      -0.296987       0.331161       0.251505      -0.604347       0.296987      -0.748950
       0.575000      -0.330557      -0.251802       0.605498      -0.296112       0.330557       0.251802      -0.605498       0.296112      -0.748948
       0.576000      -0.329951      -0.252098       0.606650      -0.295235       0.329951       0.252098      -0.606650       0.295235      -0.748945
       0.577000      -0.329345      -0.252393       0.607802      -0.294355       0.329345       0.252393      -0.607802       0.294355      -0.748942
       0.578000      -0.328737      -0.252688       0.608955      -0.293471       0.328737       0.252688      -0.608955       0.293471      -0.748939
       0.579000      -0.328128      -0.252981       0.610108      -0.292585       0.328128       0.252981      -0.610108       0.292585      -0.748937
       0.580000      -0.327518      -0.253274       0.611261      -0.291696       0.327518       0.253274      -0.611261       0.291696      -0.748934
       0.581000      -0.326907      -0.253565       0.612415      -0.290804       0.326907       0.253565      -0.612415       0.290804      -0.748931
       0.582000      -0.326294      -0.253856       0.613569      -0.289909       0.326294       0.253856      -0.613569       0.289909      -0.748928
       0.583000      -0.325681      -0.254146       0.614723      -0.289010       0.325681       0.254146      -0.614723       0.289010      -0.748926
       0.584000      -0.325066      -0.254435       0.615878      -0.288109       0.325066       0.254435      -0.615878       0.288109      -0.748923
       0.585000      -0.324450      -0.254723       0.617034      -0.287205       0.324450       0.254723      -0.617034       0.287205      -0.748920
       0.586000      -0.323833      -0.255011       0.618189      -0.286298       0.323833       0.255011      -0.618189       0.286298      -0.748917
       0.587000      -0.323215      -0.255297       0.619345      -0.285387       0.323215       0.255297      -0.619345       0.285387      -0.748914
       0.588000      -0.322595      -0.255582       0.620502      -0.284474       0.322595       0.255582      -0.620502       0.284474      -0.748912
       0.589000      -0.321975      -0.255867       0.621659      -0.283557       0.321975       0.255867      -0.621659       0.283557      -0.748909
       0.590000      -0.321353      -0.256150       0.622816      -0.282638       0.321353       0.256150      -0.622816       0.282638      -0.748906
       0.591000      -0.320730      -0.256433       0.623973      -0.281715       0.320730       0.256433      -0.623973       0.281715      -0.748903
       0.592000      -0.320107      -0.256715       0.625131      -0.280789       0.320107       0.256715      -0.625131       0.280789      -0.748900
       0.593000      -0.319481      -0.256995       0.626290      -0.279860       0.319481       0.256995      -0.626290       0.279860      -0.748897
       0.594000      -0.318855      -0.257275       0.627448      -0.278928       0.318855       0.257275      -0.627448       0.278928      -0.748895
       0.595000      -0.318228      -0.257554       0.628607      -0.277993       0.318228       0.257554      -0.628607       0.277993      -0.748892
       0.596000      -0.317599      -0.257832       0.629767      -0.277055       0.317599       0.257832      -0.629767       0.277055      -0.748889
       0.597000      -0.316969      -0.258109       0.630927      -0.276113       0.316969       0.258109      -0.630927       0.276113      -0.748886
       0.598000      -0.316338      -0.258385       0.632087      -0.275168       0.316338       0.258385      -0.632087       0.275168      -0.748883
       0.599000      -0.315706      -0.258660       0.633247      -0.274220       0.315706       0.258660      -0.633247       0.274220      -0.748880
       0.600000      -0.315073      -0.258935       0.634408      -0.273269       0.315073       0.258935      -0.634408       0.273269      -0.748877
       0.601000      -0.314439      -0.259208       0.635570      -0.272315       0.314439       0.259208      -0.635570       0.272315      -0.748874
       0.602000      -0.313803      -0.259480       0.636731      -0.271357       0.313803       0.259480      -0.636731       0.271357      -0.748871
       0.603000      -0.313166      -0.259752       0.637893      -0.270396       0.313166       0.259752      -0.637893       0.270396      -0.748869
       0.604000      -0.312528      -0.260022       0.639056      -0.269432       0.312528       0.260022      -0.639056       0.269432      -0.748866
       0.605000      -0.311889      -0.260291       0.640218      -0.268465       0.311889       0.260291      -0.640218       0.268465      -0.748863
       0.606000      -0.311249      -0.260560       0.641382      -0.267494       0.311249       0.260560      -0.641382       0.267494      -0.748860
       0.607000      -0.310608      -0.260827       0.642545      -0.266520       0.310608       0.260827      -0.642545       0.266520      -0.748857
       0.608000      -0.309965      -0.261094       0.643709      -0.265543       0.309965       0.261094      -0.643709       0.265543      -0.748854
       0.609000      -0.309321      -0.261359       0.644873      -0.264562       0.309321       0.261359      -0.644873       0.264562      -0.748851
       0.610000      -0.308677      -0.261624       0.646037      -0.263578       0.308677       0.261624      -0.646037       0.263578      -0.748848
       0.611000      -0.308031      -0.261888       0.647202      -0.262591       0.308031       0.261888      -0.647202       0.262591      -0.748845
       0.612000      -0.307383      -0.262150       0.648367      -0.261600       0.307383       0.262150      -0.648367       0.261600      -0.748842
       0.613000      -0.306735      -0.262412       0.649533      -0.260606       0.306735       0.262412      -0.649533       0.260606      -0.748839
       0.614000      -0.306085      -0.262672       0.650699      -0.259609       0.306085       0.262672      -0.650699       0.259609      -0.748836
       0.615000      -0.305435      -0.262932       0.651865      -0.258608       0.305435       0.262932      -0.651865       0.258608      -0.748833
       0.616000      -0.304783      -0.263191       0.653031      -0.257604       0.304783       0.263191      -0.653031       0.257604      -0.748830
       0.617000      -0.304130      -0.263448       0.654198      -0.256597       0.304130       0.263448      -0.654198       0.256597      -0.748827
       0.618000      -0.303476      -0.263705       0.655365      -0.255586       0.303476       0.263705      -0.655365       0.255586      -0.748824
       0.619000      -0.302820      -0.263960       0.656533      -0.254571       0.302820       0.263960      -0.656533       0.254571      -0.748821
       0.620000      -0.302164      -0.264215       0.657701      -0.253553       0.302164       0.264215      -0.657701       0.253553      -0.748817
       0.621000      -0.301506      -0.264469       0.658869      -0.252532       0.301506       0.264469      -0.658869       0.252532      -0.748814
       0.622000      -0.300847      -0.264721       0.660037      -0.251507       0.300847       0.264721      -0.660037       0.251507      -0.748811
       0.623000      -0.300187      -0.264973       0.661206      -0.250478       0.300187       0.264973      -0.661206       0.250478      -0.748808
       0.624000      -0.299526      -0.265223       0.662375      -0.249446       0.299526       0.265223      -0.662375       0.249446      -0.748805
       0.625000      -0.298864      -0.265473       0.663544      -0.248411       0.298864       0.265473      -0.663544       0.248411      -0.748802
       0.626000      -0.298200      -0.265721       0.664714      -0.247372       0.298200       0.265721      -0.664714       0.247372      -0.748799
       0.627000      -0.297535      -0.265968       0.665884      -0.246329       0.297535       0.265968      -0.665884       0.246329      -0.748796
       0.628000      -0.296869      -0.266215       0.667054      -0.245283       0.296869       0.266215      -0.667054       0.245283      -0.748793
       0.629000      -0.296202      -0.266460       0.668225      -0.244234       0.296202       0.266460      -0.668225       0.244234      -0.748789
       0.630000      -0.295534      -0.266704       0.669396      -0.243180       0.295534       0.266704      -0.669396       0.243180      -0.748786
       0.631000      -0.294865      -0.266947       0.670567      -0.242123       0.294865       0.266947      -0.670567       0.242123      -0.748783
       0.632000      -0.294194      -0.267189       0.671738      -0.241063       0.294194       0.267189      -0.671738       0.241063      -0.748780
       0.633000      -0.293522      -0.267431       0.672910      -0.239999       0.293522       0.267431      -0.672910       0.239999      -0.748777
       0.634000      -0.292850      -0.267671       0.674082      -0.238931       0.292850       0.267671      -0.674082       0.238931      -0.748773
       0.635000      -0.292175      -0.267909       0.675254      -0.237859       0.292175       0.267909      -0.675254       0.237859      -0.748770
       0.636000      -0.291500      -0.268147       0.676427      -0.236784       0.291500       0.268147      -0.676427       0.236784      -0.748767
       0.637000      -0.290824      -0.268384       0.677600      -0.235705       0.290824       0.268384      -0.677600       0.235705      -0.748764
       0.638000      -0.290146      -0.268620       0.678773      -0.234623       0.290146       0.268620      -0.678773       0.234623      -0.748761
       0.639000      -0.289467      -0.268854       0.679946      -0.233536       0.289467       0.268854      -0.679946       0.233536      -0.748757
       0.640000      -0.288787      -0.269088       0.681120      -0.232446       0.288787       0.269088      -0.681120       0.232446      -0.748754
       0.641000      -0.288106      -0.269320       0.682294      -0.231352       0.288106       0.269320      -0.682294       0.231352      -0.748751
       0.642000      -0.287424      -0.269552       0.683468      -0.230255       0.287424       0.269552      -0.683468       0.230255      -0.748747
       0.643000      -0.286741      -0.269782       0.684643      -0.229153       0.286741       0.269782      -0.684643       0.229153      -0.748744
       0.644000      -0.286056      -0.270011       0.685817      -0.228048       0.286056       0.270011      -0.685817       0.228048      -0.748741
       0.645000      -0.285370      -0.270239       0.686992      -0.226939       0.285370       0.270239      -0.686992       0.226939      -0.748738
       0.646000      -0.284683      -0.270466       0.688167      -0.225826       0.284683       0.270466      -0.688167       0.225826      -0.748734
       0.647000      -0.283995      -0.270692       0.689343      -0.224709       0.283995       0.270692      -0.689343       0.224709      -0.748731
       0.648000      -0.283306      -0.270917       0.690519      -0.223589       0.283306       0.270917      -0.690519       0.223589      -0.748728
       0.649000      -0.282615      -0.271140       0.691694      -0.222464       0.282615       0.271140      -0.691694       0.222464      -0.748724
       0.650000      -0.281923      -0.271363       0.692870      -0.221336       0.281923       0.271363      -0.692870       0.221336      -0.748721
       0.651000      -0.281231      -0.271584       0.694047      -0.220204       0.281231       0.271584      -0.694047       0.220204      -0.748717
       0.652000      -0.280537      -0.271804       0.695223      -0.219068       0.280537       0.271804      -0.695223       0.219068      -0.748714
       0.653000      -0.279841      -0.272023       0.696400      -0.217927       0.279841       0.272023      -0.696400       0.217927      -0.748711
       0.654000      -0.279145      -0.272241       0.697577      -0.216783       0.279145       0.272241      -0.697577       0.216783      -0.748707
       0.655000      -0.278447      -0.272458       0.698754      -0.215635       0.278447       0.272458      -0.698754       0.215635      -0.748704
       0.656000      -0.277749      -0.272674       0.699932      -0.214483       0.277749       0.272674      -0.699932       0.214483      -0.748700
       0.657000      -0.277049      -0.272888       0.701109      -0.213327       0.277049       0.272888      -0.701109       0.213327      -0.748697
       0.658000      -0.276348      -0.273102       0.702287      -0.212167       0.276348       0.273102      -0.702287       0.212167      -0.748693
       0.659000      -0.275645      -0.273314       0.703465      -0.211003       0.275645       0.273314      -0.703465       0.211003      -0.748690
       0.660000      -0.274942      -0.273525       0.704643      -0.209835       0.274942       0.273525      -0.704643       0.209835      -0.748687
       0.661000      -0.274237      -0.273735       0.705822      -0.208662       0.274237       0.273735      -0.705822       0.208662      -0.748683
       0.662000      -0.273531      -0.273943       0.707000      -0.207486       0.273531       0.273943      -0.707000       0.207486      -0.748680
       0.663000      -0.272824      -0.274151       0.708179      -0.206306       0.272824       0.274151      -0.708179       0.206306      -0.748676
       0.664000      -0.272116      -0.274357       0.709358      -0.205121       0.272116       0.274357      -0.709358       0.205121      -0.748672
       0.665000      -0.271407      -0.274562       0.710537      -0.203932       0.271407       0.274562      -0.710537       0.203932      -0.748669
       0.666000      -0.270696      -0.274766       0.711716      -0.202739       0.270696       0.274766      -0.711716       0.202739      -0.748665
       0.667000      -0.269985      -0.274969       0.712895      -0.201542       0.269985       0.274969      -0.712895       0.201542      -0.748662
       0.668000      -0.269272      -0.275170       0.714075      -0.200341       0.269272       0.275170      -0.714075       0.200341      -0.748658
       0.669000      -0.268558      -0.275371       0.715254      -0.199136       0.268558       0.275371      -0.715254       0.199136      -0.748655
       0.670000      -0.267842      -0.275570       0.716434      -0.197926       0.267842       0.275570      -0.716434       0.197926      -0.748651
       0.671000      -0.267126      -0.275768       0.717614      -0.196712       0.267126       0.275768      -0.717614       0.196712      -0.748647
       0.672000      -0.266408      -0.275964       0.718794      -0.195494       0.266408       0.275964      -0.718794       0.195494      -0.748644
       0.673000      -0.265689      -0.276160       0.719974      -0.194271       0.265689       0.276160      -0.719974       0.194271      -0.748640
       0.674000      -0.264969      -0.276354       0.721154      -0.193045       0.264969       0.276354      -0.721154       0.193045      -0.748637
       0.675000      -0.264248      -0.276547       0.722335      -0.191813       0.264248       0.276547      -0.722335       0.191813      -0.748633
       0.676000      -0.263526      -0.276739       0.723515      -0.190578       0.263526       0.276739      -0.723515       0.190578      -0.748629
       0.677000      -0.262802      -0.276930       0.724696      -0.189338       0.262802       0.276930      -0.724696       0.189338      -0.748625
       0.678000      -0.262078      -0.277119       0.725876      -0.188094       0.262078       0.277119      -0.725876       0.188094      -0.748622
       0.679000      -0.261352      -0.277307       0.727057      -0.186846       0.261352       0.277307      -0.727057       0.186846      -0.748618
       0.680000      -0.260625      -0.277494       0.728238      -0.185593       0.260625       0.277494      -0.728238       0.185593      -0.748614
       0.681000      -0.259897      -0.277679       0.729419      -0.184335       0.259897       0.277679      -0.729419       0.184335      -0.748611
       0.682000      -0.259167      -0.277864       0.730600      -0.183073       0.259167       0.277864      -0.730600       0.183073      -0.748607
       0.683000      -0.258437      -0.278047       0.731781      -0.181807       0.258437       0.278047      -0.731781       0.181807      -0.748603
       0.684000      -0.257705      -0.278229       0.732962      -0.180536       0.257705       0.278229      -0.732962       0.180536      -0.748599
       0.685000      -0.256972      -0.278409       0.734143      -0.179261       0.256972       0.278409      -0.734143       0.179261      -0.748595
       0.686000      -0.256238      -0.278588       0.735325      -0.177981       0.256238       0.278588      -0.735325       0.177981      -0.748592
       0.687000      -0.255502      -0.278766       0.736506      -0.176697       0.255502       0.278766      -0.736506       0.176697      -0.748588
       0.688000      -0.254766      -0.278943       0.737687      -0.175408       0.254766       0.278943      -0.737687       0.175408      -0.748584
       0.689000      -0.254028      -0.279119       0.738869      -0.174115       0.254028       0.279119      -0.738869       0.174115      -0.748580
       0.690000      -0.253289      -0.279293       0.740050      -0.172817       0.253289       0.279293      -0.740050       0.172817      -0.748576
       0.691000      -0.252549      -0.279466       0.741231      -0.171514       0.252549       0.279466      -0.741231       0.171514      -0.748572
       0.692000      -0.251808      -0.279637       0.742413      -0.170207       0.251808       0.279637      -0.742413       0.170207      -0.748568
       0.693000      -0.251066      -0.279807       0.743594      -0.168895       0.251066       0.279807      -0.743594       0.168895      -0.748565
       0.694000      -0.250322      -0.279976       0.744776      -0.167578       0.250322       0.279976      -0.744776       0.167578      -0.748561
       0.695000      -0.249577      -0.280144       0.745957      -0.166257       0.249577       0.280144      -0.745957       0.166257      -0.748557
       0.696000      -0.248831      -0.280310       0.747138      -0.164931       0.248831       0.280310      -0.747138       0.164931      -0.748553
       0.697000      -0.248084      -0.280475       0.748320      -0.163600       0.248084       0.280475      -0.748320       0.163600      -0.748549
       0.698000      -0.247336      -0.280638       0.749501      -0.162264       0.247336       0.280638      -0.749501       0.162264      -0.748545
       0.699000      -0.246586      -0.280801       0.750682      -0.160924       0.246586       0.280801      -0.750682       0.160924      -0.748541
       0.700000      -0.245836      -0.280962       0.751863      -0.159579       0.245836       0.280962      -0.751863       0.159579      -0.748537
       0.701000      -0.245084      -0.281121       0.753045      -0.158229       0.245084       0.281121      -0.753045       0.158229      -0.748533
       0.702000      -0.244331      -0.281279       0.754226      -0.156874       0.244331       0.281279      -0.754226       0.156874      -0.748529
       0.703000      -0.243577      -0.281436       0.755407      -0.155515       0.243577       0.281436      -0.755407       0.155515      -0.748525
       0.704000      -0.242821      -0.281592       0.756588      -0.154150       0.242821       0.281592      -0.756588       0.154150      -0.748521
       0.705000      -0.242065      -0.281746       0.757769      -0.152781       0.242065       0.281746      -0.757769       0.152781      -0.748516
       0.706000      -0.241307      -0.281899       0.758949      -0.151406       0.241307       0.281899      -0.758949       0.151406      -0.748512
       0.707000      -0.240548      -0.282050       0.760130      -0.150027       0.240548       0.282050      -0.760130       0.150027      -0.748508
       0.708000      -0.239788      -0.282200       0.761311      -0.148643       0.239788       0.282200      -0.761311       0.148643      -0.748504
       0.709000      -0.239026      -0.282349       0.762491      -0.147254       0.239026       0.282349      -0.762491       0.147254      -0.748500
       0.710000      -0.238264      -0.282496       0.763671      -0.145859       0.238264       0.282496      -0.763671       0.145859      -0.748496
       0.711000      -0.237500      -0.282642       0.764851      -0.144460       0.237500       0.282642      -0.764851       0.144460      -0.748491
       0.712000      -0.236735      -0.282786       0.766032      -0.143056       0.236735       0.282786      -0.766032       0.143056      -0.748487
       0.713000      -0.235969      -0.282930       0.767211      -0.141646       0.235969       0.282930      -0.767211       0.141646      -0.748483
       0.714000      -0.235202      -0.283071       0.768391      -0.140232       0.235202       0.283071      -0.768391       0.140232      -0.748479
       0.715000      -0.234434      -0.283211       0.769571      -0.138812       0.234434       0.283211      -0.769571       0.138812      -0.748475
       0.716000      -0.233664      -0.283350       0.770750      -0.137387       0.233664       0.283350      -0.770750       0.137387      -0.748470
       0.717000      -0.232893      -0.283488       0.771929      -0.135958       0.232893       0.283488      -0.771929       0.135958      -0.748466
       0.718000      -0.232121      -0.283624       0.773108      -0.134522       0.232121       0.283624      -0.773108       0.134522      -0.748462
       0.719000      -0.231348      -0.283758       0.774287      -0.133082       0.231348       0.283758      -0.774287       0.133082      -0.748457
       0.720000      -0.230574      -0.283891       0.775466      -0.131637       0.230574       0.283891      -0.775466       0.131637      -0.748453
       0.721000      -0.229799      -0.284023       0.776644      -0.130186       0.229799       0.284023      -0.776644       0.130186      -0.748449
       0.722000      -0.229022      -0.284153       0.777822      -0.128730       0.229022       0.284153      -0.777822       0.128730      -0.748444
       0.723000      -0.228244      -0.284282       0.779000      -0.127268       0.228244       0.284282      -0.779000       0.127268      -0.748440
       0.724000      -0.227465      -0.284409       0.780177      -0.125802       0.227465       0.284409      -0.780177       0.125802      -0.748435
       0.725000      -0.226685      -0.284535       0.781355      -0.124330       0.226685       0.284535      -0.781355       0.124330      -0.748431
       0.726000      -0.225904      -0.284659       0.782532      -0.122852       0.225904       0.284659      -0.782532       0.122852      -0.748426
       0.727000      -0.225121      -0.284782       0.783709      -0.121369       0.225121       0.284782      -0.783709       0.121369      -0.748422
       0.728000      -0.224337      -0.284903       0.784885      -0.119881       0.224337       0.284903      -0.784885       0.119881      -0.748417
       0.729000      -0.223552      -0.285023       0.786061      -0.118387       0.223552       0.285023      -0.786061       0.118387      -0.748413
       0.730000      -0.222766      -0.285142       0.787237      -0.116888       0.222766       0.285142      -0.787237       0.116888      -0.748408
       0.731000      -0.221979      -0.285258       0.788413      -0.115383       0.221979       0.285258      -0.788413       0.115383      -0.748404
       0.732000      -0.221191      -0.285374       0.789588      -0.113873       0.221191       0.285374      -0.789588       0.113873      -0.748399
       0.733000      -0.220401      -0.285488       0.790763      -0.112358       0.220401       0.285488      -0.790763       0.112358      -0.748395
       0.734000      -0.219610      -0.285600       0.791937      -0.110836       0.219610       0.285600      -0.791937       0.110836      -0.748390
       0.735000      -0.218818      -0.285711       0.793111      -0.109309       0.218818       0.285711      -0.793111       0.109309      -0.748385
       0.736000      -0.218025      -0.285820       0.794285      -0.107777       0.218025       0.285820      -0.794285       0.107777      -0.748381
       0.737000      -0.217231      -0.285928       0.795458      -0.106239       0.217231       0.285928      -0.795458       0.106239      -0.748376
       0.738000      -0.216436      -0.286034       0.796631      -0.104695       0.216436       0.286034      -0.796631       0.104695      -0.748371
       0.739000      -0.215639      -0.286139       0.797803      -0.103145       0.215639       0.286139      -0.797803       0.103145      -0.748367
       0.740000      -0.214841      -0.286242       0.798976      -0.101590       0.214841       0.286242      -0.798976       0.101590      -0.748362
       0.741000      -0.214042      -0.286344       0.800147      -0.100029       0.214042       0.286344      -0.800147       0.100029      -0.748357
       0.742000      -0.213242      -0.286444       0.801318      -0.098463       0.213242       0.286444      -0.801318       0.098463      -0.748352
       0.743000      -0.212441      -0.286542       0.802489      -0.096890       0.212441       0.286542      -0.802489       0.096890      -0.748348
       0.744000      -0.211638      -0.286639       0.803659      -0.095312       0.211638       0.286639      -0.803659       0.095312      -0.748343
       0.745000      -0.210835      -0.286734       0.804829      -0.093727       0.210835       0.286734      -0.804829       0.093727      -0.748338
       0.746000      -0.210030      -0.286828       0.805998      -0.092137       0.210030       0.286828      -0.805998       0.092137      -0.748333
       0.747000      -0.209224      -0.286920       0.807167      -0.090541       0.209224       0.286920      -0.807167       0.090541      -0.748328
       0.748000      -0.208417      -0.287011       0.808335      -0.088939       0.208417       0.287011      -0.808335       0.088939      -0.748323
       0.749000      -0.207608      -0.287100       0.809502      -0.087332       0.207608       0.287100      -0.809502       0.087332      -0.748318
       0.750000      -0.206799      -0.287187       0.810669      -0.085718       0.206799       0.287187      -0.810669       0.085718      -0.748313
       0.751000      -0.205988      -0.287273       0.811836      -0.084098       0.205988       0.287273      -0.811836       0.084098      -0.748308
       0.752000      -0.205176      -0.287357       0.813002      -0.082472       0.205176       0.287357      -0.813002       0.082472      -0.748303
       0.753000      -0.204363      -0.287439       0.814167      -0.080840       0.204363       0.287439      -0.814167       0.080840      -0.748298
       0.754000      -0.203549      -0.287520       0.815332      -0.079202       0.203549       0.287520      -0.815332       0.079202      -0.748293
       0.755000      -0.202734      -0.287599       0.816496      -0.077558       0.202734       0.287599      -0.816496       0.077558      -0.748288
       0.756000      -0.201917      -0.287677       0.817659      -0.075907       0.201917       0.287677      -0.817659       0.075907      -0.748283
       0.757000      -0.201100      -0.287753       0.818822      -0.074251       0.201100       0.287753      -0.818822       0.074251      -0.748278
       0.758000      -0.200281      -0.287827       0.819984      -0.072588       0.200281       0.287827      -0.819984       0.072588      -0.748273
       0.759000      -0.199461      -0.287900       0.821145      -0.070919       0.199461       0.287900      -0.821145       0.070919      -0.748268
       0.760000      -0.198640      -0.287971       0.822305      -0.069244       0.198640       0.287971      -0.822305       0.069244      -0.748263
       0.761000      -0.197817      -0.288040       0.823465      -0.067562       0.197817       0.288040      -0.823465       0.067562      -0.748257
       0.762000      -0.196994      -0.288107       0.824625      -0.065875       0.196994       0.288107      -0.824625       0.065875      -0.748252
       0.763000      -0.196169      -0.288173       0.825783      -0.064181       0.196169       0.288173      -0.825783       0.064181      -0.748247
       0.764000      -0.195343      -0.288237       0.826941      -0.062480       0.195343       0.288237      -0.826941       0.062480      -0.748242
       0.765000      -0.194517      -0.288300       0.828097      -0.060773       0.194517       0.288300      -0.828097       0.060773      -0.748236
       0.766000      -0.193688      -0.288361       0.829253      -0.059060       0.193688       0.288361      -0.829253       0.059060      -0.748231
       0.767000      -0.192859      -0.288420       0.830409      -0.057340       0.192859       0.288420      -0.830409       0.057340      -0.748226
       0.768000      -0.192029      -0.288477       0.831563      -0.055613       0.192029       0.288477      -0.831563       0.055613      -0.748220
       0.769000      -0.191197      -0.288533       0.832716      -0.053881       0.191197       0.288533      -0.832716       0.053881      -0.748215
       0.770000      -0.190365      -0.288587       0.833869      -0.052141       0.190365       0.288587      -0.833869       0.052141      -0.748209
       0.771000      -0.189531      -0.288639       0.835021      -0.050395       0.189531       0.288639      -0.835021       0.050395      -0.748204
       0.772000      -0.188696      -0.288689       0.836172      -0.048642       0.188696       0.288689      -0.836172       0.048642      -0.748198
       0.773000      -0.187859      -0.288738       0.837322      -0.046883       0.187859       0.288738      -0.837322       0.046883      -0.748193
       0.774000      -0.187022      -0.288785       0.838471      -0.045117       0.187022       0.288785      -0.838471       0.045117      -0.748187
       0.775000      -0.186184      -0.288830       0.839619      -0.043344       0.186184       0.288830      -0.839619       0.043344      -0.748182
       0.776000      -0.185344      -0.288873       0.840766      -0.041565       0.185344       0.288873      -0.840766       0.041565      -0.748176
       0.777000      -0.184503      -0.288915       0.841912      -0.039779       0.184503       0.288915      -0.841912       0.039779      -0.748170
       0.778000      -0.183661      -0.288954       0.843057      -0.037986       0.183661       0.288954      -0.843057       0.037986      -0.748165
       0.779000      -0.182818      -0.288992       0.844201      -0.036186       0.182818       0.288992      -0.844201       0.036186      -0.748159
       0.780000      -0.181974      -0.289029       0.845344      -0.034379       0.181974       0.289029      -0.845344       0.034379      -0.748153
       0.781000      -0.181129      -0.289063       0.846486      -0.032566       0.181129       0.289063      -0.846486       0.032566      -0.748148
       0.782000      -0.180282      -0.289096       0.847626      -0.030745       0.180282       0.289096      -0.847626       0.030745      -0.748142
       0.783000      -0.179435      -0.289126       0.848766      -0.028918       0.179435       0.289126      -0.848766       0.028918      -0.748136
       0.784000      -0.178586      -0.289155       0.849904      -0.027083       0.178586       0.289155      -0.849904       0.027083      -0.748130
       0.785000      -0.177736      -0.289182       0.851042      -0.025242       0.177736       0.289182      -0.851042       0.025242      -0.748124
       0.786000      -0.176885      -0.289208       0.852178      -0.023393       0.176885       0.289208      -0.852178       0.023393      -0.748118
       0.787000      -0.176033      -0.289231       0.853313      -0.021537       0.176033       0.289231      -0.853313       0.021537      -0.748112
       0.788000      -0.175179      -0.289253       0.854447      -0.019675       0.175179       0.289253      -0.854447       0.019675      -0.748107
       0.789000      -0.174325      -0.289272       0.855579      -0.017805       0.174325       0.289272      -0.855579       0.017805      -0.748101
       0.790000      -0.173469      -0.289290       0.856710      -0.015927       0.173469       0.289290      -0.856710       0.015927      -0.748094
       0.791000      -0.172613      -0.289306       0.857840      -0.014043       0.172613       0.289306      -0.857840       0.014043      -0.748088
       0.792000      -0.171755      -0.289320       0.858969      -0.012151       0.171755       0.289320      -0.858969       0.012151      -0.748082
       0.793000      -0.170896      -0.289332       0.860096      -0.010252       0.170896       0.289332      -0.860096       0.010252      -0.748076
       0.794000      -0.170036      -0.289342       0.861222      -0.008346       0.170036       0.289342      -0.861222       0.008346      -0.748070
       0.795000      -0.169175      -0.289351       0.862347      -0.006432       0.169175       0.289351      -0.862347       0.006432      -0.748064
       0.796000      -0.168312      -0.289357       0.863470      -0.004511       0.168312       0.289357      -0.863470       0.004511      -0.748058
       0.797000      -0.167449      -0.289362       0.864592      -0.002583       0.167449       0.289362      -0.864592       0.002583      -0.748051
       0.798000      -0.166584      -0.289364       0.865712      -0.000647       0.166584       0.289364      -0.865712       0.000647      -0.748045
       0.799000      -0.165718      -0.289365       0.866831       0.001297       0.165718       0.289365      -0.866831      -0.001297      -0.748039
       0.800000      -0.164852      -0.289364       0.867948       0.003248       0.164852       0.289364      -0.867948      -0.003248      -0.748032
       0.801000      -0.163984      -0.289360       0.869064       0.005206       0.163984       0.289360      -0.869064      -0.005206      -0.748026
       0.802000      -0.163115      -0.289355       0.870178       0.007172       0.163115       0.289355      -0.870178      -0.007172      -0.748020
       0.803000      -0.162244      -0.289348       0.871291       0.009146       0.162244       0.289348      -0.871291      -0.009146      -0.748013
       0.804000      -0.161373      -0.289339       0.872402       0.011128       0.161373       0.289339      -0.872402      -0.011128      -0.748007
       0.805000      -0.160501      -0.289328       0.873512       0.013117       0.160501       0.289328      -0.873512      -0.013117      -0.748000
       0.806000      -0.159627      -0.289315       0.874619       0.015114       0.159627       0.289315      -0.874619      -0.015114      -0.747994
       0.807000      -0.158753      -0.289299       0.875726       0.017119       0.158753       0.289299      -0.875726      -0.017119      -0.747987
       0.808000      -0.157877      -0.289282       0.876830       0.019131       0.157877       0.289282      -0.876830      -0.019131      -0.747980
       0.809000      -0.157000      -0.289263       0.877933       0.021152       0.157000       0.289263      -0.877933      -0.021152      -0.747974
       0.810000      -0.156122      -0.289242       0.879034       0.023180       0.156122       0.289242      -0.879034      -0.023180      -0.747967
       0.811000      -0.155243      -0.289219       0.880133       0.025217       0.155243       0.289219      -0.880133      -0.025217      -0.747960
       0.812000      -0.154363      -0.289194       0.881230       0.027261       0.154363       0.289194      -0.881230      -0.027261      -0.747953
       0.813000      -0.153482      -0.289166       0.882326       0.029313       0.153482       0.289166      -0.882326      -0.029313      -0.747946
       0.814000      -0.152599      -0.289137       0.883419       0.031374       0.152599       0.289137      -0.883419      -0.031374      -0.747940
       0.815000      -0.151716      -0.289106       0.884511       0.033442       0.151716       0.289106      -0.884511      -0.033442      -0.747933
       0.816000      -0.150831      -0.289072       0.885601       0.035519       0.150831       0.289072      -0.885601      -0.035519      -0.747926
       0.817000      -0.149946      -0.289037       0.886689       0.037604       0.149946       0.289037      -0.886689      -0.037604      -0.747919
       0.818000      -0.149059      -0.288999       0.887774       0.039697       0.149059       0.288999      -0.887774      -0.039697      -0.747912
       0.819000      -0.148171      -0.288959       0.888858       0.041798       0.148171       0.288959      -0.888858      -0.041798      -0.747905
       0.820000      -0.147283      -0.288918       0.889940       0.043908       0.147283       0.288918      -0.889940      -0.043908      -0.747897
       0.821000      -0.146393      -0.288874       0.891020       0.046026       0.146393       0.288874      -0.891020      -0.046026      -0.747890
       0.822000      -0.145502      -0.288828       0.892097       0.048152       0.145502       0.288828      -0.892097      -0.048152      -0.747883
       0.823000      -0.144609      -0.288780       0.893172       0.050286       0.144609       0.288780      -0.893172      -0.050286      -0.747876
       0.824000      -0.143716      -0.288729       0.894246       0.052430       0.143716       0.288729      -0.894246      -0.052430      -0.747869
       0.825000      -0.142822      -0.288677       0.895317       0.054581       0.142822       0.288677      -0.895317      -0.054581      -0.747861
       0.826000      -0.141927      -0.288622       0.896385       0.056741       0.141927       0.288622      -0.896385      -0.056741      -0.747854
       0.827000      -0.141030      -0.288566       0.897452       0.058910       0.141030       0.288566      -0.897452      -0.058910      -0.747846
       0.828000      -0.140133      -0.288507       0.898516       0.061087       0.140133       0.288507      -0.898516      -0.061087      -0.747839
       0.829000      -0.139234      -0.288446       0.899578       0.063273       0.139234       0.288446      -0.899578      -0.063273      -0.747831
       0.830000      -0.138335      -0.288382       0.900637       0.065468       0.138335       0.288382      -0.900637      -0.065468      -0.747824
       0.831000      -0.137434      -0.288317       0.901694       0.067671       0.137434       0.288317      -0.901694      -0.067671      -0.747816
       0.832000      -0.136532      -0.288249       0.902748       0.069883       0.136532       0.288249      -0.902748      -0.069883      -0.747809
       0.833000      -0.135630      -0.288179       0.903800       0.072104       0.135630       0.288179      -0.903800      -0.072104      -0.747801
       0.834000      -0.134726      -0.288107       0.904850       0.074334       0.134726       0.288107      -0.904850      -0.074334      -0.747793
       0.835000      -0.133821      -0.288033       0.905897       0.076573       0.133821       0.288033      -0.905897      -0.076573      -0.747785
       0.836000      -0.132915      -0.287956       0.906941       0.078821       0.132915       0.287956      -0.906941      -0.078821      -0.747778
       0.837000      -0.132008      -0.287877       0.907983       0.081077       0.132008       0.287877      -0.907983      -0.081077      -0.747770
       0.838000      -0.131100      -0.287796       0.909022       0.083343       0.131100       0.287796      -0.909022      -0.083343      -0.747762
       0.839000      -0.130191      -0.287713       0.910058       0.085618       0.130191       0.287713      -0.910058      -0.085618      -0.747754
       0.840000      -0.129281      -0.287627       0.911091       0.087902       0.129281       0.287627      -0.911091      -0.087902      -0.747746
       0.841000      -0.128370      -0.287539       0.912122       0.090195       0.128370       0.287539      -0.912122      -0.090195      -0.747738
       0.842000      -0.127458      -0.287449       0.913150       0.092497       0.127458       0.287449      -0.913150      -0.092497      -0.747729
       0.843000      -0.126545      -0.287357       0.914175       0.094808       0.126545       0.287357      -0.914175      -0.094808      -0.747721
       0.844000      -0.125631      -0.287262       0.915197       0.097129       0.125631       0.287262      -0.915197      -0.097129      -0.747713
       0.845000      -0.124715      -0.287165       0.916216       0.099459       0.124715       0.287165      -0.916216      -0.099459      -0.747705
       0.846000      -0.123799      -0.287065       0.917232       0.101799       0.123799       0.287065      -0.917232      -0.101799      -0.747696
       0.847000      -0.122882      -0.286964       0.918245       0.104147       0.122882       0.286964      -0.918245      -0.104147      -0.747688
       0.848000      -0.121964      -0.286859       0.919255       0.106506       0.121964       0.286859      -0.919255      -0.106506      -0.747679
       0.849000      -0.121045      -0.286753       0.920261       0.108874       0.121045       0.286753      -0.920261      -0.108874      -0.747671
       0.850000      -0.120124      -0.286644       0.921265       0.111251       0.120124       0.286644      -0.921265      -0.111251      -0.747662
       0.851000      -0.119203      -0.286533       0.922265       0.113638       0.119203       0.286533      -0.922265      -0.113638      -0.747654
       0.852000      -0.118281      -0.286419       0.923262       0.116035       0.118281       0.286419      -0.923262      -0.116035      -0.747645
       0.853000      -0.117357      -0.286303       0.924256       0.118441       0.117357       0.286303      -0.924256      -0.118441      -0.747636
       0.854000      -0.116433      -0.286185       0.925246       0.120857       0.116433       0.286185      -0.925246      -0.120857      -0.747627
       0.855000      -0.115508      -0.286064       0.926233       0.123283       0.115508       0.286064      -0.926233      -0.123283      -0.747619
       0.856000      -0.114582      -0.285941       0.927217       0.125719       0.114582       0.285941      -0.927217      -0.125719      -0.747610
       0.857000      -0.113655      -0.285815       0.928197       0.128164       0.113655       0.285815      -0.928197      -0.128164      -0.747601
       0.858000      -0.112726      -0.285687       0.929173       0.130620       0.112726       0.285687      -0.929173      -0.130620      -0.747592
       0.859000      -0.111797      -0.285556       0.930146       0.133085       0.111797       0.285556      -0.930146      -0.133085      -0.747583
       0.860000      -0.110867      -0.285423       0.931115       0.135561       0.110867       0.285423      -0.931115      -0.135561      -0.747573
       0.861000      -0.109936      -0.285287       0.932081       0.138046       0.109936       0.285287      -0.932081      -0.138046      -0.747564
       0.862000      -0.109004      -0.285149       0.933042       0.140542       0.109004       0.285149      -0.933042      -0.140542      -0.747555
       0.863000      -0.108071      -0.285009       0.934000       0.143048       0.108071       0.285009      -0.934000      -0.143048      -0.747546
       0.864000      -0.107137      -0.284866       0.934954       0.145564       0.107137       0.284866      -0.934954      -0.145564      -0.747536
       0.865000      -0.106202      -0.284720       0.935904       0.148090       0.106202       0.284720      -0.935904      -0.148090      -0.747527
       0.866000      -0.105266      -0.284572       0.936850       0.150626       0.105266       0.284572      -0.936850      -0.150626      -0.747517
       0.867000      -0.104329      -0.284421       0.937793       0.153173       0.104329       0.284421      -0.937793      -0.153173      -0.747507
       0.868000      -0.103391      -0.284268       0.938731       0.155731       0.103391       0.284268      -0.938731      -0.155731      -0.747498
       0.869000      -0.102453      -0.284113       0.939665       0.158298       0.102453       0.284113      -0.939665      -0.158298      -0.747488
       0.870000      -0.101513      -0.283954       0.940594       0.160877       0.101513       0.283954      -0.940594      -0.160877      -0.747478
       0.871000      -0.100572      -0.283793       0.941520       0.163465       0.100572       0.283793      -0.941520      -0.163465      -0.747468
       0.872000      -0.099631      -0.283630       0.942441       0.166065       0.099631       0.283630      -0.942441      -0.166065      -0.747458
       0.873000      -0.098688      -0.283464       0.943358       0.168675       0.098688       0.283464      -0.943358      -0.168675      -0.747448
       0.874000      -0.097745      -0.283295       0.944270       0.171295       0.097745       0.283295      -0.944270      -0.171295      -0.747438
       0.875000      -0.096801      -0.283124       0.945178       0.173927       0.096801       0.283124      -0.945178      -0.173927      -0.747428
       0.876000      -0.095855      -0.282950       0.946081       0.176569       0.095855       0.282950      -0.946081      -0.176569      -0.747418
       0.877000      -0.094909      -0.282773       0.946980       0.179222       0.094909       0.282773      -0.946980      -0.179222      -0.747407
       0.878000      -0.093962      -0.282594       0.947874       0.181886       0.093962       0.282594      -0.947874      -0.181886      -0.747397
       0.879000      -0.093015      -0.282412       0.948764       0.184561       0.093015       0.282412      -0.948764      -0.184561      -0.747387
       0.880000      -0.092066      -0.282228       0.949648       0.187247       0.092066       0.282228      -0.949648      -0.187247      -0.747376
       0.881000      -0.091116      -0.282041       0.950528       0.189944       0.091116       0.282041      -0.950528      -0.189944      -0.747365
       0.882000      -0.090166      -0.281851       0.951403       0.192652       0.090166       0.281851      -0.951403      -0.192652      -0.747355
       0.883000      -0.089214      -0.281658       0.952273       0.195371       0.089214       0.281658      -0.952273      -0.195371      -0.747344
       0.884000      -0.088262      -0.281463       0.953138       0.198101       0.088262       0.281463      -0.953138      -0.198101      -0.747333
       0.885000      -0.087309      -0.281264       0.953997       0.200843       0.087309       0.281264      -0.953997      -0.200843      -0.747322
       0.886000      -0.086355      -0.281064       0.954852       0.203595       0.086355       0.281064      -0.954852      -0.203595      -0.747311
       0.887000      -0.085400      -0.280860       0.955701       0.206360       0.085400       0.280860      -0.955701      -0.206360      -0.747300
       0.888000      -0.084444      -0.280654       0.956545       0.209135       0.084444       0.280654      -0.956545      -0.209135      -0.747289
       0.889000      -0.083488      -0.280445       0.957384       0.211922       0.083488       0.280445      -0.957384      -0.211922      -0.747278
       0.890000      -0.082530      -0.280233       0.958217       0.214721       0.082530       0.280233      -0.958217      -0.214721      -0.747266
       0.891000      -0.081572      -0.280018       0.959044       0.217531       0.081572       0.280018      -0.959044      -0.217531      -0.747255
       0.892000      -0.080613      -0.279800       0.959866       0.220352       0.080613       0.279800      -0.959866      -0.220352      -0.747243
       0.893000      -0.079653      -0.279580       0.960683       0.223186       0.079653       0.279580      -0.960683      -0.223186      -0.747232
       0.894000      -0.078693      -0.279357       0.961493       0.226031       0.078693       0.279357      -0.961493      -0.226031      -0.747220
       0.895000      -0.077731      -0.279131       0.962298       0.228888       0.077731       0.279131      -0.962298      -0.228888      -0.747208
       0.896000      -0.076769      -0.278902       0.963097       0.231756       0.076769       0.278902      -0.963097      -0.231756      -0.747196
       0.897000      -0.075806      -0.278670       0.963890       0.234637       0.075806       0.278670      -0.963890      -0.234637      -0.747184
       0.898000      -0.074842      -0.278435       0.964676       0.237529       0.074842       0.278435      -0.964676      -0.237529      -0.747172
       0.899000      -0.073877      -0.278198       0.965457       0.240433       0.073877       0.278198      -0.965457      -0.240433      -0.747160
       0.900000      -0.072912      -0.277958       0.966232       0.243350       0.072912       0.277958      -0.966232      -0.243350      -0.747148
       0.901000      -0.071945      -0.277714       0.967000       0.246278       0.071945       0.277714      -0.967000      -0.246278      -0.747135
       0.902000      -0.070978      -0.277468       0.967761       0.249219       0.070978       0.277468      -0.967761      -0.249219      -0.747123
       0.903000      -0.070011      -0.277219       0.968517       0.252171       0.070011       0.277219      -0.968517      -0.252171      -0.747110
       0.904000      -0.069042      -0.276967       0.969266       0.255136       0.069042       0.276967      -0.969266      -0.255136      -0.747098
       0.905000      -0.068073      -0.276711       0.970008       0.258114       0.068073       0.276711      -0.970008      -0.258114      -0.747085
       0.906000      -0.067103      -0.276453       0.970743       0.261103       0.067103       0.276453      -0.970743      -0.261103      -0.747072
       0.907000      -0.066132      -0.276192       0.971472       0.264105       0.066132       0.276192      -0.971472      -0.264105      -0.747059
       0.908000      -0.065161      -0.275928       0.972194       0.267119       0.065161       0.275928      -0.972194      -0.267119      -0.747046
       0.909000      -0.064188      -0.275661       0.972908       0.270146       0.064188       0.275661      -0.972908      -0.270146      -0.747033
       0.910000      -0.063216      -0.275391       0.973616       0.273186       0.063216       0.275391      -0.973616      -0.273186      -0.747020
       0.911000      -0.062242      -0.275118       0.974317       0.276238       0.062242       0.275118      -0.974317      -0.276238      -0.747006
       0.912000      -0.061268      -0.274841       0.975010       0.279303       0.061268       0.274841      -0.975010      -0.279303      -0.746993
       0.913000      -0.060293      -0.274562       0.975696       0.282380       0.060293       0.274562      -0.975696      -0.282380      -0.746979
       0.914000      -0.059317      -0.274280       0.976375       0.285470       0.059317       0.274280      -0.976375      -0.285470      -0.746965
       0.915000      -0.058340      -0.273994       0.977046       0.288573       0.058340       0.273994      -0.977046      -0.288573      -0.746952
       0.916000      -0.057363      -0.273706       0.977709       0.291689       0.057363       0.273706      -0.977709      -0.291689      -0.746938
       0.917000      -0.056386      -0.273414       0.978365       0.294818       0.056386       0.273414      -0.978365      -0.294818      -0.746924
       0.918000      -0.055407      -0.273119       0.979013       0.297959       0.055407       0.273119      -0.979013      -0.297959      -0.746909
       0.919000      -0.054428      -0.272821       0.979653       0.301114       0.054428       0.272821      -0.979653      -0.301114      -0.746895
       0.920000      -0.053449      -0.272520       0.980285       0.304282       0.053449       0.272520      -0.980285      -0.304282      -0.746881
       0.921000      -0.052468      -0.272216       0.980909       0.307463       0.052468       0.272216      -0.980909      -0.307463      -0.746866
       0.922000      -0.051488      -0.271908       0.981524       0.310657       0.051488       0.271908      -0.981524      -0.310657      -0.746852
       0.923000      -0.050506      -0.271598       0.982132       0.313864       0.050506       0.271598      -0.982132      -0.313864      -0.746837
       0.924000      -0.049524      -0.271284       0.982731       0.317085       0.049524       0.271284      -0.982731      -0.317085      -0.746822
       0.925000      -0.048541      -0.270967       0.983321       0.320319       0.048541       0.270967      -0.983321      -0.320319      -0.746807
       0.926000      -0.047558      -0.270646       0.983903       0.323566       0.047558       0.270646      -0.983903      -0.323566      -0.746792
       0.927000      -0.046574      -0.270323       0.984476       0.326827       0.046574       0.270323      -0.984476      -0.326827      -0.746776
       0.928000      -0.045589      -0.269996       0.985040       0.330101       0.045589       0.269996      -0.985040      -0.330101      -0.746761
       0.929000      -0.044604      -0.269666       0.985595       0.333389       0.044604       0.269666      -0.985595      -0.333389      -0.746745
       0.930000      -0.043619      -0.269332       0.986141       0.336691       0.043619       0.269332      -0.986141      -0.336691      -0.746730
       0.931000      -0.042633      -0.268996       0.986678       0.340006       0.042633       0.268996      -0.986678      -0.340006      -0.746714
       0.932000      -0.041646      -0.268656       0.987206       0.343334       0.041646       0.268656      -0.987206      -0.343334      -0.746698
       0.933000      -0.040659      -0.268312       0.987724       0.346677       0.040659       0.268312      -0.987724      -0.346677      -0.746682
       0.934000      -0.039671      -0.267966       0.988232       0.350033       0.039671       0.267966      -0.988232      -0.350033      -0.746666
       0.935000      -0.038683      -0.267616       0.988731       0.353404       0.038683       0.267616      -0.988731      -0.353404      -0.746649
       0.936000      -0.037694      -0.267262       0.989220       0.356788       0.037694       0.267262      -0.989220      -0.356788      -0.746633
       0.937000      -0.036705      -0.266906       0.989700       0.360186       0.036705       0.266906      -0.989700      -0.360186      -0.746616
       0.938000      -0.035715      -0.266545       0.990169       0.363598       0.035715       0.266545      -0.990169      -0.363598      -0.746599
       0.939000      -0.034725      -0.266182       0.990628       0.367024       0.034725       0.266182      -0.990628      -0.367024      -0.746582
       0.940000      -0.033734      -0.265815       0.991077       0.370464       0.033734       0.265815      -0.991077      -0.370464      -0.746565
       0.941000      -0.032743      -0.265444       0.991515       0.373919       0.032743       0.265444      -0.991515      -0.373919      -0.746548
       0.942000      -0.031752      -0.265070       0.991943       0.377387       0.031752       0.265070      -0.991943      -0.377387      -0.746530
       0.943000      -0.030760      -0.264693       0.992360       0.380870       0.030760       0.264693      -0.992360      -0.380870      -0.746513
       0.944000      -0.029767      -0.264312       0.992767       0.384367       0.029767       0.264312      -0.992767      -0.384367      -0.746495
       0.945000      -0.028775      -0.263928       0.993162       0.387879       0.028775       0.263928      -0.993162      -0.387879      -0.746477
       0.946000      -0.027782      -0.263540       0.993546       0.391405       0.027782       0.263540      -0.993546      -0.391405      -0.746459
       0.947000      -0.026788      -0.263148       0.993920       0.394945       0.026788       0.263148      -0.993920      -0.394945      -0.746441
       0.948000      -0.025794      -0.262754       0.994282       0.398500       0.025794       0.262754      -0.994282      -0.398500      -0.746422
       0.949000      -0.024800      -0.262355       0.994632       0.402069       0.024800       0.262355      -0.994632      -0.402069      -0.746404
       0.950000      -0.023805      -0.261953       0.994971       0.405653       0.023805       0.261953      -0.994971      -0.405653      -0.746385
       0.951000      -0.022810      -0.261547       0.995298       0.409252       0.022810       0.261547      -0.995298      -0.409252      -0.746366
       0.952000      -0.021815      -0.261138       0.995613       0.412865       0.021815       0.261138      -0.995613      -0.412865      -0.746347
       0.953000      -0.020819      -0.260725       0.995916       0.416493       0.020819       0.260725      -0.995916      -0.416493      -0.746328
       0.954000      -0.019823      -0.260309       0.996207       0.420136       0.019823       0.260309      -0.996207      -0.420136      -0.746308
       0.955000      -0.018827      -0.259889       0.996485       0.423794       0.018827       0.259889      -0.996485      -0.423794      -0.746289
       0.956000      -0.017831      -0.259465       0.996751       0.427466       0.017831       0.259465      -0.996751      -0.427466      -0.746269
       0.957000      -0.016834      -0.259037       0.997005       0.431153       0.016834       0.259037      -0.997005      -0.431153      -0.746249
       0.958000      -0.015837      -0.258606       0.997245       0.434856       0.015837       0.258606      -0.997245      -0.434856      -0.746229
       0.959000      -0.014840      -0.258171       0.997473       0.438573       0.014840       0.258171      -0.997473      -0.438573      -0.746208
       0.960000      -0.013842      -0.257733       0.997688       0.442305       0.013842       0.257733      -0.997688      -0.442305      -0.746188
       0.961000      -0.012845      -0.257290       0.997889       0.446053       0.012845       0.257290      -0.997889      -0.446053      -0.746167
       0.962000      -0.011847      -0.256844       0.998077       0.449815       0.011847       0.256844      -0.998077      -0.449815      -0.746146
       0.963000      -0.010849      -0.256395       0.998251       0.453593       0.010849       0.256395      -0.998251      -0.453593      -0.746125
       0.964000      -0.009850      -0.255941       0.998411       0.457386       0.009850       0.255941      -0.998411      -0.457386      -0.746104
       0.965000      -0.008852      -0.255484       0.998558       0.461194       0.008852       0.255484      -0.998558      -0.461194      -0.746082
       0.966000      -0.007853      -0.255022       0.998690       0.465017       0.007853       0.255022      -0.998690      -0.465017      -0.746060
       0.967000      -0.006855      -0.254557       0.998809       0.468855       0.006855       0.254557      -0.998809      -0.468855      -0.746038
       0.968000      -0.005856      -0.254088       0.998912       0.472709       0.005856       0.254088      -0.998912      -0.472709      -0.746016
       0.969000      -0.004857      -0.253616       0.999002       0.476578       0.004857       0.253616      -0.999002      -0.476578      -0.745994
       0.970000      -0.003858      -0.253139       0.999076       0.480463       0.003858       0.253139      -0.999076      -0.480463      -0.745971
       0.971000      -0.002859      -0.252659       0.999135       0.484363       0.002859       0.252659      -0.999135      -0.484363      -0.745948
       0.972000      -0.001860      -0.252174       0.999180       0.488279       0.001860       0.252174      -0.999180      -0.488279      -0.745925
       0.973000      -0.000861      -0.251686       0.999209       0.492210       0.000861       0.251686      -0.999209      -0.492210      -0.745902
       0.974000       0.000139      -0.251194       0.999222       0.496156      -0.000139       0.251194      -0.999222      -0.496156      -0.745878
       0.975000       0.001138      -0.250698       0.999220       0.500118      -0.001138       0.250698      -0.999220      -0.500118      -0.745854
       0.976000       0.002137      -0.250198       0.999202       0.504096      -0.002137       0.250198      -0.999202      -0.504096      -0.745830
       0.977000       0.003136      -0.249694       0.999168       0.508089      -0.003136       0.249694      -0.999168      -0.508089      -0.745806
       0.978000       0.004136      -0.249185       0.999118       0.512098      -0.004136       0.249185      -0.999118      -0.512098      -0.745781
       0.979000       0.005135      -0.248673       0.999051       0.516122      -0.005135       0.248673      -0.999051      -0.516122      -0.745757
       0.980000       0.006134      -0.248157       0.998967       0.520163      -0.006134       0.248157      -0.998967      -0.520163      -0.745732
       0.981000       0.007133      -0.247637       0.998867       0.524219      -0.007133       0.247637      -0.998867      -0.524219      -0.745706
       0.982000       0.008132      -0.247113       0.998750       0.528290      -0.008132       0.247113      -0.998750      -0.528290      -0.745681
       0.983000       0.009130      -0.246585       0.998615       0.532378      -0.009130       0.246585      -0.998615      -0.532378      -0.745655
       0.984000       0.010129      -0.246052       0.998463       0.536481      -0.010129       0.246052      -0.998463      -0.536481      -0.745629
       0.985000       0.011127      -0.245516       0.998294       0.540600      -0.011127       0.245516      -0.998294      -0.540600      -0.745603
       0.986000       0.012126      -0.244975       0.998106       0.544734      -0.012126       0.244975      -0.998106      -0.544734      -0.745576
       0.987000       0.013124      -0.244430       0.997901       0.548885      -0.013124       0.244430      -0.997901      -0.548885      -0.745550
       0.988000       0.014122      -0.243881       0.997677       0.553051      -0.014122       0.243881      -0.997677      -0.553051      -0.745522
       0.989000       0.015119      -0.243328       0.997435       0.557233      -0.015119       0.243328      -0.997435      -0.557233      -0.745495
       0.990000       0.016117      -0.242771       0.997174       0.561431      -0.016117       0.242771      -0.997174      -0.561431      -0.745467
       0.991000       0.017114      -0.242210       0.996895       0.565645      -0.017114       0.242210      -0.996895      -0.565645      -0.745439
       0.992000       0.018111      -0.241644       0.996596       0.569875      -0.018111       0.241644      -0.996596      -0.569875      -0.745411
       0.993000       0.019107      -0.241074       0.996277       0.574121      -0.019107       0.241074      -0.996277      -0.574121      -0.745383
       0.994000       0.020104      -0.240500       0.995940       0.578382      -0.020104       0.240500      -0.995940      -0.578382      -0.745354
       0.995000       0.021100      -0.239922       0.995582       0.582659      -0.021100       0.239922      -0.995582      -0.582659      -0.745325
       0.996000       0.022095      -0.239339       0.995205       0.586953      -0.022095       0.239339      -0.995205      -0.586953      -0.745295
       0.997000       0.023090      -0.238752       0.994807       0.591262      -0.023090       0.238752      -0.994807      -0.591262      -0.745266
       0.998000       0.024085      -0.238161       0.994389       0.595587      -0.024085       0.238161      -0.994389      -0.595587      -0.745236
       0.999000       0.025080      -0.237565       0.993950       0.599927      -0.025080       0.237565      -0.993950      -0.599927      -0.745205
       1.000000       0.026074      -0.236965       0.993490       0.604284      -0.026074       0.236965      -0.993490      -0.604284      -0.745174
       1.001000       0.027067      -0.236361       0.993008       0.608657      -0.027067       0.236361      -0.993008      -0.608657      -0.745143
       1.002000       0.028060      -0.235752       0.992506       0.613045      -0.028060       0.235752      -0.992506      -0.613045      -0.745112
       1.003000       0.029053      -0.235139       0.991982       0.617449      -0.029053       0.235139      -0.991982      -0.617449      -0.745080
       1.004000       0.030045      -0.234522       0.991436       0.621869      -0.030045       0.234522      -0.991436      -0.621869      -0.745048
       1.005000       0.031036      -0.233900       0.990867       0.626305      -0.031036       0.233900      -0.990867      -0.626305      -0.745016
       1.006000       0.032027      -0.233274       0.990277       0.630756      -0.032027       0.233274      -0.990277      -0.630756      -0.744983
       1.007000       0.033017      -0.232643       0.989663       0.635224      -0.033017       0.232643      -0.989663      -0.635224      -0.744950
       1.008000       0.034007      -0.232008       0.989027       0.639707      -0.034007       0.232008      -0.989027      -0.639707      -0.744917
       1.009000       0.034996      -0.231368       0.988368       0.644205      -0.034996       0.231368      -0.988368      -0.644205      -0.744883
       1.010000       0.035984      -0.230724       0.987685       0.648720      -0.035984       0.230724      -0.987685      -0.648720      -0.744849
       1.011000       0.036972      -0.230075       0.986978       0.653250      -0.036972       0.230075      -0.986978      -0.653250      -0.744815
       1.012000       0.037959      -0.229422       0.986248       0.657795      -0.037959       0.229422      -0.986248      -0.657795      -0.744780
       1.013000       0.038945      -0.228764       0.985493       0.662357      -0.038945       0.228764      -0.985493      -0.662357      -0.744744
       1.014000       0.039931      -0.228102       0.984714       0.666933      -0.039931       0.228102      -0.984714      -0.666933      -0.744709
       1.015000       0.040915      -0.227435       0.983910       0.671525      -0.040915       0.227435      -0.983910      -0.671525      -0.744673
       1.016000       0.041899      -0.226763       0.983081       0.676133      -0.041899       0.226763      -0.983081      -0.676133      -0.744636
       1.017000       0.042882      -0.226087       0.982227       0.680756      -0.042882       0.226087      -0.982227      -0.680756      -0.744600
       1.018000       0.043865      -0.225406       0.981347       0.685394      -0.043865       0.225406      -0.981347      -0.685394      -0.744562
       1.019000       0.044846      -0.224721       0.980442       0.690048      -0.044846       0.224721      -0.980442      -0.690048      -0.744525
       1.020000       0.045826      -0.224031       0.979510       0.694717      -0.045826       0.224031      -0.979510      -0.694717      -0.744487
       1.021000       0.046806      -0.223336       0.978552       0.699401      -0.046806       0.223336      -0.978552      -0.699401      -0.744448
       1.022000       0.047784      -0.222637       0.977567       0.704100      -0.047784       0.222637      -0.977567      -0.704100      -0.744410
       1.023000       0.048762      -0.221933       0.976555       0.708814      -0.048762       0.221933      -0.976555      -0.708814      -0.744370
       1.024000       0.049739      -0.221224       0.975516       0.713543      -0.049739       0.221224      -0.975516      -0.713543      -0.744331
       1.025000       0.050714      -0.220510       0.974450       0.718288      -0.050714       0.220510      -0.974450      -0.718288      -0.744290
       1.026000       0.051688      -0.219792       0.973355       0.723046      -0.051688       0.219792      -0.973355      -0.723046      -0.744250
       1.027000       0.052662      -0.219069       0.972232       0.727820      -0.052662       0.219069      -0.972232      -0.727820      -0.744209
       1.028000       0.053634      -0.218341       0.971081       0.732608      -0.053634       0.218341      -0.971081      -0.732608      -0.744167
       1.029000       0.054605      -0.217609       0.969902       0.737411      -0.054605       0.217609      -0.969902      -0.737411      -0.744125
       1.030000       0.055575      -0.216871       0.968693       0.742229      -0.055575       0.216871      -0.968693      -0.742229      -0.744083
       1.031000       0.056544      -0.216129       0.967455       0.747060      -0.056544       0.216129      -0.967455      -0.747060      -0.744040
       1.032000       0.057511      -0.215382       0.966187       0.751906      -0.057511       0.215382      -0.966187      -0.751906      -0.743997
       1.033000       0.058477      -0.214630       0.964889       0.756767      -0.058477       0.214630      -0.964889      -0.756767      -0.743953
       1.034000       0.059442      -0.213873       0.963561       0.761641      -0.059442       0.213873      -0.963561      -0.761641      -0.743908
       1.035000       0.060406      -0.213112       0.962202       0.766529      -0.060406       0.213112      -0.962202      -0.766529      -0.743863
       1.036000       0.061368      -0.212345       0.960813       0.771431      -0.061368       0.212345      -0.960813      -0.771431      -0.743818
       1.037000       0.062329      -0.211574       0.959392       0.776347      -0.062329       0.211574      -0.959392      -0.776347      -0.743772
       1.038000       0.063288      -0.210797       0.957940       0.781277      -0.063288       0.210797      -0.957940      -0.781277      -0.743726
       1.039000       0.064246      -0.210016       0.956456       0.786220      -0.064246       0.210016      -0.956456      -0.786220      -0.743679
       1.040000       0.065203      -0.209230       0.954940       0.791176      -0.065203       0.209230      -0.954940      -0.791176      -0.743631
       1.041000       0.066158      -0.208439       0.953391       0.796145      -0.066158       0.208439      -0.953391      -0.796145      -0.743583
       1.042000       0.067111      -0.207642       0.951810       0.801128      -0.067111       0.207642      -0.951810      -0.801128      -0.743535
       1.043000       0.068063      -0.206841       0.950195       0.806124      -0.068063       0.206841      -0.950195      -0.806124      -0.743486
       1.044000       0.069013      -0.206035       0.948547       0.811132      -0.069013       0.206035      -0.948547      -0.811132      -0.743436
       1.045000       0.069962      -0.205224       0.946865       0.816153      -0.069962       0.205224      -0.946865      -0.816153      -0.743386
       1.046000       0.070908      -0.204408       0.945149       0.821186      -0.070908       0.204408      -0.945149      -0.821186      -0.743335
       1.047000       0.071854      -0.203587       0.943399       0.826232      -0.071854       0.203587      -0.943399      -0.826232      -0.743284
       1.048000       0.072797      -0.202760       0.941614       0.831290      -0.072797       0.202760      -0.941614      -0.831290      -0.743232
       1.049000       0.073739      -0.201929       0.939794       0.836359      -0.073739       0.201929      -0.939794      -0.836359      -0.743180
       1.050000       0.074678      -0.201093       0.937938       0.841441      -0.074678       0.201093      -0.937938      -0.841441      -0.743126
       1.051000       0.075616      -0.200251       0.936047       0.846534      -0.075616       0.200251      -0.936047      -0.846534      -0.743073
       1.052000       0.076552      -0.199405       0.934119       0.851639      -0.076552       0.199405      -0.934119      -0.851639      -0.743018
       1.053000       0.077486      -0.198553       0.932155       0.856754      -0.077486       0.198553      -0.932155      -0.856754      -0.742964
       1.054000       0.078419      -0.197696       0.930155       0.861881      -0.078419       0.197696      -0.930155      -0.861881      -0.742908
       1.055000       0.079349      -0.196835       0.928117       0.867019      -0.079349       0.196835      -0.928117      -0.867019      -0.742852
       1.056000       0.080277      -0.195968       0.926041       0.872167      -0.080277       0.195968      -0.926041      -0.872167      -0.742795
       1.057000       0.081203      -0.195095       0.923928       0.877325      -0.081203       0.195095      -0.923928      -0.877325      -0.742738
       1.058000       0.082127      -0.194218       0.921777       0.882494      -0.082127       0.194218      -0.921777      -0.882494      -0.742679
       1.059000       0.083049      -0.193336       0.919587       0.887672      -0.083049       0.193336      -0.919587      -0.887672      -0.742621
       1.060000       0.083968      -0.192448       0.917359       0.892860      -0.083968       0.192448      -0.917359      -0.892860      -0.742561
       1.061000       0.084886      -0.191555       0.915091       0.898057      -0.084886       0.191555      -0.915091      -0.898057      -0.742501
       1.062000       0.085801      -0.190657       0.912784       0.903264      -0.085801       0.190657      -0.912784      -0.903264      -0.742440
       1.063000       0.086713      -0.189754       0.910437       0.908479      -0.086713       0.189754      -0.910437      -0.908479      -0.742379
       1.064000       0.087624      -0.188845       0.908049       0.913704      -0.087624       0.188845      -0.908049      -0.913704      -0.742317
       1.065000       0.088532      -0.187932       0.905622       0.918936      -0.088532       0.187932      -0.905622      -0.918936      -0.742254
       1.066000       0.089438      -0.187013       0.903153       0.924177      -0.089438       0.187013      -0.903153      -0.924177      -0.742190
       1.067000       0.090341      -0.186088       0.900643       0.929425      -0.090341       0.186088      -0.900643      -0.929425      -0.742126
       1.068000       0.091241      -0.185159       0.898091       0.934681      -0.091241       0.185159      -0.898091      -0.934681      -0.742061
       1.069000       0.092139      -0.184224       0.895498       0.939944      -0.092139       0.184224      -0.895498      -0.939944      -0.741995
       1.070000       0.093035      -0.183284       0.892862       0.945214      -0.093035       0.183284      -0.892862      -0.945214      -0.741928
       1.071000       0.093928      -0.182339       0.890184       0.950490      -0.093928       0.182339      -0.890184      -0.950490      -0.741861
       1.072000       0.094818      -0.181389       0.887462       0.955773      -0.094818       0.181389      -0.887462      -0.955773      -0.741793
       1.073000       0.095705      -0.180433       0.884698       0.961062      -0.095705       0.180433      -0.884698      -0.961062      -0.741724
       1.074000       0.096590      -0.179472       0.881890       0.966356      -0.096590       0.179472      -0.881890      -0.966356      -0.741654
       1.075000       0.097472      -0.178505       0.879037       0.971655      -0.097472       0.178505      -0.879037      -0.971655      -0.741584
       1.076000       0.098351      -0.177534       0.876141       0.976960      -0.098351       0.177534      -0.876141      -0.976960      -0.741513
       1.077000       0.099227      -0.176557       0.873200       0.982269      -0.099227       0.176557      -0.873200      -0.982269      -0.741441
       1.078000       0.100100      -0.175575       0.870214       0.987582      -0.100100       0.175575      -0.870214      -0.987582      -0.741368
       1.079000       0.100971      -0.174587       0.867182       0.992899      -0.100971       0.174587      -0.867182      -0.992899      -0.741294
       1.080000       0.101838      -0.173594       0.864105       0.998220      -0.101838       0.173594      -0.864105      -0.998220      -0.741220
       1.081000       0.102702      -0.172596       0.860982       1.003543      -0.102702       0.172596      -0.860982      -1.003543      -0.741144
       1.082000       0.103563      -0.171592       0.857813       1.008869      -0.103563       0.171592      -0.857813      -1.008869      -0.741068
       1.083000       0.104421      -0.170583       0.854597       1.014198      -0.104421       0.170583      -0.854597      -1.014198      -0.740991
       1.084000       0.105275      -0.169569       0.851334       1.019528      -0.105275       0.169569      -0.851334      -1.019528      -0.740913
       1.085000       0.106127      -0.168550       0.848024       1.024860      -0.106127       0.168550      -0.848024      -1.024860      -0.740835
       1.086000       0.106975      -0.167525       0.844666       1.030192      -0.106975       0.167525      -0.844666      -1.030192      -0.740755
       1.087000       0.107819      -0.166495       0.841261       1.035526      -0.107819       0.166495      -0.841261      -1.035526      -0.740675
       1.088000       0.108661      -0.165459       0.837807       1.040859      -0.108661       0.165459      -0.837807      -1.040859      -0.740593
       1.089000       0.109498      -0.164418       0.834305       1.046192      -0.109498       0.164418      -0.834305      -1.046192      -0.740511
       1.090000       0.110333      -0.163372       0.830754       1.051524      -0.110333       0.163372      -0.830754      -1.051524      -0.740428
       1.091000       0.111163      -0.162321       0.827154       1.056855      -0.111163       0.162321      -0.827154      -1.056855      -0.740344
       1.092000       0.111991      -0.161264       0.823504       1.062184      -0.111991       0.161264      -0.823504      -1.062184      -0.740259
       1.093000       0.112814      -0.160202       0.819805       1.067511      -0.112814       0.160202      -0.819805      -1.067511      -0.740173
       1.094000       0.113634      -0.159134       0.816055       1.072835      -0.113634       0.159134      -0.816055      -1.072835      -0.740086
       1.095000       0.114450      -0.158061       0.812256       1.078156      -0.114450       0.158061      -0.812256      -1.078156      -0.739998
       1.096000       0.115262      -0.156983       0.808406       1.083473      -0.115262       0.156983      -0.808406      -1.083473      -0.739909
       1.097000       0.116071      -0.155900       0.804505       1.088786      -0.116071       0.155900      -0.804505      -1.088786      -0.739819
       1.098000       0.116875      -0.154811       0.800553       1.094094      -0.116875       0.154811      -0.800553      -1.094094      -0.739729
       1.099000       0.117676      -0.153717       0.796549       1.099397      -0.117676       0.153717      -0.796549      -1.099397      -0.739637
       1.100000       0.118472      -0.152617       0.792494       1.104694      -0.118472       0.152617      -0.792494      -1.104694      -0.739544
       1.101000       0.119265      -0.151513       0.788387       1.109985      -0.119265       0.151513      -0.788387      -1.109985      -0.739450
       1.102000       0.120053      -0.150403       0.784228       1.115268      -0.120053       0.150403      -0.784228      -1.115268      -0.739356
       1.103000       0.120837      -0.149287       0.780017       1.120544      -0.120837       0.149287      -0.780017      -1.120544      -0.739260
       1.104000       0.121617      -0.148167       0.775753       1.125812      -0.121617       0.148167      -0.775753      -1.125812      -0.739163
       1.105000       0.122393      -0.147041       0.771437       1.131071      -0.122393       0.147041      -0.771437      -1.131071      -0.739065
       1.106000       0.123165      -0.145910       0.767067       1.136321      -0.123165       0.145910      -0.767067      -1.136321      -0.738967
       1.107000       0.123932      -0.144774       0.762644       1.141560      -0.123932       0.144774      -0.762644      -1.141560      -0.738867
       1.108000       0.124694      -0.143632       0.758167       1.146790      -0.124694       0.143632      -0.758167      -1.146790      -0.738766
       1.109000       0.125452      -0.142485       0.753637       1.152008      -0.125452       0.142485      -0.753637      -1.152008      -0.738664
       1.110000       0.126206      -0.141333       0.749053       1.157214      -0.126206       0.141333      -0.749053      -1.157214      -0.738561
       1.111000       0.126955      -0.140176       0.744416       1.162408      -0.126955       0.140176      -0.744416      -1.162408      -0.738457
       1.112000       0.127700      -0.139014       0.739723       1.167589      -0.127700       0.139014      -0.739723      -1.167589      -0.738352
       1.113000       0.128439      -0.137846       0.734977       1.172756      -0.128439       0.137846      -0.734977      -1.172756      -0.738246
       1.114000       0.129174      -0.136673       0.730176       1.177908      -0.129174       0.136673      -0.730176      -1.177908      -0.738138
       1.115000       0.129904      -0.135495       0.725320       1.183046      -0.129904       0.135495      -0.725320      -1.183046      -0.738030
       1.116000       0.130630      -0.134312       0.720410       1.188167      -0.130630       0.134312      -0.720410      -1.188167      -0.737921
       1.117000       0.131350      -0.133124       0.715445       1.193273      -0.131350       0.133124      -0.715445      -1.193273      -0.737810
       1.118000       0.132066      -0.131931       0.710424       1.198361      -0.132066       0.131931      -0.710424      -1.198361      -0.737698
       1.119000       0.132776      -0.130733       0.705349       1.203431      -0.132776       0.130733      -0.705349      -1.203431      -0.737586
       1.120000       0.133481      -0.129529       0.700218       1.208483      -0.133481       0.129529      -0.700218      -1.208483      -0.737472
       1.121000       0.134182      -0.128321       0.695032       1.213516      -0.134182       0.128321      -0.695032      -1.213516      -0.737357
       1.122000       0.134877      -0.127107       0.689790       1.218528      -0.134877       0.127107      -0.689790      -1.218528      -0.737241
       1.123000       0.135566      -0.125889       0.684493       1.223520      -0.135566       0.125889      -0.684493      -1.223520      -0.737123
       1.124000       0.136251      -0.124665       0.679141       1.228490      -0.136251       0.124665      -0.679141      -1.228490      -0.737005
       1.125000       0.136930      -0.123437       0.673733       1.233439      -0.136930       0.123437      -0.673733      -1.233439      -0.736886
       1.126000       0.137604      -0.122203       0.668269       1.238364      -0.137604       0.122203      -0.668269      -1.238364      -0.736765
       1.127000       0.138272      -0.120965       0.662750       1.243265      -0.138272       0.120965      -0.662750      -1.243265      -0.736643
       1.128000       0.138935      -0.119722       0.657175       1.248142      -0.138935       0.119722      -0.657175      -1.248142      -0.736520
       1.129000       0.139592      -0.118473       0.651545       1.252994      -0.139592       0.118473      -0.651545      -1.252994      -0.736396
       1.130000       0.140243      -0.117220       0.645859       1.257820      -0.140243       0.117220      -0.645859      -1.257820      -0.736271
       1.131000       0.140889      -0.115963       0.640117       1.262619      -0.140889       0.115963      -0.640117      -1.262619      -0.736145
       1.132000       0.141529      -0.114700       0.634320       1.267390      -0.141529       0.114700      -0.634320      -1.267390      -0.736017
       1.133000       0.142164      -0.113433       0.628468       1.272133      -0.142164       0.113433      -0.628468      -1.272133      -0.735889
       1.134000       0.142792      -0.112160       0.622560       1.276847      -0.142792       0.112160      -0.622560      -1.276847      -0.735759
       1.135000       0.143415      -0.110884       0.616597       1.281531      -0.143415       0.110884      -0.616597      -1.281531      -0.735628
       1.136000       0.144031      -0.109602       0.610578       1.286184      -0.144031       0.109602      -0.610578      -1.286184      -0.735496
       1.137000       0.144642      -0.108316       0.604505       1.290806      -0.144642       0.108316      -0.604505      -1.290806      -0.735363
       1.138000       0.145247      -0.107025       0.598377       1.295395      -0.145247       0.107025      -0.598377      -1.295395      -0.735228
       1.139000       0.145845      -0.105730       0.592194       1.299951      -0.145845       0.105730      -0.592194      -1.299951      -0.735093
       1.140000       0.146437      -0.104430       0.585956       1.304473      -0.146437       0.104430      -0.585956      -1.304473      -0.734956
       1.141000       0.147023      -0.103125       0.579664       1.308960      -0.147023       0.103125      -0.579664      -1.308960      -0.734818
       1.142000       0.147603      -0.101816       0.573318       1.313411      -0.147603       0.101816      -0.573318      -1.313411      -0.734679
       1.143000       0.148176      -0.100503       0.566918       1.317826      -0.148176       0.100503      -0.566918      -1.317826      -0.734539
       1.144000       0.148743      -0.099185       0.560463       1.322204      -0.148743       0.099185      -0.560463      -1.322204      -0.734398
       1.145000       0.149303      -0.097863       0.553956       1.326543      -0.149303       0.097863      -0.553956      -1.326543      -0.734255
       1.146000       0.149857      -0.096536       0.547395       1.330844      -0.149857       0.096536      -0.547395      -1.330844      -0.734112
       1.147000       0.150405      -0.095205       0.540781       1.335104      -0.150405       0.095205      -0.540781      -1.335104      -0.733967
       1.148000       0.150946      -0.093870       0.534114       1.339324      -0.150946       0.093870      -0.534114      -1.339324      -0.733821
       1.149000       0.151480      -0.092531       0.527395       1.343503      -0.151480       0.092531      -0.527395      -1.343503      -0.733674
       1.150000       0.152007      -0.091188       0.520624       1.347639      -0.152007       0.091188      -0.520624      -1.347639      -0.733526
       1.151000       0.152528      -0.089840       0.513801       1.351732      -0.152528       0.089840      -0.513801      -1.351732      -0.733377
       1.152000       0.153041      -0.088488       0.506927       1.355781      -0.153041       0.088488      -0.506927      -1.355781      -0.733227
       1.153000       0.153548      -0.087132       0.500002       1.359785      -0.153548       0.087132      -0.500002      -1.359785      -0.733075
       1.154000       0.154048      -0.085773       0.493026       1.363744      -0.154048       0.085773      -0.493026      -1.363744      -0.732923
       1.155000       0.154541      -0.084409       0.486000       1.367656      -0.154541       0.084409      -0.486000      -1.367656      -0.732769
       1.156000       0.155027      -0.083041       0.478924       1.371520      -0.155027       0.083041      -0.478924      -1.371520      -0.732615
       1.157000       0.155506      -0.081670       0.471799       1.375337      -0.155506       0.081670      -0.471799      -1.375337      -0.732459
       1.158000       0.155978      -0.080294       0.464625       1.379105      -0.155978       0.080294      -0.464625      -1.379105      -0.732302
       1.159000       0.156443      -0.078915       0.457403       1.382823      -0.156443       0.078915      -0.457403      -1.382823      -0.732145
       1.160000       0.156900      -0.077532       0.450132       1.386490      -0.156900       0.077532      -0.450132      -1.386490      -0.731986
       1.161000       0.157350      -0.076146       0.442815       1.390106      -0.157350       0.076146      -0.442815      -1.390106      -0.731826
       1.162000       0.157793      -0.074756       0.435451       1.393670      -0.157793       0.074756      -0.435451      -1.393670      -0.731665
       1.163000       0.158229      -0.073362       0.428040       1.397181      -0.158229       0.073362      -0.428040      -1.397181      -0.731503
       1.164000       0.158657      -0.071965       0.420584       1.400638      -0.158657       0.071965      -0.420584      -1.400638      -0.731340
       1.165000       0.159077      -0.070564       0.413082       1.404040      -0.159077       0.070564      -0.413082      -1.404040      -0.731176
       1.166000       0.159490      -0.069160       0.405536       1.407387      -0.159490       0.069160      -0.405536      -1.407387      -0.731012
       1.167000       0.159896      -0.067753       0.397947       1.410679      -0.159896       0.067753      -0.397947      -1.410679      -0.730846
       1.168000       0.160294      -0.066342       0.390314       1.413913      -0.160294       0.066342      -0.390314      -1.413913      -0.730679
       1.169000       0.160684      -0.064928       0.382638       1.417090      -0.160684       0.064928      -0.382638      -1.417090      -0.730511
       1.170000       0.161067      -0.063511       0.374921       1.420208      -0.161067       0.063511      -0.374921      -1.420208      -0.730343
       1.171000       0.161442      -0.062091       0.367162       1.423267      -0.161442       0.062091      -0.367162      -1.423267      -0.730173
       1.172000       0.161809      -0.060668       0.359363       1.426267      -0.161809       0.060668      -0.359363      -1.426267      -0.730003
       1.173000       0.162168      -0.059241       0.351524       1.429206      -0.162168       0.059241      -0.351524      -1.429206      -0.729832
       1.174000       0.162520      -0.057812       0.343647       1.432084      -0.162520       0.057812      -0.343647      -1.432084      -0.729660
       1.175000       0.162863      -0.056380       0.335731       1.434900      -0.162863       0.056380      -0.335731      -1.434900      -0.729487
       1.176000       0.163199      -0.054945       0.327777       1.437653      -0.163199       0.054945      -0.327777      -1.437653      -0.729313
       1.177000       0.163527      -0.053508       0.319787       1.440343      -0.163527       0.053508      -0.319787      -1.440343      -0.729138
       1.178000       0.163847      -0.052067       0.311761       1.442969      -0.163847       0.052067      -0.311761      -1.442969      -0.728963
       1.179000       0.164158      -0.050624       0.303700       1.445531      -0.164158       0.050624      -0.303700      -1.445531      -0.728787
       1.180000       0.164462      -0.049179       0.295604       1.448028      -0.164462       0.049179      -0.295604      -1.448028      -0.728610
       1.181000       0.164758      -0.047731       0.287476       1.450458      -0.164758       0.047731      -0.287476      -1.450458      -0.728432
       1.182000       0.165045      -0.046280       0.279315       1.452822      -0.165045       0.046280      -0.279315      -1.452822      -0.728254
       1.183000       0.165324      -0.044827       0.271122       1.455120      -0.165324       0.044827      -0.271122      -1.455120      -0.728075
       1.184000       0.165596      -0.043372       0.262899       1.457350      -0.165596       0.043372      -0.262899      -1.457350      -0.727895
       1.185000       0.165858      -0.041915       0.254646       1.459511      -0.165858       0.041915      -0.254646      -1.459511      -0.727715
       1.186000       0.166113      -0.040455       0.246364       1.461604      -0.166113       0.040455      -0.246364      -1.461604      -0.727534
       1.187000       0.166359      -0.038994       0.238054       1.463628      -0.166359       0.038994      -0.238054      -1.463628      -0.727352
       1.188000       0.166598      -0.037530       0.229717       1.465582      -0.166598       0.037530      -0.229717      -1.465582      -0.727170
       1.189000       0.166827      -0.036065       0.221354       1.467466      -0.166827       0.036065      -0.221354      -1.467466      -0.726988
       1.190000       0.167049      -0.034597       0.212966       1.469279      -0.167049       0.034597      -0.212966      -1.469279      -0.726804
       1.191000       0.167262      -0.033128       0.204554       1.471022      -0.167262       0.033128      -0.204554      -1.471022      -0.726621
       1.192000       0.167466      -0.031657       0.196119       1.472692      -0.167466       0.031657      -0.196119      -1.472692      -0.726436
       1.193000       0.167662      -0.030184       0.187662       1.474291      -0.167662       0.030184      -0.187662      -1.474291      -0.726252
       1.194000       0.167850      -0.028710       0.179184       1.475817      -0.167850       0.028710      -0.179184      -1.475817      -0.726067
       1.195000       0.168029      -0.027234       0.170686       1.477271      -0.168029       0.027234      -0.170686      -1.477271      -0.725881
       1.196000       0.168200      -0.025757       0.162170       1.478651      -0.168200       0.025757      -0.162170      -1.478651      -0.725695
       1.197000       0.168362      -0.024278       0.153635       1.479958      -0.168362       0.024278      -0.153635      -1.479958      -0.725509
       1.198000       0.168516      -0.022798       0.145083       1.481191      -0.168516       0.022798      -0.145083      -1.481191      -0.725322
       1.199000       0.168661      -0.021317       0.136516       1.482350      -0.168661       0.021317      -0.136516      -1.482350      -0.725135
       1.200000       0.168797      -0.019835       0.127934       1.483435      -0.168797       0.019835      -0.127934      -1.483435      -0.724948
       1.201000       0.168925      -0.018351       0.119338       1.484445      -0.168925       0.018351      -0.119338      -1.484445      -0.724760
       1.202000       0.169044      -0.016867       0.110730       1.485380      -0.169044       0.016867      -0.110730      -1.485380      -0.724572
       1.203000       0.169155      -0.015381       0.102111       1.486240      -0.169155       0.015381      -0.102111      -1.486240      -0.724384
       1.204000       0.169257      -0.013895       0.093481       1.487025      -0.169257       0.013895      -0.093481      -1.487025      -0.724196
       1.205000       0.169351      -0.012408       0.084842       1.487734      -0.169351       0.012408      -0.084842      -1.487734      -0.724008
       1.206000       0.169436      -0.010920       0.076194       1.488368      -0.169436       0.010920      -0.076194      -1.488368      -0.723819
       1.207000       0.169512      -0.009432       0.067540       1.488925      -0.169512       0.009432      -0.067540      -1.488925      -0.723631
       1.208000       0.169579      -0.007943       0.058880       1.489407      -0.169579       0.007943      -0.058880      -1.489407      -0.723442
       1.209000       0.169638      -0.006454       0.050215       1.489813      -0.169638       0.006454      -0.050215      -1.489813      -0.723253
       1.210000       0.169688      -0.004964       0.041546       1.490143      -0.169688       0.004964      -0.041546      -1.490143      -0.723064
       1.211000       0.169730      -0.003474       0.032875       1.490397      -0.169730       0.003474      -0.032875      -1.490397      -0.722876
       1.212000       0.169763      -0.001983       0.024203       1.490574      -0.169763       0.001983      -0.024203      -1.490574      -0.722687
       1.213000       0.169787      -0.000493       0.015530       1.490675      -0.169787       0.000493      -0.015530      -1.490675      -0.722498
       1.214000       0.169803       0.000998       0.006858       1.490701      -0.169803      -0.000998      -0.006858      -1.490701      -0.722309
       1.215000       0.169809       0.002489      -0.001813       1.490650      -0.169809      -0.002489       0.001813      -1.490650      -0.722121
       1.216000       0.169808       0.003979      -0.010480       1.490523      -0.169808      -0.003979       0.010480      -1.490523      -0.721932
       1.217000       0.169797       0.005470      -0.019143       1.490320      -0.169797      -0.005470       0.019143      -1.490320      -0.721744
       1.218000       0.169778       0.006960      -0.027800       1.490041      -0.169778      -0.006960       0.027800      -1.490041      -0.721556
       1.219000       0.169750       0.008450      -0.036452       1.489686      -0.169750      -0.008450       0.036452      -1.489686      -0.721368
       1.220000       0.169714       0.009940      -0.045096       1.489256      -0.169714      -0.009940       0.045096      -1.489256      -0.721180
       1.221000       0.169669       0.011429      -0.053731       1.488750      -0.169669      -0.011429       0.053731      -1.488750      -0.720993
       1.222000       0.169615       0.012918      -0.062356       1.488169      -0.169615      -0.012918       0.062356      -1.488169      -0.720806
       1.223000       0.169553       0.014406      -0.070971       1.487513      -0.169553      -0.014406       0.070971      -1.487513      -0.720619
       1.224000       0.169482       0.015893      -0.079574       1.486782      -0.169482      -0.015893       0.079574      -1.486782      -0.720433
       1.225000       0.169402       0.017380      -0.088164       1.485976      -0.169402      -0.017380       0.088164      -1.485976      -0.720246
       1.226000       0.169314       0.018866      -0.096740       1.485096      -0.169314      -0.018866       0.096740      -1.485096      -0.720061
       1.227000       0.169217       0.020351      -0.105301       1.484143      -0.169217      -0.020351       0.105301      -1.484143      -0.719875
       1.228000       0.169112       0.021835      -0.113845       1.483115      -0.169112      -0.021835       0.113845      -1.483115      -0.719690
       1.229000       0.168998       0.023319      -0.122373       1.482014      -0.168998      -0.023319       0.122373      -1.482014      -0.719506
       1.230000       0.168876       0.024801      -0.130882       1.480840      -0.168876      -0.024801       0.130882      -1.480840      -0.719322
       1.231000       0.168745       0.026281      -0.139372       1.479593      -0.168745      -0.026281       0.139372      -1.479593      -0.719139
       1.232000       0.168605       0.027761      -0.147842       1.478274      -0.168605      -0.027761       0.147842      -1.478274      -0.718956
       1.233000       0.168458       0.029239      -0.156290       1.476883      -0.168458      -0.029239       0.156290      -1.476883      -0.718773
       1.234000       0.168301       0.030716      -0.164716       1.475420      -0.168301      -0.030716       0.164716      -1.475420      -0.718591
       1.235000       0.168137       0.032192      -0.173119       1.473887      -0.168137      -0.032192       0.173119      -1.473887      -0.718410
       1.236000       0.167963       0.033666      -0.181497       1.472283      -0.167963      -0.033666       0.181497      -1.472283      -0.718230
       1.237000       0.167782       0.035138      -0.189851       1.470608      -0.167782      -0.035138       0.189851      -1.470608      -0.718050
       1.238000       0.167592       0.036608      -0.198178       1.468864      -0.167592      -0.036608       0.198178      -1.468864      -0.717870
       1.239000       0.167394       0.038077      -0.206477       1.467051      -0.167394      -0.038077       0.206477      -1.467051      -0.717692
       1.240000       0.167187       0.039544      -0.214749       1.465170      -0.167187      -0.039544       0.214749      -1.465170      -0.717514
       1.241000       0.166973       0.041009      -0.222992       1.463220      -0.166973      -0.041009       0.222992      -1.463220      -0.717337
       1.242000       0.166750       0.042473      -0.231205       1.461203      -0.166750      -0.042473       0.231205      -1.461203      -0.717160
       1.243000       0.166518       0.043934      -0.239387       1.459119      -0.166518      -0.043934       0.239387      -1.459119      -0.716985
       1.244000       0.166279       0.045393      -0.247537       1.456969      -0.166279      -0.045393       0.247537      -1.456969      -0.716810
       1.245000       0.166032       0.046850      -0.255655       1.454753      -0.166032      -0.046850       0.255655      -1.454753      -0.716636
       1.246000       0.165776       0.048305      -0.263739       1.452471      -0.165776      -0.048305       0.263739      -1.452471      -0.716462
       1.247000       0.165512       0.049757      -0.271790       1.450126      -0.165512      -0.049757       0.271790      -1.450126      -0.716290
       1.248000       0.165240       0.051207      -0.279805       1.447716      -0.165240      -0.051207       0.279805      -1.447716      -0.716118
       1.249000       0.164961       0.052655      -0.287784       1.445243      -0.164961      -0.052655       0.287784      -1.445243      -0.715948
       1.250000       0.164673       0.054100      -0.295727       1.442708      -0.164673      -0.054100       0.295727      -1.442708      -0.715778
       1.251000       0.164377       0.055543      -0.303632       1.440111      -0.164377      -0.055543       0.303632      -1.440111      -0.715609
       1.252000       0.164073       0.056983      -0.311500       1.437452      -0.164073      -0.056983       0.311500      -1.437452      -0.715441
       1.253000       0.163762       0.058421      -0.319328       1.434734      -0.163762      -0.058421       0.319328      -1.434734      -0.715274
       1.254000       0.163443       0.059855      -0.327117       1.431955      -0.163443      -0.059855       0.327117      -1.431955      -0.715108
       1.255000       0.163115       0.061287      -0.334866       1.429117      -0.163115      -0.061287       0.334866      -1.429117      -0.714942
       1.256000       0.162781       0.062716      -0.342573       1.426221      -0.162781      -0.062716       0.342573      -1.426221      -0.714778
       1.257000       0.162438       0.064143      -0.350239       1.423268      -0.162438      -0.064143       0.350239      -1.423268      -0.714615
       1.258000       0.162088       0.065566      -0.357863       1.420257      -0.162088      -0.065566       0.357863      -1.420257      -0.714453
       1.259000       0.161730       0.066986      -0.365444       1.417191      -0.161730      -0.066986       0.365444      -1.417191      -0.714292
       1.260000       0.161364       0.068403      -0.372981       1.414069      -0.161364      -0.068403       0.372981      -1.414069      -0.714131
       1.261000       0.160992       0.069817      -0.380475       1.410892      -0.160992      -0.069817       0.380475      -1.410892      -0.713972
       1.262000       0.160611       0.071228      -0.387923       1.407662      -0.160611      -0.071228       0.387923      -1.407662      -0.713814
       1.263000       0.160223       0.072636      -0.395326       1.404379      -0.160223      -0.072636       0.395326      -1.404379      -0.713657
       1.264000       0.159828       0.074040      -0.402684       1.401044      -0.159828      -0.074040       0.402684      -1.401044      -0.713501
       1.265000       0.159425       0.075441      -0.409995       1.397657      -0.159425      -0.075441       0.409995      -1.397657      -0.713346
       1.266000       0.159015       0.076839      -0.417259       1.394219      -0.159015      -0.076839       0.417259      -1.394219      -0.713192
       1.267000       0.158598       0.078233      -0.424476       1.390732      -0.158598      -0.078233       0.424476      -1.390732      -0.713040
       1.268000       0.158173       0.079624      -0.431645       1.387195      -0.158173      -0.079624       0.431645      -1.387195      -0.712888
       1.269000       0.157742       0.081011      -0.438766       1.383611      -0.157742      -0.081011       0.438766      -1.383611      -0.712737
       1.270000       0.157303       0.082395      -0.445839       1.379979      -0.157303      -0.082395       0.445839      -1.379979      -0.712588
       1.271000       0.156857       0.083775      -0.452862       1.376300      -0.156857      -0.083775       0.452862      -1.376300      -0.712440
       1.272000       0.156404       0.085151      -0.459835       1.372576      -0.156404      -0.085151       0.459835      -1.372576      -0.712292
       1.273000       0.155944       0.086524      -0.466759       1.368806      -0.155944      -0.086524       0.466759      -1.368806      -0.712146
       1.274000       0.155478       0.087892      -0.473632       1.364993      -0.155478      -0.087892       0.473632      -1.364993      -0.712002
       1.275000       0.155004       0.089257      -0.480455       1.361136      -0.155004      -0.089257       0.480455      -1.361136      -0.711858
       1.276000       0.154524       0.090619      -0.487226       1.357236      -0.154524      -0.090619       0.487226      -1.357236      -0.711715
       1.277000       0.154036       0.091976      -0.493947       1.353295      -0.154036      -0.091976       0.493947      -1.353295      -0.711574
       1.278000       0.153542       0.093329      -0.500616       1.349313      -0.153542      -0.093329       0.500616      -1.349313      -0.711433
       1.279000       0.153042       0.094678      -0.507233       1.345291      -0.153042      -0.094678       0.507233      -1.345291      -0.711294
       1.280000       0.152535       0.096024      -0.513797       1.341230      -0.152535      -0.096024       0.513797      -1.341230      -0.711156
       1.281000       0.152021       0.097365      -0.520310       1.337130      -0.152021      -0.097365       0.520310      -1.337130      -0.711019
       1.282000       0.151500       0.098702      -0.526769       1.332993      -0.151500      -0.098702       0.526769      -1.332993      -0.710883
       1.283000       0.150974       0.100035      -0.533176       1.328819      -0.150974      -0.100035       0.533176      -1.328819      -0.710749
       1.284000       0.150440       0.101364      -0.539530       1.324609      -0.150440      -0.101364       0.539530      -1.324609      -0.710615
       1.285000       0.149901       0.102688      -0.545830       1.320364      -0.149901      -0.102688       0.545830      -1.320364      -0.710483
       1.286000       0.149355       0.104009      -0.552077       1.316084      -0.149355      -0.104009       0.552077      -1.316084      -0.710352
       1.287000       0.148803       0.105325      -0.558271       1.311771      -0.148803      -0.105325       0.558271      -1.311771      -0.710222
       1.288000       0.148245       0.106637      -0.564410       1.307426      -0.148245      -0.106637       0.564410      -1.307426      -0.710093
       1.289000       0.147680       0.107944      -0.570496       1.303048      -0.147680      -0.107944       0.570496      -1.303048      -0.709966
       1.290000       0.147110       0.109247      -0.576528       1.298639      -0.147110      -0.109247       0.576528      -1.298639      -0.709839
       1.291000       0.146533       0.110546      -0.582506       1.294200      -0.146533      -0.110546       0.582506      -1.294200      -0.709714
       1.292000       0.145951       0.111840      -0.588429       1.289731      -0.145951      -0.111840       0.588429      -1.289731      -0.709590
       1.293000       0.145362       0.113130      -0.594298       1.285234      -0.145362      -0.113130       0.594298      -1.285234      -0.709467
       1.294000       0.144768       0.114415      -0.600113       1.280708      -0.144768      -0.114415       0.600113      -1.280708      -0.709345
       1.295000       0.144168       0.115696      -0.605874       1.276155      -0.144168      -0.115696       0.605874      -1.276155      -0.709225
       1.296000       0.143562       0.116972      -0.611580       1.271576      -0.143562      -0.116972       0.611580      -1.271576      -0.709105
       1.297000       0.142951       0.118243      -0.617232       1.266971      -0.142951      -0.118243       0.617232      -1.266971      -0.708987
       1.298000       0.142333       0.119510      -0.622829       1.262341      -0.142333      -0.119510       0.622829      -1.262341      -0.708870
       1.299000       0.141710       0.120773      -0.628372       1.257687      -0.141710      -0.120773       0.628372      -1.257687      -0.708754
       1.300000       0.141082       0.122030      -0.633860       1.253010      -0.141082      -0.122030       0.633860      -1.253010      -0.708639
       1.301000       0.140448       0.123283      -0.639294       1.248310      -0.140448      -0.123283       0.639294      -1.248310      -0.708525
       1.302000       0.139809       0.124532      -0.644674       1.243587      -0.139809      -0.124532       0.644674      -1.243587      -0.708412
       1.303000       0.139164       0.125775      -0.650000       1.238844      -0.139164      -0.125775       0.650000      -1.238844      -0.708301
       1.304000       0.138514       0.127014      -0.655271       1.234080      -0.138514      -0.127014       0.655271      -1.234080      -0.708190
       1.305000       0.137859       0.128248      -0.660488       1.229296      -0.137859      -0.128248       0.660488      -1.229296      -0.708081
       1.306000       0.137199       0.129478      -0.665651       1.224493      -0.137199      -0.129478       0.665651      -1.224493      -0.707972
       1.307000       0.136533       0.130702      -0.670760       1.219671      -0.136533      -0.130702       0.670760      -1.219671      -0.707865
       1.308000       0.135862       0.131922      -0.675815       1.214832      -0.135862      -0.131922       0.675815      -1.214832      -0.707759
       1.309000       0.135186       0.133137      -0.680816       1.209976      -0.135186      -0.133137       0.680816      -1.209976      -0.707654
       1.310000       0.134505       0.134347      -0.685764       1.205103      -0.134505      -0.134347       0.685764      -1.205103      -0.707551
       1.311000       0.133820       0.135552      -0.690658       1.200215      -0.133820      -0.135552       0.690658      -1.200215      -0.707448
       1.312000       0.133129       0.136752      -0.695499       1.195311      -0.133129      -0.136752       0.695499      -1.195311      -0.707346
       1.313000       0.132434       0.137947      -0.700287       1.190393      -0.132434      -0.137947       0.700287      -1.190393      -0.707245
       1.314000       0.131733       0.139138      -0.705022       1.185461      -0.131733      -0.139138       0.705022      -1.185461      -0.707146
       1.315000       0.131028       0.140323      -0.709703       1.180516      -0.131028      -0.140323       0.709703      -1.180516      -0.707047
       1.316000       0.130319       0.141504      -0.714332       1.175559      -0.130319      -0.141504       0.714332      -1.175559      -0.706950
       1.317000       0.129604       0.142679      -0.718909       1.170590      -0.129604      -0.142679       0.718909      -1.170590      -0.706853
       1.318000       0.128885       0.143850      -0.723433       1.165609      -0.128885      -0.143850       0.723433      -1.165609      -0.706758
       1.319000       0.128162       0.145015      -0.727905       1.160618      -0.128162      -0.145015       0.727905      -1.160618      -0.706663
       1.320000       0.127434       0.146176      -0.732325       1.155616      -0.127434      -0.146176       0.732325      -1.155616      -0.706570
       1.321000       0.126702       0.147332      -0.736694       1.150606      -0.126702      -0.147332       0.736694      -1.150606      -0.706478
       1.322000       0.125965       0.148482      -0.741011       1.145586      -0.125965      -0.148482       0.741011      -1.145586      -0.706386
       1.323000       0.125224       0.149628      -0.745276       1.140557      -0.125224      -0.149628       0.745276      -1.140557      -0.706296
       1.324000       0.124479       0.150768      -0.749491       1.135521      -0.124479      -0.150768       0.749491      -1.135521      -0.706206
       1.325000       0.123729       0.151904      -0.753655       1.130478      -0.123729      -0.151904       0.753655      -1.130478      -0.706118
       1.326000       0.122976       0.153034      -0.757768       1.125428      -0.122976      -0.153034       0.757768      -1.125428      -0.706030
       1.327000       0.122218       0.154160      -0.761831       1.120372      -0.122218      -0.154160       0.761831      -1.120372      -0.705944
       1.328000       0.121456       0.155280      -0.765844       1.115310      -0.121456      -0.155280       0.765844      -1.115310      -0.705858
       1.329000       0.120690       0.156395      -0.769807       1.110243      -0.120690      -0.156395       0.769807      -1.110243      -0.705774
       1.330000       0.119920       0.157506      -0.773721       1.105172      -0.119920      -0.157506       0.773721      -1.105172      -0.705690
       1.331000       0.119147       0.158611      -0.777586       1.100096      -0.119147      -0.158611       0.777586      -1.100096      -0.705607
       1.332000       0.118369       0.159711      -0.781401       1.095017      -0.118369      -0.159711       0.781401      -1.095017      -0.705526
       1.333000       0.117588       0.160806      -0.785168       1.089935      -0.117588      -0.160806       0.785168      -1.089935      -0.705445
       1.334000       0.116802       0.161896      -0.788886       1.084849      -0.116802      -0.161896       0.788886      -1.084849      -0.705365
       1.335000       0.116014       0.162981      -0.792556       1.079762      -0.116014      -0.162981       0.792556      -1.079762      -0.705286
       1.336000       0.115221       0.164060      -0.796179       1.074673      -0.115221      -0.164060       0.796179      -1.074673      -0.705207
       1.337000       0.114425       0.165135      -0.799754       1.069583      -0.114425      -0.165135       0.799754      -1.069583      -0.705130
       1.338000       0.113625       0.166205      -0.803282       1.064492      -0.113625      -0.166205       0.803282      -1.064492      -0.705054
       1.339000       0.112822       0.167269      -0.806762       1.059400      -0.112822      -0.167269       0.806762      -1.059400      -0.704978
       1.340000       0.112015       0.168329      -0.810196       1.054309      -0.112015      -0.168329       0.810196      -1.054309      -0.704903
       1.341000       0.111205       0.169383      -0.813584       1.049218      -0.111205      -0.169383       0.813584      -1.049218      -0.704829
       1.342000       0.110391       0.170432      -0.816926       1.044128      -0.110391      -0.170432       0.816926      -1.044128      -0.704756
       1.343000       0.109574       0.171476      -0.820222       1.039039      -0.109574      -0.171476       0.820222      -1.039039      -0.704684
       1.344000       0.108754       0.172515      -0.823473       1.033952      -0.108754      -0.172515       0.823473      -1.033952      -0.704613
       1.345000       0.107931       0.173549      -0.826679       1.028867      -0.107931      -0.173549       0.826679      -1.028867      -0.704542
       1.346000       0.107104       0.174578      -0.829839       1.023784      -0.107104      -0.174578       0.829839      -1.023784      -0.704472
       1.347000       0.106274       0.175602      -0.832956       1.018704      -0.106274      -0.175602       0.832956      -1.018704      -0.704403
       1.348000       0.105441       0.176621      -0.836028       1.013628      -0.105441      -0.176621       0.836028      -1.013628      -0.704335
       1.349000       0.104605       0.177634      -0.839057       1.008554      -0.104605      -0.177634       0.839057      -1.008554      -0.704268
       1.350000       0.103766       0.178643      -0.842042       1.003485      -0.103766      -0.178643       0.842042      -1.003485      -0.704201
       1.351000       0.102924       0.179646      -0.844984       0.998420      -0.102924      -0.179646       0.844984      -0.998420      -0.704135
       1.352000       0.102079       0.180645      -0.847883       0.993360      -0.102079      -0.180645       0.847883      -0.993360      -0.704070
       1.353000       0.101231       0.181638      -0.850740       0.988304      -0.101231      -0.181638       0.850740      -0.988304      -0.704006
       1.354000       0.100380       0.182626      -0.853555       0.983254      -0.100380      -0.182626       0.853555      -0.983254      -0.703942
       1.355000       0.099527       0.183610      -0.856328       0.978209      -0.099527      -0.183610       0.856328      -0.978209      -0.703879
       1.356000       0.098670       0.184588      -0.859059       0.973170      -0.098670      -0.184588       0.859059      -0.973170      -0.703817
       1.357000       0.097811       0.185561      -0.861749       0.968138      -0.097811      -0.185561       0.861749      -0.968138      -0.703755
       1.358000       0.096950       0.186529      -0.864399       0.963111      -0.096950      -0.186529       0.864399      -0.963111      -0.703695
       1.359000       0.096085       0.187492      -0.867008       0.958092      -0.096085      -0.187492       0.867008      -0.958092      -0.703635
       1.360000       0.095218       0.188450      -0.869577       0.953079      -0.095218      -0.188450       0.869577      -0.953079      -0.703575
       1.361000       0.094349       0.189403      -0.872106       0.948074      -0.094349      -0.189403       0.872106      -0.948074      -0.703517
       1.362000       0.093477       0.190351      -0.874595       0.943076      -0.093477      -0.190351       0.874595      -0.943076      -0.703459
       1.363000       0.092602       0.191295      -0.877045       0.938086      -0.092602      -0.191295       0.877045      -0.938086      -0.703401
       1.364000       0.091725       0.192233      -0.879457       0.933105      -0.091725      -0.192233       0.879457      -0.933105      -0.703345
       1.365000       0.090845       0.193166      -0.881830       0.928131      -0.090845      -0.193166       0.881830      -0.928131      -0.703289
       1.366000       0.089964       0.194094      -0.884165       0.923166      -0.089964      -0.194094       0.884165      -0.923166      -0.703233
       1.367000       0.089079       0.195017      -0.886462       0.918210      -0.089079      -0.195017       0.886462      -0.918210      -0.703178
       1.368000       0.088193       0.195935      -0.888722       0.913263      -0.088193      -0.195935       0.888722      -0.913263      -0.703124
       1.369000       0.087304       0.196849      -0.890945       0.908325      -0.087304      -0.196849       0.890945      -0.908325      -0.703071
       1.370000       0.086413       0.197757      -0.893130       0.903397      -0.086413      -0.197757       0.893130      -0.903397      -0.703018
       1.371000       0.085520       0.198660      -0.895280       0.898478      -0.085520      -0.198660       0.895280      -0.898478      -0.702966
       1.372000       0.084625       0.199559      -0.897393       0.893570      -0.084625      -0.199559       0.897393      -0.893570      -0.702914
       1.373000       0.083728       0.200452      -0.899470       0.888671      -0.083728      -0.200452       0.899470      -0.888671      -0.702863
       1.374000       0.082828       0.201341      -0.901512       0.883783      -0.082828      -0.201341       0.901512      -0.883783      -0.702813
       1.375000       0.081927       0.202225      -0.903518       0.878905      -0.081927      -0.202225       0.903518      -0.878905      -0.702763
       1.376000       0.081023       0.203104      -0.905490       0.874038      -0.081023      -0.203104       0.905490      -0.874038      -0.702713
       1.377000       0.080118       0.203978      -0.907428       0.869182      -0.080118      -0.203978       0.907428      -0.869182      -0.702665
       1.378000       0.079210       0.204847      -0.909331       0.864336      -0.079210      -0.204847       0.909331      -0.864336      -0.702616
       1.379000       0.078301       0.205711      -0.911200       0.859502      -0.078301      -0.205711       0.911200      -0.859502      -0.702569
       1.380000       0.077390       0.206571      -0.913035       0.854680      -0.077390      -0.206571       0.913035      -0.854680      -0.702522
       1.381000       0.076477       0.207425      -0.914838       0.849869      -0.076477      -0.207425       0.914838      -0.849869      -0.702475
       1.382000       0.075562       0.208275      -0.916607       0.845069      -0.075562      -0.208275       0.916607      -0.845069      -0.702429
       1.383000       0.074645       0.209120      -0.918344       0.840282      -0.074645      -0.209120       0.918344      -0.840282      -0.702384
       1.384000       0.073727       0.209961      -0.920049       0.835506      -0.073727      -0.209961       0.920049      -0.835506      -0.702339
       1.385000       0.072807       0.210796      -0.921722       0.830743      -0.072807      -0.210796       0.921722      -0.830743      -0.702294
       1.386000       0.071885       0.211627      -0.923363       0.825992      -0.071885      -0.211627       0.923363      -0.825992      -0.702250
       1.387000       0.070962       0.212453      -0.924972       0.821253      -0.070962      -0.212453       0.924972      -0.821253      -0.702207
       1.388000       0.070037       0.213274      -0.926551       0.816527      -0.070037      -0.213274       0.926551      -0.816527      -0.702164
       1.389000       0.069110       0.214091      -0.928099       0.811813      -0.069110      -0.214091       0.928099      -0.811813      -0.702122
       1.390000       0.068182       0.214902      -0.929616       0.807112      -0.068182      -0.214902       0.929616      -0.807112      -0.702080
       1.391000       0.067252       0.215710      -0.931103       0.802425      -0.067252      -0.215710       0.931103      -0.802425      -0.702038
       1.392000       0.066321       0.216512      -0.932561       0.797750      -0.066321      -0.216512       0.932561      -0.797750      -0.701997
       1.393000       0.065389       0.217310      -0.933989       0.793088      -0.065389      -0.217310       0.933989      -0.793088      -0.701956
       1.394000       0.064455       0.218103      -0.935388       0.788439      -0.064455      -0.218103       0.935388      -0.788439      -0.701916
       1.395000       0.063519       0.218891      -0.936758       0.783804      -0.063519      -0.218891       0.936758      -0.783804      -0.701877
       1.396000       0.062583       0.219675      -0.938099       0.779182      -0.062583      -0.219675       0.938099      -0.779182      -0.701838
       1.397000       0.061645       0.220454      -0.939412       0.774574      -0.061645      -0.220454       0.939412      -0.774574      -0.701799
       1.398000       0.060705       0.221229      -0.940696       0.769979      -0.060705      -0.221229       0.940696      -0.769979      -0.701760
       1.399000       0.059764       0.221999      -0.941953       0.765398      -0.059764      -0.221999       0.941953      -0.765398      -0.701723
       1.400000       0.058822       0.222764      -0.943183       0.760831      -0.058822      -0.222764       0.943183      -0.760831      -0.701685
       1.401000       0.057879       0.223525      -0.944385       0.756277      -0.057879      -0.223525       0.944385      -0.756277      -0.701648
       1.402000       0.056935       0.224281      -0.945561       0.751738      -0.056935      -0.224281       0.945561      -0.751738      -0.701611
       1.403000       0.055989       0.225033      -0.946710       0.747212      -0.055989      -0.225033       0.946710      -0.747212      -0.701575
       1.404000       0.055043       0.225780      -0.947832       0.742701      -0.055043      -0.225780       0.947832      -0.742701      -0.701539
       1.405000       0.054095       0.226523      -0.948929       0.738203      -0.054095      -0.226523       0.948929      -0.738203      -0.701504
       1.406000       0.053146       0.227261      -0.949999       0.733720      -0.053146      -0.227261       0.949999      -0.733720      -0.701469
       1.407000       0.052196       0.227995      -0.951044       0.729251      -0.052196      -0.227995       0.951044      -0.729251      -0.701434
       1.408000       0.051245       0.228724      -0.952064       0.724797      -0.051245      -0.228724       0.952064      -0.724797      -0.701400
       1.409000       0.050293       0.229449      -0.953059       0.720356      -0.050293      -0.229449       0.953059      -0.720356      -0.701366
       1.410000       0.049340       0.230169      -0.954029       0.715931      -0.049340      -0.230169       0.954029      -0.715931      -0.701333
       1.411000       0.048386       0.230885      -0.954975       0.711519      -0.048386      -0.230885       0.954975      -0.711519      -0.701300
       1.412000       0.047431       0.231597      -0.955896       0.707122      -0.047431      -0.231597       0.955896      -0.707122      -0.701267
       1.413000       0.046475       0.232304      -0.956794       0.702740      -0.046475      -0.232304       0.956794      -0.702740      -0.701234
       1.414000       0.045518       0.233007      -0.957667       0.698372      -0.045518      -0.233007       0.957667      -0.698372      -0.701202
       1.415000       0.044560       0.233705      -0.958518       0.694019      -0.044560      -0.233705       0.958518      -0.694019      -0.701171
       1.416000       0.043602       0.234399      -0.959345       0.689680      -0.043602      -0.234399       0.959345      -0.689680      -0.701139
       1.417000       0.042642       0.235089      -0.960149       0.685357      -0.042642      -0.235089       0.960149      -0.685357      -0.701108
       1.418000       0.041682       0.235774      -0.960931       0.681047      -0.041682      -0.235774       0.960931      -0.681047      -0.701078
       1.419000       0.040721       0.236455      -0.961690       0.676753      -0.040721      -0.236455       0.961690      -0.676753      -0.701047
       1.420000       0.039760       0.237132      -0.962427       0.672473      -0.039760      -0.237132       0.962427      -0.672473      -0.701017
       1.421000       0.038797       0.237804      -0.963142       0.668209      -0.038797      -0.237804       0.963142      -0.668209      -0.700988
       1.422000       0.037834       0.238472      -0.963836       0.663959      -0.037834      -0.238472       0.963836      -0.663959      -0.700958
       1.423000       0.036870       0.239136      -0.964508       0.659724      -0.036870      -0.239136       0.964508      -0.659724      -0.700929
       1.424000       0.035906       0.239796      -0.965158       0.655503      -0.035906      -0.239796       0.965158      -0.655503      -0.700901
       1.425000       0.034941       0.240452      -0.965788       0.651298      -0.034941      -0.240452       0.965788      -0.651298      -0.700872
       1.426000       0.033975       0.241103      -0.966397       0.647107      -0.033975      -0.241103       0.966397      -0.647107      -0.700844
       1.427000       0.033008       0.241750      -0.966985       0.642932      -0.033008      -0.241750       0.966985      -0.642932      -0.700816
       1.428000       0.032041       0.242393      -0.967553       0.638771      -0.032041      -0.242393       0.967553      -0.638771      -0.700789
       1.429000       0.031074       0.243032      -0.968101       0.634625      -0.031074      -0.243032       0.968101      -0.634625      -0.700762
       1.430000       0.030106       0.243666      -0.968630       0.630494      -0.030106      -0.243666       0.968630      -0.630494      -0.700735
       1.431000       0.029137       0.244297      -0.969138       0.626378      -0.029137      -0.244297       0.969138      -0.626378      -0.700708
       1.432000       0.028168       0.244923      -0.969627       0.622277      -0.028168      -0.244923       0.969627      -0.622277      -0.700682
       1.433000       0.027198       0.245546      -0.970097       0.618191      -0.027198      -0.245546       0.970097      -0.618191      -0.700656
       1.434000       0.026228       0.246164      -0.970548       0.614119      -0.026228      -0.246164       0.970548      -0.614119      -0.700630
       1.435000       0.025258       0.246778      -0.970980       0.610063      -0.025258      -0.246778       0.970980      -0.610063      -0.700604
       1.436000       0.024287       0.247388      -0.971394       0.606022      -0.024287      -0.247388       0.971394      -0.606022      -0.700579
       1.437000       0.023315       0.247994      -0.971789       0.601995      -0.023315      -0.247994       0.971789      -0.601995      -0.700554
       1.438000       0.022344       0.248596      -0.972166       0.597983      -0.022344      -0.248596       0.972166      -0.597983      -0.700529
       1.439000       0.021371       0.249194      -0.972526       0.593986      -0.021371      -0.249194       0.972526      -0.593986      -0.700505
       1.440000       0.020399       0.249788      -0.972867       0.590005      -0.020399      -0.249788       0.972867      -0.590005      -0.700480
       1.441000       0.019426       0.250378      -0.973191       0.586038      -0.019426      -0.250378       0.973191      -0.586038      -0.700456
       1.442000       0.018453       0.250964      -0.973498       0.582085      -0.018453      -0.250964       0.973498      -0.582085      -0.700433
       1.443000       0.017479       0.251546      -0.973787       0.578148      -0.017479      -0.251546       0.973787      -0.578148      -0.700409
       1.444000       0.016506       0.252124      -0.974060       0.574225      -0.016506      -0.252124       0.974060      -0.574225      -0.700386
       1.445000       0.015532       0.252698      -0.974316       0.570318      -0.015532      -0.252698       0.974316      -0.570318      -0.700363
       1.446000       0.014557       0.253269      -0.974555       0.566425      -0.014557      -0.253269       0.974555      -0.566425      -0.700340
       1.447000       0.013583       0.253835      -0.974778       0.562547      -0.013583      -0.253835       0.974778      -0.562547      -0.700318
       1.448000       0.012608       0.254398      -0.974985       0.558683      -0.012608      -0.254398       0.974985      -0.558683      -0.700295
       1.449000       0.011633       0.254956      -0.975175       0.554834      -0.011633      -0.254956       0.975175      -0.554834      -0.700273
       1.450000       0.010658       0.255511      -0.975350       0.551000      -0.010658      -0.255511       0.975350      -0.551000      -0.700251
       1.451000       0.009682       0.256062      -0.975510       0.547181      -0.009682      -0.256062       0.975510      -0.547181      -0.700230
       1.452000       0.008707       0.256609      -0.975653       0.543376      -0.008707      -0.256609       0.975653      -0.543376      -0.700208
       1.453000       0.007731       0.257153      -0.975782       0.539586      -0.007731      -0.257153       0.975782      -0.539586      -0.700187
       1.454000       0.006755       0.257692      -0.975896       0.535811      -0.006755      -0.257692       0.975896      -0.535811      -0.700166
       1.455000       0.005780       0.258228      -0.975994       0.532050      -0.005780      -0.258228       0.975994      -0.532050      -0.700145
       1.456000       0.004804       0.258760      -0.976078       0.528304      -0.004804      -0.258760       0.976078      -0.528304      -0.700125
       1.457000       0.003827       0.259289      -0.976147       0.524572      -0.003827      -0.259289       0.976147      -0.524572      -0.700104
       1.458000       0.002851       0.259813      -0.976202       0.520855      -0.002851      -0.259813       0.976202      -0.520855      -0.700084
       1.459000       0.001875       0.260334      -0.976243       0.517152      -0.001875      -0.260334       0.976243      -0.517152      -0.700064
       1.460000       0.000899       0.260851      -0.976269       0.513463      -0.000899      -0.260851       0.976269      -0.513463      -0.700044
       1.461000      -0.000077       0.261365      -0.976282       0.509789       0.000077      -0.261365       0.976282      -0.509789      -0.700025
       1.462000      -0.001054       0.261874      -0.976281       0.506129       0.001054      -0.261874       0.976281      -0.506129      -0.700006
       1.463000      -0.002030       0.262380      -0.976266       0.502484       0.002030      -0.262380       0.976266      -0.502484      -0.699986
       1.464000      -0.003006       0.262883      -0.976238       0.498853       0.003006      -0.262883       0.976238      -0.498853      -0.699967
       1.465000      -0.003982       0.263382      -0.976197       0.495236       0.003982      -0.263382       0.976197      -0.495236      -0.699948
       1.466000      -0.004959       0.263877      -0.976142       0.491633       0.004959      -0.263877       0.976142      -0.491633      -0.699930
       1.467000      -0.005935       0.264369      -0.976075       0.488045       0.005935      -0.264369       0.976075      -0.488045      -0.699911
       1.468000      -0.006911       0.264857      -0.975995       0.484471       0.006911      -0.264857       0.975995      -0.484471      -0.699893
       1.469000      -0.007887       0.265341      -0.975902       0.480911       0.007887      -0.265341       0.975902      -0.480911      -0.699875
       1.470000      -0.008863       0.265822      -0.975796       0.477364       0.008863      -0.265822       0.975796      -0.477364      -0.699857
       1.471000      -0.009839       0.266299      -0.975679       0.473832       0.009839      -0.266299       0.975679      -0.473832      -0.699839
       1.472000      -0.010814       0.266773      -0.975549       0.470314       0.010814      -0.266773       0.975549      -0.470314      -0.699822
       1.473000      -0.011790       0.267244      -0.975407       0.466810       0.011790      -0.267244       0.975407      -0.466810      -0.699804
       1.474000      -0.012765       0.267710      -0.975253       0.463320       0.012765      -0.267710       0.975253      -0.463320      -0.699787
       1.475000      -0.013740       0.268174      -0.975087       0.459843       0.013740      -0.268174       0.975087      -0.459843      -0.699770
       1.476000      -0.014716       0.268634      -0.974909       0.456381       0.014716      -0.268634       0.974909      -0.456381      -0.699753
       1.477000      -0.015690       0.269090      -0.974721       0.452932       0.015690      -0.269090       0.974721      -0.452932      -0.699736
       1.478000      -0.016665       0.269543      -0.974520       0.449497       0.016665      -0.269543       0.974520      -0.449497      -0.699720
       1.479000      -0.017640       0.269992      -0.974309       0.446076       0.017640      -0.269992       0.974309      -0.446076      -0.699703
       1.480000      -0.018614       0.270439      -0.974086       0.442668       0.018614      -0.270439       0.974086      -0.442668      -0.699687
       1.481000      -0.019588       0.270881      -0.973852       0.439274       0.019588      -0.270881       0.973852      -0.439274      -0.699671
       1.482000      -0.020562       0.271320      -0.973608       0.435893       0.020562      -0.271320       0.973608      -0.435893      -0.699655
       1.483000      -0.021536       0.271756      -0.973353       0.432526       0.021536      -0.271756       0.973353      -0.432526      -0.699639
       1.484000      -0.022509       0.272189      -0.973087       0.429173       0.022509      -0.272189       0.973087      -0.429173      -0.699623
       1.485000      -0.023482       0.272618      -0.972811       0.425833       0.023482      -0.272618       0.972811      -0.425833      -0.699608
       1.486000      -0.024455       0.273044      -0.972524       0.422506       0.024455      -0.273044       0.972524      -0.422506      -0.699592
       1.487000      -0.025427       0.273466      -0.972228       0.419192       0.025427      -0.273466       0.972228      -0.419192      -0.699577
       1.488000      -0.026400       0.273886      -0.971921       0.415892       0.026400      -0.273886       0.971921      -0.415892      -0.699562
       1.489000      -0.027372       0.274301      -0.971604       0.412606       0.027372      -0.274301       0.971604      -0.412606      -0.699547
       1.490000      -0.028343       0.274714      -0.971277       0.409332       0.028343      -0.274714       0.971277      -0.409332      -0.699532
       1.491000      -0.029314       0.275123      -0.970941       0.406071       0.029314      -0.275123       0.970941      -0.406071      -0.699517
       1.492000      -0.030285       0.275529      -0.970595       0.402824       0.030285      -0.275529       0.970595      -0.402824      -0.699502
       1.493000      -0.031256       0.275932      -0.970239       0.399590       0.031256      -0.275932       0.970239      -0.399590      -0.699488
       1.494000      -0.032226       0.276332      -0.969874       0.396369       0.032226      -0.276332       0.969874      -0.396369      -0.699474
       1.495000      -0.033196       0.276728      -0.969500       0.393160       0.033196      -0.276728       0.969500      -0.393160      -0.699459
       1.496000      -0.034166       0.277121      -0.969117       0.389965       0.034166      -0.277121       0.969117      -0.389965      -0.699445
       1.497000      -0.035135       0.277511      -0.968725       0.386782       0.035135      -0.277511       0.968725      -0.386782      -0.699431
       1.498000      -0.036103       0.277898      -0.968323       0.383613       0.036103      -0.277898       0.968323      -0.383613      -0.699418
       1.499000      -0.037072       0.278282      -0.967913       0.380456       0.037072      -0.278282       0.967913      -0.380456      -0.699404
       1.500000      -0.038040       0.278662      -0.967494       0.377311       0.038040      -0.278662       0.967494      -0.377311      -0.699390
       1.501000      -0.039007       0.279040      -0.967067       0.374180       0.039007      -0.279040       0.967067      -0.374180      -0.699377
       1.502000      -0.039974       0.279414      -0.966631       0.371061       0.039974      -0.279414       0.966631      -0.371061      -0.699363
       1.503000      -0.040941       0.279785      -0.966186       0.367955       0.040941      -0.279785       0.966186      -0.367955      -0.699350
       1.504000      -0.041907       0.280153      -0.965734       0.364861       0.041907      -0.280153       0.965734      -0.364861      -0.699337
       1.505000      -0.042873       0.280518      -0.965273       0.361780       0.042873      -0.280518       0.965273      -0.361780      -0.699324
       1.506000      -0.043838       0.280879      -0.964804       0.358711       0.043838      -0.280879       0.964804      -0.358711      -0.699311
       1.507000      -0.044803       0.281238      -0.964327       0.355654       0.044803      -0.281238       0.964327      -0.355654      -0.699298
       1.508000      -0.045767       0.281594      -0.963842       0.352610       0.045767      -0.281594       0.963842      -0.352610      -0.699286
       1.509000      -0.046731       0.281946      -0.963349       0.349578       0.046731      -0.281946       0.963349      -0.349578      -0.699273
       1.510000      -0.047694       0.282296      -0.962848       0.346559       0.047694      -0.282296       0.962848      -0.346559      -0.699261
       1.511000      -0.048657       0.282642      -0.962340       0.343551       0.048657      -0.282642       0.962340      -0.343551      -0.699248
       1.512000      -0.049620       0.282986      -0.961825       0.340556       0.049620      -0.282986       0.961825      -0.340556      -0.699236
       1.513000      -0.050581       0.283327      -0.961302       0.337573       0.050581      -0.283327       0.961302      -0.337573      -0.699224
       1.514000      -0.051543       0.283664      -0.960771       0.334602       0.051543      -0.283664       0.960771      -0.334602      -0.699212
       1.515000      -0.052503       0.283999      -0.960234       0.331642       0.052503      -0.283999       0.960234      -0.331642      -0.699200
       1.516000      -0.053464       0.284330      -0.959689       0.328695       0.053464      -0.284330       0.959689      -0.328695      -0.699188
       1.517000      -0.054423       0.284659      -0.959137       0.325760       0.054423      -0.284659       0.959137      -0.325760      -0.699176
       1.518000      -0.055382       0.284985      -0.958578       0.322836       0.055382      -0.284985       0.958578      -0.322836      -0.699164
       1.519000      -0.056341       0.285308      -0.958012       0.319925       0.056341      -0.285308       0.958012      -0.319925      -0.699153
       1.520000      -0.057299       0.285628      -0.957439       0.317025       0.057299      -0.285628       0.957439      -0.317025      -0.699141
       1.521000      -0.058256       0.285945      -0.956860       0.314136       0.058256      -0.285945       0.956860      -0.314136      -0.699130
       1.522000      -0.059213       0.286259      -0.956274       0.311260       0.059213      -0.286259       0.956274      -0.311260      -0.699119
       1.523000      -0.060170       0.286570      -0.955681       0.308395       0.060170      -0.286570       0.955681      -0.308395      -0.699108
       1.524000      -0.061125       0.286878      -0.955082       0.305541       0.061125      -0.286878       0.955082      -0.305541      -0.699096
       1.525000      -0.062080       0.287184      -0.954477       0.302699       0.062080      -0.287184       0.954477      -0.302699      -0.699085
       1.526000      -0.063035       0.287487      -0.953865       0.299869       0.063035      -0.287487       0.953865      -0.299869      -0.699075
       1.527000      -0.063989       0.287787      -0.953247       0.297050       0.063989      -0.287787       0.953247      -0.297050      -0.699064
       1.528000      -0.064942       0.288084      -0.952622       0.294242       0.064942      -0.288084       0.952622      -0.294242      -0.699053
       1.529000      -0.065895       0.288378      -0.951992       0.291445       0.065895      -0.288378       0.951992      -0.291445      -0.699042
       1.530000      -0.066847       0.288669      -0.951355       0.288660       0.066847      -0.288669       0.951355      -0.288660      -0.699032
       1.531000      -0.067798       0.288958      -0.950713       0.285886       0.067798      -0.288958       0.950713      -0.285886      -0.699021
       1.532000      -0.068749       0.289244      -0.950065       0.283123       0.068749      -0.289244       0.950065      -0.283123      -0.699011
       1.533000      -0.069699       0.289527      -0.949411       0.280371       0.069699      -0.289527       0.949411      -0.280371      -0.699001
       1.534000      -0.070648       0.289807      -0.948751       0.277631       0.070648      -0.289807       0.948751      -0.277631      -0.698990
       1.535000      -0.071597       0.290085      -0.948085       0.274901       0.071597      -0.290085       0.948085      -0.274901      -0.698980
       1.536000      -0.072545       0.290360      -0.947414       0.272182       0.072545      -0.290360       0.947414      -0.272182      -0.698970
       1.537000      -0.073492       0.290632      -0.946738       0.269474       0.073492      -0.290632       0.946738      -0.269474      -0.698960
       1.538000      -0.074439       0.290902      -0.946056       0.266777       0.074439      -0.290902       0.946056      -0.266777      -0.698950
       1.539000      -0.075385       0.291168      -0.945369       0.264091       0.075385      -0.291168       0.945369      -0.264091      -0.698940
       1.540000      -0.076331       0.291432      -0.944676       0.261416       0.076331      -0.291432       0.944676      -0.261416      -0.698930
       1.541000      -0.077275       0.291694      -0.943978       0.258751       0.077275      -0.291694       0.943978      -0.258751      -0.698921
       1.542000      -0.078219       0.291953      -0.943275       0.256097       0.078219      -0.291953       0.943275      -0.256097      -0.698911
       1.543000      -0.079162       0.292209      -0.942567       0.253454       0.079162      -0.292209       0.942567      -0.253454      -0.698902
       1.544000      -0.080105       0.292462      -0.941853       0.250821       0.080105      -0.292462       0.941853      -0.250821      -0.698892
       1.545000      -0.081047       0.292713      -0.941135       0.248199       0.081047      -0.292713       0.941135      -0.248199      -0.698883
       1.546000      -0.081988       0.292961      -0.940412       0.245587       0.081988      -0.292961       0.940412      -0.245587      -0.698873
       1.547000      -0.082928       0.293207      -0.939684       0.242986       0.082928      -0.293207       0.939684      -0.242986      -0.698864
       1.548000      -0.083868       0.293450      -0.938951       0.240395       0.083868      -0.293450       0.938951      -0.240395      -0.698855
       1.549000      -0.084807       0.293690      -0.938214       0.237814       0.084807      -0.293690       0.938214      -0.237814      -0.698846
       1.550000      -0.085745       0.293928      -0.937471       0.235244       0.085745      -0.293928       0.937471      -0.235244      -0.698837
       1.551000      -0.086683       0.294163      -0.936725       0.232684       0.086683      -0.294163       0.936725      -0.232684      -0.698828
       1.552000      -0.087619       0.294396      -0.935973       0.230134       0.087619      -0.294396       0.935973      -0.230134      -0.698819
       1.553000      -0.088555       0.294626      -0.935217       0.227594       0.088555      -0.294626       0.935217      -0.227594      -0.698810
       1.554000      -0.089491       0.294854      -0.934457       0.225065       0.089491      -0.294854       0.934457      -0.225065      -0.698801
       1.555000      -0.090425       0.295079      -0.933692       0.222545       0.090425      -0.295079       0.933692      -0.222545      -0.698792
       1.556000      -0.091359       0.295301      -0.932923       0.220035       0.091359      -0.295301       0.932923      -0.220035      -0.698784
       1.557000      -0.092292       0.295521      -0.932150       0.217536       0.092292      -0.295521       0.932150      -0.217536      -0.698775
       1.558000      -0.093224       0.295739      -0.931372       0.215046       0.093224      -0.295739       0.931372      -0.215046      -0.698767
       1.559000      -0.094155       0.295954      -0.930591       0.212567       0.094155      -0.295954       0.930591      -0.212567      -0.698758
       1.560000      -0.095086       0.296166      -0.929805       0.210097       0.095086      -0.296166       0.929805      -0.210097      -0.698750
       1.561000      -0.096016       0.296376      -0.929015       0.207636       0.096016      -0.296376       0.929015      -0.207636      -0.698741
       1.562000      -0.096945       0.296584      -0.928221       0.205186       0.096945      -0.296584       0.928221      -0.205186      -0.698733
       1.563000      -0.097873       0.296789      -0.927424       0.202745       0.097873      -0.296789       0.927424      -0.202745      -0.698725
       1.564000      -0.098800       0.296992      -0.926622       0.200314       0.098800      -0.296992       0.926622      -0.200314      -0.698717
       1.565000      -0.099727       0.297192      -0.925816       0.197893       0.099727      -0.297192       0.925816      -0.197893      -0.698708
       1.566000      -0.100653       0.297390      -0.925007       0.195481       0.100653      -0.297390       0.925007      -0.195481      -0.698700
       1.567000      -0.101578       0.297586      -0.924194       0.193079       0.101578      -0.297586       0.924194      -0.193079      -0.698692
       1.568000      -0.102502       0.297779      -0.923377       0.190686       0.102502      -0.297779       0.923377      -0.190686      -0.698684
       1.569000      -0.103425       0.297969      -0.922557       0.188302       0.103425      -0.297969       0.922557      -0.188302      -0.698677
       1.570000      -0.104348       0.298158      -0.921733       0.185928       0.104348      -0.298158       0.921733      -0.185928      -0.698669
       1.571000      -0.105270       0.298344      -0.920905       0.183564       0.105270      -0.298344       0.920905      -0.183564      -0.698661
       1.572000      -0.106191       0.298527      -0.920074       0.181208       0.106191      -0.298527       0.920074      -0.181208      -0.698653
       1.573000      -0.107111       0.298708      -0.919239       0.178862       0.107111      -0.298708       0.919239      -0.178862      -0.698645
       1.574000      -0.108030       0.298887      -0.918401       0.176525       0.108030      -0.298887       0.918401      -0.176525      -0.698638
       1.575000      -0.108948       0.299064      -0.917560       0.174197       0.108948      -0.299064       0.917560      -0.174197      -0.698630
       1.576000      -0.109866       0.299238      -0.916715       0.171879       0.109866      -0.299238       0.916715      -0.171879      -0.698623
       1.577000      -0.110783       0.299410      -0.915867       0.169569       0.110783      -0.299410       0.915867      -0.169569      -0.698615
       1.578000      -0.111698       0.299580      -0.915016       0.167269       0.111698      -0.299580       0.915016      -0.167269      -0.698608
       1.579000      -0.112613       0.299747      -0.914162       0.164977       0.112613      -0.299747       0.914162      -0.164977      -0.698600
       1.580000      -0.113528       0.299912      -0.913304       0.162695       0.113528      -0.299912       0.913304      -0.162695      -0.698593
       1.581000      -0.114441       0.300074      -0.912444       0.160421       0.114441      -0.300074       0.912444      -0.160421      -0.698586
       1.582000      -0.115353       0.300235      -0.911580       0.158156       0.115353      -0.300235       0.911580      -0.158156      -0.698579
       1.583000      -0.116265       0.300393      -0.910713       0.155900       0.116265      -0.300393       0.910713      -0.155900      -0.698571
       1.584000      -0.117176       0.300549      -0.909843       0.153653       0.117176      -0.300549       0.909843      -0.153653      -0.698564
       1.585000      -0.118085       0.300703      -0.908971       0.151415       0.118085      -0.300703       0.908971      -0.151415      -0.698557
       1.586000      -0.118994       0.300854      -0.908095       0.149185       0.118994      -0.300854       0.908095      -0.149185      -0.698550
       1.587000      -0.119903       0.301003      -0.907217       0.146964       0.119903      -0.301003       0.907217      -0.146964      -0.698543
       1.588000      -0.120810       0.301150      -0.906335       0.144752       0.120810      -0.301150       0.906335      -0.144752      -0.698536
       1.589000      -0.121716       0.301295      -0.905451       0.142548       0.121716      -0.301295       0.905451      -0.142548      -0.698529
       1.590000      -0.122622       0.301437      -0.904565       0.140353       0.122622      -0.301437       0.904565      -0.140353      -0.698523
       1.591000      -0.123526       0.301578      -0.903675       0.138166       0.123526      -0.301578       0.903675      -0.138166      -0.698516
       1.592000      -0.124430       0.301716      -0.902783       0.135988       0.124430      -0.301716       0.902783      -0.135988      -0.698509
       1.593000      -0.125333       0.301852      -0.901888       0.133818       0.125333      -0.301852       0.901888      -0.133818      -0.698502
       1.594000      -0.126234       0.301986      -0.900991       0.131657       0.126234      -0.301986       0.900991      -0.131657      -0.698496
       1.595000      -0.127135       0.302117      -0.900091       0.129504       0.127135      -0.302117       0.900091      -0.129504      -0.698489
       1.596000      -0.128036       0.302247      -0.899188       0.127359       0.128036      -0.302247       0.899188      -0.127359      -0.698482
       1.597000      -0.128935       0.302374      -0.898283       0.125222       0.128935      -0.302374       0.898283      -0.125222      -0.698476
       1.598000      -0.129833       0.302500      -0.897376       0.123094       0.129833      -0.302500       0.897376      -0.123094      -0.698469
       1.599000      -0.130730       0.302623      -0.896466       0.120974       0.130730      -0.302623       0.896466      -0.120974      -0.698463
       1.600000      -0.131627       0.302744      -0.895553       0.118862       0.131627      -0.302744       0.895553      -0.118862      -0.698456
       1.601000      -0.132522       0.302862      -0.894639       0.116758       0.132522      -0.302862       0.894639      -0.116758      -0.698450
       1.602000      -0.133417       0.302979      -0.893722       0.114663       0.133417      -0.302979       0.893722      -0.114663      -0.698444
       1.603000      -0.134311       0.303094      -0.892802       0.112575       0.134311      -0.303094       0.892802      -0.112575      -0.698437
       1.604000      -0.135204       0.303206      -0.891881       0.110495       0.135204      -0.303206       0.891881      -0.110495      -0.698431
       1.605000      -0.136095       0.303317      -0.890957       0.108424       0.136095      -0.303317       0.890957      -0.108424      -0.698425
       1.606000      -0.136986       0.303425      -0.890031       0.106360       0.136986      -0.303425       0.890031      -0.106360      -0.698419
       1.607000      -0.137876       0.303532      -0.889103       0.104304       0.137876      -0.303532       0.889103      -0.104304      -0.698412
       1.608000      -0.138766       0.303636      -0.888173       0.102256       0.138766      -0.303636       0.888173      -0.102256      -0.698406
       1.609000      -0.139654       0.303738      -0.887240       0.100216       0.139654      -0.303738       0.887240      -0.100216      -0.698400
       1.610000      -0.140541       0.303838      -0.886306       0.098184       0.140541      -0.303838       0.886306      -0.098184      -0.698394
       1.611000      -0.141427       0.303937      -0.885369       0.096159       0.141427      -0.303937       0.885369      -0.096159      -0.698388
       1.612000      -0.142313       0.304033      -0.884431       0.094142       0.142313      -0.304033       0.884431      -0.094142      -0.698382
       1.613000      -0.143197       0.304127      -0.883490       0.092133       0.143197      -0.304127       0.883490      -0.092133      -0.698376
       1.614000      -0.144081       0.304219      -0.882548       0.090131       0.144081      -0.304219       0.882548      -0.090131      -0.698370
       1.615000      -0.144963       0.304309      -0.881603       0.088137       0.144963      -0.304309       0.881603      -0.088137      -0.698364
       1.616000      -0.145845       0.304397      -0.880657       0.086151       0.145845      -0.304397       0.880657      -0.086151      -0.698359
       1.617000      -0.146725       0.304484      -0.879709       0.084172       0.146725      -0.304484       0.879709      -0.084172      -0.698353
       1.618000      -0.147605       0.304568      -0.878759       0.082200       0.147605      -0.304568       0.878759      -0.082200      -0.698347
       1.619000      -0.148484       0.304650      -0.877807       0.080236       0.148484      -0.304650       0.877807      -0.080236      -0.698341
       1.620000      -0.149362       0.304730      -0.876853       0.078280       0.149362      -0.304730       0.876853      -0.078280      -0.698336
       1.621000      -0.150238       0.304808      -0.875898       0.076330       0.150238      -0.304808       0.875898      -0.076330      -0.698330
       1.622000      -0.151114       0.304885      -0.874941       0.074389       0.151114      -0.304885       0.874941      -0.074389      -0.698324
       1.623000      -0.151989       0.304959      -0.873982       0.072454       0.151989      -0.304959       0.873982      -0.072454      -0.698319
       1.624000      -0.152863       0.305032      -0.873022       0.070527       0.152863      -0.305032       0.873022      -0.070527      -0.698313
       1.625000      -0.153736       0.305102      -0.872059       0.068607       0.153736      -0.305102       0.872059      -0.068607      -0.698308
       1.626000      -0.154608       0.305171      -0.871096       0.066694       0.154608      -0.305171       0.871096      -0.066694      -0.698302
       1.627000      -0.155479       0.305237      -0.870130       0.064789       0.155479      -0.305237       0.870130      -0.064789      -0.698297
       1.628000      -0.156350       0.305302      -0.869163       0.062890       0.156350      -0.305302       0.869163      -0.062890      -0.698291
       1.629000      -0.157219       0.305365      -0.868195       0.060999       0.157219      -0.305365       0.868195      -0.060999      -0.698286
       1.630000      -0.158087       0.305426      -0.867225       0.059115       0.158087      -0.305426       0.867225      -0.059115      -0.698280
       1.631000      -0.158954       0.305485      -0.866253       0.057238       0.158954      -0.305485       0.866253      -0.057238      -0.698275
       1.632000      -0.159820       0.305542      -0.865280       0.055368       0.159820      -0.305542       0.865280      -0.055368      -0.698270
       1.633000      -0.160686       0.305598      -0.864305       0.053504       0.160686      -0.305598       0.864305      -0.053504      -0.698264
       1.634000      -0.161550       0.305651      -0.863329       0.051648       0.161550      -0.305651       0.863329      -0.051648      -0.698259
       1.635000      -0.162413       0.305703      -0.862352       0.049799       0.162413      -0.305703       0.862352      -0.049799      -0.698254
       1.636000      -0.163276       0.305753      -0.861373       0.047957       0.163276      -0.305753       0.861373      -0.047957      -0.698249
       1.637000      -0.164137       0.305801      -0.860393       0.046121       0.164137      -0.305801       0.860393      -0.046121      -0.698244
       1.638000      -0.164997       0.305847      -0.859411       0.044292       0.164997      -0.305847       0.859411      -0.044292      -0.698238
       1.639000      -0.165857       0.305891      -0.858428       0.042470       0.165857      -0.305891       0.858428      -0.042470      -0.698233
       1.640000      -0.166715       0.305934      -0.857444       0.040655       0.166715      -0.305934       0.857444      -0.040655      -0.698228
       1.641000      -0.167573       0.305974      -0.856459       0.038847       0.167573      -0.305974       0.856459      -0.038847      -0.698223
       1.642000      -0.168429       0.306013      -0.855472       0.037045       0.168429      -0.306013       0.855472      -0.037045      -0.698218
       1.643000      -0.169285       0.306050      -0.854484       0.035250       0.169285      -0.306050       0.854484      -0.035250      -0.698213
       1.644000      -0.170139       0.306085      -0.853495       0.033462       0.170139      -0.306085       0.853495      -0.033462      -0.698208
       1.645000      -0.170993       0.306119      -0.852504       0.031680       0.170993      -0.306119       0.852504      -0.031680      -0.698203
       1.646000      -0.171845       0.306151      -0.851513       0.029905       0.171845      -0.306151       0.851513      -0.029905      -0.698198
       1.647000      -0.172697       0.306180      -0.850520       0.028136       0.172697      -0.306180       0.850520      -0.028136      -0.698193
       1.648000      -0.173547       0.306209      -0.849526       0.026374       0.173547      -0.306209       0.849526      -0.026374      -0.698189
       1.649000      -0.174397       0.306235      -0.848531       0.024618       0.174397      -0.306235       0.848531      -0.024618      -0.698184
       1.650000      -0.175245       0.306260      -0.847535       0.022869       0.175245      -0.306260       0.847535      -0.022869      -0.698179
       1.651000      -0.176093       0.306282      -0.846538       0.021126       0.176093      -0.306282       0.846538      -0.021126      -0.698174
       1.652000      -0.176939       0.306304      -0.845539       0.019390       0.176939      -0.306304       0.845539      -0.019390      -0.698169
       1.653000      -0.177785       0.306323      -0.844540       0.017660       0.177785      -0.306323       0.844540      -0.017660      -0.698165
       1.654000      -0.178629       0.306341      -0.843540       0.015936       0.178629      -0.306341       0.843540      -0.015936      -0.698160
       1.655000      -0.179473       0.306357      -0.842538       0.014219       0.179473      -0.306357       0.842538      -0.014219      -0.698155
       1.656000      -0.180315       0.306371      -0.841536       0.012508       0.180315      -0.306371       0.841536      -0.012508      -0.698150
       1.657000      -0.181157       0.306383      -0.840532       0.010803       0.181157      -0.306383       0.840532      -0.010803      -0.698146
       1.658000      -0.181998       0.306394      -0.839528       0.009104       0.181998      -0.306394       0.839528      -0.009104      -0.698141
       1.659000      -0.182837       0.306403      -0.838523       0.007412       0.182837      -0.306403       0.838523      -0.007412      -0.698137
       1.660000      -0.183676       0.306411      -0.837516       0.005725       0.183676      -0.306411       0.837516      -0.005725      -0.698132
       1.661000      -0.184513       0.306416      -0.836509       0.004045       0.184513      -0.306416       0.836509      -0.004045      -0.698127
       1.662000      -0.185350       0.306420      -0.835501       0.002371       0.185350      -0.306420       0.835501      -0.002371      -0.698123
       1.663000      -0.186185       0.306423      -0.834492       0.000703       0.186185      -0.306423       0.834492      -0.000703      -0.698118
       1.664000      -0.187020       0.306423      -0.833483      -0.000959       0.187020      -0.306423       0.833483       0.000959      -0.698114
       1.665000      -0.187853       0.306422      -0.832472      -0.002614       0.187853      -0.306422       0.832472       0.002614      -0.698109
       1.666000      -0.188686       0.306420      -0.831461      -0.004264       0.188686      -0.306420       0.831461       0.004264      -0.698105
       1.667000      -0.189517       0.306416      -0.830448      -0.005908       0.189517      -0.306416       0.830448       0.005908      -0.698101
       1.668000      -0.190347       0.306410      -0.829435      -0.007546       0.190347      -0.306410       0.829435       0.007546      -0.698096
       1.669000      -0.191177       0.306402      -0.828421      -0.009178       0.191177      -0.306402       0.828421       0.009178      -0.698092
       1.670000      -0.192005       0.306393      -0.827407      -0.010804       0.192005      -0.306393       0.827407       0.010804      -0.698087
       1.671000      -0.192833       0.306382      -0.826391      -0.012425       0.192833      -0.306382       0.826391       0.012425      -0.698083
       1.672000      -0.193659       0.306370      -0.825375      -0.014039       0.193659      -0.306370       0.825375       0.014039      -0.698079
       1.673000      -0.194485       0.306356      -0.824358      -0.015648       0.194485      -0.306356       0.824358       0.015648      -0.698075
       1.674000      -0.195309       0.306340      -0.823341      -0.017251       0.195309      -0.306340       0.823341       0.017251      -0.698070
       1.675000      -0.196132       0.306323      -0.822323      -0.018848       0.196132      -0.306323       0.822323       0.018848      -0.698066
       1.676000      -0.196955       0.306304      -0.821304      -0.020439       0.196955      -0.306304       0.821304       0.020439      -0.698062
       1.677000      -0.197776       0.306284      -0.820284      -0.022025       0.197776      -0.306284       0.820284       0.022025      -0.698058
       1.678000      -0.198596       0.306261      -0.819264      -0.023605       0.198596      -0.306261       0.819264       0.023605      -0.698053
       1.679000      -0.199415       0.306238      -0.818243      -0.025179       0.199415      -0.306238       0.818243       0.025179      -0.698049
       1.680000      -0.200234       0.306213      -0.817221      -0.026748       0.200234      -0.306213       0.817221       0.026748      -0.698045
       1.681000      -0.201051       0.306186      -0.816199      -0.028311       0.201051      -0.306186       0.816199       0.028311      -0.698041
       1.682000      -0.201867       0.306158      -0.815177      -0.029868       0.201867      -0.306158       0.815177       0.029868      -0.698037
       1.683000      -0.202682       0.306128      -0.814153      -0.031420       0.202682      -0.306128       0.814153       0.031420      -0.698033
       1.684000      -0.203496       0.306096      -0.813129      -0.032967       0.203496      -0.306096       0.813129       0.032967      -0.698029
       1.685000      -0.204310       0.306063      -0.812105      -0.034508       0.204310      -0.306063       0.812105       0.034508      -0.698025
       1.686000      -0.205122       0.306029      -0.811080      -0.036043       0.205122      -0.306029       0.811080       0.036043      -0.698021
       1.687000      -0.205933       0.305993      -0.810054      -0.037573       0.205933      -0.305993       0.810054       0.037573      -0.698017
       1.688000      -0.206743       0.305955      -0.809028      -0.039098       0.206743      -0.305955       0.809028       0.039098      -0.698013
       1.689000      -0.207552       0.305916      -0.808002      -0.040617       0.207552      -0.305916       0.808002       0.040617      -0.698009
       1.690000      -0.208360       0.305876      -0.806975      -0.042131       0.208360      -0.305876       0.806975       0.042131      -0.698005
       1.691000      -0.209167       0.305833      -0.805947      -0.043639       0.209167      -0.305833       0.805947       0.043639      -0.698001
       1.692000      -0.209973       0.305790      -0.804919      -0.045142       0.209973      -0.305790       0.804919       0.045142      -0.697997
       1.693000      -0.210778       0.305745      -0.803891      -0.046640       0.210778      -0.305745       0.803891       0.046640      -0.697993
       1.694000      -0.211582       0.305698      -0.802862      -0.048133       0.211582      -0.305698       0.802862       0.048133      -0.697989
       1.695000      -0.212384       0.305650      -0.801832      -0.049620       0.212384      -0.305650       0.801832       0.049620      -0.697985
       1.696000      -0.213186       0.305600      -0.800803      -0.051102       0.213186      -0.305600       0.800803       0.051102      -0.697981
       1.697000      -0.213987       0.305549      -0.799772      -0.052579       0.213987      -0.305549       0.799772       0.052579      -0.697977
       1.698000      -0.214787       0.305497      -0.798742      -0.054050       0.214787      -0.305497       0.798742       0.054050      -0.697974
       1.699000      -0.215586       0.305443      -0.797711      -0.055517       0.215586      -0.305443       0.797711       0.055517      -0.697970
       1.700000      -0.216383       0.305387      -0.796679      -0.056978       0.216383      -0.305387       0.796679       0.056978      -0.697966
       1.701000      -0.217180       0.305330      -0.795648      -0.058434       0.217180      -0.305330       0.795648       0.058434      -0.697962
       1.702000      -0.217976       0.305272      -0.794616      -0.059885       0.217976      -0.305272       0.794616       0.059885      -0.697958
       1.703000      -0.218770       0.305212      -0.793583      -0.061331       0.218770      -0.305212       0.793583       0.061331      -0.697955
       1.704000      -0.219564       0.305150      -0.792550      -0.062772       0.219564      -0.305150       0.792550       0.062772      -0.697951
       1.705000      -0.220356       0.305088      -0.791517      -0.064208       0.220356      -0.305088       0.791517       0.064208      -0.697947
       1.706000      -0.221148       0.305023      -0.790484      -0.065639       0.221148      -0.305023       0.790484       0.065639      -0.697944
       1.707000      -0.221938       0.304958      -0.789450      -0.067065       0.221938      -0.304958       0.789450       0.067065      -0.697940
       1.708000      -0.222728       0.304891      -0.788416      -0.068486       0.222728      -0.304891       0.788416       0.068486      -0.697936
       1.709000      -0.223516       0.304822      -0.787381      -0.069902       0.223516      -0.304822       0.787381       0.069902      -0.697933
       1.710000      -0.224304       0.304752      -0.786347      -0.071313       0.224304      -0.304752       0.786347       0.071313      -0.697929
       1.711000      -0.225090       0.304681      -0.785312      -0.072719       0.225090      -0.304681       0.785312       0.072719      -0.697925
       1.712000      -0.225875       0.304608      -0.784276      -0.074120       0.225875      -0.304608       0.784276       0.074120      -0.697922
       1.713000      -0.226659       0.304534      -0.783241      -0.075517       0.226659      -0.304534       0.783241       0.075517      -0.697918
       1.714000      -0.227443       0.304459      -0.782205      -0.076908       0.227443      -0.304459       0.782205       0.076908      -0.697915
       1.715000      -0.228225       0.304382      -0.781169      -0.078295       0.228225      -0.304382       0.781169       0.078295      -0.697911
       1.716000      -0.229006       0.304303      -0.780133      -0.079677       0.229006      -0.304303       0.780133       0.079677      -0.697908
       1.717000      -0.229786       0.304224      -0.779097      -0.081054       0.229786      -0.304224       0.779097       0.081054      -0.697904
       1.718000      -0.230565       0.304143      -0.778060      -0.082427       0.230565      -0.304143       0.778060       0.082427      -0.697901
       1.719000      -0.231343       0.304060      -0.777023      -0.083795       0.231343      -0.304060       0.777023       0.083795      -0.697897
       1.720000      -0.232120       0.303976      -0.775986      -0.085158       0.232120      -0.303976       0.775986       0.085158      -0.697894
       1.721000      -0.232896       0.303891      -0.774949      -0.086516       0.232896      -0.303891       0.774949       0.086516      -0.697890
       1.722000      -0.233671       0.303805      -0.773911      -0.087869       0.233671      -0.303805       0.773911       0.087869      -0.697887
       1.723000      -0.234445       0.303717      -0.772874      -0.089218       0.234445      -0.303717       0.772874       0.089218      -0.697883
       1.724000      -0.235218       0.303628      -0.771836      -0.090563       0.235218      -0.303628       0.771836       0.090563      -0.697880
       1.725000      -0.235990       0.303537      -0.770798      -0.091902       0.235990      -0.303537       0.770798       0.091902      -0.697876
       1.726000      -0.236761       0.303445      -0.769760      -0.093238       0.236761      -0.303445       0.769760       0.093238      -0.697873
       1.727000      -0.237531       0.303352      -0.768722      -0.094568       0.237531      -0.303352       0.768722       0.094568      -0.697870
       1.728000      -0.238299       0.303257      -0.767684      -0.095894       0.238299      -0.303257       0.767684       0.095894      -0.697866
       1.729000      -0.239067       0.303162      -0.766645      -0.097216       0.239067      -0.303162       0.766645       0.097216      -0.697863
       1.730000      -0.239834       0.303064      -0.765607      -0.098533       0.239834      -0.303064       0.765607       0.098533      -0.697860
       1.731000      -0.240599       0.302966      -0.764568      -0.099845       0.240599      -0.302966       0.764568       0.099845      -0.697856
       1.732000      -0.241364       0.302866      -0.763529      -0.101153       0.241364      -0.302866       0.763529       0.101153      -0.697853
       1.733000      -0.242127       0.302765      -0.762491      -0.102457       0.242127      -0.302765       0.762491       0.102457      -0.697850
       1.734000      -0.242890       0.302662      -0.761452      -0.103756       0.242890      -0.302662       0.761452       0.103756      -0.697846
       1.735000      -0.243651       0.302559      -0.760413      -0.105050       0.243651      -0.302559       0.760413       0.105050      -0.697843
       1.736000      -0.244412       0.302454      -0.759374      -0.106341       0.244412      -0.302454       0.759374       0.106341      -0.697840
       1.737000      -0.245171       0.302347      -0.758335      -0.107627       0.245171      -0.302347       0.758335       0.107627      -0.697837
       1.738000      -0.245929       0.302240      -0.757295      -0.108908       0.245929      -0.302240       0.757295       0.108908      -0.697833
       1.739000      -0.246687       0.302131      -0.756256      -0.110185       0.246687      -0.302131       0.756256       0.110185      -0.697830
       1.740000      -0.247443       0.302020      -0.755217      -0.111458       0.247443      -0.302020       0.755217       0.111458      -0.697827
       1.741000      -0.248198       0.301909      -0.754178      -0.112727       0.248198      -0.301909       0.754178       0.112727      -0.697824
       1.742000      -0.248952       0.301796      -0.753138      -0.113991       0.248952      -0.301796       0.753138       0.113991      -0.697821
       1.743000      -0.249705       0.301682      -0.752099      -0.115251       0.249705      -0.301682       0.752099       0.115251      -0.697817
       1.744000      -0.250458       0.301567      -0.751059      -0.116507       0.250458      -0.301567       0.751059       0.116507      -0.697814
       1.745000      -0.251209       0.301451      -0.750020      -0.117758       0.251209      -0.301451       0.750020       0.117758      -0.697811
       1.746000      -0.251959       0.301333      -0.748981      -0.119005       0.251959      -0.301333       0.748981       0.119005      -0.697808
       1.747000      -0.252708       0.301214      -0.747941      -0.120249       0.252708      -0.301214       0.747941       0.120249      -0.697805
       1.748000      -0.253456       0.301094      -0.746902      -0.121487       0.253456      -0.301094       0.746902       0.121487      -0.697802
       1.749000      -0.254202       0.300972      -0.745862      -0.122722       0.254202      -0.300972       0.745862       0.122722      -0.697799
       1.750000      -0.254948       0.300849      -0.744823      -0.123953       0.254948      -0.300849       0.744823       0.123953      -0.697796
       1.751000      -0.255693       0.300725      -0.743784      -0.125179       0.255693      -0.300725       0.743784       0.125179      -0.697793
       1.752000      -0.256437       0.300600      -0.742744      -0.126402       0.256437      -0.300600       0.742744       0.126402      -0.697790
       1.753000      -0.257180       0.300474      -0.741705      -0.127620       0.257180      -0.300474       0.741705       0.127620      -0.697786
       1.754000      -0.257921       0.300346      -0.740666      -0.128834       0.257921      -0.300346       0.740666       0.128834      -0.697783
       1.755000      -0.258662       0.300217      -0.739627      -0.130044       0.258662      -0.300217       0.739627       0.130044      -0.697780
       1.756000      -0.259402       0.300087      -0.738588      -0.131250       0.259402      -0.300087       0.738588       0.131250      -0.697777
       1.757000      -0.260140       0.299956      -0.737548      -0.132452       0.260140      -0.299956       0.737548       0.132452      -0.697774
       1.758000      -0.260878       0.299824      -0.736509      -0.133650       0.260878      -0.299824       0.736509       0.133650      -0.697771
       1.759000      -0.261614       0.299690      -0.735471      -0.134844       0.261614      -0.299690       0.735471       0.134844      -0.697768
       1.760000      -0.262350       0.299555      -0.734432      -0.136034       0.262350      -0.299555       0.734432       0.136034      -0.697765
       1.761000      -0.263084       0.299419      -0.733393      -0.137221       0.263084      -0.299419       0.733393       0.137221      -0.697762
       1.762000      -0.263818       0.299282      -0.732354      -0.138403       0.263818      -0.299282       0.732354       0.138403      -0.697760
       1.763000      -0.264550       0.299143      -0.731316      -0.139581       0.264550      -0.299143       0.731316       0.139581      -0.697757
       1.764000      -0.265281       0.299004      -0.730277      -0.140755       0.265281      -0.299004       0.730277       0.140755      -0.697754
       1.765000      -0.266012       0.298863      -0.729239      -0.141926       0.266012      -0.298863       0.729239       0.141926      -0.697751
       1.766000      -0.266741       0.298721      -0.728200      -0.143092       0.266741      -0.298721       0.728200       0.143092      -0.697748
       1.767000      -0.267469       0.298578      -0.727162      -0.144255       0.267469      -0.298578       0.727162       0.144255      -0.697745
       1.768000      -0.268196       0.298434      -0.726124      -0.145414       0.268196      -0.298434       0.726124       0.145414      -0.697742
       1.769000      -0.268922       0.298288      -0.725086      -0.146569       0.268922      -0.298288       0.725086       0.146569      -0.697739
       1.770000      -0.269647       0.298142      -0.724048      -0.147720       0.269647      -0.298142       0.724048       0.147720      -0.697736
       1.771000      -0.270371       0.297994      -0.723010      -0.148867       0.270371      -0.297994       0.723010       0.148867      -0.697733
       1.772000      -0.271094       0.297845      -0.721973      -0.150011       0.271094      -0.297845       0.721973       0.150011      -0.697731
       1.773000      -0.271816       0.297695      -0.720935      -0.151151       0.271816      -0.297695       0.720935       0.151151      -0.697728
       1.774000      -0.272537       0.297544      -0.719898      -0.152287       0.272537      -0.297544       0.719898       0.152287      -0.697725
       1.775000      -0.273257       0.297392      -0.718861      -0.153419       0.273257      -0.297392       0.718861       0.153419      -0.697722
       1.776000      -0.273976       0.297238      -0.717824      -0.154548       0.273976      -0.297238       0.717824       0.154548      -0.697719
       1.777000      -0.274694       0.297084      -0.716787      -0.155673       0.274694      -0.297084       0.716787       0.155673      -0.697716
       1.778000      -0.275411       0.296928      -0.715750      -0.156794       0.275411      -0.296928       0.715750       0.156794      -0.697714
       1.779000      -0.276126       0.296771      -0.714714      -0.157911       0.276126      -0.296771       0.714714       0.157911      -0.697711
       1.780000      -0.276841       0.296613      -0.713677      -0.159025       0.276841      -0.296613       0.713677       0.159025      -0.697708
       1.781000      -0.277555       0.296454      -0.712641      -0.160135       0.277555      -0.296454       0.712641       0.160135      -0.697705
       1.782000      -0.278267       0.296294      -0.711605      -0.161242       0.278267      -0.296294       0.711605       0.161242      -0.697703
       1.783000      -0.278979       0.296133      -0.710569      -0.162345       0.278979      -0.296133       0.710569       0.162345      -0.697700
       1.784000      -0.279690       0.295971      -0.709534      -0.163444       0.279690      -0.295971       0.709534       0.163444      -0.697697
       1.785000      -0.280399       0.295807      -0.708498      -0.164540       0.280399      -0.295807       0.708498       0.164540      -0.697694
       1.786000      -0.281108       0.295643      -0.707463      -0.165632       0.281108      -0.295643       0.707463       0.165632      -0.697692
       1.787000      -0.281815       0.295477      -0.706428      -0.166721       0.281815      -0.295477       0.706428       0.166721      -0.697689
       1.788000      -0.282522       0.295310      -0.705393      -0.167806       0.282522      -0.295310       0.705393       0.167806      -0.697686
       1.789000      -0.283227       0.295143      -0.704358      -0.168888       0.283227      -0.295143       0.704358       0.168888      -0.697684
       1.790000      -0.283931       0.294974      -0.703324      -0.169966       0.283931      -0.294974       0.703324       0.169966      -0.697681
       1.791000      -0.284635       0.294804      -0.702289      -0.171040       0.284635      -0.294804       0.702289       0.171040      -0.697678
       1.792000      -0.285337       0.294633      -0.701255      -0.172111       0.285337      -0.294633       0.701255       0.172111      -0.697676
       1.793000      -0.286038       0.294461      -0.700222      -0.173179       0.286038      -0.294461       0.700222       0.173179      -0.697673
       1.794000      -0.286738       0.294287      -0.699188      -0.174243       0.286738      -0.294287       0.699188       0.174243      -0.697670
       1.795000      -0.287438       0.294113      -0.698154      -0.175303       0.287438      -0.294113       0.698154       0.175303      -0.697668
       1.796000      -0.288136       0.293938      -0.697121      -0.176360       0.288136      -0.293938       0.697121       0.176360      -0.697665
       1.797000      -0.288833       0.293761      -0.696088      -0.177414       0.288833      -0.293761       0.696088       0.177414      -0.697662
       1.798000      -0.289529       0.293584      -0.695056      -0.178465       0.289529      -0.293584       0.695056       0.178465      -0.697660
       1.799000      -0.290224       0.293406      -0.694023      -0.179512       0.290224      -0.293406       0.694023       0.179512      -0.697657
       1.800000      -0.290918       0.293226      -0.692991      -0.180555       0.290918      -0.293226       0.692991       0.180555      -0.697655
       1.801000      -0.291611       0.293046      -0.691959      -0.181595       0.291611      -0.293046       0.691959       0.181595      -0.697652
       1.802000      -0.292303       0.292864      -0.690927      -0.182632       0.292303      -0.292864       0.690927       0.182632      -0.697649
       1.803000      -0.292994       0.292681      -0.689896      -0.183666       0.292994      -0.292681       0.689896       0.183666      -0.697647
       1.804000      -0.293684       0.292498      -0.688864      -0.184696       0.293684      -0.292498       0.688864       0.184696      -0.697644
       1.805000      -0.294373       0.292313      -0.687833      -0.185723       0.294373      -0.292313       0.687833       0.185723      -0.697642
       1.806000      -0.295061       0.292127      -0.686802      -0.186746       0.295061      -0.292127       0.686802       0.186746      -0.697639
       1.807000      -0.295747       0.291940      -0.685772      -0.187766       0.295747      -0.291940       0.685772       0.187766      -0.697637
       1.808000      -0.296433       0.291753      -0.684742      -0.188783       0.296433      -0.291753       0.684742       0.188783      -0.697634
       1.809000      -0.297118       0.291564      -0.683712      -0.189797       0.297118      -0.291564       0.683712       0.189797      -0.697632
       1.810000      -0.297802       0.291374      -0.682682      -0.190808       0.297802      -0.291374       0.682682       0.190808      -0.697629
       1.811000      -0.298484       0.291183      -0.681653      -0.191815       0.298484      -0.291183       0.681653       0.191815      -0.697627
       1.812000      -0.299166       0.290992      -0.680623      -0.192819       0.299166      -0.290992       0.680623       0.192819      -0.697624
       1.813000      -0.299846       0.290799      -0.679595      -0.193820       0.299846      -0.290799       0.679595       0.193820      -0.697622
       1.814000      -0.300526       0.290605      -0.678566      -0.194817       0.300526      -0.290605       0.678566       0.194817      -0.697619
       1.815000      -0.301205       0.290410      -0.677538      -0.195812       0.301205      -0.290410       0.677538       0.195812      -0.697617
       1.816000      -0.301882       0.290214      -0.676510      -0.196803       0.301882      -0.290214       0.676510       0.196803      -0.697614
       1.817000      -0.302559       0.290017      -0.675482      -0.197791       0.302559      -0.290017       0.675482       0.197791      -0.697612
       1.818000      -0.303234       0.289820      -0.674454      -0.198776       0.303234      -0.289820       0.674454       0.198776      -0.697609
       1.819000      -0.303909       0.289621      -0.673427      -0.199757       0.303909      -0.289621       0.673427       0.199757      -0.697607
       1.820000      -0.304582       0.289421      -0.672400      -0.200736       0.304582      -0.289421       0.672400       0.200736      -0.697604
       1.821000      -0.305254       0.289220      -0.671374      -0.201712       0.305254      -0.289220       0.671374       0.201712      -0.697602
       1.822000      -0.305926       0.289019      -0.670347      -0.202684       0.305926      -0.289019       0.670347       0.202684      -0.697600
       1.823000      -0.306596       0.288816      -0.669321      -0.203653       0.306596      -0.288816       0.669321       0.203653      -0.697597
       1.824000      -0.307266       0.288612      -0.668296      -0.204619       0.307266      -0.288612       0.668296       0.204619      -0.697595
       1.825000      -0.307934       0.288408      -0.667270      -0.205583       0.307934      -0.288408       0.667270       0.205583      -0.697592
       1.826000      -0.308601       0.288202      -0.666245      -0.206543       0.308601      -0.288202       0.666245       0.206543      -0.697590
       1.827000      -0.309267       0.287996      -0.665220      -0.207500       0.309267      -0.287996       0.665220       0.207500      -0.697588
       1.828000      -0.309933       0.287788      -0.664196      -0.208454       0.309933      -0.287788       0.664196       0.208454      -0.697585
       1.829000      -0.310597       0.287580      -0.663172      -0.209405       0.310597      -0.287580       0.663172       0.209405      -0.697583
       1.830000      -0.311260       0.287370      -0.662148      -0.210353       0.311260      -0.287370       0.662148       0.210353      -0.697580
       1.831000      -0.311922       0.287160      -0.661124      -0.211298       0.311922      -0.287160       0.661124       0.211298      -0.697578
       1.832000      -0.312583       0.286949      -0.660101      -0.212240       0.312583      -0.286949       0.660101       0.212240      -0.697576
       1.833000      -0.313243       0.286736      -0.659078      -0.213179       0.313243      -0.286736       0.659078       0.213179      -0.697573
       1.834000      -0.313902       0.286523      -0.658056      -0.214115       0.313902      -0.286523       0.658056       0.214115      -0.697571
       1.835000      -0.314560       0.286309      -0.657034      -0.215048       0.314560      -0.286309       0.657034       0.215048      -0.697569
       1.836000      -0.315217       0.286094      -0.656012      -0.215978       0.315217      -0.286094       0.656012       0.215978      -0.697566
       1.837000      -0.315873       0.285878      -0.654990      -0.216905       0.315873      -0.285878       0.654990       0.216905      -0.697564
       1.838000      -0.316528       0.285661      -0.653969      -0.217829       0.316528      -0.285661       0.653969       0.217829      -0.697562
       1.839000      -0.317182       0.285443      -0.652948      -0.218751       0.317182      -0.285443       0.652948       0.218751      -0.697559
       1.840000      -0.317835       0.285225      -0.651927      -0.219669       0.317835      -0.285225       0.651927       0.219669      -0.697557
       1.841000      -0.318487       0.285005      -0.650907      -0.220585       0.318487      -0.285005       0.650907       0.220585      -0.697555
       1.842000      -0.319138       0.284784      -0.649887      -0.221497       0.319138      -0.284784       0.649887       0.221497      -0.697553
       1.843000      -0.319788       0.284563      -0.648868      -0.222407       0.319788      -0.284563       0.648868       0.222407      -0.697550
       1.844000      -0.320437       0.284340      -0.647848      -0.223314       0.320437      -0.284340       0.647848       0.223314      -0.697548
       1.845000      -0.321085       0.284117      -0.646830      -0.224218       0.321085      -0.284117       0.646830       0.224218      -0.697546
       1.846000      -0.321732       0.283893      -0.645811      -0.225119       0.321732      -0.283893       0.645811       0.225119      -0.697543
       1.847000      -0.322377       0.283668      -0.644793      -0.226018       0.322377      -0.283668       0.644793       0.226018      -0.697541
       1.848000      -0.323022       0.283442      -0.643775      -0.226914       0.323022      -0.283442       0.643775       0.226914      -0.697539
       1.849000      -0.323666       0.283215      -0.642757      -0.227806       0.323666      -0.283215       0.642757       0.227806      -0.697537
       1.850000      -0.324309       0.282987      -0.641740      -0.228696       0.324309      -0.282987       0.641740       0.228696      -0.697535
       1.851000      -0.324951       0.282758      -0.640724      -0.229584       0.324951      -0.282758       0.640724       0.229584      -0.697532
       1.852000      -0.325591       0.282529      -0.639707      -0.230468       0.325591      -0.282529       0.639707       0.230468      -0.697530
       1.853000      -0.326231       0.282298      -0.638691      -0.231350       0.326231      -0.282298       0.638691       0.231350      -0.697528
       1.854000      -0.326870       0.282067      -0.637675      -0.232229       0.326870      -0.282067       0.637675       0.232229      -0.697526
       1.855000      -0.327507       0.281835      -0.636660      -0.233105       0.327507      -0.281835       0.636660       0.233105      -0.697523
       1.856000      -0.328144       0.281602      -0.635645      -0.233978       0.328144      -0.281602       0.635645       0.233978      -0.697521
       1.857000      -0.328780       0.281368      -0.634630      -0.234849       0.328780      -0.281368       0.634630       0.234849      -0.697519
       1.858000      -0.329414       0.281133      -0.633616      -0.235717       0.329414      -0.281133       0.633616       0.235717      -0.697517
       1.859000      -0.330048       0.280897      -0.632602      -0.236582       0.330048      -0.280897       0.632602       0.236582      -0.697515
       1.860000      -0.330680       0.280660      -0.631588      -0.237445       0.330680      -0.280660       0.631588       0.237445      -0.697512
       1.861000      -0.331312       0.280423      -0.630575      -0.238305       0.331312      -0.280423       0.630575       0.238305      -0.697510
       1.862000      -0.331943       0.280185      -0.629562      -0.239162       0.331943      -0.280185       0.629562       0.239162      -0.697508
       1.863000      -0.332572       0.279946      -0.628550      -0.240017       0.332572      -0.279946       0.628550       0.240017      -0.697506
       1.864000      -0.333201       0.279706      -0.627538      -0.240869       0.333201      -0.279706       0.627538       0.240869      -0.697504
       1.865000      -0.333828       0.279465      -0.626526      -0.241718       0.333828      -0.279465       0.626526       0.241718      -0.697502
       1.866000      -0.334455       0.279223      -0.625515      -0.242565       0.334455      -0.279223       0.625515       0.242565      -0.697500
       1.867000      -0.335080       0.278980      -0.624504      -0.243409       0.335080      -0.278980       0.624504       0.243409      -0.697497
       1.868000      -0.335705       0.278737      -0.623493      -0.244250       0.335705      -0.278737       0.623493       0.244250      -0.697495
       1.869000      -0.336328       0.278493      -0.622483      -0.245089       0.336328      -0.278493       0.622483       0.245089      -0.697493
       1.870000      -0.336951       0.278248      -0.621473      -0.245925       0.336951      -0.278248       0.621473       0.245925      -0.697491
       1.871000      -0.337572       0.278002      -0.620464      -0.246759       0.337572      -0.278002       0.620464       0.246759      -0.697489
       1.872000      -0.338193       0.277755      -0.619454      -0.247590       0.338193      -0.277755       0.619454       0.247590      -0.697487
       1.873000      -0.338812       0.277507      -0.618446      -0.248418       0.338812      -0.277507       0.618446       0.248418      -0.697485
       1.874000      -0.339431       0.277259      -0.617437      -0.249244       0.339431      -0.277259       0.617437       0.249244      -0.697483
       1.875000      -0.340048       0.277010      -0.616429      -0.250068       0.340048      -0.277010       0.616429       0.250068      -0.697481
       1.876000      -0.340664       0.276760      -0.615422      -0.250888       0.340664      -0.276760       0.615422       0.250888      -0.697478
       1.877000      -0.341280       0.276509      -0.614415      -0.251707       0.341280      -0.276509       0.614415       0.251707      -0.697476
       1.878000      -0.341894       0.276257      -0.613408      -0.252522       0.341894      -0.276257       0.613408       0.252522      -0.697474
       1.879000      -0.342508       0.276004      -0.612401      -0.253336       0.342508      -0.276004       0.612401       0.253336      -0.697472
       1.880000      -0.343120       0.275751      -0.611395      -0.254146       0.343120      -0.275751       0.611395       0.254146      -0.697470
       1.881000      -0.343732       0.275497      -0.610390      -0.254955       0.343732      -0.275497       0.610390       0.254955      -0.697468
       1.882000      -0.344342       0.275242      -0.609384      -0.255760       0.344342      -0.275242       0.609384       0.255760      -0.697466
       1.883000      -0.344951       0.274986      -0.608379      -0.256564       0.344951      -0.274986       0.608379       0.256564      -0.697464
       1.884000      -0.345560       0.274730      -0.607375      -0.257364       0.345560      -0.274730       0.607375       0.257364      -0.697462
       1.885000      -0.346167       0.274472      -0.606371      -0.258163       0.346167      -0.274472       0.606371       0.258163      -0.697460
       1.886000      -0.346773       0.274214      -0.605367      -0.258959       0.346773      -0.274214       0.605367       0.258959      -0.697458
       1.887000      -0.347379       0.273955      -0.604364      -0.259752       0.347379      -0.273955       0.604364       0.259752      -0.697456
       1.888000      -0.347983       0.273695      -0.603361      -0.260543       0.347983      -0.273695       0.603361       0.260543      -0.697454
       1.889000      -0.348587       0.273435      -0.602358      -0.261331       0.348587      -0.273435       0.602358       0.261331      -0.697452
       1.890000      -0.349189       0.273174      -0.601356      -0.262118       0.349189      -0.273174       0.601356       0.262118      -0.697450
       1.891000      -0.349790       0.272911      -0.600354      -0.262901       0.349790      -0.272911       0.600354       0.262901      -0.697448
       1.892000      -0.350391       0.272649      -0.599353      -0.263682       0.350391      -0.272649       0.599353       0.263682      -0.697446
       1.893000      -0.350990       0.272385      -0.598352      -0.264461       0.350990      -0.272385       0.598352       0.264461      -0.697444
       1.894000      -0.351588       0.272120      -0.597351      -0.265238       0.351588      -0.272120       0.597351       0.265238      -0.697442
       1.895000      -0.352186       0.271855      -0.596351      -0.266012       0.352186      -0.271855       0.596351       0.266012      -0.697440
       1.896000      -0.352782       0.271589      -0.595351      -0.266784       0.352782      -0.271589       0.595351       0.266784      -0.697438
       1.897000      -0.353377       0.271322      -0.594352      -0.267553       0.353377      -0.271322       0.594352       0.267553      -0.697436
       1.898000      -0.353972       0.271055      -0.593353      -0.268320       0.353972      -0.271055       0.593353       0.268320      -0.697434
       1.899000      -0.354565       0.270787      -0.592354      -0.269085       0.354565      -0.270787       0.592354       0.269085      -0.697432
       1.900000      -0.355157       0.270517      -0.591356      -0.269847       0.355157      -0.270517       0.591356       0.269847      -0.697430
       1.901000      -0.355749       0.270248      -0.590358      -0.270607       0.355749      -0.270248       0.590358       0.270607      -0.697428
       1.902000      -0.356339       0.269977      -0.589361      -0.271365       0.356339      -0.269977       0.589361       0.271365      -0.697426
       1.903000      -0.356928       0.269706      -0.588364      -0.272120       0.356928      -0.269706       0.588364       0.272120      -0.697424
       1.904000      -0.357517       0.269434      -0.587367      -0.272873       0.357517      -0.269434       0.587367       0.272873      -0.697422
       1.905000      -0.358104       0.269161      -0.586371      -0.273624       0.358104      -0.269161       0.586371       0.273624      -0.697420
       1.906000      -0.358691       0.268887      -0.585375      -0.274373       0.358691      -0.268887       0.585375       0.274373      -0.697418
       1.907000      -0.359276       0.268613      -0.584380      -0.275119       0.359276      -0.268613       0.584380       0.275119      -0.697416
       1.908000      -0.359860       0.268338      -0.583385      -0.275863       0.359860      -0.268338       0.583385       0.275863      -0.697414
       1.909000      -0.360444       0.268062      -0.582390      -0.276604       0.360444      -0.268062       0.582390       0.276604      -0.697412
       1.910000      -0.361026       0.267785      -0.581396      -0.277344       0.361026      -0.267785       0.581396       0.277344      -0.697410
       1.911000      -0.361608       0.267508      -0.580402      -0.278081       0.361608      -0.267508       0.580402       0.278081      -0.697408
       1.912000      -0.362188       0.267230      -0.579409      -0.278816       0.362188      -0.267230       0.579409       0.278816      -0.697407
       1.913000      -0.362767       0.266951      -0.578416      -0.279548       0.362767      -0.266951       0.578416       0.279548      -0.697405
       1.914000      -0.363346       0.266671      -0.577423      -0.280279       0.363346      -0.266671       0.577423       0.280279      -0.697403
       1.915000      -0.363923       0.266391      -0.576431      -0.281007       0.363923      -0.266391       0.576431       0.281007      -0.697401
       1.916000      -0.364500       0.266110      -0.575439      -0.281733       0.364500      -0.266110       0.575439       0.281733      -0.697399
       1.917000      -0.365075       0.265828      -0.574448      -0.282457       0.365075      -0.265828       0.574448       0.282457      -0.697397
       1.918000      -0.365649       0.265546      -0.573457      -0.283178       0.365649      -0.265546       0.573457       0.283178      -0.697395
       1.919000      -0.366223       0.265263      -0.572467      -0.283898       0.366223      -0.265263       0.572467       0.283898      -0.697393
       1.920000      -0.366795       0.264979      -0.571476      -0.284615       0.366795      -0.264979       0.571476       0.284615      -0.697391
       1.921000      -0.367367       0.264694      -0.570487      -0.285330       0.367367      -0.264694       0.570487       0.285330      -0.697389
       1.922000      -0.367937       0.264409      -0.569497      -0.286043       0.367937      -0.264409       0.569497       0.286043      -0.697388
       1.923000      -0.368507       0.264123      -0.568508      -0.286753       0.368507      -0.264123       0.568508       0.286753      -0.697386
       1.924000      -0.369075       0.263836      -0.567520      -0.287462       0.369075      -0.263836       0.567520       0.287462      -0.697384
       1.925000      -0.369643       0.263549      -0.566532      -0.288168       0.369643      -0.263549       0.566532       0.288168      -0.697382
       1.926000      -0.370209       0.263260      -0.565544      -0.288872       0.370209      -0.263260       0.565544       0.288872      -0.697380
       1.927000      -0.370775       0.262971      -0.564557      -0.289574       0.370775      -0.262971       0.564557       0.289574      -0.697378
       1.928000      -0.371340       0.262682      -0.563570      -0.290274       0.371340      -0.262682       0.563570       0.290274      -0.697376
       1.929000      -0.371903       0.262392      -0.562583      -0.290972       0.371903      -0.262392       0.562583       0.290972      -0.697375
       1.930000      -0.372466       0.262101      -0.561597      -0.291668       0.372466      -0.262101       0.561597       0.291668      -0.697373
       1.931000      -0.373027       0.261809      -0.560612      -0.292362       0.373027      -0.261809       0.560612       0.292362      -0.697371
       1.932000      -0.373588       0.261517      -0.559626      -0.293053       0.373588      -0.261517       0.559626       0.293053      -0.697369
       1.933000      -0.374148       0.261224      -0.558642      -0.293742       0.374148      -0.261224       0.558642       0.293742      -0.697367
       1.934000      -0.374706       0.260930      -0.557657      -0.294430       0.374706      -0.260930       0.557657       0.294430      -0.697365
       1.935000      -0.375264       0.260635      -0.556673      -0.295115       0.375264      -0.260635       0.556673       0.295115      -0.697364
       1.936000      -0.375820       0.260340      -0.555690      -0.295798       0.375820      -0.260340       0.555690       0.295798      -0.697362
       1.937000      -0.376376       0.260044      -0.554706      -0.296479       0.376376      -0.260044       0.554706       0.296479      -0.697360
       1.938000      -0.376931       0.259748      -0.553724      -0.297158       0.376931      -0.259748       0.553724       0.297158      -0.697358
       1.939000      -0.377485       0.259451      -0.552741      -0.297835       0.377485      -0.259451       0.552741       0.297835      -0.697356
       1.940000      -0.378037       0.259153      -0.551759      -0.298510       0.378037      -0.259153       0.551759       0.298510      -0.697355
       1.941000      -0.378589       0.258855      -0.550778      -0.299183       0.378589      -0.258855       0.550778       0.299183      -0.697353
       1.942000      -0.379140       0.258555      -0.549796      -0.299854       0.379140      -0.258555       0.549796       0.299854      -0.697351
       1.943000      -0.379690       0.258255      -0.548816      -0.300523       0.379690      -0.258255       0.548816       0.300523      -0.697349
       1.944000      -0.380239       0.257955      -0.547835      -0.301190       0.380239      -0.257955       0.547835       0.301190      -0.697347
       1.945000      -0.380786       0.257654      -0.546855      -0.301854       0.380786      -0.257654       0.546855       0.301854      -0.697346
       1.946000      -0.381333       0.257352      -0.545876      -0.302517       0.381333      -0.257352       0.545876       0.302517      -0.697344
       1.947000      -0.381879       0.257049      -0.544897      -0.303178       0.381879      -0.257049       0.544897       0.303178      -0.697342
       1.948000      -0.382424       0.256746      -0.543918      -0.303837       0.382424      -0.256746       0.543918       0.303837      -0.697340
       1.949000      -0.382968       0.256442      -0.542940      -0.304493       0.382968      -0.256442       0.542940       0.304493      -0.697339
       1.950000      -0.383511       0.256138      -0.541962      -0.305148       0.383511      -0.256138       0.541962       0.305148      -0.697337
       1.951000      -0.384053       0.255833      -0.540984      -0.305801       0.384053      -0.255833       0.540984       0.305801      -0.697335
       1.952000      -0.384594       0.255527      -0.540007      -0.306452       0.384594      -0.255527       0.540007       0.306452      -0.697333
       1.953000      -0.385134       0.255220      -0.539031      -0.307101       0.385134      -0.255220       0.539031       0.307101      -0.697331
       1.954000      -0.385673       0.254913      -0.538054      -0.307748       0.385673      -0.254913       0.538054       0.307748      -0.697330
       1.955000      -0.386211       0.254606      -0.537079      -0.308393       0.386211      -0.254606       0.537079       0.308393      -0.697328
       1.956000      -0.386748       0.254297      -0.536103      -0.309036       0.386748      -0.254297       0.536103       0.309036      -0.697326
       1.957000      -0.387284       0.253988      -0.535128      -0.309677       0.387284      -0.253988       0.535128       0.309677      -0.697325
       1.958000      -0.387819       0.253679      -0.534154      -0.310316       0.387819      -0.253679       0.534154       0.310316      -0.697323
       1.959000      -0.388353       0.253368      -0.533179      -0.310953       0.388353      -0.253368       0.533179       0.310953      -0.697321
       1.960000      -0.388887       0.253057      -0.532206      -0.311589       0.388887      -0.253057       0.532206       0.311589      -0.697319
       1.961000      -0.389419       0.252746      -0.531232      -0.312222       0.389419      -0.252746       0.531232       0.312222      -0.697318
       1.962000      -0.389950       0.252433      -0.530259      -0.312854       0.389950      -0.252433       0.530259       0.312854      -0.697316
       1.963000      -0.390480       0.252121      -0.529287      -0.313483       0.390480      -0.252121       0.529287       0.313483      -0.697314
       1.964000      -0.391009       0.251807      -0.528314      -0.314111       0.391009      -0.251807       0.528314       0.314111      -0.697312
       1.965000      -0.391538       0.251493      -0.527343      -0.314737       0.391538      -0.251493       0.527343       0.314737      -0.697311
       1.966000      -0.392065       0.251178      -0.526371      -0.315361       0.392065      -0.251178       0.526371       0.315361      -0.697309
       1.967000      -0.392592       0.250863      -0.525400      -0.315983       0.392592      -0.250863       0.525400       0.315983      -0.697307
       1.968000      -0.393117       0.250547      -0.524430      -0.316603       0.393117      -0.250547       0.524430       0.316603      -0.697306
       1.969000      -0.393641       0.250230      -0.523460      -0.317221       0.393641      -0.250230       0.523460       0.317221      -0.697304
       1.970000      -0.394165       0.249913      -0.522490      -0.317837       0.394165      -0.249913       0.522490       0.317837      -0.697302
       1.971000      -0.394687       0.249595      -0.521521      -0.318452       0.394687      -0.249595       0.521521       0.318452      -0.697300
       1.972000      -0.395209       0.249277      -0.520552      -0.319065       0.395209      -0.249277       0.520552       0.319065      -0.697299
       1.973000      -0.395729       0.248958      -0.519583      -0.319676       0.395729      -0.248958       0.519583       0.319676      -0.697297
       1.974000      -0.396249       0.248638      -0.518615      -0.320285       0.396249      -0.248638       0.518615       0.320285      -0.697295
       1.975000      -0.396768       0.248318      -0.517648      -0.320892       0.396768      -0.248318       0.517648       0.320892      -0.697294
       1.976000      -0.397285       0.247997      -0.516680      -0.321497       0.397285      -0.247997       0.516680       0.321497      -0.697292
       1.977000      -0.397802       0.247675      -0.515713      -0.322101       0.397802      -0.247675       0.515713       0.322101      -0.697290
       1.978000      -0.398318       0.247353      -0.514747      -0.322703       0.398318      -0.247353       0.514747       0.322703      -0.697289
       1.979000      -0.398832       0.247031      -0.513781      -0.323302       0.398832      -0.247031       0.513781       0.323302      -0.697287
       1.980000      -0.399346       0.246707      -0.512815      -0.323901       0.399346      -0.246707       0.512815       0.323901      -0.697285
       1.981000      -0.399859       0.246383      -0.511850      -0.324497       0.399859      -0.246383       0.511850       0.324497      -0.697284
       1.982000      -0.400371       0.246059      -0.510885      -0.325091       0.400371      -0.246059       0.510885       0.325091      -0.697282
       1.983000      -0.400882       0.245734      -0.509921      -0.325684       0.400882      -0.245734       0.509921       0.325684      -0.697280
       1.984000      -0.401392       0.245408      -0.508957      -0.326275       0.401392      -0.245408       0.508957       0.326275      -0.697279
       1.985000      -0.401901       0.245082      -0.507993      -0.326864       0.401901      -0.245082       0.507993       0.326864      -0.697277
       1.986000      -0.402409       0.244755      -0.507030      -0.327452       0.402409      -0.244755       0.507030       0.327452      -0.697275
       1.987000      -0.402916       0.244428      -0.506067      -0.328037       0.402916      -0.244428       0.506067       0.328037      -0.697274
       1.988000      -0.403422       0.244099      -0.505104      -0.328621       0.403422      -0.244099       0.505104       0.328621      -0.697272
       1.989000      -0.403927       0.243771      -0.504142      -0.329203       0.403927      -0.243771       0.504142       0.329203      -0.697271
       1.990000      -0.404431       0.243442      -0.503181      -0.329784       0.404431      -0.243442       0.503181       0.329784      -0.697269
       1.991000      -0.404934       0.243112      -0.502219      -0.330362       0.404934      -0.243112       0.502219       0.330362      -0.697267
       1.992000      -0.405436       0.242782      -0.501259      -0.330939       0.405436      -0.242782       0.501259       0.330939      -0.697266
       1.993000      -0.405938       0.242451      -0.500298      -0.331514       0.405938      -0.242451       0.500298       0.331514      -0.697264
       1.994000      -0.406438       0.242119      -0.499338      -0.332088       0.406438      -0.242119       0.499338       0.332088      -0.697262
       1.995000      -0.406937       0.241787      -0.498379      -0.332659       0.406937      -0.241787       0.498379       0.332659      -0.697261
       1.996000      -0.407436       0.241454      -0.497419      -0.333229       0.407436      -0.241454       0.497419       0.333229      -0.697259
       1.997000      -0.407933       0.241121      -0.496460      -0.333797       0.407933      -0.241121       0.496460       0.333797      -0.697258
       1.998000      -0.408429       0.240787      -0.495502      -0.334364       0.408429      -0.240787       0.495502       0.334364      -0.697256
       1.999000      -0.408925       0.240453      -0.494544      -0.334929       0.408925      -0.240453       0.494544       0.334929      -0.697254
       2.000000      -0.409420       0.240118      -0.493586      -0.335492       0.409420      -0.240118       0.493586       0.335492      -0.697253
       2.001000      -0.409913       0.239782      -0.492629      -0.336053       0.409913      -0.239782       0.492629       0.336053      -0.697251
       2.002000      -0.410406       0.239446      -0.491672      -0.336613       0.410406      -0.239446       0.491672       0.336613      -0.697250
       2.003000      -0.410897       0.239110      -0.490716      -0.337171       0.410897      -0.239110       0.490716       0.337171      -0.697248
       2.004000      -0.411388       0.238773      -0.489760      -0.337727       0.411388      -0.238773       0.489760       0.337727      -0.697246
       2.005000      -0.411878       0.238435      -0.488804      -0.338282       0.411878      -0.238435       0.488804       0.338282      -0.697245
       2.006000      -0.412367       0.238097      -0.487849      -0.338835       0.412367      -0.238097       0.487849       0.338835      -0.697243
       2.007000      -0.412855       0.237758      -0.486894      -0.339386       0.412855      -0.237758       0.486894       0.339386      -0.697242
       2.008000      -0.413341       0.237418      -0.485940      -0.339936       0.413341      -0.237418       0.485940       0.339936      -0.697240
       2.009000      -0.413827       0.237078      -0.484985      -0.340484       0.413827      -0.237078       0.484985       0.340484      -0.697238
       2.010000      -0.414312       0.236738      -0.484032      -0.341030       0.414312      -0.236738       0.484032       0.341030      -0.697237
       2.011000      -0.414796       0.236397      -0.483078      -0.341575       0.414796      -0.236397       0.483078       0.341575      -0.697235
       2.012000      -0.415279       0.236055      -0.482126      -0.342118       0.415279      -0.236055       0.482126       0.342118      -0.697234
       2.013000      -0.415762       0.235713      -0.481173      -0.342660       0.415762      -0.235713       0.481173       0.342660      -0.697232
       2.014000      -0.416243       0.235371      -0.480221      -0.343199       0.416243      -0.235371       0.480221       0.343199      -0.697231
       2.015000      -0.416723       0.235027      -0.479269      -0.343738       0.416723      -0.235027       0.479269       0.343738      -0.697229
       2.016000      -0.417202       0.234684      -0.478318      -0.344274       0.417202      -0.234684       0.478318       0.344274      -0.697227
       2.017000      -0.417681       0.234339      -0.477367      -0.344809       0.417681      -0.234339       0.477367       0.344809      -0.697226
       2.018000      -0.418158       0.233995      -0.476416      -0.345342       0.418158      -0.233995       0.476416       0.345342      -0.697224
       2.019000      -0.418634       0.233649      -0.475466      -0.345874       0.418634      -0.233649       0.475466       0.345874      -0.697223
       2.020000      -0.419110       0.233303      -0.474517      -0.346404       0.419110      -0.233303       0.474517       0.346404      -0.697221
       2.021000      -0.419584       0.232957      -0.473567      -0.346933       0.419584      -0.232957       0.473567       0.346933      -0.697220
       2.022000      -0.420058       0.232610      -0.472618      -0.347459       0.420058      -0.232610       0.472618       0.347459      -0.697218
       2.023000      -0.420531       0.232263      -0.471670      -0.347985       0.420531      -0.232263       0.471670       0.347985      -0.697217
       2.024000      -0.421002       0.231915      -0.470721      -0.348508       0.421002      -0.231915       0.470721       0.348508      -0.697215
       2.025000      -0.421473       0.231566      -0.469774      -0.349031       0.421473      -0.231566       0.469774       0.349031      -0.697213
       2.026000      -0.421943       0.231217      -0.468826      -0.349551       0.421943      -0.231217       0.468826       0.349551      -0.697212
       2.027000      -0.422411       0.230868      -0.467879      -0.350070       0.422411      -0.230868       0.467879       0.350070      -0.697210
       2.028000      -0.422879       0.230517      -0.466932      -0.350587       0.422879      -0.230517       0.466932       0.350587      -0.697209
       2.029000      -0.423346       0.230167      -0.465986      -0.351103       0.423346      -0.230167       0.465986       0.351103      -0.697207
       2.030000      -0.423812       0.229816      -0.465040      -0.351618       0.423812      -0.229816       0.465040       0.351618      -0.697206
       2.031000      -0.424277       0.229464      -0.464095      -0.352130       0.424277      -0.229464       0.464095       0.352130      -0.697204
       2.032000      -0.424741       0.229112      -0.463150      -0.352641       0.424741      -0.229112       0.463150       0.352641      -0.697203
       2.033000      -0.425205       0.228759      -0.462205      -0.353151       0.425205      -0.228759       0.462205       0.353151      -0.697201
       2.034000      -0.425667       0.228406      -0.461260      -0.353659       0.425667      -0.228406       0.461260       0.353659      -0.697200
       2.035000      -0.426128       0.228053      -0.460316      -0.354166       0.426128      -0.228053       0.460316       0.354166      -0.697198
       2.036000      -0.426588       0.227698      -0.459373      -0.354671       0.426588      -0.227698       0.459373       0.354671      -0.697197
       2.037000      -0.427048       0.227344      -0.458430      -0.355174       0.427048      -0.227344       0.458430       0.355174      -0.697195
       2.038000      -0.427506       0.226989      -0.457487      -0.355676       0.427506      -0.226989       0.457487       0.355676      -0.697194
       2.039000      -0.427964       0.226633      -0.456544      -0.356176       0.427964      -0.226633       0.456544       0.356176      -0.697192
       2.040000      -0.428420       0.226277      -0.455602      -0.356675       0.428420      -0.226277       0.455602       0.356675      -0.697191
       2.041000      -0.428876       0.225920      -0.454660      -0.357173       0.428876      -0.225920       0.454660       0.357173      -0.697189
       2.042000      -0.429330       0.225563      -0.453719      -0.357669       0.429330      -0.225563       0.453719       0.357669      -0.697188
       2.043000      -0.429784       0.225205      -0.452778      -0.358163       0.429784      -0.225205       0.452778       0.358163      -0.697186
       2.044000      -0.430237       0.224847      -0.451838      -0.358656       0.430237      -0.224847       0.451838       0.358656      -0.697185
       2.045000      -0.430689       0.224488      -0.450897      -0.359147       0.430689      -0.224488       0.450897       0.359147      -0.697183
       2.046000      -0.431140       0.224129      -0.449958      -0.359637       0.431140      -0.224129       0.449958       0.359637      -0.697182
       2.047000      -0.431590       0.223770      -0.449018      -0.360125       0.431590      -0.223770       0.449018       0.360125      -0.697180
       2.048000      -0.432039       0.223409      -0.448079      -0.360612       0.432039      -0.223409       0.448079       0.360612      -0.697179
       2.049000      -0.432487       0.223049      -0.447140      -0.361098       0.432487      -0.223049       0.447140       0.361098      -0.697177
       2.050000      -0.432934       0.222688      -0.446202      -0.361582       0.432934      -0.222688       0.446202       0.361582      -0.697176
       2.051000      -0.433380       0.222326      -0.445264      -0.362064       0.433380      -0.222326       0.445264       0.362064      -0.697174
       2.052000      -0.433825       0.221964      -0.444327      -0.362545       0.433825      -0.221964       0.444327       0.362545      -0.697173
       2.053000      -0.434270       0.221602      -0.443389      -0.363025       0.434270      -0.221602       0.443389       0.363025      -0.697171
       2.054000      -0.434713       0.221239      -0.442452      -0.363503       0.434713      -0.221239       0.442452       0.363503      -0.697170
       2.055000      -0.435156       0.220875      -0.441516      -0.363979       0.435156      -0.220875       0.441516       0.363979      -0.697168
       2.056000      -0.435597       0.220511      -0.440580      -0.364454       0.435597      -0.220511       0.440580       0.364454      -0.697167
       2.057000      -0.436038       0.220147      -0.439644      -0.364928       0.436038      -0.220147       0.439644       0.364928      -0.697165
       2.058000      -0.436477       0.219782      -0.438709      -0.365400       0.436477      -0.219782       0.438709       0.365400      -0.697164
       2.059000      -0.436916       0.219416      -0.437774      -0.365871       0.436916      -0.219416       0.437774       0.365871      -0.697162
       2.060000      -0.437354       0.219050      -0.436839      -0.366340       0.437354      -0.219050       0.436839       0.366340      -0.697161
       2.061000      -0.437791       0.218684      -0.435905      -0.366808       0.437791      -0.218684       0.435905       0.366808      -0.697160
       2.062000      -0.438226       0.218317      -0.434971      -0.367275       0.438226      -0.218317       0.434971       0.367275      -0.697158
       2.063000      -0.438661       0.217950      -0.434038      -0.367740       0.438661      -0.217950       0.434038       0.367740      -0.697157
       2.064000      -0.439095       0.217582      -0.433104      -0.368204       0.439095      -0.217582       0.433104       0.368204      -0.697155
       2.065000      -0.439529       0.217214      -0.432172      -0.368666       0.439529      -0.217214       0.432172       0.368666      -0.697154
       2.066000      -0.439961       0.216845      -0.431239      -0.369127       0.439961      -0.216845       0.431239       0.369127      -0.697152
       2.067000      -0.440392       0.216476      -0.430307      -0.369586       0.440392      -0.216476       0.430307       0.369586      -0.697151
       2.068000      -0.440822       0.216107      -0.429375      -0.370044       0.440822      -0.216107       0.429375       0.370044      -0.697149
       2.069000      -0.441252       0.215737      -0.428444      -0.370501       0.441252      -0.215737       0.428444       0.370501      -0.697148
       2.070000      -0.441680       0.215366      -0.427513      -0.370956       0.441680      -0.215366       0.427513       0.370956      -0.697147
       2.071000      -0.442108       0.214995      -0.426583      -0.371409       0.442108      -0.214995       0.426583       0.371409      -0.697145
       2.072000      -0.442534       0.214624      -0.425652      -0.371862       0.442534      -0.214624       0.425652       0.371862      -0.697144
       2.073000      -0.442960       0.214252      -0.424722      -0.372313       0.442960      -0.214252       0.424722       0.372313      -0.697142
       2.074000      -0.443385       0.213880      -0.423793      -0.372762       0.443385      -0.213880       0.423793       0.372762      -0.697141
       2.075000      -0.443808       0.213507      -0.422864      -0.373211       0.443808      -0.213507       0.422864       0.373211      -0.697139
       2.076000      -0.444231       0.213134      -0.421935      -0.373658       0.444231      -0.213134       0.421935       0.373658      -0.697138
       2.077000      -0.444653       0.212760      -0.421006      -0.374103       0.444653      -0.212760       0.421006       0.374103      -0.697137
       2.078000      -0.445074       0.212386      -0.420078      -0.374547       0.445074      -0.212386       0.420078       0.374547      -0.697135
       2.079000      -0.445494       0.212011      -0.419151      -0.374990       0.445494      -0.212011       0.419151       0.374990      -0.697134
       2.080000      -0.445913       0.211636      -0.418223      -0.375431       0.445913      -0.211636       0.418223       0.375431      -0.697132
       2.081000      -0.446332       0.211261      -0.417296      -0.375871       0.446332      -0.211261       0.417296       0.375871      -0.697131
       2.082000      -0.446749       0.210885      -0.416369      -0.376310       0.446749      -0.210885       0.416369       0.376310      -0.697129
       2.083000      -0.447165       0.210509      -0.415443      -0.376747       0.447165      -0.210509       0.415443       0.376747      -0.697128
       2.084000      -0.447581       0.210132      -0.414517      -0.377183       0.447581      -0.210132       0.414517       0.377183      -0.697127
       2.085000      -0.447995       0.209755      -0.413591      -0.377617       0.447995      -0.209755       0.413591       0.377617      -0.697125
       2.086000      -0.448409       0.209377      -0.412666      -0.378051       0.448409      -0.209377       0.412666       0.378051      -0.697124
       2.087000      -0.448822       0.208999      -0.411741      -0.378483       0.448822      -0.208999       0.411741       0.378483      -0.697122
       2.088000      -0.449233       0.208621      -0.410817      -0.378913       0.449233      -0.208621       0.410817       0.378913      -0.697121
       2.089000      -0.449644       0.208242      -0.409893      -0.379342       0.449644      -0.208242       0.409893       0.379342      -0.697120
       2.090000      -0.450054       0.207862      -0.408969      -0.379770       0.450054      -0.207862       0.408969       0.379770      -0.697118
       2.091000      -0.450463       0.207483      -0.408045      -0.380197       0.450463      -0.207483       0.408045       0.380197      -0.697117
       2.092000      -0.450871       0.207102      -0.407122      -0.380622       0.450871      -0.207102       0.407122       0.380622      -0.697115
       2.093000      -0.451278       0.206722      -0.406199      -0.381046       0.451278      -0.206722       0.406199       0.381046      -0.697114
       2.094000      -0.451684       0.206341      -0.405277      -0.381468       0.451684      -0.206341       0.405277       0.381468      -0.697113
       2.095000      -0.452090       0.205959      -0.404354      -0.381890       0.452090      -0.205959       0.404354       0.381890      -0.697111
       2.096000      -0.452494       0.205577      -0.403433      -0.382310       0.452494      -0.205577       0.403433       0.382310      -0.697110
       2.097000      -0.452897       0.205195      -0.402511      -0.382728       0.452897      -0.205195       0.402511       0.382728      -0.697108
       2.098000      -0.453300       0.204812      -0.401590      -0.383146       0.453300      -0.204812       0.401590       0.383146      -0.697107
       2.099000      -0.453701       0.204429      -0.400669      -0.383562       0.453701      -0.204429       0.400669       0.383562      -0.697106
       2.100000      -0.454102       0.204046      -0.399749      -0.383976       0.454102      -0.204046       0.399749       0.383976      -0.697104
       2.101000      -0.454502       0.203662      -0.398829      -0.384390       0.454502      -0.203662       0.398829       0.384390      -0.697103
       2.102000      -0.454901       0.203277      -0.397909      -0.384802       0.454901      -0.203277       0.397909       0.384802      -0.697102
       2.103000      -0.455299       0.202892      -0.396990      -0.385213       0.455299      -0.202892       0.396990       0.385213      -0.697100
       2.104000      -0.455696       0.202507      -0.396071      -0.385622       0.455696      -0.202507       0.396071       0.385622      -0.697099
       2.105000      -0.456092       0.202122      -0.395152      -0.386031       0.456092      -0.202122       0.395152       0.386031      -0.697097
       2.106000      -0.456487       0.201736      -0.394233      -0.386438       0.456487      -0.201736       0.394233       0.386438      -0.697096
       2.107000      -0.456881       0.201349      -0.393315      -0.386843       0.456881      -0.201349       0.393315       0.386843      -0.697095
       2.108000      -0.457274       0.200962      -0.392398      -0.387248       0.457274      -0.200962       0.392398       0.387248      -0.697093
       2.109000      -0.457667       0.200575      -0.391480      -0.387651       0.457667      -0.200575       0.391480       0.387651      -0.697092
       2.110000      -0.458058       0.200187      -0.390563      -0.388053       0.458058      -0.200187       0.390563       0.388053      -0.697091
       2.111000      -0.458449       0.199799      -0.389647      -0.388453       0.458449      -0.199799       0.389647       0.388453      -0.697089
       2.112000      -0.458838       0.199411      -0.388730      -0.388853       0.458838      -0.199411       0.388730       0.388853      -0.697088
       2.113000      -0.459227       0.199022      -0.387814      -0.389251       0.459227      -0.199022       0.387814       0.389251      -0.697087
       2.114000      -0.459615       0.198633      -0.386898      -0.389648       0.459615      -0.198633       0.386898       0.389648      -0.697085
       2.115000      -0.460002       0.198243      -0.385983      -0.390043       0.460002      -0.198243       0.385983       0.390043      -0.697084
       2.116000      -0.460388       0.197853      -0.385068      -0.390438       0.460388      -0.197853       0.385068       0.390438      -0.697083
       2.117000      -0.460773       0.197463      -0.384153      -0.390831       0.460773      -0.197463       0.384153       0.390831      -0.697081
       2.118000      -0.461157       0.197072      -0.383239      -0.391223       0.461157      -0.197072       0.383239       0.391223      -0.697080
       2.119000      -0.461540       0.196681      -0.382325      -0.391613       0.461540      -0.196681       0.382325       0.391613      -0.697078
       2.120000      -0.461923       0.196289      -0.381411      -0.392003       0.461923      -0.196289       0.381411       0.392003      -0.697077
       2.121000      -0.462304       0.195897      -0.380498      -0.392391       0.462304      -0.195897       0.380498       0.392391      -0.697076
       2.122000      -0.462685       0.195505      -0.379585      -0.392778       0.462685      -0.195505       0.379585       0.392778      -0.697074
       2.123000      -0.463064       0.195112      -0.378672      -0.393163       0.463064      -0.195112       0.378672       0.393163      -0.697073
       2.124000      -0.463443       0.194719      -0.377760      -0.393548       0.463443      -0.194719       0.377760       0.393548      -0.697072
       2.125000      -0.463821       0.194325      -0.376847      -0.393931       0.463821      -0.194325       0.376847       0.393931      -0.697070
       2.126000      -0.464197       0.193931      -0.375936      -0.394313       0.464197      -0.193931       0.375936       0.394313      -0.697069
       2.127000      -0.464573       0.193537      -0.375024      -0.394694       0.464573      -0.193537       0.375024       0.394694      -0.697068
       2.128000      -0.464948       0.193142      -0.374113      -0.395073       0.464948      -0.193142       0.374113       0.395073      -0.697066
       2.129000      -0.465323       0.192747      -0.373202      -0.395452       0.465323      -0.192747       0.373202       0.395452      -0.697065
       2.130000      -0.465696       0.192352      -0.372292      -0.395829       0.465696      -0.192352       0.372292       0.395829      -0.697064
       2.131000      -0.466068       0.191956      -0.371382      -0.396205       0.466068      -0.191956       0.371382       0.396205      -0.697062
       2.132000      -0.466439       0.191560      -0.370472      -0.396580       0.466439      -0.191560       0.370472       0.396580      -0.697061
       2.133000      -0.466810       0.191163      -0.369562      -0.396953       0.466810      -0.191163       0.369562       0.396953      -0.697060
       2.134000      -0.467179       0.190766      -0.368653      -0.397325       0.467179      -0.190766       0.368653       0.397325      -0.697058
       2.135000      -0.467548       0.190369      -0.367744      -0.397697       0.467548      -0.190369       0.367744       0.397697      -0.697057
       2.136000      -0.467916       0.189971      -0.366836      -0.398067       0.467916      -0.189971       0.366836       0.398067      -0.697056
       2.137000      -0.468283       0.189573      -0.365927      -0.398435       0.468283      -0.189573       0.365927       0.398435      -0.697054
       2.138000      -0.468649       0.189175      -0.365019      -0.398803       0.468649      -0.189175       0.365019       0.398803      -0.697053
       2.139000      -0.469014       0.188776      -0.364112      -0.399169       0.469014      -0.188776       0.364112       0.399169      -0.697052
       2.140000      -0.469378       0.188377      -0.363204      -0.399534       0.469378      -0.188377       0.363204       0.399534      -0.697051
       2.141000      -0.469741       0.187977      -0.362297      -0.399898       0.469741      -0.187977       0.362297       0.399898      -0.697049
       2.142000      -0.470103       0.187577      -0.361391      -0.400261       0.470103      -0.187577       0.361391       0.400261      -0.697048
       2.143000      -0.470465       0.187177      -0.360484      -0.400623       0.470465      -0.187177       0.360484       0.400623      -0.697047
       2.144000      -0.470825       0.186776      -0.359578      -0.400983       0.470825      -0.186776       0.359578       0.400983      -0.697045
       2.145000      -0.471185       0.186375      -0.358672      -0.401343       0.471185      -0.186375       0.358672       0.401343      -0.697044
       2.146000      -0.471543       0.185974      -0.357767      -0.401701       0.471543      -0.185974       0.357767       0.401701      -0.697043
       2.147000      -0.471901       0.185572      -0.356862      -0.402058       0.471901      -0.185572       0.356862       0.402058      -0.697041
       2.148000      -0.472258       0.185170      -0.355957      -0.402414       0.472258      -0.185170       0.355957       0.402414      -0.697040
       2.149000      -0.472614       0.184768      -0.355053      -0.402768       0.472614      -0.184768       0.355053       0.402768      -0.697039
       2.150000      -0.472969       0.184365      -0.354148      -0.403122       0.472969      -0.184365       0.354148       0.403122      -0.697037
       2.151000      -0.473323       0.183962      -0.353244      -0.403474       0.473323      -0.183962       0.353244       0.403474      -0.697036
       2.152000      -0.473676       0.183558      -0.352341      -0.403825       0.473676      -0.183558       0.352341       0.403825      -0.697035
       2.153000      -0.474029       0.183155      -0.351438      -0.404175       0.474029      -0.183155       0.351438       0.404175      -0.697034
       2.154000      -0.474380       0.182750      -0.350535      -0.404524       0.474380      -0.182750       0.350535       0.404524      -0.697032
       2.155000      -0.474731       0.182346      -0.349632      -0.404872       0.474731      -0.182346       0.349632       0.404872      -0.697031
       2.156000      -0.475080       0.181941      -0.348729      -0.405219       0.475080      -0.181941       0.348729       0.405219      -0.697030
       2.157000      -0.475429       0.181536      -0.347827      -0.405564       0.475429      -0.181536       0.347827       0.405564      -0.697028
       2.158000      -0.475777       0.181130      -0.346926      -0.405908       0.475777      -0.181130       0.346926       0.405908      -0.697027
       2.159000      -0.476124       0.180724      -0.346024      -0.406252       0.476124      -0.180724       0.346024       0.406252      -0.697026
       2.160000      -0.476470       0.180318      -0.345123      -0.406594       0.476470      -0.180318       0.345123       0.406594      -0.697025
       2.161000      -0.476815       0.179911      -0.344222      -0.406935       0.476815      -0.179911       0.344222       0.406935      -0.697023
       2.162000      -0.477159       0.179505      -0.343321      -0.407274       0.477159      -0.179505       0.343321       0.407274      -0.697022
       2.163000      -0.477503       0.179097      -0.342421      -0.407613       0.477503      -0.179097       0.342421       0.407613      -0.697021
       2.164000      -0.477845       0.178690      -0.341521      -0.407951       0.477845      -0.178690       0.341521       0.407951      -0.697019
       2.165000      -0.478186       0.178282      -0.340621      -0.408287       0.478186      -0.178282       0.340621       0.408287      -0.697018
       2.166000      -0.478527       0.177873      -0.339722      -0.408622       0.478527      -0.177873       0.339722       0.408622      -0.697017
       2.167000      -0.478867       0.177465      -0.338823      -0.408957       0.478867      -0.177465       0.338823       0.408957      -0.697016
       2.168000      -0.479206       0.177056      -0.337924      -0.409290       0.479206      -0.177056       0.337924       0.409290      -0.697014
       2.169000      -0.479544       0.176647      -0.337025      -0.409622       0.479544      -0.176647       0.337025       0.409622      -0.697013
       2.170000      -0.479881       0.176237      -0.336127      -0.409953       0.479881      -0.176237       0.336127       0.409953      -0.697012
       2.171000      -0.480217       0.175827      -0.335229      -0.410282       0.480217      -0.175827       0.335229       0.410282      -0.697011
       2.172000      -0.480552       0.175417      -0.334332      -0.410611       0.480552      -0.175417       0.334332       0.410611      -0.697009
       2.173000      -0.480886       0.175006      -0.333434      -0.410939       0.480886      -0.175006       0.333434       0.410939      -0.697008
       2.174000      -0.481220       0.174595      -0.332537      -0.411265       0.481220      -0.174595       0.332537       0.411265      -0.697007
       2.175000      -0.481552       0.174184      -0.331640      -0.411591       0.481552      -0.174184       0.331640       0.411591      -0.697005
       2.176000      -0.481884       0.173772      -0.330744      -0.411915       0.481884      -0.173772       0.330744       0.411915      -0.697004
       2.177000      -0.482215       0.173360      -0.329848      -0.412238       0.482215      -0.173360       0.329848       0.412238      -0.697003
       2.178000      -0.482544       0.172948      -0.328952      -0.412560       0.482544      -0.172948       0.328952       0.412560      -0.697002
       2.179000      -0.482873       0.172536      -0.328056      -0.412881       0.482873      -0.172536       0.328056       0.412881      -0.697000
       2.180000      -0.483201       0.172123      -0.327161      -0.413201       0.483201      -0.172123       0.327161       0.413201      -0.696999
       2.181000      -0.483529       0.171709      -0.326266      -0.413520       0.483529      -0.171709       0.326266       0.413520      -0.696998
       2.182000      -0.483855       0.171296      -0.325371      -0.413838       0.483855      -0.171296       0.325371       0.413838      -0.696997
       2.183000      -0.484180       0.170882      -0.324476      -0.414154       0.484180      -0.170882       0.324476       0.414154      -0.696995
       2.184000      -0.484505       0.170468      -0.323582      -0.414470       0.484505      -0.170468       0.323582       0.414470      -0.696994
       2.185000      -0.484828       0.170053      -0.322688      -0.414784       0.484828      -0.170053       0.322688       0.414784      -0.696993
       2.186000      -0.485151       0.169639      -0.321794      -0.415098       0.485151      -0.169639       0.321794       0.415098      -0.696992
       2.187000      -0.485473       0.169224      -0.320901      -0.415410       0.485473      -0.169224       0.320901       0.415410      -0.696990
       2.188000      -0.485794       0.168808      -0.320008      -0.415722       0.485794      -0.168808       0.320008       0.415722      -0.696989
       2.189000      -0.486114       0.168392      -0.319115      -0.416032       0.486114      -0.168392       0.319115       0.416032      -0.696988
       2.190000      -0.486433       0.167976      -0.318223      -0.416341       0.486433      -0.167976       0.318223       0.416341      -0.696987
       2.191000      -0.486751       0.167560      -0.317330      -0.416649       0.486751      -0.167560       0.317330       0.416649      -0.696985
       2.192000      -0.487068       0.167143      -0.316438      -0.416956       0.487068      -0.167143       0.316438       0.416956      -0.696984
       2.193000      -0.487385       0.166727      -0.315546      -0.417262       0.487385      -0.166727       0.315546       0.417262      -0.696983
       2.194000      -0.487700       0.166309      -0.314655      -0.417567       0.487700      -0.166309       0.314655       0.417567      -0.696982
       2.195000      -0.488015       0.165892      -0.313764      -0.417871       0.488015      -0.165892       0.313764       0.417871      -0.696980
       2.196000      -0.488329       0.165474      -0.312873      -0.418174       0.488329      -0.165474       0.312873       0.418174      -0.696979
       2.197000      -0.488642       0.165056      -0.311982      -0.418476       0.488642      -0.165056       0.311982       0.418476      -0.696978
       2.198000      -0.488954       0.164637      -0.311092      -0.418777       0.488954      -0.164637       0.311092       0.418777      -0.696977
       2.199000      -0.489265       0.164218      -0.310202      -0.419076       0.489265      -0.164218       0.310202       0.419076      -0.696975
       2.200000      -0.489575       0.163799      -0.309312      -0.419375       0.489575      -0.163799       0.309312       0.419375      -0.696974
       2.201000      -0.489884       0.163380      -0.308422      -0.419673       0.489884      -0.163380       0.308422       0.419673      -0.696973
       2.202000      -0.490193       0.162960      -0.307533      -0.419969       0.490193      -0.162960       0.307533       0.419969      -0.696972
       2.203000      -0.490500       0.162540      -0.306644      -0.420265       0.490500      -0.162540       0.306644       0.420265      -0.696971
       2.204000      -0.490807       0.162120      -0.305755      -0.420559       0.490807      -0.162120       0.305755       0.420559      -0.696969
       2.205000      -0.491113       0.161699      -0.304867      -0.420853       0.491113      -0.161699       0.304867       0.420853      -0.696968
       2.206000      -0.491417       0.161279      -0.303979      -0.421145       0.491417      -0.161279       0.303979       0.421145      -0.696967
       2.207000      -0.491721       0.160857      -0.303091      -0.421437       0.491721      -0.160857       0.303091       0.421437      -0.696966
       2.208000      -0.492025       0.160436      -0.302203      -0.421727       0.492025      -0.160436       0.302203       0.421727      -0.696964
       2.209000      -0.492327       0.160014      -0.301315      -0.422016       0.492327      -0.160014       0.301315       0.422016      -0.696963
       2.210000      -0.492628       0.159592      -0.300428      -0.422305       0.492628      -0.159592       0.300428       0.422305      -0.696962
       2.211000      -0.492929       0.159170      -0.299541      -0.422592       0.492929      -0.159170       0.299541       0.422592      -0.696961
       2.212000      -0.493228       0.158747      -0.298655      -0.422878       0.493228      -0.158747       0.298655       0.422878      -0.696960
       2.213000      -0.493527       0.158325      -0.297768      -0.423164       0.493527      -0.158325       0.297768       0.423164      -0.696958
       2.214000      -0.493824       0.157901      -0.296882      -0.423448       0.493824      -0.157901       0.296882       0.423448      -0.696957
       2.215000      -0.494121       0.157478      -0.295996      -0.423731       0.494121      -0.157478       0.295996       0.423731      -0.696956
       2.216000      -0.494417       0.157054      -0.295111      -0.424013       0.494417      -0.157054       0.295111       0.424013      -0.696955
       2.217000      -0.494712       0.156630      -0.294225      -0.424295       0.494712      -0.156630       0.294225       0.424295      -0.696953
       2.218000      -0.495007       0.156206      -0.293340      -0.424575       0.495007      -0.156206       0.293340       0.424575      -0.696952
       2.219000      -0.495300       0.155781      -0.292455      -0.424854       0.495300      -0.155781       0.292455       0.424854      -0.696951
       2.220000      -0.495592       0.155356      -0.291571      -0.425132       0.495592      -0.155356       0.291571       0.425132      -0.696950
       2.221000      -0.495884       0.154931      -0.290686      -0.425410       0.495884      -0.154931       0.290686       0.425410      -0.696949
       2.222000      -0.496175       0.154506      -0.289802      -0.425686       0.496175      -0.154506       0.289802       0.425686      -0.696947
       2.223000      -0.496465       0.154080      -0.288918      -0.425961       0.496465      -0.154080       0.288918       0.425961      -0.696946
       2.224000      -0.496753       0.153654      -0.288035      -0.426235       0.496753      -0.153654       0.288035       0.426235      -0.696945
       2.225000      -0.497041       0.153228      -0.287151      -0.426508       0.497041      -0.153228       0.287151       0.426508      -0.696944
       2.226000      -0.497329       0.152801      -0.286268      -0.426781       0.497329      -0.152801       0.286268       0.426781      -0.696943
       2.227000      -0.497615       0.152375      -0.285385      -0.427052       0.497615      -0.152375       0.285385       0.427052      -0.696941
       2.228000      -0.497900       0.151948      -0.284503      -0.427322       0.497900      -0.151948       0.284503       0.427322      -0.696940
       2.229000      -0.498185       0.151520      -0.283620      -0.427592       0.498185      -0.151520       0.283620       0.427592      -0.696939
       2.230000      -0.498468       0.151093      -0.282738      -0.427860       0.498468      -0.151093       0.282738       0.427860      -0.696938
       2.231000      -0.498751       0.150665      -0.281856      -0.428127       0.498751      -0.150665       0.281856       0.428127      -0.696937
       2.232000      -0.499033       0.150237      -0.280975      -0.428393       0.499033      -0.150237       0.280975       0.428393      -0.696935
       2.233000      -0.499314       0.149808      -0.280093      -0.428659       0.499314      -0.149808       0.280093       0.428659      -0.696934
       2.234000      -0.499594       0.149380      -0.279212      -0.428923       0.499594      -0.149380       0.279212       0.428923      -0.696933
       2.235000      -0.499873       0.148951      -0.278331      -0.429187       0.499873      -0.148951       0.278331       0.429187      -0.696932
       2.236000      -0.500152       0.148522      -0.277451      -0.429449       0.500152      -0.148522       0.277451       0.429449      -0.696931
       2.237000      -0.500429       0.148092      -0.276570      -0.429710       0.500429      -0.148092       0.276570       0.429710      -0.696929
       2.238000      -0.500706       0.147662      -0.275690      -0.429971       0.500706      -0.147662       0.275690       0.429971      -0.696928
       2.239000      -0.500981       0.147232      -0.274810      -0.430230       0.500981      -0.147232       0.274810       0.430230      -0.696927
       2.240000      -0.501256       0.146802      -0.273930      -0.430489       0.501256      -0.146802       0.273930       0.430489      -0.696926
       2.241000      -0.501530       0.146372      -0.273051      -0.430746       0.501530      -0.146372       0.273051       0.430746      -0.696925
       2.242000      -0.501803       0.145941      -0.272172      -0.431003       0.501803      -0.145941       0.272172       0.431003      -0.696923
       2.243000      -0.502075       0.145510      -0.271293      -0.431259       0.502075      -0.145510       0.271293       0.431259      -0.696922
       2.244000      -0.502347       0.145079      -0.270414      -0.431513       0.502347      -0.145079       0.270414       0.431513      -0.696921
       2.245000      -0.502617       0.144647      -0.269536      -0.431767       0.502617      -0.144647       0.269536       0.431767      -0.696920
       2.246000      -0.502887       0.144215      -0.268657      -0.432020       0.502887      -0.144215       0.268657       0.432020      -0.696919
       2.247000      -0.503155       0.143783      -0.267779      -0.432272       0.503155      -0.143783       0.267779       0.432272      -0.696917
       2.248000      -0.503423       0.143351      -0.266901      -0.432522       0.503423      -0.143351       0.266901       0.432522      -0.696916
       2.249000      -0.503690       0.142919      -0.266024      -0.432772       0.503690      -0.142919       0.266024       0.432772      -0.696915
       2.250000      -0.503956       0.142486      -0.265147      -0.433021       0.503956      -0.142486       0.265147       0.433021      -0.696914
       2.251000      -0.504221       0.142053      -0.264269      -0.433269       0.504221      -0.142053       0.264269       0.433269      -0.696913
       2.252000      -0.504485       0.141620      -0.263393      -0.433516       0.504485      -0.141620       0.263393       0.433516      -0.696912
       2.253000      -0.504749       0.141186      -0.262516      -0.433762       0.504749      -0.141186       0.262516       0.433762      -0.696910
       2.254000      -0.505011       0.140752      -0.261639      -0.434008       0.505011      -0.140752       0.261639       0.434008      -0.696909
       2.255000      -0.505273       0.140318      -0.260763      -0.434252       0.505273      -0.140318       0.260763       0.434252      -0.696908
       2.256000      -0.505534       0.139884      -0.259887      -0.434495       0.505534      -0.139884       0.259887       0.434495      -0.696907
       2.257000      -0.505794       0.139450      -0.259012      -0.434737       0.505794      -0.139450       0.259012       0.434737      -0.696906
       2.258000      -0.506053       0.139015      -0.258136      -0.434979       0.506053      -0.139015       0.258136       0.434979      -0.696904
       2.259000      -0.506311       0.138580      -0.257261      -0.435219       0.506311      -0.138580       0.257261       0.435219      -0.696903
       2.260000      -0.506568       0.138145      -0.256386      -0.435459       0.506568      -0.138145       0.256386       0.435459      -0.696902
       2.261000      -0.506824       0.137709      -0.255511      -0.435697       0.506824      -0.137709       0.255511       0.435697      -0.696901
       2.262000      -0.507080       0.137273      -0.254636      -0.435935       0.507080      -0.137273       0.254636       0.435935      -0.696900
       2.263000      -0.507334       0.136838      -0.253762      -0.436172       0.507334      -0.136838       0.253762       0.436172      -0.696899
       2.264000      -0.507588       0.136401      -0.252888      -0.436407       0.507588      -0.136401       0.252888       0.436407      -0.696897
       2.265000      -0.507841       0.135965      -0.252014      -0.436642       0.507841      -0.135965       0.252014       0.436642      -0.696896
       2.266000      -0.508093       0.135528      -0.251140      -0.436876       0.508093      -0.135528       0.251140       0.436876      -0.696895
       2.267000      -0.508344       0.135091      -0.250266      -0.437109       0.508344      -0.135091       0.250266       0.437109      -0.696894
       2.268000      -0.508595       0.134654      -0.249393      -0.437341       0.508595      -0.134654       0.249393       0.437341      -0.696893
       2.269000      -0.508844       0.134217      -0.248520      -0.437572       0.508844      -0.134217       0.248520       0.437572      -0.696892
       2.270000      -0.509092       0.133779      -0.247647      -0.437803       0.509092      -0.133779       0.247647       0.437803      -0.696890
       2.271000      -0.509340       0.133342      -0.246774      -0.438032       0.509340      -0.133342       0.246774       0.438032      -0.696889
       2.272000      -0.509587       0.132904      -0.245902      -0.438260       0.509587      -0.132904       0.245902       0.438260      -0.696888
       2.273000      -0.509833       0.132465      -0.245030      -0.438488       0.509833      -0.132465       0.245030       0.438488      -0.696887
       2.274000      -0.510078       0.132027      -0.244158      -0.438714       0.510078      -0.132027       0.244158       0.438714      -0.696886
       2.275000      -0.510322       0.131588      -0.243286      -0.438940       0.510322      -0.131588       0.243286       0.438940      -0.696885
       2.276000      -0.510565       0.131149      -0.242414      -0.439165       0.510565      -0.131149       0.242414       0.439165      -0.696884
       2.277000      -0.510808       0.130710      -0.241543      -0.439389       0.510808      -0.130710       0.241543       0.439389      -0.696882
       2.278000      -0.511049       0.130271      -0.240672      -0.439612       0.511049      -0.130271       0.240672       0.439612      -0.696881
       2.279000      -0.511290       0.129831      -0.239801      -0.439834       0.511290      -0.129831       0.239801       0.439834      -0.696880
       2.280000      -0.511530       0.129391      -0.238930      -0.440055       0.511530      -0.129391       0.238930       0.440055      -0.696879
       2.281000      -0.511769       0.128951      -0.238059      -0.440275       0.511769      -0.128951       0.238059       0.440275      -0.696878
       2.282000      -0.512007       0.128511      -0.237189      -0.440494       0.512007      -0.128511       0.237189       0.440494      -0.696877
       2.283000      -0.512244       0.128070      -0.236319      -0.440713       0.512244      -0.128070       0.236319       0.440713      -0.696875
       2.284000      -0.512480       0.127630      -0.235449      -0.440930       0.512480      -0.127630       0.235449       0.440930      -0.696874
       2.285000      -0.512716       0.127189      -0.234579      -0.441147       0.512716      -0.127189       0.234579       0.441147      -0.696873
       2.286000      -0.512950       0.126748      -0.233710      -0.441362       0.512950      -0.126748       0.233710       0.441362      -0.696872
       2.287000      -0.513184       0.126306      -0.232840      -0.441577       0.513184      -0.126306       0.232840       0.441577      -0.696871
       2.288000      -0.513417       0.125865      -0.231971      -0.441791       0.513417      -0.125865       0.231971       0.441791      -0.696870
       2.289000      -0.513649       0.125423      -0.231102      -0.442004       0.513649      -0.125423       0.231102       0.442004      -0.696869
       2.290000      -0.513880       0.124981      -0.230234      -0.442216       0.513880      -0.124981       0.230234       0.442216      -0.696867
       2.291000      -0.514110       0.124539      -0.229365      -0.442428       0.514110      -0.124539       0.229365       0.442428      -0.696866
       2.292000      -0.514339       0.124096      -0.228497      -0.442638       0.514339      -0.124096       0.228497       0.442638      -0.696865
       2.293000      -0.514568       0.123654      -0.227629      -0.442847       0.514568      -0.123654       0.227629       0.442847      -0.696864
       2.294000      -0.514796       0.123211      -0.226761      -0.443056       0.514796      -0.123211       0.226761       0.443056      -0.696863
       2.295000      -0.515022       0.122768      -0.225893      -0.443264       0.515022      -0.122768       0.225893       0.443264      -0.696862
       2.296000      -0.515248       0.122324      -0.225025      -0.443470       0.515248      -0.122324       0.225025       0.443470      -0.696861
       2.297000      -0.515473       0.121881      -0.224158      -0.443676       0.515473      -0.121881       0.224158       0.443676      -0.696859
       2.298000      -0.515697       0.121437      -0.223291      -0.443881       0.515697      -0.121437       0.223291       0.443881      -0.696858
       2.299000      -0.515921       0.120993      -0.222424      -0.444086       0.515921      -0.120993       0.222424       0.444086      -0.696857
       2.300000      -0.516143       0.120549      -0.221557      -0.444289       0.516143      -0.120549       0.221557       0.444289      -0.696856
       2.301000      -0.516365       0.120105      -0.220691      -0.444491       0.516365      -0.120105       0.220691       0.444491      -0.696855
       2.302000      -0.516585       0.119660      -0.219824      -0.444693       0.516585      -0.119660       0.219824       0.444693      -0.696854
       2.303000      -0.516805       0.119216      -0.218958      -0.444893       0.516805      -0.119216       0.218958       0.444893      -0.696853
       2.304000      -0.517024       0.118771      -0.218092      -0.445093       0.517024      -0.118771       0.218092       0.445093      -0.696851
       2.305000      -0.517242       0.118326      -0.217226      -0.445292       0.517242      -0.118326       0.217226       0.445292      -0.696850
       2.306000      -0.517459       0.117881      -0.216361      -0.445490       0.517459      -0.117881       0.216361       0.445490      -0.696849
       2.307000      -0.517676       0.117435      -0.215495      -0.445687       0.517676      -0.117435       0.215495       0.445687      -0.696848
       2.308000      -0.517891       0.116989      -0.214630      -0.445883       0.517891      -0.116989       0.214630       0.445883      -0.696847
       2.309000      -0.518106       0.116543      -0.213765      -0.446079       0.518106      -0.116543       0.213765       0.446079      -0.696846
       2.310000      -0.518320       0.116097      -0.212900      -0.446273       0.518320      -0.116097       0.212900       0.446273      -0.696845
       2.311000      -0.518533       0.115651      -0.212036      -0.446467       0.518533      -0.115651       0.212036       0.446467      -0.696843
       2.312000      -0.518745       0.115205      -0.211171      -0.446660       0.518745      -0.115205       0.211171       0.446660      -0.696842
       2.313000      -0.518956       0.114758      -0.210307      -0.446852       0.518956      -0.114758       0.210307       0.446852      -0.696841
       2.314000      -0.519166       0.114311      -0.209443      -0.447043       0.519166      -0.114311       0.209443       0.447043      -0.696840
       2.315000      -0.519376       0.113864      -0.208579      -0.447233       0.519376      -0.113864       0.208579       0.447233      -0.696839
       2.316000      -0.519584       0.113417      -0.207715      -0.447423       0.519584      -0.113417       0.207715       0.447423      -0.696838
       2.317000      -0.519792       0.112969      -0.206851      -0.447611       0.519792      -0.112969       0.206851       0.447611      -0.696837
       2.318000      -0.519999       0.112522      -0.205988      -0.447799       0.519999      -0.112522       0.205988       0.447799      -0.696836
       2.319000      -0.520205       0.112074      -0.205125      -0.447985       0.520205      -0.112074       0.205125       0.447985      -0.696834
       2.320000      -0.520410       0.111626      -0.204262      -0.448171       0.520410      -0.111626       0.204262       0.448171      -0.696833
       2.321000      -0.520614       0.111178      -0.203399      -0.448356       0.520614      -0.111178       0.203399       0.448356      -0.696832
       2.322000      -0.520817       0.110729      -0.202536      -0.448541       0.520817      -0.110729       0.202536       0.448541      -0.696831
       2.323000      -0.521020       0.110281      -0.201674      -0.448724       0.521020      -0.110281       0.201674       0.448724      -0.696830
       2.324000      -0.521222       0.109832      -0.200811      -0.448907       0.521222      -0.109832       0.200811       0.448907      -0.696829
       2.325000      -0.521422       0.109383      -0.199949      -0.449088       0.521422      -0.109383       0.199949       0.449088      -0.696828
       2.326000      -0.521622       0.108934      -0.199087      -0.449269       0.521622      -0.108934       0.199087       0.449269      -0.696827
       2.327000      -0.521822       0.108485      -0.198225      -0.449449       0.521822      -0.108485       0.198225       0.449449      -0.696825
       2.328000      -0.522020       0.108036      -0.197364      -0.449628       0.522020      -0.108036       0.197364       0.449628      -0.696824
       2.329000      -0.522217       0.107586      -0.196502      -0.449807       0.522217      -0.107586       0.196502       0.449807      -0.696823
       2.330000      -0.522414       0.107136      -0.195641      -0.449984       0.522414      -0.107136       0.195641       0.449984      -0.696822
       2.331000      -0.522609       0.106686      -0.194780      -0.450161       0.522609      -0.106686       0.194780       0.450161      -0.696821
       2.332000      -0.522804       0.106236      -0.193919      -0.450336       0.522804      -0.106236       0.193919       0.450336      -0.696820
       2.333000      -0.522998       0.105786      -0.193058      -0.450511       0.522998      -0.105786       0.193058       0.450511      -0.696819
       2.334000      -0.523191       0.105335      -0.192197      -0.450685       0.523191      -0.105335       0.192197       0.450685      -0.696818
       2.335000      -0.523383       0.104884      -0.191337      -0.450859       0.523383      -0.104884       0.191337       0.450859      -0.696816
       2.336000      -0.523575       0.104434      -0.190476      -0.451031       0.523575      -0.104434       0.190476       0.451031      -0.696815
       2.337000      -0.523765       0.103983      -0.189616      -0.451203       0.523765      -0.103983       0.189616       0.451203      -0.696814
       2.338000      -0.523955       0.103531      -0.188756      -0.451373       0.523955      -0.103531       0.188756       0.451373      -0.696813
       2.339000      -0.524143       0.103080      -0.187897      -0.451543       0.524143      -0.103080       0.187897       0.451543      -0.696812
       2.340000      -0.524331       0.102628      -0.187037      -0.451712       0.524331      -0.102628       0.187037       0.451712      -0.696811
       2.341000      -0.524518       0.102177      -0.186177      -0.451880       0.524518      -0.102177       0.186177       0.451880      -0.696810
       2.342000      -0.524705       0.101725      -0.185318      -0.452048       0.524705      -0.101725       0.185318       0.452048      -0.696809
       2.343000      -0.524890       0.101273      -0.184459      -0.452214       0.524890      -0.101273       0.184459       0.452214      -0.696808
       2.344000      -0.525074       0.100821      -0.183600      -0.452380       0.525074      -0.100821       0.183600       0.452380      -0.696806
       2.345000      -0.525258       0.100368      -0.182741      -0.452545       0.525258      -0.100368       0.182741       0.452545      -0.696805
       2.346000      -0.525441       0.099916      -0.181882      -0.452709       0.525441      -0.099916       0.181882       0.452709      -0.696804
       2.347000      -0.525623       0.099463      -0.181024      -0.452872       0.525623      -0.099463       0.181024       0.452872      -0.696803
       2.348000      -0.525804       0.099010      -0.180165      -0.453035       0.525804      -0.099010       0.180165       0.453035      -0.696802
       2.349000      -0.525984       0.098557      -0.179307      -0.453196       0.525984      -0.098557       0.179307       0.453196      -0.696801
       2.350000      -0.526163       0.098104      -0.178449      -0.453357       0.526163      -0.098104       0.178449       0.453357      -0.696800
       2.351000      -0.526341       0.097650      -0.177591      -0.453517       0.526341      -0.097650       0.177591       0.453517      -0.696799
       2.352000      -0.526519       0.097197      -0.176734      -0.453676       0.526519      -0.097197       0.176734       0.453676      -0.696798
       2.353000      -0.526696       0.096743      -0.175876      -0.453835       0.526696      -0.096743       0.175876       0.453835      -0.696796
       2.354000      -0.526872       0.096289      -0.175019      -0.453992       0.526872      -0.096289       0.175019       0.453992      -0.696795
       2.355000      -0.527047       0.095835      -0.174161      -0.454149       0.527047      -0.095835       0.174161       0.454149      -0.696794
       2.356000      -0.527221       0.095381      -0.173304      -0.454305       0.527221      -0.095381       0.173304       0.454305      -0.696793
       2.357000      -0.527394       0.094927      -0.172447      -0.454460       0.527394      -0.094927       0.172447       0.454460      -0.696792
       2.358000      -0.527567       0.094473      -0.171590      -0.454614       0.527567      -0.094473       0.171590       0.454614      -0.696791
       2.359000      -0.527738       0.094018      -0.170734      -0.454767       0.527738      -0.094018       0.170734       0.454767      -0.696790
       2.360000      -0.527909       0.093563      -0.169877      -0.454920       0.527909      -0.093563       0.169877       0.454920      -0.696789
       2.361000      -0.528079       0.093108      -0.169021      -0.455072       0.528079      -0.093108       0.169021       0.455072      -0.696788
       2.362000      -0.528248       0.092653      -0.168164      -0.455223       0.528248      -0.092653       0.168164       0.455223      -0.696787
       2.363000      -0.528416       0.092198      -0.167308      -0.455373       0.528416      -0.092198       0.167308       0.455373      -0.696785
       2.364000      -0.528583       0.091743      -0.166452      -0.455522       0.528583      -0.091743       0.166452       0.455522      -0.696784
       2.365000      -0.528750       0.091287      -0.165597      -0.455671       0.528750      -0.091287       0.165597       0.455671      -0.696783
       2.366000      -0.528915       0.090831      -0.164741      -0.455818       0.528915      -0.090831       0.164741       0.455818      -0.696782
       2.367000      -0.529080       0.090376      -0.163885      -0.455965       0.529080      -0.090376       0.163885       0.455965      -0.696781
       2.368000      -0.529244       0.089920      -0.163030      -0.456111       0.529244      -0.089920       0.163030       0.456111      -0.696780
       2.369000      -0.529407       0.089463      -0.162175      -0.456257       0.529407      -0.089463       0.162175       0.456257      -0.696779
       2.370000      -0.529569       0.089007      -0.161320      -0.456401       0.529569      -0.089007       0.161320       0.456401      -0.696778
       2.371000      -0.529730       0.088551      -0.160465      -0.456545       0.529730      -0.088551       0.160465       0.456545      -0.696777
       2.372000      -0.529891       0.088094      -0.159610      -0.456688       0.529891      -0.088094       0.159610       0.456688      -0.696776
       2.373000      -0.530051       0.087638      -0.158755      -0.456830       0.530051      -0.087638       0.158755       0.456830      -0.696774
       2.374000      -0.530209       0.087181      -0.157901      -0.456971       0.530209      -0.087181       0.157901       0.456971      -0.696773
       2.375000      -0.530367       0.086724      -0.157046      -0.457112       0.530367      -0.086724       0.157046       0.457112      -0.696772
       2.376000      -0.530524       0.086267      -0.156192      -0.457251       0.530524      -0.086267       0.156192       0.457251      -0.696771
       2.377000      -0.530680       0.085809      -0.155338      -0.457390       0.530680      -0.085809       0.155338       0.457390      -0.696770
       2.378000      -0.530836       0.085352      -0.154484      -0.457528       0.530836      -0.085352       0.154484       0.457528      -0.696769
       2.379000      -0.530990       0.084894      -0.153630      -0.457666       0.530990      -0.084894       0.153630       0.457666      -0.696768
       2.380000      -0.531144       0.084437      -0.152776      -0.457802       0.531144      -0.084437       0.152776       0.457802      -0.696767
       2.381000      -0.531297       0.083979      -0.151923      -0.457938       0.531297      -0.083979       0.151923       0.457938      -0.696766
       2.382000      -0.531449       0.083521      -0.151069      -0.458073       0.531449      -0.083521       0.151069       0.458073      -0.696765
       2.383000      -0.531600       0.083063      -0.150216      -0.458207       0.531600      -0.083063       0.150216       0.458207      -0.696764
       2.384000      -0.531750       0.082605      -0.149363      -0.458340       0.531750      -0.082605       0.149363       0.458340      -0.696762
       2.385000      -0.531899       0.082146      -0.148509      -0.458473       0.531899      -0.082146       0.148509       0.458473      -0.696761
       2.386000      -0.532048       0.081688      -0.147656      -0.458604       0.532048      -0.081688       0.147656       0.458604      -0.696760
       2.387000      -0.532195       0.081229      -0.146804      -0.458735       0.532195      -0.081229       0.146804       0.458735      -0.696759
       2.388000      -0.532342       0.080771      -0.145951      -0.458866       0.532342      -0.080771       0.145951       0.458866      -0.696758
       2.389000      -0.532488       0.080312      -0.145098      -0.458995       0.532488      -0.080312       0.145098       0.458995      -0.696757
       2.390000      -0.532633       0.079853      -0.144246      -0.459123       0.532633      -0.079853       0.144246       0.459123      -0.696756
       2.391000      -0.532778       0.079394      -0.143394      -0.459251       0.532778      -0.079394       0.143394       0.459251      -0.696755
       2.392000      -0.532921       0.078934      -0.142541      -0.459378       0.532921      -0.078934       0.142541       0.459378      -0.696754
       2.393000      -0.533063       0.078475      -0.141689      -0.459504       0.533063      -0.078475       0.141689       0.459504      -0.696753
       2.394000      -0.533205       0.078016      -0.140837      -0.459630       0.533205      -0.078016       0.140837       0.459630      -0.696752
       2.395000      -0.533346       0.077556      -0.139986      -0.459755       0.533346      -0.077556       0.139986       0.459755      -0.696751
       2.396000      -0.533486       0.077096      -0.139134      -0.459878       0.533486      -0.077096       0.139134       0.459878      -0.696749
       2.397000      -0.533625       0.076636      -0.138282      -0.460001       0.533625      -0.076636       0.138282       0.460001      -0.696748
       2.398000      -0.533763       0.076176      -0.137431      -0.460124       0.533763      -0.076176       0.137431       0.460124      -0.696747
       2.399000      -0.533901       0.075716      -0.136579      -0.460245       0.533901      -0.075716       0.136579       0.460245      -0.696746
       2.400000      -0.534037       0.075256      -0.135728      -0.460366       0.534037      -0.075256       0.135728       0.460366      -0.696745
       2.401000      -0.534173       0.074796      -0.134877      -0.460486       0.534173      -0.074796       0.134877       0.460486      -0.696744
       2.402000      -0.534308       0.074335      -0.134026      -0.460605       0.534308      -0.074335       0.134026       0.460605      -0.696743
       2.403000      -0.534442       0.073874      -0.133175      -0.460723       0.534442      -0.073874       0.133175       0.460723      -0.696742
       2.404000      -0.534575       0.073414      -0.132324      -0.460841       0.534575      -0.073414       0.132324       0.460841      -0.696741
       2.405000      -0.534708       0.072953      -0.131474      -0.460958       0.534708      -0.072953       0.131474       0.460958      -0.696740
       2.406000      -0.534839       0.072492      -0.130623      -0.461074       0.534839      -0.072492       0.130623       0.461074      -0.696739
       2.407000      -0.534970       0.072031      -0.129773      -0.461189       0.534970      -0.072031       0.129773       0.461189      -0.696738
       2.408000      -0.535099       0.071570      -0.128923      -0.461304       0.535099      -0.071570       0.128923       0.461304      -0.696736
       2.409000      -0.535228       0.071108      -0.128072      -0.461417       0.535228      -0.071108       0.128072       0.461417      -0.696735
       2.410000      -0.535356       0.070647      -0.127222      -0.461530       0.535356      -0.070647       0.127222       0.461530      -0.696734
       2.411000      -0.535484       0.070185      -0.126372      -0.461642       0.535484      -0.070185       0.126372       0.461642      -0.696733
       2.412000      -0.535610       0.069724      -0.125522      -0.461754       0.535610      -0.069724       0.125522       0.461754      -0.696732
       2.413000      -0.535735       0.069262      -0.124673      -0.461864       0.535735      -0.069262       0.124673       0.461864      -0.696731
       2.414000      -0.535860       0.068800      -0.123823      -0.461974       0.535860      -0.068800       0.123823       0.461974      -0.696730
       2.415000      -0.535984       0.068338      -0.122973      -0.462083       0.535984      -0.068338       0.122973       0.462083      -0.696729
       2.416000      -0.536107       0.067876      -0.122124      -0.462192       0.536107      -0.067876       0.122124       0.462192      -0.696728
       2.417000      -0.536229       0.067414      -0.121275      -0.462299       0.536229      -0.067414       0.121275       0.462299      -0.696727
       2.418000      -0.536350       0.066952      -0.120425      -0.462406       0.536350      -0.066952       0.120425       0.462406      -0.696726
       2.419000      -0.536471       0.066489      -0.119576      -0.462512       0.536471      -0.066489       0.119576       0.462512      -0.696725
       2.420000      -0.536590       0.066027      -0.118727      -0.462617       0.536590      -0.066027       0.118727       0.462617      -0.696724
       2.421000      -0.536709       0.065564      -0.117878      -0.462722       0.536709      -0.065564       0.117878       0.462722      -0.696722
       2.422000      -0.536827       0.065101      -0.117030      -0.462825       0.536827      -0.065101       0.117030       0.462825      -0.696721
       2.423000      -0.536944       0.064639      -0.116181      -0.462928       0.536944      -0.064639       0.116181       0.462928      -0.696720
       2.424000      -0.537060       0.064176      -0.115332      -0.463030       0.537060      -0.064176       0.115332       0.463030      -0.696719
       2.425000      -0.537176       0.063713      -0.114484      -0.463132       0.537176      -0.063713       0.114484       0.463132      -0.696718
       2.426000      -0.537290       0.063249      -0.113635      -0.463232       0.537290      -0.063249       0.113635       0.463232      -0.696717
       2.427000      -0.537404       0.062786      -0.112787      -0.463332       0.537404      -0.062786       0.112787       0.463332      -0.696716
       2.428000      -0.537516       0.062323      -0.111939      -0.463431       0.537516      -0.062323       0.111939       0.463431      -0.696715
       2.429000      -0.537628       0.061859      -0.111091      -0.463530       0.537628      -0.061859       0.111091       0.463530      -0.696714
       2.430000      -0.537739       0.061396      -0.110243      -0.463627       0.537739      -0.061396       0.110243       0.463627      -0.696713
       2.431000      -0.537850       0.060932      -0.109395      -0.463724       0.537850      -0.060932       0.109395       0.463724      -0.696712
       2.432000      -0.537959       0.060469      -0.108547      -0.463820       0.537959      -0.060469       0.108547       0.463820      -0.696711
       2.433000      -0.538068       0.060005      -0.107699      -0.463915       0.538068      -0.060005       0.107699       0.463915      -0.696710
       2.434000      -0.538175       0.059541      -0.106852      -0.464010       0.538175      -0.059541       0.106852       0.464010      -0.696709
       2.435000      -0.538282       0.059077      -0.106004      -0.464104       0.538282      -0.059077       0.106004       0.464104      -0.696707
       2.436000      -0.538388       0.058613      -0.105157      -0.464197       0.538388      -0.058613       0.105157       0.464197      -0.696706
       2.437000      -0.538493       0.058148      -0.104309      -0.464289       0.538493      -0.058148       0.104309       0.464289      -0.696705
       2.438000      -0.538598       0.057684      -0.103462      -0.464381       0.538598      -0.057684       0.103462       0.464381      -0.696704
       2.439000      -0.538701       0.057220      -0.102615      -0.464471       0.538701      -0.057220       0.102615       0.464471      -0.696703
       2.440000      -0.538804       0.056755      -0.101768      -0.464561       0.538804      -0.056755       0.101768       0.464561      -0.696702
       2.441000      -0.538905       0.056291      -0.100921      -0.464650       0.538905      -0.056291       0.100921       0.464650      -0.696701
       2.442000      -0.539006       0.055826      -0.100074      -0.464739       0.539006      -0.055826       0.100074       0.464739      -0.696700
       2.443000      -0.539106       0.055361      -0.099227      -0.464827       0.539106      -0.055361       0.099227       0.464827      -0.696699
       2.444000      -0.539206       0.054897      -0.098380      -0.464914       0.539206      -0.054897       0.098380       0.464914      -0.696698
       2.445000      -0.539304       0.054432      -0.097533      -0.465000       0.539304      -0.054432       0.097533       0.465000      -0.696697
       2.446000      -0.539402       0.053967      -0.096687      -0.465085       0.539402      -0.053967       0.096687       0.465085      -0.696696
       2.447000      -0.539498       0.053502      -0.095840      -0.465170       0.539498      -0.053502       0.095840       0.465170      -0.696695
       2.448000      -0.539594       0.053036      -0.094994      -0.465254       0.539594      -0.053036       0.094994       0.465254      -0.696694
       2.449000      -0.539689       0.052571      -0.094148      -0.465337       0.539689      -0.052571       0.094148       0.465337      -0.696693
       2.450000      -0.539783       0.052106      -0.093301      -0.465419       0.539783      -0.052106       0.093301       0.465419      -0.696691
       2.451000      -0.539877       0.051640      -0.092455      -0.465501       0.539877      -0.051640       0.092455       0.465501      -0.696690
       2.452000      -0.539969       0.051175      -0.091609      -0.465582       0.539969      -0.051175       0.091609       0.465582      -0.696689
       2.453000      -0.540061       0.050709      -0.090763      -0.465662       0.540061      -0.050709       0.090763       0.465662      -0.696688
       2.454000      -0.540151       0.050244      -0.089917      -0.465742       0.540151      -0.050244       0.089917       0.465742      -0.696687
       2.455000      -0.540241       0.049778      -0.089071      -0.465820       0.540241      -0.049778       0.089071       0.465820      -0.696686
       2.456000      -0.540330       0.049312      -0.088225      -0.465898       0.540330      -0.049312       0.088225       0.465898      -0.696685
       2.457000      -0.540419       0.048846      -0.087380      -0.465975       0.540419      -0.048846       0.087380       0.465975      -0.696684
       2.458000      -0.540506       0.048380      -0.086534      -0.466052       0.540506      -0.048380       0.086534       0.466052      -0.696683
       2.459000      -0.540593       0.047914      -0.085689      -0.466128       0.540593      -0.047914       0.085689       0.466128      -0.696682
       2.460000      -0.540678       0.047448      -0.084843      -0.466203       0.540678      -0.047448       0.084843       0.466203      -0.696681
       2.461000      -0.540763       0.046982      -0.083998      -0.466277       0.540763      -0.046982       0.083998       0.466277      -0.696680
       2.462000      -0.540847       0.046516      -0.083152      -0.466350       0.540847      -0.046516       0.083152       0.466350      -0.696679
       2.463000      -0.540930       0.046049      -0.082307      -0.466423       0.540930      -0.046049       0.082307       0.466423      -0.696678
       2.464000      -0.541013       0.045583      -0.081462      -0.466495       0.541013      -0.045583       0.081462       0.466495      -0.696677
       2.465000      -0.541094       0.045116      -0.080617      -0.466566       0.541094      -0.045116       0.080617       0.466566      -0.696675
       2.466000      -0.541175       0.044650      -0.079772      -0.466636       0.541175      -0.044650       0.079772       0.466636      -0.696674
       2.467000      -0.541254       0.044183      -0.078927      -0.466706       0.541254      -0.044183       0.078927       0.466706      -0.696673
       2.468000      -0.541333       0.043716      -0.078082      -0.466775       0.541333      -0.043716       0.078082       0.466775      -0.696672
       2.469000      -0.541411       0.043250      -0.077237      -0.466843       0.541411      -0.043250       0.077237       0.466843      -0.696671
       2.470000      -0.541489       0.042783      -0.076392      -0.466911       0.541489      -0.042783       0.076392       0.466911      -0.696670
       2.471000      -0.541565       0.042316      -0.075548      -0.466978       0.541565      -0.042316       0.075548       0.466978      -0.696669
       2.472000      -0.541641       0.041849      -0.074703      -0.467044       0.541641      -0.041849       0.074703       0.467044      -0.696668
       2.473000      -0.541715       0.041382      -0.073858      -0.467109       0.541715      -0.041382       0.073858       0.467109      -0.696667
       2.474000      -0.541789       0.040915      -0.073014      -0.467173       0.541789      -0.040915       0.073014       0.467173      -0.696666
       2.475000      -0.541862       0.040448      -0.072169      -0.467237       0.541862      -0.040448       0.072169       0.467237      -0.696665
       2.476000      -0.541934       0.039980      -0.071325      -0.467300       0.541934      -0.039980       0.071325       0.467300      -0.696664
       2.477000      -0.542006       0.039513      -0.070481      -0.467362       0.542006      -0.039513       0.070481       0.467362      -0.696663
       2.478000      -0.542076       0.039046      -0.069636      -0.467424       0.542076      -0.039046       0.069636       0.467424      -0.696662
       2.479000      -0.542146       0.038578      -0.068792      -0.467485       0.542146      -0.038578       0.068792       0.467485      -0.696661
       2.480000      -0.542215       0.038111      -0.067948      -0.467545       0.542215      -0.038111       0.067948       0.467545      -0.696660
       2.481000      -0.542283       0.037643      -0.067104      -0.467604       0.542283      -0.037643       0.067104       0.467604      -0.696659
       2.482000      -0.542350       0.037176      -0.066260      -0.467663       0.542350      -0.037176       0.066260       0.467663      -0.696657
       2.483000      -0.542416       0.036708      -0.065416      -0.467721       0.542416      -0.036708       0.065416       0.467721      -0.696656
       2.484000      -0.542481       0.036240      -0.064572      -0.467778       0.542481      -0.036240       0.064572       0.467778      -0.696655
       2.485000      -0.542546       0.035772      -0.063728      -0.467834       0.542546      -0.035772       0.063728       0.467834      -0.696654
       2.486000      -0.542610       0.035305      -0.062884      -0.467890       0.542610      -0.035305       0.062884       0.467890      -0.696653
       2.487000      -0.542672       0.034837      -0.062041      -0.467945       0.542672      -0.034837       0.062041       0.467945      -0.696652
       2.488000      -0.542735       0.034369      -0.061197      -0.467999       0.542735      -0.034369       0.061197       0.467999      -0.696651
       2.489000      -0.542796       0.033901      -0.060353      -0.468052       0.542796      -0.033901       0.060353       0.468052      -0.696650
       2.490000      -0.542856       0.033433      -0.059510      -0.468105       0.542856      -0.033433       0.059510       0.468105      -0.696649
       2.491000      -0.542916       0.032965      -0.058666      -0.468157       0.542916      -0.032965       0.058666       0.468157      -0.696648
       2.492000      -0.542974       0.032496      -0.057823      -0.468208       0.542974      -0.032496       0.057823       0.468208      -0.696647
       2.493000      -0.543032       0.032028      -0.056979      -0.468259       0.543032      -0.032028       0.056979       0.468259      -0.696646
       2.494000      -0.543089       0.031560      -0.056136      -0.468308       0.543089      -0.031560       0.056136       0.468308      -0.696645
       2.495000      -0.543145       0.031092      -0.055292      -0.468357       0.543145      -0.031092       0.055292       0.468357      -0.696644
       2.496000      -0.543200       0.030623      -0.054449      -0.468406       0.543200      -0.030623       0.054449       0.468406      -0.696643
       2.497000      -0.543255       0.030155      -0.053606      -0.468453       0.543255      -0.030155       0.053606       0.468453      -0.696642
       2.498000      -0.543309       0.029686      -0.052763      -0.468500       0.543309      -0.029686       0.052763       0.468500      -0.696641
       2.499000      -0.543361       0.029218      -0.051920      -0.468546       0.543361      -0.029218       0.051920       0.468546      -0.696640
       2.500000      -0.543413       0.028749      -0.051076      -0.468591       0.543413      -0.028749       0.051076       0.468591      -0.696638
       2.501000      -0.543464       0.028281      -0.050233      -0.468636       0.543464      -0.028281       0.050233       0.468636      -0.696637
       2.502000      -0.543515       0.027812      -0.049390      -0.468680       0.543515      -0.027812       0.049390       0.468680      -0.696636
       2.503000      -0.543564       0.027344      -0.048547      -0.468723       0.543564      -0.027344       0.048547       0.468723      -0.696635
       2.504000      -0.543612       0.026875      -0.047704      -0.468765       0.543612      -0.026875       0.047704       0.468765      -0.696634
       2.505000      -0.543660       0.026406      -0.046862      -0.468807       0.543660      -0.026406       0.046862       0.468807      -0.696633
       2.506000      -0.543707       0.025937      -0.046019      -0.468848       0.543707      -0.025937       0.046019       0.468848      -0.696632
       2.507000      -0.543753       0.025468      -0.045176      -0.468888       0.543753      -0.025468       0.045176       0.468888      -0.696631
       2.508000      -0.543798       0.024999      -0.044333      -0.468928       0.543798      -0.024999       0.044333       0.468928      -0.696630
       2.509000      -0.543843       0.024531      -0.043490      -0.468966       0.543843      -0.024531       0.043490       0.468966      -0.696629
       2.510000      -0.543886       0.024062      -0.042648      -0.469004       0.543886      -0.024062       0.042648       0.469004      -0.696628
       2.511000      -0.543929       0.023593      -0.041805      -0.469042       0.543929      -0.023593       0.041805       0.469042      -0.696627
       2.512000      -0.543970       0.023124      -0.040962      -0.469078       0.543970      -0.023124       0.040962       0.469078      -0.696626
       2.513000      -0.544011       0.022654      -0.040120      -0.469114       0.544011      -0.022654       0.040120       0.469114      -0.696625
       2.514000      -0.544052       0.022185      -0.039277      -0.469149       0.544052      -0.022185       0.039277       0.469149      -0.696624
       2.515000      -0.544091       0.021716      -0.038435      -0.469184       0.544091      -0.021716       0.038435       0.469184      -0.696623
       2.516000      -0.544129       0.021247      -0.037592      -0.469217       0.544129      -0.021247       0.037592       0.469217      -0.696622
       2.517000      -0.544167       0.020778      -0.036750      -0.469250       0.544167      -0.020778       0.036750       0.469250      -0.696621
       2.518000      -0.544204       0.020309      -0.035907      -0.469282       0.544204      -0.020309       0.035907       0.469282      -0.696620
       2.519000      -0.544240       0.019839      -0.035065      -0.469314       0.544240      -0.019839       0.035065       0.469314      -0.696618
       2.520000      -0.544275       0.019370      -0.034223      -0.469344       0.544275      -0.019370       0.034223       0.469344      -0.696617
       2.521000      -0.544309       0.018901      -0.033380      -0.469374       0.544309      -0.018901       0.033380       0.469374      -0.696616
       2.522000      -0.544342       0.018431      -0.032538      -0.469404       0.544342      -0.018431       0.032538       0.469404      -0.696615
       2.523000      -0.544375       0.017962      -0.031696      -0.469432       0.544375      -0.017962       0.031696       0.469432      -0.696614
       2.524000      -0.544406       0.017492      -0.030854      -0.469460       0.544406      -0.017492       0.030854       0.469460      -0.696613
       2.525000      -0.544437       0.017023      -0.030011      -0.469487       0.544437      -0.017023       0.030011       0.469487      -0.696612
       2.526000      -0.544467       0.016553      -0.029169      -0.469513       0.544467      -0.016553       0.029169       0.469513      -0.696611
       2.527000      -0.544496       0.016084      -0.028327      -0.469539       0.544496      -0.016084       0.028327       0.469539      -0.696610
       2.528000      -0.544525       0.015614      -0.027485      -0.469564       0.544525      -0.015614       0.027485       0.469564      -0.696609
       2.529000      -0.544552       0.015145      -0.026643      -0.469588       0.544552      -0.015145       0.026643       0.469588      -0.696608
       2.530000      -0.544579       0.014675      -0.025801      -0.469611       0.544579      -0.014675       0.025801       0.469611      -0.696607
       2.531000      -0.544605       0.014206      -0.024959      -0.469634       0.544605      -0.014206       0.024959       0.469634      -0.696606
       2.532000      -0.544630       0.013736      -0.024117      -0.469656       0.544630      -0.013736       0.024117       0.469656      -0.696605
       2.533000      -0.544654       0.013266      -0.023275      -0.469677       0.544654      -0.013266       0.023275       0.469677      -0.696604
       2.534000      -0.544677       0.012797      -0.022433      -0.469698       0.544677      -0.012797       0.022433       0.469698      -0.696603
       2.535000      -0.544700       0.012327      -0.021591      -0.469717       0.544700      -0.012327       0.021591       0.469717      -0.696602
       2.536000      -0.544721       0.011857      -0.020749      -0.469737       0.544721      -0.011857       0.020749       0.469737      -0.696601
       2.537000      -0.544742       0.011388      -0.019907      -0.469755       0.544742      -0.011388       0.019907       0.469755      -0.696600
       2.538000      -0.544762       0.010918      -0.019065      -0.469772       0.544762      -0.010918       0.019065       0.469772      -0.696599
       2.539000      -0.544781       0.010448      -0.018223      -0.469789       0.544781      -0.010448       0.018223       0.469789      -0.696597
       2.540000      -0.544799       0.009978      -0.017381      -0.469805       0.544799      -0.009978       0.017381       0.469805      -0.696596
       2.541000      -0.544816       0.009508      -0.016539      -0.469821       0.544816      -0.009508       0.016539       0.469821      -0.696595
       2.542000      -0.544833       0.009039      -0.015697      -0.469836       0.544833      -0.009039       0.015697       0.469836      -0.696594
       2.543000      -0.544849       0.008569      -0.014855      -0.469850       0.544849      -0.008569       0.014855       0.469850      -0.696593
       2.544000      -0.544864       0.008099      -0.014014      -0.469863       0.544864      -0.008099       0.014014       0.469863      -0.696592
       2.545000      -0.544878       0.007629      -0.013172      -0.469875       0.544878      -0.007629       0.013172       0.469875      -0.696591
       2.546000      -0.544891       0.007159      -0.012330      -0.469887       0.544891      -0.007159       0.012330       0.469887      -0.696590
       2.547000      -0.544903       0.006689      -0.011488      -0.469898       0.544903      -0.006689       0.011488       0.469898      -0.696589
       2.548000      -0.544915       0.006219      -0.010646      -0.469909       0.544915      -0.006219       0.010646       0.469909      -0.696588
       2.549000      -0.544925       0.005749      -0.009805      -0.469918       0.544925      -0.005749       0.009805       0.469918      -0.696587
       2.550000      -0.544935       0.005280      -0.008963      -0.469927       0.544935      -0.005280       0.008963       0.469927      -0.696586
       2.551000      -0.544944       0.004810      -0.008121      -0.469935       0.544944      -0.004810       0.008121       0.469935      -0.696585
       2.552000      -0.544952       0.004340      -0.007279      -0.469943       0.544952      -0.004340       0.007279       0.469943      -0.696584
       2.553000      -0.544959       0.003870      -0.006438      -0.469949       0.544959      -0.003870       0.006438       0.469949      -0.696583
       2.554000      -0.544966       0.003400      -0.005596      -0.469955       0.544966      -0.003400       0.005596       0.469955      -0.696582
       2.555000      -0.544971       0.002930      -0.004754      -0.469961       0.544971      -0.002930       0.004754       0.469961      -0.696581
       2.556000      -0.544976       0.002460      -0.003912      -0.469965       0.544976      -0.002460       0.003912       0.469965      -0.696580
       2.557000      -0.544980       0.001990      -0.003071      -0.469969       0.544980      -0.001990       0.003071       0.469969      -0.696579
       2.558000      -0.544983       0.001520      -0.002229      -0.469972       0.544983      -0.001520       0.002229       0.469972      -0.696578
       2.559000      -0.544985       0.001050      -0.001387      -0.469974       0.544985      -0.001050       0.001387       0.469974      -0.696576
       2.560000      -0.544987       0.000580      -0.000545      -0.469976       0.544987      -0.000580       0.000545       0.469976      -0.696575
       2.561000      -0.544987       0.000110       0.000296      -0.469977       0.544987      -0.000110      -0.000296       0.469977      -0.696574
       2.562000      -0.544987      -0.000360       0.001138      -0.469977       0.544987       0.000360      -0.001138       0.469977      -0.696573
       2.563000      -0.544986      -0.000830       0.001980      -0.469976       0.544986       0.000830      -0.001980       0.469976      -0.696572
       2.564000      -0.544984      -0.001300       0.002821      -0.469975       0.544984       0.001300      -0.002821       0.469975      -0.696571
       2.565000      -0.544981      -0.001770       0.003663      -0.469973       0.544981       0.001770      -0.003663       0.469973      -0.696570
       2.566000      -0.544977      -0.002240       0.004505      -0.469970       0.544977       0.002240      -0.004505       0.469970      -0.696569
       2.567000      -0.544973      -0.002710       0.005347      -0.469967       0.544973       0.002710      -0.005347       0.469967      -0.696568
       2.568000      -0.544968      -0.003180       0.006188      -0.469963       0.544968       0.003180      -0.006188       0.469963      -0.696567
       2.569000      -0.544961      -0.003650       0.007030      -0.469958       0.544961       0.003650      -0.007030       0.469958      -0.696566
       2.570000      -0.544954      -0.004120       0.007872      -0.469952       0.544954       0.004120      -0.007872       0.469952      -0.696565
       2.571000      -0.544946      -0.004590       0.008714      -0.469946       0.544946       0.004590      -0.008714       0.469946      -0.696564
       2.572000      -0.544938      -0.005060       0.009555      -0.469939       0.544938       0.005060      -0.009555       0.469939      -0.696563
       2.573000      -0.544928      -0.005530       0.010397      -0.469931       0.544928       0.005530      -0.010397       0.469931      -0.696562
       2.574000      -0.544918      -0.005999       0.011239      -0.469922       0.544918       0.005999      -0.011239       0.469922      -0.696561
       2.575000      -0.544907      -0.006469       0.012081      -0.469913       0.544907       0.006469      -0.012081       0.469913      -0.696560
       2.576000      -0.544894      -0.006939       0.012922      -0.469903       0.544894       0.006939      -0.012922       0.469903      -0.696559
       2.577000      -0.544882      -0.007409       0.013764      -0.469892       0.544882       0.007409      -0.013764       0.469892      -0.696558
       2.578000      -0.544868      -0.007879       0.014606      -0.469881       0.544868       0.007879      -0.014606       0.469881      -0.696557
       2.579000      -0.544853      -0.008349       0.015448      -0.469869       0.544853       0.008349      -0.015448       0.469869      -0.696555
       2.580000      -0.544838      -0.008819       0.016290      -0.469856       0.544838       0.008819      -0.016290       0.469856      -0.696554
       2.581000      -0.544821      -0.009289       0.017132      -0.469842       0.544821       0.009289      -0.017132       0.469842      -0.696553
       2.582000      -0.544804      -0.009759       0.017973      -0.469828       0.544804       0.009759      -0.017973       0.469828      -0.696552
       2.583000      -0.544786      -0.010228       0.018815      -0.469813       0.544786       0.010228      -0.018815       0.469813      -0.696551
       2.584000      -0.544767      -0.010698       0.019657      -0.469797       0.544767       0.010698      -0.019657       0.469797      -0.696550
       2.585000      -0.544748      -0.011168       0.020499      -0.469780       0.544748       0.011168      -0.020499       0.469780      -0.696549
       2.586000      -0.544727      -0.011638       0.021341      -0.469763       0.544727       0.011638      -0.021341       0.469763      -0.696548
       2.587000      -0.544706      -0.012108       0.022183      -0.469745       0.544706       0.012108      -0.022183       0.469745      -0.696547
       2.588000      -0.544684      -0.012577       0.023025      -0.469726       0.544684       0.012577      -0.023025       0.469726      -0.696546
       2.589000      -0.544661      -0.013047       0.023867      -0.469707       0.544661       0.013047      -0.023867       0.469707      -0.696545
       2.590000      -0.544637      -0.013517       0.024709      -0.469687       0.544637       0.013517      -0.024709       0.469687      -0.696544
       2.591000      -0.544612      -0.013986       0.025551      -0.469666       0.544612       0.013986      -0.025551       0.469666      -0.696543
       2.592000      -0.544587      -0.014456       0.026393      -0.469644       0.544587       0.014456      -0.026393       0.469644      -0.696542
       2.593000      -0.544560      -0.014926       0.027235      -0.469622       0.544560       0.014926      -0.027235       0.469622      -0.696541
       2.594000      -0.544533      -0.015395       0.028077      -0.469599       0.544533       0.015395      -0.028077       0.469599      -0.696540
       2.595000      -0.544505      -0.015865       0.028919      -0.469575       0.544505       0.015865      -0.028919       0.469575      -0.696539
       2.596000      -0.544476      -0.016335       0.029761      -0.469551       0.544476       0.016335      -0.029761       0.469551      -0.696538
       2.597000      -0.544446      -0.016804       0.030604      -0.469525       0.544446       0.016804      -0.030604       0.469525      -0.696537
       2.598000      -0.544416      -0.017274       0.031446      -0.469499       0.544416       0.017274      -0.031446       0.469499      -0.696536
       2.599000      -0.544384      -0.017743       0.032288      -0.469473       0.544384       0.017743      -0.032288       0.469473      -0.696534
       2.600000      -0.544352      -0.018213       0.033130      -0.469445       0.544352       0.018213      -0.033130       0.469445      -0.696533
       2.601000      -0.544319      -0.018682       0.033973      -0.469417       0.544319       0.018682      -0.033973       0.469417      -0.696532
       2.602000      -0.544285      -0.019151       0.034815      -0.469388       0.544285       0.019151      -0.034815       0.469388      -0.696531
       2.603000      -0.544250      -0.019621       0.035657      -0.469358       0.544250       0.019621      -0.035657       0.469358      -0.696530
       2.604000      -0.544214      -0.020090       0.036500      -0.469328       0.544214       0.020090      -0.036500       0.469328      -0.696529
       2.605000      -0.544178      -0.020560       0.037342      -0.469297       0.544178       0.020560      -0.037342       0.469297      -0.696528
       2.606000      -0.544141      -0.021029       0.038184      -0.469265       0.544141       0.021029      -0.038184       0.469265      -0.696527
       2.607000      -0.544102      -0.021498       0.039027      -0.469233       0.544102       0.021498      -0.039027       0.469233      -0.696526
       2.608000      -0.544063      -0.021967       0.039869      -0.469199       0.544063       0.021967      -0.039869       0.469199      -0.696525
       2.609000      -0.544023      -0.022437       0.040712      -0.469165       0.544023       0.022437      -0.040712       0.469165      -0.696524
       2.610000      -0.543983      -0.022906       0.041554      -0.469131       0.543983       0.022906      -0.041554       0.469131      -0.696523
       2.611000      -0.543941      -0.023375       0.042397      -0.469095       0.543941       0.023375      -0.042397       0.469095      -0.696522
       2.612000      -0.543899      -0.023844       0.043240      -0.469059       0.543899       0.023844      -0.043240       0.469059      -0.696521
       2.613000      -0.543856      -0.024313       0.044082      -0.469022       0.543856       0.024313      -0.044082       0.469022      -0.696520
       2.614000      -0.543811      -0.024782       0.044925      -0.468984       0.543811       0.024782      -0.044925       0.468984      -0.696519
       2.615000      -0.543767      -0.025251       0.045768      -0.468946       0.543767       0.025251      -0.045768       0.468946      -0.696518
       2.616000      -0.543721      -0.025720       0.046610      -0.468907       0.543721       0.025720      -0.046610       0.468907      -0.696517
       2.617000      -0.543674      -0.026189       0.047453      -0.468867       0.543674       0.026189      -0.047453       0.468867      -0.696516
       2.618000      -0.543627      -0.026658       0.048296      -0.468826       0.543627       0.026658      -0.048296       0.468826      -0.696514
       2.619000      -0.543578      -0.027127       0.049139      -0.468785       0.543578       0.027127      -0.049139       0.468785      -0.696513
       2.620000      -0.543529      -0.027595       0.049982      -0.468743       0.543529       0.027595      -0.049982       0.468743      -0.696512
       2.621000      -0.543479      -0.028064       0.050825      -0.468700       0.543479       0.028064      -0.050825       0.468700      -0.696511
       2.622000      -0.543428      -0.028533       0.051668      -0.468656       0.543428       0.028533      -0.051668       0.468656      -0.696510
       2.623000      -0.543377      -0.029001       0.052511      -0.468612       0.543377       0.029001      -0.052511       0.468612      -0.696509
       2.624000      -0.543324      -0.029470       0.053354      -0.468567       0.543324       0.029470      -0.053354       0.468567      -0.696508
       2.625000      -0.543271      -0.029939       0.054197      -0.468521       0.543271       0.029939      -0.054197       0.468521      -0.696507
       2.626000      -0.543217      -0.030407       0.055040      -0.468475       0.543217       0.030407      -0.055040       0.468475      -0.696506
       2.627000      -0.543162      -0.030876       0.055884      -0.468428       0.543162       0.030876      -0.055884       0.468428      -0.696505
       2.628000      -0.543106      -0.031344       0.056727      -0.468380       0.543106       0.031344      -0.056727       0.468380      -0.696504
       2.629000      -0.543049      -0.031812       0.057570      -0.468331       0.543049       0.031812      -0.057570       0.468331      -0.696503
       2.630000      -0.542991      -0.032281       0.058414      -0.468282       0.542991       0.032281      -0.058414       0.468282      -0.696502
       2.631000      -0.542933      -0.032749       0.059257      -0.468232       0.542933       0.032749      -0.059257       0.468232      -0.696501
       2.632000      -0.542874      -0.033217       0.060101      -0.468181       0.542874       0.033217      -0.060101       0.468181      -0.696500
       2.633000      -0.542814      -0.033685       0.060944      -0.468129       0.542814       0.033685      -0.060944       0.468129      -0.696499
       2.634000      -0.542753      -0.034154       0.061788      -0.468077       0.542753       0.034154      -0.061788       0.468077      -0.696498
       2.635000      -0.542691      -0.034622       0.062631      -0.468024       0.542691       0.034622      -0.062631       0.468024      -0.696497
       2.636000      -0.542628      -0.035090       0.063475      -0.467970       0.542628       0.035090      -0.063475       0.467970      -0.696495
       2.637000      -0.542565      -0.035558       0.064319      -0.467915       0.542565       0.035558      -0.064319       0.467915      -0.696494
       2.638000      -0.542501      -0.036026       0.065163      -0.467860       0.542501       0.036026      -0.065163       0.467860      -0.696493
       2.639000      -0.542435      -0.036493       0.066007      -0.467804       0.542435       0.036493      -0.066007       0.467804      -0.696492
       2.640000      -0.542369      -0.036961       0.066851      -0.467747       0.542369       0.036961      -0.066851       0.467747      -0.696491
       2.641000      -0.542303      -0.037429       0.067695      -0.467690       0.542303       0.037429      -0.067695       0.467690      -0.696490
       2.642000      -0.542235      -0.037897       0.068539      -0.467631       0.542235       0.037897      -0.068539       0.467631      -0.696489
       2.643000      -0.542166      -0.038364       0.069383      -0.467572       0.542166       0.038364      -0.069383       0.467572      -0.696488
       2.644000      -0.542097      -0.038832       0.070227      -0.467513       0.542097       0.038832      -0.070227       0.467513      -0.696487
       2.645000      -0.542027      -0.039299       0.071071      -0.467452       0.542027       0.039299      -0.071071       0.467452      -0.696486
       2.646000      -0.541956      -0.039767       0.071915      -0.467391       0.541956       0.039767      -0.071915       0.467391      -0.696485
       2.647000      -0.541884      -0.040234       0.072760      -0.467329       0.541884       0.040234      -0.072760       0.467329      -0.696484
       2.648000      -0.541811      -0.040702       0.073604      -0.467266       0.541811       0.040702      -0.073604       0.467266      -0.696483
       2.649000      -0.541737      -0.041169       0.074448      -0.467203       0.541737       0.041169      -0.074448       0.467203      -0.696482
       2.650000      -0.541663      -0.041636       0.075293      -0.467139       0.541663       0.041636      -0.075293       0.467139      -0.696481
       2.651000      -0.541588      -0.042103       0.076138      -0.467074       0.541588       0.042103      -0.076138       0.467074      -0.696480
       2.652000      -0.541511      -0.042570       0.076982      -0.467008       0.541511       0.042570      -0.076982       0.467008      -0.696479
       2.653000      -0.541434      -0.043037       0.077827      -0.466942       0.541434       0.043037      -0.077827       0.466942      -0.696477
       2.654000      -0.541357      -0.043504       0.078672      -0.466875       0.541357       0.043504      -0.078672       0.466875      -0.696476
       2.655000      -0.541278      -0.043971       0.079517      -0.466807       0.541278       0.043971      -0.079517       0.466807      -0.696475
       2.656000      -0.541198      -0.044438       0.080362      -0.466738       0.541198       0.044438      -0.080362       0.466738      -0.696474
       2.657000      -0.541118      -0.044905       0.081206      -0.466669       0.541118       0.044905      -0.081206       0.466669      -0.696473
       2.658000      -0.541037      -0.045371       0.082052      -0.466599       0.541037       0.045371      -0.082052       0.466599      -0.696472
       2.659000      -0.540955      -0.045838       0.082897      -0.466528       0.540955       0.045838      -0.082897       0.466528      -0.696471
       2.660000      -0.540872      -0.046304       0.083742      -0.466456       0.540872       0.046304      -0.083742       0.466456      -0.696470
       2.661000      -0.540788      -0.046771       0.084587      -0.466384       0.540788       0.046771      -0.084587       0.466384      -0.696469
       2.662000      -0.540704      -0.047237       0.085432      -0.466311       0.540704       0.047237      -0.085432       0.466311      -0.696468
       2.663000      -0.540618      -0.047704       0.086278      -0.466237       0.540618       0.047704      -0.086278       0.466237      -0.696467
       2.664000      -0.540532      -0.048170       0.087123      -0.466162       0.540532       0.048170      -0.087123       0.466162      -0.696466
       2.665000      -0.540445      -0.048636       0.087969      -0.466087       0.540445       0.048636      -0.087969       0.466087      -0.696465
       2.666000      -0.540357      -0.049102       0.088815      -0.466011       0.540357       0.049102      -0.088815       0.466011      -0.696464
       2.667000      -0.540268      -0.049568       0.089660      -0.465934       0.540268       0.049568      -0.089660       0.465934      -0.696463
       2.668000      -0.540178      -0.050034       0.090506      -0.465856       0.540178       0.050034      -0.090506       0.465856      -0.696462
       2.669000      -0.540088      -0.050500       0.091352      -0.465778       0.540088       0.050500      -0.091352       0.465778      -0.696460
       2.670000      -0.539996      -0.050966       0.092198      -0.465699       0.539996       0.050966      -0.092198       0.465699      -0.696459
       2.671000      -0.539904      -0.051431       0.093044      -0.465619       0.539904       0.051431      -0.093044       0.465619      -0.696458
       2.672000      -0.539811      -0.051897       0.093890      -0.465538       0.539811       0.051897      -0.093890       0.465538      -0.696457
       2.673000      -0.539717      -0.052362       0.094736      -0.465457       0.539717       0.052362      -0.094736       0.465457      -0.696456
       2.674000      -0.539623      -0.052828       0.095582      -0.465375       0.539623       0.052828      -0.095582       0.465375      -0.696455
       2.675000      -0.539527      -0.053293       0.096429      -0.465292       0.539527       0.053293      -0.096429       0.465292      -0.696454
       2.676000      -0.539431      -0.053759       0.097275      -0.465208       0.539431       0.053759      -0.097275       0.465208      -0.696453
       2.677000      -0.539333      -0.054224       0.098122      -0.465124       0.539333       0.054224      -0.098122       0.465124      -0.696452
       2.678000      -0.539235      -0.054689       0.098968      -0.465039       0.539235       0.054689      -0.098968       0.465039      -0.696451
       2.679000      -0.539136      -0.055154       0.099815      -0.464953       0.539136       0.055154      -0.099815       0.464953      -0.696450
       2.680000      -0.539036      -0.055619       0.100662      -0.464866       0.539036       0.055619      -0.100662       0.464866      -0.696449
       2.681000      -0.538936      -0.056084       0.101509      -0.464779       0.538936       0.056084      -0.101509       0.464779      -0.696448
       2.682000      -0.538834      -0.056549       0.102356      -0.464691       0.538834       0.056549      -0.102356       0.464691      -0.696447
       2.683000      -0.538732      -0.057013       0.103203      -0.464602       0.538732       0.057013      -0.103203       0.464602      -0.696446
       2.684000      -0.538629      -0.057478       0.104050      -0.464512       0.538629       0.057478      -0.104050       0.464512      -0.696444
       2.685000      -0.538525      -0.057942       0.104897      -0.464422       0.538525       0.057942      -0.104897       0.464422      -0.696443
       2.686000      -0.538420      -0.058407       0.105744      -0.464331       0.538420       0.058407      -0.105744       0.464331      -0.696442
       2.687000      -0.538314      -0.058871       0.106592      -0.464239       0.538314       0.058871      -0.106592       0.464239      -0.696441
       2.688000      -0.538207      -0.059335       0.107439      -0.464146       0.538207       0.059335      -0.107439       0.464146      -0.696440
       2.689000      -0.538100      -0.059799       0.108287      -0.464053       0.538100       0.059799      -0.108287       0.464053      -0.696439
       2.690000      -0.537992      -0.060264       0.109134      -0.463959       0.537992       0.060264      -0.109134       0.463959      -0.696438
       2.691000      -0.537883      -0.060727       0.109982      -0.463864       0.537883       0.060727      -0.109982       0.463864      -0.696437
       2.692000      -0.537773      -0.061191       0.110830      -0.463768       0.537773       0.061191      -0.110830       0.463768      -0.696436
       2.693000      -0.537662      -0.061655       0.111678      -0.463671       0.537662       0.061655      -0.111678       0.463671      -0.696435
       2.694000      -0.537550      -0.062119       0.112526      -0.463574       0.537550       0.062119      -0.112526       0.463574      -0.696434
       2.695000      -0.537438      -0.062582       0.113374      -0.463476       0.537438       0.062582      -0.113374       0.463476      -0.696433
       2.696000      -0.537324      -0.063046       0.114222      -0.463377       0.537324       0.063046      -0.114222       0.463377      -0.696432
       2.697000      -0.537210      -0.063509       0.115070      -0.463278       0.537210       0.063509      -0.115070       0.463278      -0.696431
       2.698000      -0.537095      -0.063972       0.115919      -0.463178       0.537095       0.063972      -0.115919       0.463178      -0.696430
       2.699000      -0.536979      -0.064436       0.116767      -0.463077       0.536979       0.064436      -0.116767       0.463077      -0.696428
       2.700000      -0.536862      -0.064899       0.117616      -0.462975       0.536862       0.064899      -0.117616       0.462975      -0.696427
       2.701000      -0.536745      -0.065362       0.118465      -0.462872       0.536745       0.065362      -0.118465       0.462872      -0.696426
       2.702000      -0.536626      -0.065825       0.119314      -0.462769       0.536626       0.065825      -0.119314       0.462769      -0.696425
       2.703000      -0.536507      -0.066287       0.120162      -0.462665       0.536507       0.066287      -0.120162       0.462665      -0.696424
       2.704000      -0.536387      -0.066750       0.121011      -0.462560       0.536387       0.066750      -0.121011       0.462560      -0.696423
       2.705000      -0.536266      -0.067213       0.121861      -0.462454       0.536266       0.067213      -0.121861       0.462454      -0.696422
       2.706000      -0.536144      -0.067675       0.122710      -0.462348       0.536144       0.067675      -0.122710       0.462348      -0.696421
       2.707000      -0.536021      -0.068137       0.123559      -0.462240       0.536021       0.068137      -0.123559       0.462240      -0.696420
       2.708000      -0.535897      -0.068600       0.124409      -0.462132       0.535897       0.068600      -0.124409       0.462132      -0.696419
       2.709000      -0.535773      -0.069062       0.125258      -0.462024       0.535773       0.069062      -0.125258       0.462024      -0.696418
       2.710000      -0.535648      -0.069524       0.126108      -0.461914       0.535648       0.069524      -0.126108       0.461914      -0.696417
       2.711000      -0.535522      -0.069986       0.126958      -0.461804       0.535522       0.069986      -0.126958       0.461804      -0.696416
       2.712000      -0.535395      -0.070447       0.127807      -0.461693       0.535395       0.070447      -0.127807       0.461693      -0.696414
       2.713000      -0.535267      -0.070909       0.128657      -0.461581       0.535267       0.070909      -0.128657       0.461581      -0.696413
       2.714000      -0.535138      -0.071371       0.129508      -0.461468       0.535138       0.071371      -0.129508       0.461468      -0.696412
       2.715000      -0.535009      -0.071832       0.130358      -0.461355       0.535009       0.071832      -0.130358       0.461355      -0.696411
       2.716000      -0.534878      -0.072294       0.131208      -0.461241       0.534878       0.072294      -0.131208       0.461241      -0.696410
       2.717000      -0.534747      -0.072755       0.132058      -0.461126       0.534747       0.072755      -0.132058       0.461126      -0.696409
       2.718000      -0.534615      -0.073216       0.132909      -0.461010       0.534615       0.073216      -0.132909       0.461010      -0.696408
       2.719000      -0.534482      -0.073677       0.133760      -0.460894       0.534482       0.073677      -0.133760       0.460894      -0.696407
       2.720000      -0.534349      -0.074138       0.134610      -0.460776       0.534349       0.074138      -0.134610       0.460776      -0.696406
       2.721000      -0.534214      -0.074599       0.135461      -0.460658       0.534214       0.074599      -0.135461       0.460658      -0.696405
       2.722000      -0.534078      -0.075059       0.136312      -0.460539       0.534078       0.075059      -0.136312       0.460539      -0.696404
       2.723000      -0.533942      -0.075520       0.137163      -0.460420       0.533942       0.075520      -0.137163       0.460420      -0.696403
       2.724000      -0.533805      -0.075980       0.138015      -0.460299       0.533805       0.075980      -0.138015       0.460299      -0.696401
       2.725000      -0.533667      -0.076441       0.138866      -0.460178       0.533667       0.076441      -0.138866       0.460178      -0.696400
       2.726000      -0.533528      -0.076901       0.139717      -0.460056       0.533528       0.076901      -0.139717       0.460056      -0.696399
       2.727000      -0.533388      -0.077361       0.140569      -0.459934       0.533388       0.077361      -0.140569       0.459934      -0.696398
       2.728000      -0.533248      -0.077821       0.141421      -0.459810       0.533248       0.077821      -0.141421       0.459810      -0.696397
       2.729000      -0.533106      -0.078281       0.142273      -0.459686       0.533106       0.078281      -0.142273       0.459686      -0.696396
       2.730000      -0.532964      -0.078740       0.143125      -0.459561       0.532964       0.078740      -0.143125       0.459561      -0.696395
       2.731000      -0.532821      -0.079200       0.143977      -0.459435       0.532821       0.079200      -0.143977       0.459435      -0.696394
       2.732000      -0.532677      -0.079659       0.144829      -0.459308       0.532677       0.079659      -0.144829       0.459308      -0.696393
       2.733000      -0.532532      -0.080119       0.145681      -0.459181       0.532532       0.080119      -0.145681       0.459181      -0.696392
       2.734000      -0.532386      -0.080578       0.146534      -0.459052       0.532386       0.080578      -0.146534       0.459052      -0.696391
       2.735000      -0.532240      -0.081037       0.147386      -0.458923       0.532240       0.081037      -0.147386       0.458923      -0.696390
       2.736000      -0.532093      -0.081496       0.148239      -0.458793       0.532093       0.081496      -0.148239       0.458793      -0.696388
       2.737000      -0.531944      -0.081954       0.149092      -0.458663       0.531944       0.081954      -0.149092       0.458663      -0.696387
       2.738000      -0.531795      -0.082413       0.149945      -0.458531       0.531795       0.082413      -0.149945       0.458531      -0.696386
       2.739000      -0.531645      -0.082872       0.150798      -0.458399       0.531645       0.082872      -0.150798       0.458399      -0.696385
       2.740000      -0.531494      -0.083330       0.151651      -0.458266       0.531494       0.083330      -0.151651       0.458266      -0.696384
       2.741000      -0.531343      -0.083788       0.152504      -0.458132       0.531343       0.083788      -0.152504       0.458132      -0.696383
       2.742000      -0.531190      -0.084246       0.153358      -0.457998       0.531190       0.084246      -0.153358       0.457998      -0.696382
       2.743000      -0.531037      -0.084704       0.154211      -0.457862       0.531037       0.084704      -0.154211       0.457862      -0.696381
       2.744000      -0.530883      -0.085162       0.155065      -0.457726       0.530883       0.085162      -0.155065       0.457726      -0.696380
       2.745000      -0.530728      -0.085620       0.155919      -0.457589       0.530728       0.085620      -0.155919       0.457589      -0.696379
       2.746000      -0.530572      -0.086078       0.156773      -0.457452       0.530572       0.086078      -0.156773       0.457452      -0.696378
       2.747000      -0.530415      -0.086535       0.157627      -0.457313       0.530415       0.086535      -0.157627       0.457313      -0.696376
       2.748000      -0.530257      -0.086992       0.158481      -0.457174       0.530257       0.086992      -0.158481       0.457174      -0.696375
       2.749000      -0.530099      -0.087450       0.159336      -0.457033       0.530099       0.087450      -0.159336       0.457033      -0.696374
       2.750000      -0.529940      -0.087907       0.160190      -0.456892       0.529940       0.087907      -0.160190       0.456892      -0.696373
       2.751000      -0.529779      -0.088364       0.161045      -0.456751       0.529779       0.088364      -0.161045       0.456751      -0.696372
       2.752000      -0.529618      -0.088820       0.161900      -0.456608       0.529618       0.088820      -0.161900       0.456608      -0.696371
       2.753000      -0.529456      -0.089277       0.162755      -0.456465       0.529456       0.089277      -0.162755       0.456465      -0.696370
       2.754000      -0.529294      -0.089733       0.163610      -0.456321       0.529294       0.089733      -0.163610       0.456321      -0.696369
       2.755000      -0.529130      -0.090190       0.164465      -0.456176       0.529130       0.090190      -0.164465       0.456176      -0.696368
       2.756000      -0.528966      -0.090646       0.165320      -0.456030       0.528966       0.090646      -0.165320       0.456030      -0.696367
       2.757000      -0.528800      -0.091102       0.166176      -0.455883       0.528800       0.091102      -0.166176       0.455883      -0.696365
       2.758000      -0.528634      -0.091558       0.167032      -0.455736       0.528634       0.091558      -0.167032       0.455736      -0.696364
       2.759000      -0.528467      -0.092013       0.167887      -0.455588       0.528467       0.092013      -0.167887       0.455588      -0.696363
       2.760000      -0.528299      -0.092469       0.168743      -0.455438       0.528299       0.092469      -0.168743       0.455438      -0.696362
       2.761000      -0.528130      -0.092924       0.169600      -0.455289       0.528130       0.092924      -0.169600       0.455289      -0.696361
       2.762000      -0.527961      -0.093380       0.170456      -0.455138       0.527961       0.093380      -0.170456       0.455138      -0.696360
       2.763000      -0.527790      -0.093835       0.171312      -0.454987       0.527790       0.093835      -0.171312       0.454987      -0.696359
       2.764000      -0.527619      -0.094290       0.172169      -0.454834       0.527619       0.094290      -0.172169       0.454834      -0.696358
       2.765000      -0.527447      -0.094745       0.173025      -0.454681       0.527447       0.094745      -0.173025       0.454681      -0.696357
       2.766000      -0.527274      -0.095199       0.173882      -0.454527       0.527274       0.095199      -0.173882       0.454527      -0.696356
       2.767000      -0.527100      -0.095654       0.174739      -0.454372       0.527100       0.095654      -0.174739       0.454372      -0.696354
       2.768000      -0.526925      -0.096108       0.175596      -0.454217       0.526925       0.096108      -0.175596       0.454217      -0.696353
       2.769000      -0.526750      -0.096563       0.176454      -0.454061       0.526750       0.096563      -0.176454       0.454061      -0.696352
       2.770000      -0.526573      -0.097017       0.177311      -0.453903       0.526573       0.097017      -0.177311       0.453903      -0.696351
       2.771000      -0.526396      -0.097471       0.178169      -0.453745       0.526396       0.097471      -0.178169       0.453745      -0.696350
       2.772000      -0.526218      -0.097924       0.179026      -0.453587       0.526218       0.097924      -0.179026       0.453587      -0.696349
       2.773000      -0.526039      -0.098378       0.179884      -0.453427       0.526039       0.098378      -0.179884       0.453427      -0.696348
       2.774000      -0.525859      -0.098831       0.180742      -0.453266       0.525859       0.098831      -0.180742       0.453266      -0.696347
       2.775000      -0.525678      -0.099285       0.181600      -0.453105       0.525678       0.099285      -0.181600       0.453105      -0.696346
       2.776000      -0.525496      -0.099738       0.182459      -0.452943       0.525496       0.099738      -0.182459       0.452943      -0.696345
       2.777000      -0.525314      -0.100191       0.183317      -0.452780       0.525314       0.100191      -0.183317       0.452780      -0.696343
       2.778000      -0.525131      -0.100643       0.184176      -0.452616       0.525131       0.100643      -0.184176       0.452616      -0.696342
       2.779000      -0.524947      -0.101096       0.185035      -0.452452       0.524947       0.101096      -0.185035       0.452452      -0.696341
       2.780000      -0.524761      -0.101548       0.185894      -0.452286       0.524761       0.101548      -0.185894       0.452286      -0.696340
       2.781000      -0.524576      -0.102001       0.186753      -0.452120       0.524576       0.102001      -0.186753       0.452120      -0.696339
       2.782000      -0.524389      -0.102453       0.187612      -0.451953       0.524389       0.102453      -0.187612       0.451953      -0.696338
       2.783000      -0.524201      -0.102905       0.188472      -0.451785       0.524201       0.102905      -0.188472       0.451785      -0.696337
       2.784000      -0.524013      -0.103357       0.189331      -0.451616       0.524013       0.103357      -0.189331       0.451616      -0.696336
       2.785000      -0.523823      -0.103808       0.190191      -0.451447       0.523823       0.103808      -0.190191       0.451447      -0.696335
       2.786000      -0.523633      -0.104260       0.191051      -0.451276       0.523633       0.104260      -0.191051       0.451276      -0.696333
       2.787000      -0.523442      -0.104711       0.191911      -0.451105       0.523442       0.104711      -0.191911       0.451105      -0.696332
       2.788000      -0.523250      -0.105162       0.192772      -0.450933       0.523250       0.105162      -0.192772       0.450933      -0.696331
       2.789000      -0.523057      -0.105613       0.193632      -0.450760       0.523057       0.105613      -0.193632       0.450760      -0.696330
       2.790000      -0.522864      -0.106064       0.194493      -0.450586       0.522864       0.106064      -0.194493       0.450586      -0.696329
       2.791000      -0.522669      -0.106514       0.195353      -0.450412       0.522669       0.106514      -0.195353       0.450412      -0.696328
       2.792000      -0.522474      -0.106965       0.196214      -0.450236       0.522474       0.106965      -0.196214       0.450236      -0.696327
       2.793000      -0.522278      -0.107415       0.197075      -0.450060       0.522278       0.107415      -0.197075       0.450060      -0.696326
       2.794000      -0.522081      -0.107865       0.197937      -0.449883       0.522081       0.107865      -0.197937       0.449883      -0.696324
       2.795000      -0.521883      -0.108315       0.198798      -0.449705       0.521883       0.108315      -0.198798       0.449705      -0.696323
       2.796000      -0.521684      -0.108765       0.199660      -0.449526       0.521684       0.108765      -0.199660       0.449526      -0.696322
       2.797000      -0.521484      -0.109214       0.200522      -0.449346       0.521484       0.109214      -0.200522       0.449346      -0.696321
       2.798000      -0.521284      -0.109663       0.201384      -0.449166       0.521284       0.109663      -0.201384       0.449166      -0.696320
       2.799000      -0.521082      -0.110113       0.202246      -0.448984       0.521082       0.110113      -0.202246       0.448984      -0.696319
       2.800000      -0.520880      -0.110562       0.203108      -0.448802       0.520880       0.110562      -0.203108       0.448802      -0.696318
       2.801000      -0.520677      -0.111010       0.203971      -0.448619       0.520677       0.111010      -0.203971       0.448619      -0.696317
       2.802000      -0.520473      -0.111459       0.204833      -0.448435       0.520473       0.111459      -0.204833       0.448435      -0.696315
       2.803000      -0.520268      -0.111907       0.205696      -0.448250       0.520268       0.111907      -0.205696       0.448250      -0.696314
       2.804000      -0.520063      -0.112356       0.206559      -0.448065       0.520063       0.112356      -0.206559       0.448065      -0.696313
       2.805000      -0.519856      -0.112804       0.207422      -0.447878       0.519856       0.112804      -0.207422       0.447878      -0.696312
       2.806000      -0.519649      -0.113252       0.208286      -0.447691       0.519649       0.113252      -0.208286       0.447691      -0.696311
       2.807000      -0.519440      -0.113699       0.209149      -0.447503       0.519440       0.113699      -0.209149       0.447503      -0.696310
       2.808000      -0.519231      -0.114147       0.210013      -0.447314       0.519231       0.114147      -0.210013       0.447314      -0.696309
       2.809000      -0.519021      -0.114594       0.210877      -0.447124       0.519021       0.114594      -0.210877       0.447124      -0.696308
       2.810000      -0.518810      -0.115041       0.211741      -0.446933       0.518810       0.115041      -0.211741       0.446933      -0.696306
       2.811000      -0.518599      -0.115488       0.212605      -0.446741       0.518599       0.115488      -0.212605       0.446741      -0.696305
       2.812000      -0.518386      -0.115935       0.213470      -0.446549       0.518386       0.115935      -0.213470       0.446549      -0.696304
       2.813000      -0.518172      -0.116382       0.214334      -0.446355       0.518172       0.116382      -0.214334       0.446355      -0.696303
       2.814000      -0.517958      -0.116828       0.215199      -0.446161       0.517958       0.116828      -0.215199       0.446161      -0.696302
       2.815000      -0.517743      -0.117274       0.216064      -0.445966       0.517743       0.117274      -0.216064       0.445966      -0.696301
       2.816000      -0.517527      -0.117720       0.216929      -0.445770       0.517527       0.117720      -0.216929       0.445770      -0.696300
       2.817000      -0.517310      -0.118166       0.217795      -0.445573       0.517310       0.118166      -0.217795       0.445573      -0.696299
       2.818000      -0.517092      -0.118611       0.218660      -0.445376       0.517092       0.118611      -0.218660       0.445376      -0.696297
       2.819000      -0.516873      -0.119057       0.219526      -0.445177       0.516873       0.119057      -0.219526       0.445177      -0.696296
       2.820000      -0.516654      -0.119502       0.220392      -0.444977       0.516654       0.119502      -0.220392       0.444977      -0.696295
       2.821000      -0.516434      -0.119947       0.221258      -0.444777       0.516434       0.119947      -0.221258       0.444777      -0.696294
       2.822000      -0.516212      -0.120392       0.222125      -0.444576       0.516212       0.120392      -0.222125       0.444576      -0.696293
       2.823000      -0.515990      -0.120836       0.222991      -0.444374       0.515990       0.120836      -0.222991       0.444374      -0.696292
       2.824000      -0.515767      -0.121281       0.223858      -0.444171       0.515767       0.121281      -0.223858       0.444171      -0.696291
       2.825000      -0.515543      -0.121725       0.224725      -0.443967       0.515543       0.121725      -0.224725       0.443967      -0.696289
       2.826000      -0.515319      -0.122169       0.225592      -0.443762       0.515319       0.122169      -0.225592       0.443762      -0.696288
       2.827000      -0.515093      -0.122613       0.226459      -0.443557       0.515093       0.122613      -0.226459       0.443557      -0.696287
       2.828000      -0.514867      -0.123056       0.227327      -0.443350       0.514867       0.123056      -0.227327       0.443350      -0.696286
       2.829000      -0.514639      -0.123499       0.228194      -0.443143       0.514639       0.123499      -0.228194       0.443143      -0.696285
       2.830000      -0.514411      -0.123943       0.229062      -0.442935       0.514411       0.123943      -0.229062       0.442935      -0.696284
       2.831000      -0.514182      -0.124385       0.229930      -0.442725       0.514182       0.124385      -0.229930       0.442725      -0.696283
       2.832000      -0.513952      -0.124828       0.230799      -0.442515       0.513952       0.124828      -0.230799       0.442515      -0.696281
       2.833000      -0.513721      -0.125271       0.231667      -0.442304       0.513721       0.125271      -0.231667       0.442304      -0.696280
       2.834000      -0.513490      -0.125713       0.232536      -0.442093       0.513490       0.125713      -0.232536       0.442093      -0.696279
       2.835000      -0.513257      -0.126155       0.233405      -0.441880       0.513257       0.126155      -0.233405       0.441880      -0.696278
       2.836000      -0.513024      -0.126597       0.234274      -0.441666       0.513024       0.126597      -0.234274       0.441666      -0.696277
       2.837000      -0.512789      -0.127039       0.235143      -0.441452       0.512789       0.127039      -0.235143       0.441452      -0.696276
       2.838000      -0.512554      -0.127480       0.236012      -0.441236       0.512554       0.127480      -0.236012       0.441236      -0.696275
       2.839000      -0.512318      -0.127921       0.236882      -0.441020       0.512318       0.127921      -0.236882       0.441020      -0.696273
       2.840000      -0.512081      -0.128362       0.237752      -0.440803       0.512081       0.128362      -0.237752       0.440803      -0.696272
       2.841000      -0.511844      -0.128803       0.238622      -0.440585       0.511844       0.128803      -0.238622       0.440585      -0.696271
       2.842000      -0.511605      -0.129244       0.239492      -0.440366       0.511605       0.129244      -0.239492       0.440366      -0.696270
       2.843000      -0.511365      -0.129684       0.240363      -0.440146       0.511365       0.129684      -0.240363       0.440146      -0.696269
       2.844000      -0.511125      -0.130124       0.241234      -0.439925       0.511125       0.130124      -0.241234       0.439925      -0.696268
       2.845000      -0.510884      -0.130564       0.242104      -0.439703       0.510884       0.130564      -0.242104       0.439703      -0.696266
       2.846000      -0.510642      -0.131004       0.242976      -0.439481       0.510642       0.131004      -0.242976       0.439481      -0.696265
       2.847000      -0.510399      -0.131443       0.243847      -0.439257       0.510399       0.131443      -0.243847       0.439257      -0.696264
       2.848000      -0.510155      -0.131883       0.244718      -0.439033       0.510155       0.131883      -0.244718       0.439033      -0.696263
       2.849000      -0.509910      -0.132322       0.245590      -0.438807       0.509910       0.132322      -0.245590       0.438807      -0.696262
       2.850000      -0.509665      -0.132760       0.246462      -0.438581       0.509665       0.132760      -0.246462       0.438581      -0.696261
       2.851000      -0.509418      -0.133199       0.247334      -0.438354       0.509418       0.133199      -0.247334       0.438354      -0.696259
       2.852000      -0.509171      -0.133637       0.248207      -0.438126       0.509171       0.133637      -0.248207       0.438126      -0.696258
       2.853000      -0.508923      -0.134076       0.249079      -0.437897       0.508923       0.134076      -0.249079       0.437897      -0.696257
       2.854000      -0.508674      -0.134513       0.249952      -0.437667       0.508674       0.134513      -0.249952       0.437667      -0.696256
       2.855000      -0.508424      -0.134951       0.250825      -0.437436       0.508424       0.134951      -0.250825       0.437436      -0.696255
       2.856000      -0.508173      -0.135389       0.251698      -0.437204       0.508173       0.135389      -0.251698       0.437204      -0.696254
       2.857000      -0.507921      -0.135826       0.252572      -0.436971       0.507921       0.135826      -0.252572       0.436971      -0.696252
       2.858000      -0.507668      -0.136263       0.253446      -0.436738       0.507668       0.136263      -0.253446       0.436738      -0.696251
       2.859000      -0.507415      -0.136699       0.254319      -0.436503       0.507415       0.136699      -0.254319       0.436503      -0.696250
       2.860000      -0.507161      -0.137136       0.255194      -0.436268       0.507161       0.137136      -0.255194       0.436268      -0.696249
       2.861000      -0.506906      -0.137572       0.256068      -0.436031       0.506906       0.137572      -0.256068       0.436031      -0.696248
       2.862000      -0.506649      -0.138008       0.256942      -0.435794       0.506649       0.138008      -0.256942       0.435794      -0.696247
       2.863000      -0.506393      -0.138444       0.257817      -0.435556       0.506393       0.138444      -0.257817       0.435556      -0.696245
       2.864000      -0.506135      -0.138880       0.258692      -0.435316       0.506135       0.138880      -0.258692       0.435316      -0.696244
       2.865000      -0.505876      -0.139315       0.259567      -0.435076       0.505876       0.139315      -0.259567       0.435076      -0.696243
       2.866000      -0.505616      -0.139750       0.260443      -0.434835       0.505616       0.139750      -0.260443       0.434835      -0.696242
       2.867000      -0.505356      -0.140185       0.261319      -0.434593       0.505356       0.140185      -0.261319       0.434593      -0.696241
       2.868000      -0.505095      -0.140619       0.262194      -0.434350       0.505095       0.140619      -0.262194       0.434350      -0.696240
       2.869000      -0.504832      -0.141054       0.263071      -0.434106       0.504832       0.141054      -0.263071       0.434106      -0.696238
       2.870000      -0.504569      -0.141488       0.263947      -0.433861       0.504569       0.141488      -0.263947       0.433861      -0.696237
       2.871000      -0.504305      -0.141922       0.264824      -0.433616       0.504305       0.141922      -0.264824       0.433616      -0.696236
       2.872000      -0.504041      -0.142355       0.265700      -0.433369       0.504041       0.142355      -0.265700       0.433369      -0.696235
       2.873000      -0.503775      -0.142789       0.266577      -0.433121       0.503775       0.142789      -0.266577       0.433121      -0.696234
       2.874000      -0.503508      -0.143222       0.267455      -0.432872       0.503508       0.143222      -0.267455       0.432872      -0.696233
       2.875000      -0.503241      -0.143655       0.268332      -0.432623       0.503241       0.143655      -0.268332       0.432623      -0.696231
       2.876000      -0.502973      -0.144087       0.269210      -0.432372       0.502973       0.144087      -0.269210       0.432372      -0.696230
       2.877000      -0.502703      -0.144520       0.270088      -0.432121       0.502703       0.144520      -0.270088       0.432121      -0.696229
       2.878000      -0.502433      -0.144952       0.270966      -0.431868       0.502433       0.144952      -0.270966       0.431868      -0.696228
       2.879000      -0.502162      -0.145384       0.271844      -0.431615       0.502162       0.145384      -0.271844       0.431615      -0.696227
       2.880000      -0.501890      -0.145815       0.272723      -0.431361       0.501890       0.145815      -0.272723       0.431361      -0.696225
       2.881000      -0.501618      -0.146247       0.273602      -0.431105       0.501618       0.146247      -0.273602       0.431105      -0.696224
       2.882000      -0.501344      -0.146678       0.274481      -0.430849       0.501344       0.146678      -0.274481       0.430849      -0.696223
       2.883000      -0.501070      -0.147109       0.275360      -0.430592       0.501070       0.147109      -0.275360       0.430592      -0.696222
       2.884000      -0.500794      -0.147539       0.276240      -0.430333       0.500794       0.147539      -0.276240       0.430333      -0.696221
       2.885000      -0.500518      -0.147970       0.277120      -0.430074       0.500518       0.147970      -0.277120       0.430074      -0.696219
       2.886000      -0.500241      -0.148400       0.278000      -0.429814       0.500241       0.148400      -0.278000       0.429814      -0.696218
       2.887000      -0.499963      -0.148829       0.278880      -0.429553       0.499963       0.148829      -0.278880       0.429553      -0.696217
       2.888000      -0.499684      -0.149259       0.279761      -0.429291       0.499684       0.149259      -0.279761       0.429291      -0.696216
       2.889000      -0.499404      -0.149688       0.280642      -0.429028       0.499404       0.149688      -0.280642       0.429028      -0.696215
       2.890000      -0.499124      -0.150117       0.281523      -0.428764       0.499124       0.150117      -0.281523       0.428764      -0.696213
       2.891000      -0.498842      -0.150546       0.282404      -0.428499       0.498842       0.150546      -0.282404       0.428499      -0.696212
       2.892000      -0.498560      -0.150975       0.283285      -0.428232       0.498560       0.150975      -0.283285       0.428232      -0.696211
       2.893000      -0.498276      -0.151403       0.284167      -0.427965       0.498276       0.151403      -0.284167       0.427965      -0.696210
       2.894000      -0.497992      -0.151831       0.285049      -0.427697       0.497992       0.151831      -0.285049       0.427697      -0.696209
       2.895000      -0.497707      -0.152258       0.285931      -0.427428       0.497707       0.152258      -0.285931       0.427428      -0.696207
       2.896000      -0.497421      -0.152686       0.286814      -0.427158       0.497421       0.152686      -0.286814       0.427158      -0.696206
       2.897000      -0.497134      -0.153113       0.287697      -0.426888       0.497134       0.153113      -0.287697       0.426888      -0.696205
       2.898000      -0.496847      -0.153540       0.288580      -0.426616       0.496847       0.153540      -0.288580       0.426616      -0.696204
       2.899000      -0.496558      -0.153967       0.289463      -0.426343       0.496558       0.153967      -0.289463       0.426343      -0.696203
       2.900000      -0.496269      -0.154393       0.290346      -0.426069       0.496269       0.154393      -0.290346       0.426069      -0.696201
       2.901000      -0.495978      -0.154819       0.291230      -0.425794       0.495978       0.154819      -0.291230       0.425794      -0.696200
       2.902000      -0.495687      -0.155245       0.292114      -0.425518       0.495687       0.155245      -0.292114       0.425518      -0.696199
       2.903000      -0.495395      -0.155670       0.292998      -0.425241       0.495395       0.155670      -0.292998       0.425241      -0.696198
       2.904000      -0.495102      -0.156096       0.293883      -0.424963       0.495102       0.156096      -0.293883       0.424963      -0.696197
       2.905000      -0.494808      -0.156520       0.294767      -0.424684       0.494808       0.156520      -0.294767       0.424684      -0.696195
       2.906000      -0.494513      -0.156945       0.295652      -0.424404       0.494513       0.156945      -0.295652       0.424404      -0.696194
       2.907000      -0.494218      -0.157370       0.296538      -0.424123       0.494218       0.157370      -0.296538       0.424123      -0.696193
       2.908000      -0.493921      -0.157794       0.297423      -0.423841       0.493921       0.157794      -0.297423       0.423841      -0.696192
       2.909000      -0.493624      -0.158218       0.298309      -0.423558       0.493624       0.158218      -0.298309       0.423558      -0.696191
       2.910000      -0.493325      -0.158641       0.299195      -0.423274       0.493325       0.158641      -0.299195       0.423274      -0.696189
       2.911000      -0.493026      -0.159064       0.300081      -0.422989       0.493026       0.159064      -0.300081       0.422989      -0.696188
       2.912000      -0.492726      -0.159487       0.300968      -0.422703       0.492726       0.159487      -0.300968       0.422703      -0.696187
       2.913000      -0.492425      -0.159910       0.301855      -0.422416       0.492425       0.159910      -0.301855       0.422416      -0.696186
       2.914000      -0.492123      -0.160332       0.302742      -0.422128       0.492123       0.160332      -0.302742       0.422128      -0.696184
       2.915000      -0.491821      -0.160755       0.303629      -0.421839       0.491821       0.160755      -0.303629       0.421839      -0.696183
       2.916000      -0.491517      -0.161176       0.304517      -0.421549       0.491517       0.161176      -0.304517       0.421549      -0.696182
       2.917000      -0.491213      -0.161598       0.305404      -0.421258       0.491213       0.161598      -0.305404       0.421258      -0.696181
       2.918000      -0.490907      -0.162019       0.306292      -0.420966       0.490907       0.162019      -0.306292       0.420966      -0.696180
       2.919000      -0.490601      -0.162440       0.307181      -0.420672       0.490601       0.162440      -0.307181       0.420672      -0.696178
       2.920000      -0.490294      -0.162861       0.308069      -0.420378       0.490294       0.162861      -0.308069       0.420378      -0.696177
       2.921000      -0.489986      -0.163281       0.308958      -0.420083       0.489986       0.163281      -0.308958       0.420083      -0.696176
       2.922000      -0.489677      -0.163701       0.309847      -0.419787       0.489677       0.163701      -0.309847       0.419787      -0.696175
       2.923000      -0.489367      -0.164121       0.310737      -0.419489       0.489367       0.164121      -0.310737       0.419489      -0.696173
       2.924000      -0.489056      -0.164541       0.311627      -0.419191       0.489056       0.164541      -0.311627       0.419191      -0.696172
       2.925000      -0.488744      -0.164960       0.312517      -0.418891       0.488744       0.164960      -0.312517       0.418891      -0.696171
       2.926000      -0.488432      -0.165379       0.313407      -0.418591       0.488432       0.165379      -0.313407       0.418591      -0.696170
       2.927000      -0.488118      -0.165797       0.314297      -0.418289       0.488118       0.165797      -0.314297       0.418289      -0.696168
       2.928000      -0.487804      -0.166216       0.315188      -0.417987       0.487804       0.166216      -0.315188       0.417987      -0.696167
       2.929000      -0.487489      -0.166634       0.316079      -0.417683       0.487489       0.166634      -0.316079       0.417683      -0.696166
       2.930000      -0.487173      -0.167051       0.316970      -0.417379       0.487173       0.167051      -0.316970       0.417379      -0.696165
       2.931000      -0.486856      -0.167469       0.317862      -0.417073       0.486856       0.167469      -0.317862       0.417073      -0.696163
       2.932000      -0.486538      -0.167886       0.318754      -0.416766       0.486538       0.167886      -0.318754       0.416766      -0.696162
       2.933000      -0.486219      -0.168302       0.319646      -0.416458       0.486219       0.168302      -0.319646       0.416458      -0.696161
       2.934000      -0.485900      -0.168719       0.320538      -0.416149       0.485900       0.168719      -0.320538       0.416149      -0.696160
       2.935000      -0.485579      -0.169135       0.321431      -0.415839       0.485579       0.169135      -0.321431       0.415839      -0.696158
       2.936000      -0.485258      -0.169551       0.322324      -0.415528       0.485258       0.169551      -0.322324       0.415528      -0.696157
       2.937000      -0.484935      -0.169966       0.323217      -0.415216       0.484935       0.169966      -0.323217       0.415216      -0.696156
       2.938000      -0.484612      -0.170382       0.324111      -0.414903       0.484612       0.170382      -0.324111       0.414903      -0.696155
       2.939000      -0.484288      -0.170797       0.325004      -0.414589       0.484288       0.170797      -0.325004       0.414589      -0.696153
       2.940000      -0.483963      -0.171211       0.325898      -0.414274       0.483963       0.171211      -0.325898       0.414274      -0.696152
       2.941000      -0.483637      -0.171625       0.326793      -0.413957       0.483637       0.171625      -0.326793       0.413957      -0.696151
       2.942000      -0.483310      -0.172039       0.327687      -0.413640       0.483310       0.172039      -0.327687       0.413640      -0.696150
       2.943000      -0.482983      -0.172453       0.328582      -0.413321       0.482983       0.172453      -0.328582       0.413321      -0.696148
       2.944000      -0.482654      -0.172866       0.329477      -0.413002       0.482654       0.172866      -0.329477       0.413002      -0.696147
       2.945000      -0.482325      -0.173279       0.330373      -0.412681       0.482325       0.173279      -0.330373       0.412681      -0.696146
       2.946000      -0.481994      -0.173692       0.331269      -0.412359       0.481994       0.173692      -0.331269       0.412359      -0.696145
       2.947000      -0.481663      -0.174104       0.332165      -0.412036       0.481663       0.174104      -0.332165       0.412036      -0.696143
       2.948000      -0.481331      -0.174516       0.333061      -0.411712       0.481331       0.174516      -0.333061       0.411712      -0.696142
       2.949000      -0.480998      -0.174928       0.333958      -0.411387       0.480998       0.174928      -0.333958       0.411387      -0.696141
       2.950000      -0.480664      -0.175340       0.334854      -0.411061       0.480664       0.175340      -0.334854       0.411061      -0.696140
       2.951000      -0.480329      -0.175751       0.335752      -0.410734       0.480329       0.175751      -0.335752       0.410734      -0.696138
       2.952000      -0.479993      -0.176161       0.336649      -0.410405       0.479993       0.176161      -0.336649       0.410405      -0.696137
       2.953000      -0.479657      -0.176572       0.337547      -0.410076       0.479657       0.176572      -0.337547       0.410076      -0.696136
       2.954000      -0.479319      -0.176982       0.338445      -0.409745       0.479319       0.176982      -0.338445       0.409745      -0.696135
       2.955000      -0.478981      -0.177392       0.339343      -0.409414       0.478981       0.177392      -0.339343       0.409414      -0.696133
       2.956000      -0.478641      -0.177801       0.340242      -0.409081       0.478641       0.177801      -0.340242       0.409081      -0.696132
       2.957000      -0.478301      -0.178210       0.341141      -0.408747       0.478301       0.178210      -0.341141       0.408747      -0.696131
       2.958000      -0.477960      -0.178619       0.342040      -0.408412       0.477960       0.178619      -0.342040       0.408412      -0.696129
       2.959000      -0.477618      -0.179027       0.342939      -0.408076       0.477618       0.179027      -0.342939       0.408076      -0.696128
       2.960000      -0.477275      -0.179435       0.343839      -0.407738       0.477275       0.179435      -0.343839       0.407738      -0.696127
       2.961000      -0.476931      -0.179843       0.344739      -0.407400       0.476931       0.179843      -0.344739       0.407400      -0.696126
       2.962000      -0.476586      -0.180250       0.345640      -0.407060       0.476586       0.180250      -0.345640       0.407060      -0.696124
       2.963000      -0.476241      -0.180657       0.346540      -0.406720       0.476241       0.180657      -0.346540       0.406720      -0.696123
       2.964000      -0.475894      -0.181064       0.347441      -0.406378       0.475894       0.181064      -0.347441       0.406378      -0.696122
       2.965000      -0.475547      -0.181471       0.348342      -0.406035       0.475547       0.181471      -0.348342       0.406035      -0.696120
       2.966000      -0.475198      -0.181877       0.349244      -0.405691       0.475198       0.181877      -0.349244       0.405691      -0.696119
       2.967000      -0.474849      -0.182282       0.350146      -0.405346       0.474849       0.182282      -0.350146       0.405346      -0.696118
       2.968000      -0.474499      -0.182688       0.351048      -0.405000       0.474499       0.182688      -0.351048       0.405000      -0.696117
       2.969000      -0.474148      -0.183093       0.351950      -0.404652       0.474148       0.183093      -0.351950       0.404652      -0.696115
       2.970000      -0.473796      -0.183497       0.352853      -0.404304       0.473796       0.183497      -0.352853       0.404304      -0.696114
       2.971000      -0.473443      -0.183902       0.353756      -0.403954       0.473443       0.183902      -0.353756       0.403954      -0.696113
       2.972000      -0.473089      -0.184306       0.354660      -0.403603       0.473089       0.184306      -0.354660       0.403603      -0.696111
       2.973000      -0.472735      -0.184709       0.355563      -0.403251       0.472735       0.184709      -0.355563       0.403251      -0.696110
       2.974000      -0.472379      -0.185112       0.356467      -0.402898       0.472379       0.185112      -0.356467       0.402898      -0.696109
       2.975000      -0.472023      -0.185515       0.357371      -0.402543       0.472023       0.185515      -0.357371       0.402543      -0.696107
       2.976000      -0.471665      -0.185918       0.358276      -0.402188       0.471665       0.185918      -0.358276       0.402188      -0.696106
       2.977000      -0.471307      -0.186320       0.359181      -0.401831       0.471307       0.186320      -0.359181       0.401831      -0.696105
       2.978000      -0.470948      -0.186722       0.360086      -0.401473       0.470948       0.186722      -0.360086       0.401473      -0.696104
       2.979000      -0.470588      -0.187123       0.360992      -0.401114       0.470588       0.187123      -0.360992       0.401114      -0.696102
       2.980000      -0.470227      -0.187524       0.361897      -0.400754       0.470227       0.187524      -0.361897       0.400754      -0.696101
       2.981000      -0.469865      -0.187925       0.362803      -0.400393       0.469865       0.187925      -0.362803       0.400393      -0.696100
       2.982000      -0.469502      -0.188326       0.363710      -0.400030       0.469502       0.188326      -0.363710       0.400030      -0.696098
       2.983000      -0.469138      -0.188726       0.364617      -0.399667       0.469138       0.188726      -0.364617       0.399667      -0.696097
       2.984000      -0.468774      -0.189125       0.365524      -0.399302       0.468774       0.189125      -0.365524       0.399302      -0.696096
       2.985000      -0.468408      -0.189525       0.366431      -0.398936       0.468408       0.189525      -0.366431       0.398936      -0.696094
       2.986000      -0.468042      -0.189924       0.367339      -0.398568       0.468042       0.189924      -0.367339       0.398568      -0.696093
       2.987000      -0.467674      -0.190322       0.368247      -0.398200       0.467674       0.190322      -0.368247       0.398200      -0.696092
       2.988000      -0.467306      -0.190720       0.369155      -0.397830       0.467306       0.190720      -0.369155       0.397830      -0.696090
       2.989000      -0.466937      -0.191118       0.370063      -0.397459       0.466937       0.191118      -0.370063       0.397459      -0.696089
       2.990000      -0.466567      -0.191516       0.370972      -0.397087       0.466567       0.191516      -0.370972       0.397087      -0.696088
       2.991000      -0.466196      -0.191913       0.371882      -0.396714       0.466196       0.191913      -0.371882       0.396714      -0.696086
       2.992000      -0.465824      -0.192309       0.372791      -0.396340       0.465824       0.192309      -0.372791       0.396340      -0.696085
       2.993000      -0.465451      -0.192706       0.373701      -0.395964       0.465451       0.192706      -0.373701       0.395964      -0.696084
       2.994000      -0.465078      -0.193102       0.374611      -0.395587       0.465078       0.193102      -0.374611       0.395587      -0.696082
       2.995000      -0.464703      -0.193497       0.375522      -0.395209       0.464703       0.193497      -0.375522       0.395209      -0.696081
       2.996000      -0.464327      -0.193893       0.376433      -0.394830       0.464327       0.193893      -0.376433       0.394830      -0.696080
       2.997000      -0.463951      -0.194287       0.377344      -0.394450       0.463951       0.194287      -0.377344       0.394450      -0.696078
       2.998000      -0.463574      -0.194682       0.378255      -0.394068       0.463574       0.194682      -0.378255       0.394068      -0.696077
       2.999000      -0.463195      -0.195076       0.379167      -0.393685       0.463195       0.195076      -0.379167       0.393685      -0.696076
       3.000000      -0.462816      -0.195470       0.380079      -0.393301       0.462816       0.195470      -0.380079       0.393301      -0.696074
       3.001000      -0.462436      -0.195863       0.380991      -0.392915       0.462436       0.195863      -0.380991       0.392915      -0.696073
       3.002000      -0.462055      -0.196256       0.381904      -0.392529       0.462055       0.196256      -0.381904       0.392529      -0.696072
       3.003000      -0.461673      -0.196648       0.382817      -0.392141       0.461673       0.196648      -0.382817       0.392141      -0.696070
       3.004000      -0.461290      -0.197040       0.383731      -0.391752       0.461290       0.197040      -0.383731       0.391752      -0.696069
       3.005000      -0.460907      -0.197432       0.384644      -0.391362       0.460907       0.197432      -0.384644       0.391362      -0.696068
       3.006000      -0.460522      -0.197824       0.385558      -0.390970       0.460522       0.197824      -0.385558       0.390970      -0.696066
       3.007000      -0.460137      -0.198215       0.386473      -0.390577       0.460137       0.198215      -0.386473       0.390577      -0.696065
       3.008000      -0.459750      -0.198605       0.387387      -0.390183       0.459750       0.198605      -0.387387       0.390183      -0.696064
       3.009000      -0.459363      -0.198995       0.388303      -0.389788       0.459363       0.198995      -0.388303       0.389788      -0.696062
       3.010000      -0.458974      -0.199385       0.389218      -0.389392       0.458974       0.199385      -0.389218       0.389392      -0.696061
       3.011000      -0.458585      -0.199774       0.390134      -0.388994       0.458585       0.199774      -0.390134       0.388994      -0.696060
       3.012000      -0.458195      -0.200163       0.391050      -0.388595       0.458195       0.200163      -0.391050       0.388595      -0.696058
       3.013000      -0.457804      -0.200552       0.391966      -0.388194       0.457804       0.200552      -0.391966       0.388194      -0.696057
       3.014000      -0.457412      -0.200940       0.392883      -0.387793       0.457412       0.200940      -0.392883       0.387793      -0.696056
       3.015000      -0.457019      -0.201328       0.393800      -0.387390       0.457019       0.201328      -0.393800       0.387390      -0.696054
       3.016000      -0.456625      -0.201715       0.394717      -0.386986       0.456625       0.201715      -0.394717       0.386986      -0.696053
       3.017000      -0.456231      -0.202102       0.395635      -0.386581       0.456231       0.202102      -0.395635       0.386581      -0.696051
       3.018000      -0.455835      -0.202489       0.396553      -0.386174       0.455835       0.202489      -0.396553       0.386174      -0.696050
       3.019000      -0.455438      -0.202875       0.397471      -0.385766       0.455438       0.202875      -0.397471       0.385766      -0.696049
       3.020000      -0.455041      -0.203261       0.398390      -0.385357       0.455041       0.203261      -0.398390       0.385357      -0.696047
       3.021000      -0.454643      -0.203646       0.399309      -0.384946       0.454643       0.203646      -0.399309       0.384946      -0.696046
       3.022000      -0.454243      -0.204031       0.400228      -0.384534       0.454243       0.204031      -0.400228       0.384534      -0.696045
       3.023000      -0.453843      -0.204416       0.401148      -0.384121       0.453843       0.204416      -0.401148       0.384121      -0.696043
       3.024000      -0.453442      -0.204800       0.402068      -0.383707       0.453442       0.204800      -0.402068       0.383707      -0.696042
       3.025000      -0.453040      -0.205184       0.402988      -0.383291       0.453040       0.205184      -0.402988       0.383291      -0.696040
       3.026000      -0.452637      -0.205567       0.403909      -0.382874       0.452637       0.205567      -0.403909       0.382874      -0.696039
       3.027000      -0.452233      -0.205950       0.404830      -0.382456       0.452233       0.205950      -0.404830       0.382456      -0.696038
       3.028000      -0.451828      -0.206332       0.405751      -0.382036       0.451828       0.206332      -0.405751       0.382036      -0.696036
       3.029000      -0.451422      -0.206714       0.406673      -0.381615       0.451422       0.206714      -0.406673       0.381615      -0.696035
       3.030000      -0.451016      -0.207096       0.407595      -0.381193       0.451016       0.207096      -0.407595       0.381193      -0.696033
       3.031000      -0.450608      -0.207477       0.408517      -0.380770       0.450608       0.207477      -0.408517       0.380770      -0.696032
       3.032000      -0.450200      -0.207858       0.409440      -0.380345       0.450200       0.207858      -0.409440       0.380345      -0.696031
       3.033000      -0.449790      -0.208238       0.410363      -0.379919       0.449790       0.208238      -0.410363       0.379919      -0.696029
       3.034000      -0.449380      -0.208618       0.411287      -0.379491       0.449380       0.208618      -0.411287       0.379491      -0.696028
       3.035000      -0.448968      -0.208998       0.412211      -0.379062       0.448968       0.208998      -0.412211       0.379062      -0.696026
       3.036000      -0.448556      -0.209377       0.413135      -0.378632       0.448556       0.209377      -0.413135       0.378632      -0.696025
       3.037000      -0.448143      -0.209755       0.414059      -0.378200       0.448143       0.209755      -0.414059       0.378200      -0.696024
       3.038000      -0.447729      -0.210133       0.414984      -0.377768       0.447729       0.210133      -0.414984       0.377768      -0.696022
       3.039000      -0.447314      -0.210511       0.415909      -0.377333       0.447314       0.210511      -0.415909       0.377333      -0.696021
       3.040000      -0.446898      -0.210889       0.416835      -0.376898       0.446898       0.210889      -0.416835       0.376898      -0.696019
       3.041000      -0.446481      -0.211265       0.417761      -0.376461       0.446481       0.211265      -0.417761       0.376461      -0.696018
       3.042000      -0.446064      -0.211642       0.418687      -0.376023       0.446064       0.211642      -0.418687       0.376023      -0.696017
       3.043000      -0.445645      -0.212018       0.419613      -0.375583       0.445645       0.212018      -0.419613       0.375583      -0.696015
       3.044000      -0.445225      -0.212394       0.420540      -0.375142       0.445225       0.212394      -0.420540       0.375142      -0.696014
       3.045000      -0.444805      -0.212769       0.421468      -0.374700       0.444805       0.212769      -0.421468       0.374700      -0.696012
       3.046000      -0.444383      -0.213143       0.422395      -0.374256       0.444383       0.213143      -0.422395       0.374256      -0.696011
       3.047000      -0.443961      -0.213518       0.423323      -0.373811       0.443961       0.213518      -0.423323       0.373811      -0.696010
       3.048000      -0.443538      -0.213891       0.424251      -0.373364       0.443538       0.213891      -0.424251       0.373364      -0.696008
       3.049000      -0.443113      -0.214265       0.425180      -0.372917       0.443113       0.214265      -0.425180       0.372917      -0.696007
       3.050000      -0.442688      -0.214638       0.426109      -0.372467       0.442688       0.214638      -0.426109       0.372467      -0.696005
       3.051000      -0.442262      -0.215010       0.427039      -0.372017       0.442262       0.215010      -0.427039       0.372017      -0.696004
       3.052000      -0.441835      -0.215382       0.427968      -0.371565       0.441835       0.215382      -0.427968       0.371565      -0.696002
       3.053000      -0.441407      -0.215754       0.428898      -0.371111       0.441407       0.215754      -0.428898       0.371111      -0.696001
       3.054000      -0.440978      -0.216125       0.429829      -0.370656       0.440978       0.216125      -0.429829       0.370656      -0.695999
       3.055000      -0.440548      -0.216496       0.430760      -0.370200       0.440548       0.216496      -0.430760       0.370200      -0.695998
       3.056000      -0.440117      -0.216866       0.431691      -0.369743       0.440117       0.216866      -0.431691       0.369743      -0.695997
       3.057000      -0.439686      -0.217235       0.432622      -0.369284       0.439686       0.217235      -0.432622       0.369284      -0.695995
       3.058000      -0.439253      -0.217605       0.433554      -0.368823       0.439253       0.217605      -0.433554       0.368823      -0.695994
       3.059000      -0.438820      -0.217974       0.434487      -0.368361       0.438820       0.217974      -0.434487       0.368361      -0.695992
       3.060000      -0.438385      -0.218342       0.435419      -0.367898       0.438385       0.218342      -0.435419       0.367898      -0.695991
       3.061000      -0.437950      -0.218710       0.436352      -0.367433       0.437950       0.218710      -0.436352       0.367433      -0.695989
       3.062000      -0.437513      -0.219077       0.437286      -0.366967       0.437513       0.219077      -0.437286       0.366967      -0.695988
       3.063000      -0.437076      -0.219444       0.438219      -0.366500       0.437076       0.219444      -0.438219       0.366500      -0.695986
       3.064000      -0.436638      -0.219811       0.439153      -0.366031       0.436638       0.219811      -0.439153       0.366031      -0.695985
       3.065000      -0.436199      -0.220177       0.440088      -0.365560       0.436199       0.220177      -0.440088       0.365560      -0.695984
       3.066000      -0.435759      -0.220542       0.441023      -0.365089       0.435759       0.220542      -0.441023       0.365089      -0.695982
       3.067000      -0.435318      -0.220907       0.441958      -0.364615       0.435318       0.220907      -0.441958       0.364615      -0.695981
       3.068000      -0.434876      -0.221272       0.442893      -0.364141       0.434876       0.221272      -0.442893       0.364141      -0.695979
       3.069000      -0.434433      -0.221636       0.443829      -0.363664       0.434433       0.221636      -0.443829       0.363664      -0.695978
       3.070000      -0.433989      -0.222000       0.444765      -0.363187       0.433989       0.222000      -0.444765       0.363187      -0.695976
       3.071000      -0.433544      -0.222363       0.445702      -0.362708       0.433544       0.222363      -0.445702       0.362708      -0.695975
       3.072000      -0.433098      -0.222726       0.446639      -0.362227       0.433098       0.222726      -0.446639       0.362227      -0.695973
       3.073000      -0.432652      -0.223088       0.447576      -0.361745       0.432652       0.223088      -0.447576       0.361745      -0.695972
       3.074000      -0.432204      -0.223450       0.448514      -0.361261       0.432204       0.223450      -0.448514       0.361261      -0.695970
       3.075000      -0.431756      -0.223811       0.449452      -0.360776       0.431756       0.223811      -0.449452       0.360776      -0.695969
       3.076000      -0.431306      -0.224172       0.450391      -0.360290       0.431306       0.224172      -0.450391       0.360290      -0.695967
       3.077000      -0.430856      -0.224532       0.451330      -0.359802       0.430856       0.224532      -0.451330       0.359802      -0.695966
       3.078000      -0.430405      -0.224892       0.452269      -0.359312       0.430405       0.224892      -0.452269       0.359312      -0.695964
       3.079000      -0.429952      -0.225251       0.453208      -0.358822       0.429952       0.225251      -0.453208       0.358822      -0.695963
       3.080000      -0.429499      -0.225610       0.454148      -0.358329       0.429499       0.225610      -0.454148       0.358329      -0.695961
       3.081000      -0.429045      -0.225968       0.455089      -0.357835       0.429045       0.225968      -0.455089       0.357835      -0.695960
       3.082000      -0.428590      -0.226326       0.456029      -0.357340       0.428590       0.226326      -0.456029       0.357340      -0.695958
       3.083000      -0.428134      -0.226683       0.456970      -0.356843       0.428134       0.226683      -0.456970       0.356843      -0.695957
       3.084000      -0.427677      -0.227040       0.457912      -0.356344       0.427677       0.227040      -0.457912       0.356344      -0.695955
       3.085000      -0.427219      -0.227397       0.458854      -0.355844       0.427219       0.227397      -0.458854       0.355844      -0.695954
       3.086000      -0.426760      -0.227753       0.459796      -0.355343       0.426760       0.227753      -0.459796       0.355343      -0.695952
       3.087000      -0.426300      -0.228108       0.460738      -0.354840       0.426300       0.228108      -0.460738       0.354840      -0.695951
       3.088000      -0.425840      -0.228463       0.461681      -0.354335       0.425840       0.228463      -0.461681       0.354335      -0.695949
       3.089000      -0.425378      -0.228817       0.462625      -0.353829       0.425378       0.228817      -0.462625       0.353829      -0.695948
       3.090000      -0.424915      -0.229171       0.463568      -0.353322       0.424915       0.229171      -0.463568       0.353322      -0.695946
       3.091000      -0.424452      -0.229524       0.464512      -0.352812       0.424452       0.229524      -0.464512       0.352812      -0.695945
       3.092000      -0.423987      -0.229877       0.465457      -0.352302       0.423987       0.229877      -0.465457       0.352302      -0.695943
       3.093000      -0.423522      -0.230229       0.466402      -0.351789       0.423522       0.230229      -0.466402       0.351789      -0.695942
       3.094000      -0.423055      -0.230581       0.467347      -0.351276       0.423055       0.230581      -0.467347       0.351276      -0.695940
       3.095000      -0.422588      -0.230932       0.468293      -0.350760       0.422588       0.230932      -0.468293       0.350760      -0.695939
       3.096000      -0.422120      -0.231283       0.469238      -0.350243       0.422120       0.231283      -0.469238       0.350243      -0.695937
       3.097000      -0.421650      -0.231633       0.470185      -0.349725       0.421650       0.231633      -0.470185       0.349725      -0.695936
       3.098000      -0.421180      -0.231983       0.471132      -0.349205       0.421180       0.231983      -0.471132       0.349205      -0.695934
       3.099000      -0.420709      -0.232332       0.472079      -0.348683       0.420709       0.232332      -0.472079       0.348683      -0.695932
       3.100000      -0.420237      -0.232681       0.473026      -0.348160       0.420237       0.232681      -0.473026       0.348160      -0.695931
       3.101000      -0.419764      -0.233029       0.473974      -0.347635       0.419764       0.233029      -0.473974       0.347635      -0.695929
       3.102000      -0.419290      -0.233377       0.474922      -0.347108       0.419290       0.233377      -0.474922       0.347108      -0.695928
       3.103000      -0.418815      -0.233724       0.475871      -0.346580       0.418815       0.233724      -0.475871       0.346580      -0.695926
       3.104000      -0.418339      -0.234070       0.476820      -0.346051       0.418339       0.234070      -0.476820       0.346051      -0.695925
       3.105000      -0.417862      -0.234417       0.477769      -0.345520       0.417862       0.234417      -0.477769       0.345520      -0.695923
       3.106000      -0.417385      -0.234762       0.478719      -0.344987       0.417385       0.234762      -0.478719       0.344987      -0.695922
       3.107000      -0.416906      -0.235107       0.479669      -0.344452       0.416906       0.235107      -0.479669       0.344452      -0.695920
       3.108000      -0.416426      -0.235451       0.480620      -0.343916       0.416426       0.235451      -0.480620       0.343916      -0.695918
       3.109000      -0.415946      -0.235795       0.481571      -0.343379       0.415946       0.235795      -0.481571       0.343379      -0.695917
       3.110000      -0.415464      -0.236139       0.482522      -0.342839       0.415464       0.236139      -0.482522       0.342839      -0.695915
       3.111000      -0.414982      -0.236482       0.483474      -0.342298       0.414982       0.236482      -0.483474       0.342298      -0.695914
       3.112000      -0.414498      -0.236824       0.484426      -0.341756       0.414498       0.236824      -0.484426       0.341756      -0.695912
       3.113000      -0.414014      -0.237166       0.485379      -0.341212       0.414014       0.237166      -0.485379       0.341212      -0.695911
       3.114000      -0.413528      -0.237507       0.486331      -0.340666       0.413528       0.237507      -0.486331       0.340666      -0.695909
       3.115000      -0.413042      -0.237848       0.487285      -0.340118       0.413042       0.237848      -0.487285       0.340118      -0.695907
       3.116000      -0.412555      -0.238188       0.488238      -0.339569       0.412555       0.238188      -0.488238       0.339569      -0.695906
       3.117000      -0.412066      -0.238527       0.489192      -0.339018       0.412066       0.238527      -0.489192       0.339018      -0.695904
       3.118000      -0.411577      -0.238866       0.490147      -0.338466       0.411577       0.238866      -0.490147       0.338466      -0.695903
       3.119000      -0.411087      -0.239205       0.491102      -0.337912       0.411087       0.239205      -0.491102       0.337912      -0.695901
       3.120000      -0.410596      -0.239543       0.492057      -0.337356       0.410596       0.239543      -0.492057       0.337356      -0.695900
       3.121000      -0.410104      -0.239880       0.493012      -0.336798       0.410104       0.239880      -0.493012       0.336798      -0.695898
       3.122000      -0.409611      -0.240217       0.493968      -0.336239       0.409611       0.240217      -0.493968       0.336239      -0.695896
       3.123000      -0.409117      -0.240553       0.494925      -0.335678       0.409117       0.240553      -0.494925       0.335678      -0.695895
       3.124000      -0.408622      -0.240889       0.495882      -0.335116       0.408622       0.240889      -0.495882       0.335116      -0.695893
       3.125000      -0.408126      -0.241224       0.496839      -0.334551       0.408126       0.241224      -0.496839       0.334551      -0.695891
       3.126000      -0.407629      -0.241558       0.497796      -0.333985       0.407629       0.241558      -0.497796       0.333985      -0.695890
       3.127000      -0.407131      -0.241892       0.498754      -0.333418       0.407131       0.241892      -0.498754       0.333418      -0.695888
       3.128000      -0.406633      -0.242226       0.499713      -0.332848       0.406633       0.242226      -0.499713       0.332848      -0.695887
       3.129000      -0.406133      -0.242559       0.500671      -0.332277       0.406133       0.242559      -0.500671       0.332277      -0.695885
       3.130000      -0.405632      -0.242891       0.501631      -0.331704       0.405632       0.242891      -0.501631       0.331704      -0.695883
       3.131000      -0.405131      -0.243223       0.502590      -0.331130       0.405131       0.243223      -0.502590       0.331130      -0.695882
       3.132000      -0.404628      -0.243554       0.503550      -0.330554       0.404628       0.243554      -0.503550       0.330554      -0.695880
       3.133000      -0.404125      -0.243884       0.504510      -0.329976       0.404125       0.243884      -0.504510       0.329976      -0.695878
       3.134000      -0.403620      -0.244214       0.505471      -0.329396       0.403620       0.244214      -0.505471       0.329396      -0.695877
       3.135000      -0.403115      -0.244544       0.506432      -0.328814       0.403115       0.244544      -0.506432       0.328814      -0.695875
       3.136000      -0.402608      -0.244872       0.507394      -0.328231       0.402608       0.244872      -0.507394       0.328231      -0.695874
       3.137000      -0.402101      -0.245201       0.508356      -0.327646       0.402101       0.245201      -0.508356       0.327646      -0.695872
       3.138000      -0.401592      -0.245528       0.509318      -0.327059       0.401592       0.245528      -0.509318       0.327059      -0.695870
       3.139000      -0.401083      -0.245855       0.510281      -0.326471       0.401083       0.245855      -0.510281       0.326471      -0.695869
       3.140000      -0.400573      -0.246182       0.511244      -0.325880       0.400573       0.246182      -0.511244       0.325880      -0.695867
       3.141000      -0.400062      -0.246508       0.512207      -0.325288       0.400062       0.246508      -0.512207       0.325288      -0.695865
       3.142000      -0.399549      -0.246833       0.513171      -0.324694       0.399549       0.246833      -0.513171       0.324694      -0.695864
       3.143000      -0.399036      -0.247158       0.514135      -0.324098       0.399036       0.247158      -0.514135       0.324098      -0.695862
       3.144000      -0.398522      -0.247482       0.515100      -0.323501       0.398522       0.247482      -0.515100       0.323501      -0.695860
       3.145000      -0.398007      -0.247805       0.516065      -0.322902       0.398007       0.247805      -0.516065       0.322902      -0.695859
       3.146000      -0.397491      -0.248128       0.517030      -0.322300       0.397491       0.248128      -0.517030       0.322300      -0.695857
       3.147000      -0.396974      -0.248451       0.517996      -0.321698       0.396974       0.248451      -0.517996       0.321698      -0.695855
       3.148000      -0.396456      -0.248772       0.518963      -0.321093       0.396456       0.248772      -0.518963       0.321093      -0.695854
       3.149000      -0.395937      -0.249093       0.519929      -0.320486       0.395937       0.249093      -0.519929       0.320486      -0.695852
       3.150000      -0.395417      -0.249414       0.520896      -0.319878       0.395417       0.249414      -0.520896       0.319878      -0.695850
       3.151000      -0.394896      -0.249734       0.521864      -0.319268       0.394896       0.249734      -0.521864       0.319268      -0.695849
       3.152000      -0.394374      -0.250053       0.522832      -0.318656       0.394374       0.250053      -0.522832       0.318656      -0.695847
       3.153000      -0.393851      -0.250372       0.523800      -0.318042       0.393851       0.250372      -0.523800       0.318042      -0.695845
       3.154000      -0.393328      -0.250690       0.524769      -0.317426       0.393328       0.250690      -0.524769       0.317426      -0.695843
       3.155000      -0.392803      -0.251007       0.525738      -0.316808       0.392803       0.251007      -0.525738       0.316808      -0.695842
       3.156000      -0.392277      -0.251324       0.526707      -0.316189       0.392277       0.251324      -0.526707       0.316189      -0.695840
       3.157000      -0.391750      -0.251640       0.527677      -0.315567       0.391750       0.251640      -0.527677       0.315567      -0.695838
       3.158000      -0.391223      -0.251956       0.528647      -0.314944       0.391223       0.251956      -0.528647       0.314944      -0.695837
       3.159000      -0.390694      -0.252271       0.529618      -0.314319       0.390694       0.252271      -0.529618       0.314319      -0.695835
       3.160000      -0.390164      -0.252585       0.530589      -0.313692       0.390164       0.252585      -0.530589       0.313692      -0.695833
       3.161000      -0.389634      -0.252899       0.531560      -0.313063       0.389634       0.252899      -0.531560       0.313063      -0.695832
       3.162000      -0.389102      -0.253212       0.532532      -0.312432       0.389102       0.253212      -0.532532       0.312432      -0.695830
       3.163000      -0.388570      -0.253524       0.533505      -0.311800       0.388570       0.253524      -0.533505       0.311800      -0.695828
       3.164000      -0.388036      -0.253836       0.534477      -0.311165       0.388036       0.253836      -0.534477       0.311165      -0.695826
       3.165000      -0.387502      -0.254147       0.535450      -0.310528       0.387502       0.254147      -0.535450       0.310528      -0.695825
       3.166000      -0.386966      -0.254458       0.536424      -0.309890       0.386966       0.254458      -0.536424       0.309890      -0.695823
       3.167000      -0.386430      -0.254767       0.537398      -0.309250       0.386430       0.254767      -0.537398       0.309250      -0.695821
       3.168000      -0.385892      -0.255077       0.538372      -0.308607       0.385892       0.255077      -0.538372       0.308607      -0.695819
       3.169000      -0.385354      -0.255385       0.539346      -0.307963       0.385354       0.255385      -0.539346       0.307963      -0.695818
       3.170000      -0.384815      -0.255693       0.540322      -0.307317       0.384815       0.255693      -0.540322       0.307317      -0.695816
       3.171000      -0.384274      -0.256001       0.541297      -0.306669       0.384274       0.256001      -0.541297       0.306669      -0.695814
       3.172000      -0.383733      -0.256307       0.542273      -0.306018       0.383733       0.256307      -0.542273       0.306018      -0.695812
       3.173000      -0.383191      -0.256613       0.543249      -0.305366       0.383191       0.256613      -0.543249       0.305366      -0.695811
       3.174000      -0.382648      -0.256919       0.544226      -0.304712       0.382648       0.256919      -0.544226       0.304712      -0.695809
       3.175000      -0.382103      -0.257223       0.545203      -0.304056       0.382103       0.257223      -0.545203       0.304056      -0.695807
       3.176000      -0.381558      -0.257527       0.546180      -0.303398       0.381558       0.257527      -0.546180       0.303398      -0.695805
       3.177000      -0.381012      -0.257831       0.547158      -0.302738       0.381012       0.257831      -0.547158       0.302738      -0.695803
       3.178000      -0.380465      -0.258134       0.548137      -0.302076       0.380465       0.258134      -0.548137       0.302076      -0.695802
       3.179000      -0.379917      -0.258436       0.549115      -0.301412       0.379917       0.258436      -0.549115       0.301412      -0.695800
       3.180000      -0.379368      -0.258737       0.550094      -0.300746       0.379368       0.258737      -0.550094       0.300746      -0.695798
       3.181000      -0.378817      -0.259038       0.551074      -0.300078       0.378817       0.259038      -0.551074       0.300078      -0.695796
       3.182000      -0.378266      -0.259338       0.552054      -0.299408       0.378266       0.259338      -0.552054       0.299408      -0.695795
       3.183000      -0.377714      -0.259637       0.553034      -0.298736       0.377714       0.259637      -0.553034       0.298736      -0.695793
       3.184000      -0.377161      -0.259936       0.554015      -0.298062       0.377161       0.259936      -0.554015       0.298062      -0.695791
       3.185000      -0.376607      -0.260234       0.554996      -0.297386       0.376607       0.260234      -0.554996       0.297386      -0.695789
       3.186000      -0.376052      -0.260531       0.555977      -0.296708       0.376052       0.260531      -0.555977       0.296708      -0.695787
       3.187000      -0.375496      -0.260828       0.556959      -0.296027       0.375496       0.260828      -0.556959       0.296027      -0.695786
       3.188000      -0.374939      -0.261124       0.557941      -0.295345       0.374939       0.261124      -0.557941       0.295345      -0.695784
       3.189000      -0.374381      -0.261420       0.558924      -0.294661       0.374381       0.261420      -0.558924       0.294661      -0.695782
       3.190000      -0.373823      -0.261714       0.559907      -0.293974       0.373823       0.261714      -0.559907       0.293974      -0.695780
       3.191000      -0.373263      -0.262008       0.560891      -0.293286       0.373263       0.262008      -0.560891       0.293286      -0.695778
       3.192000      -0.372702      -0.262301       0.561874      -0.292595       0.372702       0.262301      -0.561874       0.292595      -0.695776
       3.193000      -0.372140      -0.262594       0.562859      -0.291902       0.372140       0.262594      -0.562859       0.291902      -0.695775
       3.194000      -0.371577      -0.262886       0.563843      -0.291208       0.371577       0.262886      -0.563843       0.291208      -0.695773
       3.195000      -0.371013      -0.263177       0.564828      -0.290511       0.371013       0.263177      -0.564828       0.290511      -0.695771
       3.196000      -0.370448      -0.263468       0.565814      -0.289812       0.370448       0.263468      -0.565814       0.289812      -0.695769
       3.197000      -0.369883      -0.263758       0.566800      -0.289110       0.369883       0.263758      -0.566800       0.289110      -0.695767
       3.198000      -0.369316      -0.264047       0.567786      -0.288407       0.369316       0.264047      -0.567786       0.288407      -0.695765
       3.199000      -0.368748      -0.264335       0.568773      -0.287702       0.368748       0.264335      -0.568773       0.287702      -0.695763
       3.200000      -0.368179      -0.264623       0.569760      -0.286994       0.368179       0.264623      -0.569760       0.286994      -0.695762
       3.201000      -0.367609      -0.264910       0.570747      -0.286284       0.367609       0.264910      -0.570747       0.286284      -0.695760
       3.202000      -0.367039      -0.265196       0.571735      -0.285572       0.367039       0.265196      -0.571735       0.285572      -0.695758
       3.203000      -0.366467      -0.265482       0.572723      -0.284858       0.366467       0.265482      -0.572723       0.284858      -0.695756
       3.204000      -0.365894      -0.265766       0.573712      -0.284142       0.365894       0.265766      -0.573712       0.284142      -0.695754
       3.205000      -0.365320      -0.266051       0.574701      -0.283424       0.365320       0.266051      -0.574701       0.283424      -0.695752
       3.206000      -0.364746      -0.266334       0.575691      -0.282703       0.364746       0.266334      -0.575691       0.282703      -0.695750
       3.207000      -0.364170      -0.266617       0.576681      -0.281980       0.364170       0.266617      -0.576681       0.281980      -0.695748
       3.208000      -0.363593      -0.266899       0.577671      -0.281255       0.363593       0.266899      -0.577671       0.281255      -0.695746
       3.209000      -0.363016      -0.267180       0.578661      -0.280528       0.363016       0.267180      -0.578661       0.280528      -0.695745
       3.210000      -0.362437      -0.267460       0.579652      -0.279799       0.362437       0.267460      -0.579652       0.279799      -0.695743
       3.211000      -0.361857      -0.267740       0.580644      -0.279067       0.361857       0.267740      -0.580644       0.279067      -0.695741
       3.212000      -0.361277      -0.268019       0.581636      -0.278333       0.361277       0.268019      -0.581636       0.278333      -0.695739
       3.213000      -0.360695      -0.268298       0.582628      -0.277597       0.360695       0.268298      -0.582628       0.277597      -0.695737
       3.214000      -0.360113      -0.268575       0.583621      -0.276859       0.360113       0.268575      -0.583621       0.276859      -0.695735
       3.215000      -0.359529      -0.268852       0.584614      -0.276118       0.359529       0.268852      -0.584614       0.276118      -0.695733
       3.216000      -0.358944      -0.269128       0.585607      -0.275376       0.358944       0.269128      -0.585607       0.275376      -0.695731
       3.217000      -0.358359      -0.269404       0.586601      -0.274630       0.358359       0.269404      -0.586601       0.274630      -0.695729
       3.218000      -0.357772      -0.269678       0.587595      -0.273883       0.357772       0.269678      -0.587595       0.273883      -0.695727
       3.219000      -0.357184      -0.269952       0.588589      -0.273133       0.357184       0.269952      -0.588589       0.273133      -0.695725
       3.220000      -0.356596      -0.270225       0.589584      -0.272381       0.356596       0.270225      -0.589584       0.272381      -0.695723
       3.221000      -0.356006      -0.270498       0.590580      -0.271627       0.356006       0.270498      -0.590580       0.271627      -0.695721
       3.222000      -0.355416      -0.270769       0.591576      -0.270870       0.355416       0.270769      -0.591576       0.270870      -0.695719
       3.223000      -0.354824      -0.271040       0.592572      -0.270112       0.354824       0.271040      -0.592572       0.270112      -0.695717
       3.224000      -0.354232      -0.271310       0.593568      -0.269350       0.354232       0.271310      -0.593568       0.269350      -0.695715
       3.225000      -0.353638      -0.271580       0.594565      -0.268587       0.353638       0.271580      -0.594565       0.268587      -0.695713
       3.226000      -0.353043      -0.271848       0.595562      -0.267821       0.353043       0.271848      -0.595562       0.267821      -0.695712
       3.227000      -0.352448      -0.272116       0.596560      -0.267053       0.352448       0.272116      -0.596560       0.267053      -0.695710
       3.228000      -0.351851      -0.272383       0.597558      -0.266282       0.351851       0.272383      -0.597558       0.266282      -0.695708
       3.229000      -0.351254      -0.272649       0.598557      -0.265509       0.351254       0.272649      -0.598557       0.265509      -0.695706
       3.230000      -0.350655      -0.272915       0.599555      -0.264734       0.350655       0.272915      -0.599555       0.264734      -0.695704
       3.231000      -0.350056      -0.273180       0.600555      -0.263956       0.350056       0.273180      -0.600555       0.263956      -0.695702
       3.232000      -0.349455      -0.273444       0.601554      -0.263176       0.349455       0.273444      -0.601554       0.263176      -0.695700
       3.233000      -0.348854      -0.273707       0.602554      -0.262394       0.348854       0.273707      -0.602554       0.262394      -0.695698
       3.234000      -0.348251      -0.273969       0.603555      -0.261609       0.348251       0.273969      -0.603555       0.261609      -0.695695
       3.235000      -0.347647      -0.274231       0.604555      -0.260821       0.347647       0.274231      -0.604555       0.260821      -0.695693
       3.236000      -0.347043      -0.274492       0.605557      -0.260032       0.347043       0.274492      -0.605557       0.260032      -0.695691
       3.237000      -0.346437      -0.274752       0.606558      -0.259240       0.346437       0.274752      -0.606558       0.259240      -0.695689
       3.238000      -0.345831      -0.275011       0.607560      -0.258445       0.345831       0.275011      -0.607560       0.258445      -0.695687
       3.239000      -0.345223      -0.275269       0.608562      -0.257648       0.345223       0.275269      -0.608562       0.257648      -0.695685
       3.240000      -0.344615      -0.275527       0.609565      -0.256849       0.344615       0.275527      -0.609565       0.256849      -0.695683
       3.241000      -0.344005      -0.275784       0.610568      -0.256047       0.344005       0.275784      -0.610568       0.256047      -0.695681
       3.242000      -0.343394      -0.276040       0.611571      -0.255242       0.343394       0.276040      -0.611571       0.255242      -0.695679
       3.243000      -0.342783      -0.276295       0.612575      -0.254435       0.342783       0.276295      -0.612575       0.254435      -0.695677
       3.244000      -0.342170      -0.276549       0.613579      -0.253626       0.342170       0.276549      -0.613579       0.253626      -0.695675
       3.245000      -0.341557      -0.276803       0.614584      -0.252814       0.341557       0.276803      -0.614584       0.252814      -0.695673
       3.246000      -0.340942      -0.277056       0.615589      -0.252000       0.340942       0.277056      -0.615589       0.252000      -0.695671
       3.247000      -0.340327      -0.277308       0.616594      -0.251183       0.340327       0.277308      -0.616594       0.251183      -0.695669
       3.248000      -0.339710      -0.277559       0.617599      -0.250363       0.339710       0.277559      -0.617599       0.250363      -0.695667
       3.249000      -0.339092      -0.277809       0.618605      -0.249541       0.339092       0.277809      -0.618605       0.249541      -0.695665
       3.250000      -0.338474      -0.278059       0.619612      -0.248717       0.338474       0.278059      -0.619612       0.248717      -0.695663
       3.251000      -0.337854      -0.278308       0.620619      -0.247890       0.337854       0.278308      -0.620619       0.247890      -0.695660
       3.252000      -0.337234      -0.278556       0.621626      -0.247060       0.337234       0.278556      -0.621626       0.247060      -0.695658
       3.253000      -0.336612      -0.278803       0.622633      -0.246228       0.336612       0.278803      -0.622633       0.246228      -0.695656
       3.254000      -0.335989      -0.279049       0.623641      -0.245393       0.335989       0.279049      -0.623641       0.245393      -0.695654
       3.255000      -0.335366      -0.279294       0.624649      -0.244556       0.335366       0.279294      -0.624649       0.244556      -0.695652
       3.256000      -0.334741      -0.279539       0.625658      -0.243716       0.334741       0.279539      -0.625658       0.243716      -0.695650
       3.257000      -0.334115      -0.279783       0.626667      -0.242874       0.334115       0.279783      -0.626667       0.242874      -0.695648
       3.258000      -0.333489      -0.280025       0.627676      -0.242028       0.333489       0.280025      -0.627676       0.242028      -0.695646
       3.259000      -0.332861      -0.280267       0.628686      -0.241181       0.332861       0.280267      -0.628686       0.241181      -0.695643
       3.260000      -0.332232      -0.280509       0.629696      -0.240330       0.332232       0.280509      -0.629696       0.240330      -0.695641
       3.261000      -0.331603      -0.280749       0.630706      -0.239477       0.331603       0.280749      -0.630706       0.239477      -0.695639
       3.262000      -0.330972      -0.280988       0.631717      -0.238621       0.330972       0.280988      -0.631717       0.238621      -0.695637
       3.263000      -0.330340      -0.281227       0.632728      -0.237763       0.330340       0.281227      -0.632728       0.237763      -0.695635
       3.264000      -0.329707      -0.281465       0.633739      -0.236902       0.329707       0.281465      -0.633739       0.236902      -0.695633
       3.265000      -0.329074      -0.281702       0.634751      -0.236038       0.329074       0.281702      -0.634751       0.236038      -0.695630
       3.266000      -0.328439      -0.281938       0.635763      -0.235172       0.328439       0.281938      -0.635763       0.235172      -0.695628
       3.267000      -0.327803      -0.282173       0.636775      -0.234303       0.327803       0.282173      -0.636775       0.234303      -0.695626
       3.268000      -0.327166      -0.282407       0.637788      -0.233431       0.327166       0.282407      -0.637788       0.233431      -0.695624
       3.269000      -0.326529      -0.282641       0.638801      -0.232556       0.326529       0.282641      -0.638801       0.232556      -0.695622
       3.270000      -0.325890      -0.282873       0.639815      -0.231679       0.325890       0.282873      -0.639815       0.231679      -0.695619
       3.271000      -0.325250      -0.283105       0.640829      -0.230799       0.325250       0.283105      -0.640829       0.230799      -0.695617
       3.272000      -0.324609      -0.283336       0.641843      -0.229916       0.324609       0.283336      -0.641843       0.229916      -0.695615
       3.273000      -0.323967      -0.283566       0.642857      -0.229031       0.323967       0.283566      -0.642857       0.229031      -0.695613
       3.274000      -0.323325      -0.283795       0.643872      -0.228143       0.323325       0.283795      -0.643872       0.228143      -0.695610
       3.275000      -0.322681      -0.284023       0.644887      -0.227252       0.322681       0.284023      -0.644887       0.227252      -0.695608
       3.276000      -0.322036      -0.284250       0.645903      -0.226358       0.322036       0.284250      -0.645903       0.226358      -0.695606
       3.277000      -0.321390      -0.284476       0.646919      -0.225461       0.321390       0.284476      -0.646919       0.225461      -0.695604
       3.278000      -0.320743      -0.284702       0.647935      -0.224562       0.320743       0.284702      -0.647935       0.224562      -0.695601
       3.279000      -0.320095      -0.284926       0.648951      -0.223659       0.320095       0.284926      -0.648951       0.223659      -0.695599
       3.280000      -0.319446      -0.285150       0.649968      -0.222754       0.319446       0.285150      -0.649968       0.222754      -0.695597
       3.281000      -0.318796      -0.285373       0.650985      -0.221846       0.318796       0.285373      -0.650985       0.221846      -0.695595
       3.282000      -0.318145      -0.285595       0.652003      -0.220935       0.318145       0.285595      -0.652003       0.220935      -0.695592
       3.283000      -0.317493      -0.285816       0.653021      -0.220022       0.317493       0.285816      -0.653021       0.220022      -0.695590
       3.284000      -0.316840      -0.286036       0.654039      -0.219105       0.316840       0.286036      -0.654039       0.219105      -0.695588
       3.285000      -0.316186      -0.286255       0.655057      -0.218186       0.316186       0.286255      -0.655057       0.218186      -0.695585
       3.286000      -0.315531      -0.286473       0.656076      -0.217263       0.315531       0.286473      -0.656076       0.217263      -0.695583
       3.287000      -0.314875      -0.286690       0.657095      -0.216338       0.314875       0.286690      -0.657095       0.216338      -0.695581
       3.288000      -0.314218      -0.286907       0.658115      -0.215410       0.314218       0.286907      -0.658115       0.215410      -0.695578
       3.289000      -0.313560      -0.287122       0.659134      -0.214479       0.313560       0.287122      -0.659134       0.214479      -0.695576
       3.290000      -0.312901      -0.287336       0.660154      -0.213545       0.312901       0.287336      -0.660154       0.213545      -0.695574
       3.291000      -0.312240      -0.287550       0.661175      -0.212608       0.312240       0.287550      -0.661175       0.212608      -0.695571
       3.292000      -0.311579      -0.287763       0.662195      -0.211668       0.311579       0.287763      -0.662195       0.211668      -0.695569
       3.293000      -0.310917      -0.287974       0.663216      -0.210725       0.310917       0.287974      -0.663216       0.210725      -0.695567
       3.294000      -0.310254      -0.288185       0.664238      -0.209779       0.310254       0.288185      -0.664238       0.209779      -0.695564
       3.295000      -0.309590      -0.288395       0.665259      -0.208830       0.309590       0.288395      -0.665259       0.208830      -0.695562
       3.296000      -0.308924      -0.288604       0.666281      -0.207878       0.308924       0.288604      -0.666281       0.207878      -0.695560
       3.297000      -0.308258      -0.288811       0.667303      -0.206923       0.308258       0.288811      -0.667303       0.206923      -0.695557
       3.298000      -0.307591      -0.289018       0.668326      -0.205966       0.307591       0.289018      -0.668326       0.205966      -0.695555
       3.299000      -0.306922      -0.289224       0.669348      -0.205005       0.306922       0.289224      -0.669348       0.205005      -0.695552
       3.300000      -0.306253      -0.289429       0.670371      -0.204041       0.306253       0.289429      -0.670371       0.204041      -0.695550
       3.301000      -0.305583      -0.289633       0.671395      -0.203073       0.305583       0.289633      -0.671395       0.203073      -0.695548
       3.302000      -0.304911      -0.289836       0.672418      -0.202103       0.304911       0.289836      -0.672418       0.202103      -0.695545
       3.303000      -0.304239      -0.290039       0.673442      -0.201130       0.304239       0.290039      -0.673442       0.201130      -0.695543
       3.304000      -0.303565      -0.290240       0.674466      -0.200154       0.303565       0.290240      -0.674466       0.200154      -0.695540
       3.305000      -0.302891      -0.290440       0.675491      -0.199174       0.302891       0.290440      -0.675491       0.199174      -0.695538
       3.306000      -0.302215      -0.290639       0.676515      -0.198192       0.302215       0.290639      -0.676515       0.198192      -0.695535
       3.307000      -0.301539      -0.290837       0.677540      -0.197206       0.301539       0.290837      -0.677540       0.197206      -0.695533
       3.308000      -0.300861      -0.291034       0.678565      -0.196217       0.300861       0.291034      -0.678565       0.196217      -0.695530
       3.309000      -0.300183      -0.291231       0.679591      -0.195225       0.300183       0.291231      -0.679591       0.195225      -0.695528
       3.310000      -0.299503      -0.291426       0.680617      -0.194230       0.299503       0.291426      -0.680617       0.194230      -0.695525
       3.311000      -0.298823      -0.291620       0.681643      -0.193232       0.298823       0.291620      -0.681643       0.193232      -0.695523
       3.312000      -0.298141      -0.291813       0.682669      -0.192230       0.298141       0.291813      -0.682669       0.192230      -0.695520
       3.313000      -0.297458      -0.292006       0.683696      -0.191225       0.297458       0.292006      -0.683696       0.191225      -0.695518
       3.314000      -0.296775      -0.292197       0.684722      -0.190217       0.296775       0.292197      -0.684722       0.190217      -0.695515
       3.315000      -0.296090      -0.292387       0.685749      -0.189206       0.296090       0.292387      -0.685749       0.189206      -0.695513
       3.316000      -0.295404      -0.292576       0.686777      -0.188192       0.295404       0.292576      -0.686777       0.188192      -0.695510
       3.317000      -0.294717      -0.292764       0.687804      -0.187174       0.294717       0.292764      -0.687804       0.187174      -0.695508
       3.318000      -0.294030      -0.292952       0.688832      -0.186153       0.294030       0.292952      -0.688832       0.186153      -0.695505
       3.319000      -0.293341      -0.293138       0.689860      -0.185129       0.293341       0.293138      -0.689860       0.185129      -0.695503
       3.320000      -0.292651      -0.293323       0.690888      -0.184101       0.292651       0.293323      -0.690888       0.184101      -0.695500
       3.321000      -0.291960      -0.293507       0.691917      -0.183070       0.291960       0.293507      -0.691917       0.183070      -0.695498
       3.322000      -0.291268      -0.293690       0.692946      -0.182036       0.291268       0.293690      -0.692946       0.182036      -0.695495
       3.323000      -0.290575      -0.293872       0.693974      -0.180999       0.290575       0.293872      -0.693974       0.180999      -0.695492
       3.324000      -0.289881      -0.294053       0.695004      -0.179958       0.289881       0.294053      -0.695004       0.179958      -0.695490
       3.325000      -0.289186      -0.294233       0.696033      -0.178914       0.289186       0.294233      -0.696033       0.178914      -0.695487
       3.326000      -0.288490      -0.294412       0.697063      -0.177866       0.288490       0.294412      -0.697063       0.177866      -0.695485
       3.327000      -0.287793      -0.294590       0.698092      -0.176815       0.287793       0.294590      -0.698092       0.176815      -0.695482
       3.328000      -0.287095      -0.294767       0.699122      -0.175761       0.287095       0.294767      -0.699122       0.175761      -0.695479
       3.329000      -0.286396      -0.294942       0.700153      -0.174703       0.286396       0.294942      -0.700153       0.174703      -0.695477
       3.330000      -0.285696      -0.295117       0.701183      -0.173642       0.285696       0.295117      -0.701183       0.173642      -0.695474
       3.331000      -0.284995      -0.295291       0.702214      -0.172577       0.284995       0.295291      -0.702214       0.172577      -0.695471
       3.332000      -0.284292      -0.295463       0.703245      -0.171509       0.284292       0.295463      -0.703245       0.171509      -0.695469
       3.333000      -0.283589      -0.295635       0.704276      -0.170438       0.283589       0.295635      -0.704276       0.170438      -0.695466
       3.334000      -0.282885      -0.295805       0.705307      -0.169362       0.282885       0.295805      -0.705307       0.169362      -0.695463
       3.335000      -0.282179      -0.295975       0.706338      -0.168284       0.282179       0.295975      -0.706338       0.168284      -0.695461
       3.336000      -0.281473      -0.296143       0.707370      -0.167202       0.281473       0.296143      -0.707370       0.167202      -0.695458
       3.337000      -0.280766      -0.296310       0.708402      -0.166116       0.280766       0.296310      -0.708402       0.166116      -0.695455
       3.338000      -0.280057      -0.296476       0.709434      -0.165027       0.280057       0.296476      -0.709434       0.165027      -0.695453
       3.339000      -0.279348      -0.296641       0.710466      -0.163935       0.279348       0.296641      -0.710466       0.163935      -0.695450
       3.340000      -0.278637      -0.296805       0.711498      -0.162839       0.278637       0.296805      -0.711498       0.162839      -0.695447
       3.341000      -0.277926      -0.296968       0.712530      -0.161739       0.277926       0.296968      -0.712530       0.161739      -0.695444
       3.342000      -0.277213      -0.297130       0.713563      -0.160635       0.277213       0.297130      -0.713563       0.160635      -0.695442
       3.343000      -0.276500      -0.297290       0.714596      -0.159528       0.276500       0.297290      -0.714596       0.159528      -0.695439
       3.344000      -0.275785      -0.297450       0.715629      -0.158418       0.275785       0.297450      -0.715629       0.158418      -0.695436
       3.345000      -0.275070      -0.297608       0.716662      -0.157304       0.275070       0.297608      -0.716662       0.157304      -0.695433
       3.346000      -0.274353      -0.297766       0.717695      -0.156186       0.274353       0.297766      -0.717695       0.156186      -0.695430
       3.347000      -0.273635      -0.297922       0.718728      -0.155064       0.273635       0.297922      -0.718728       0.155064      -0.695428
       3.348000      -0.272917      -0.298077       0.719762      -0.153939       0.272917       0.298077      -0.719762       0.153939      -0.695425
       3.349000      -0.272197      -0.298231       0.720795      -0.152810       0.272197       0.298231      -0.720795       0.152810      -0.695422
       3.350000      -0.271476      -0.298384       0.721829      -0.151677       0.271476       0.298384      -0.721829       0.151677      -0.695419
       3.351000      -0.270754      -0.298535       0.722863      -0.150541       0.270754       0.298535      -0.722863       0.150541      -0.695416
       3.352000      -0.270031      -0.298686       0.723897      -0.149401       0.270031       0.298686      -0.723897       0.149401      -0.695414
       3.353000      -0.269307      -0.298835       0.724931      -0.148257       0.269307       0.298835      -0.724931       0.148257      -0.695411
       3.354000      -0.268583      -0.298984       0.725965      -0.147110       0.268583       0.298984      -0.725965       0.147110      -0.695408
       3.355000      -0.267857      -0.299131       0.727000      -0.145958       0.267857       0.299131      -0.727000       0.145958      -0.695405
       3.356000      -0.267130      -0.299277       0.728034      -0.144803       0.267130       0.299277      -0.728034       0.144803      -0.695402
       3.357000      -0.266402      -0.299421       0.729069      -0.143644       0.266402       0.299421      -0.729069       0.143644      -0.695399
       3.358000      -0.265672      -0.299565       0.730103      -0.142481       0.265672       0.299565      -0.730103       0.142481      -0.695396
       3.359000      -0.264942      -0.299708       0.731138      -0.141315       0.264942       0.299708      -0.731138       0.141315      -0.695393
       3.360000      -0.264211      -0.299849       0.732173      -0.140144       0.264211       0.299849      -0.732173       0.140144      -0.695390
       3.361000      -0.263479      -0.299989       0.733207      -0.138970       0.263479       0.299989      -0.733207       0.138970      -0.695387
       3.362000      -0.262746      -0.300128       0.734242      -0.137791       0.262746       0.300128      -0.734242       0.137791      -0.695384
       3.363000      -0.262012      -0.300266       0.735277      -0.136609       0.262012       0.300266      -0.735277       0.136609      -0.695382
       3.364000      -0.261276      -0.300402       0.736312      -0.135423       0.261276       0.300402      -0.736312       0.135423      -0.695379
       3.365000      -0.260540      -0.300538       0.737347      -0.134233       0.260540       0.300538      -0.737347       0.134233      -0.695376
       3.366000      -0.259803      -0.300672       0.738382      -0.133039       0.259803       0.300672      -0.738382       0.133039      -0.695373
       3.367000      -0.259064      -0.300805       0.739418      -0.131841       0.259064       0.300805      -0.739418       0.131841      -0.695370
       3.368000      -0.258325      -0.300937       0.740453      -0.130639       0.258325       0.300937      -0.740453       0.130639      -0.695367
       3.369000      -0.257584      -0.301068       0.741488      -0.129433       0.257584       0.301068      -0.741488       0.129433      -0.695363
       3.370000      -0.256843      -0.301197       0.742523      -0.128223       0.256843       0.301197      -0.742523       0.128223      -0.695360
       3.371000      -0.256100      -0.301325       0.743559      -0.127009       0.256100       0.301325      -0.743559       0.127009      -0.695357
       3.372000      -0.255357      -0.301452       0.744594      -0.125791       0.255357       0.301452      -0.744594       0.125791      -0.695354
       3.373000      -0.254612      -0.301578       0.745629      -0.124569       0.254612       0.301578      -0.745629       0.124569      -0.695351
       3.374000      -0.253867      -0.301703       0.746664      -0.123342       0.253867       0.301703      -0.746664       0.123342      -0.695348
       3.375000      -0.253120      -0.301826       0.747700      -0.122112       0.253120       0.301826      -0.747700       0.122112      -0.695345
       3.376000      -0.252372      -0.301948       0.748735      -0.120878       0.252372       0.301948      -0.748735       0.120878      -0.695342
       3.377000      -0.251623      -0.302069       0.749770      -0.119639       0.251623       0.302069      -0.749770       0.119639      -0.695339
       3.378000      -0.250874      -0.302189       0.750805      -0.118396       0.250874       0.302189      -0.750805       0.118396      -0.695336
       3.379000      -0.250123      -0.302307       0.751841      -0.117149       0.250123       0.302307      -0.751841       0.117149      -0.695333
       3.380000      -0.249371      -0.302424       0.752876      -0.115898       0.249371       0.302424      -0.752876       0.115898      -0.695329
       3.381000      -0.248618      -0.302540       0.753911      -0.114643       0.248618       0.302540      -0.753911       0.114643      -0.695326
       3.382000      -0.247864      -0.302655       0.754946      -0.113383       0.247864       0.302655      -0.754946       0.113383      -0.695323
       3.383000      -0.247109      -0.302768       0.755981      -0.112119       0.247109       0.302768      -0.755981       0.112119      -0.695320
       3.384000      -0.246353      -0.302880       0.757016      -0.110851       0.246353       0.302880      -0.757016       0.110851      -0.695317
       3.385000      -0.245596      -0.302991       0.758051      -0.109579       0.245596       0.302991      -0.758051       0.109579      -0.695313
       3.386000      -0.244838      -0.303101       0.759086      -0.108302       0.244838       0.303101      -0.759086       0.108302      -0.695310
       3.387000      -0.244079      -0.303209       0.760121      -0.107021       0.244079       0.303209      -0.760121       0.107021      -0.695307
       3.388000      -0.243319      -0.303316       0.761155      -0.105736       0.243319       0.303316      -0.761155       0.105736      -0.695304
       3.389000      -0.242558      -0.303422       0.762190      -0.104446       0.242558       0.303422      -0.762190       0.104446      -0.695300
       3.390000      -0.241796      -0.303526       0.763225      -0.103152       0.241796       0.303526      -0.763225       0.103152      -0.695297
       3.391000      -0.241033      -0.303629       0.764259      -0.101853       0.241033       0.303629      -0.764259       0.101853      -0.695294
       3.392000      -0.240268      -0.303731       0.765293      -0.100551       0.240268       0.303731      -0.765293       0.100551      -0.695291
       3.393000      -0.239503      -0.303832       0.766327      -0.099243       0.239503       0.303832      -0.766327       0.099243      -0.695287
       3.394000      -0.238737      -0.303931       0.767361      -0.097931       0.238737       0.303931      -0.767361       0.097931      -0.695284
       3.395000      -0.237969      -0.304029       0.768395      -0.096615       0.237969       0.304029      -0.768395       0.096615      -0.695281
       3.396000      -0.237201      -0.304125       0.769429      -0.095295       0.237201       0.304125      -0.769429       0.095295      -0.695277
       3.397000      -0.236431      -0.304221       0.770462      -0.093969       0.236431       0.304221      -0.770462       0.093969      -0.695274
       3.398000      -0.235661      -0.304315       0.771496      -0.092640       0.235661       0.304315      -0.771496       0.092640      -0.695270
       3.399000      -0.234889      -0.304407       0.772529      -0.091305       0.234889       0.304407      -0.772529       0.091305      -0.695267
       3.400000      -0.234117      -0.304499       0.773562      -0.089967       0.234117       0.304499      -0.773562       0.089967      -0.695264
       3.401000      -0.233343      -0.304589       0.774595      -0.088623       0.233343       0.304589      -0.774595       0.088623      -0.695260
       3.402000      -0.232569      -0.304677       0.775628      -0.087275       0.232569       0.304677      -0.775628       0.087275      -0.695257
       3.403000      -0.231793      -0.304764       0.776660      -0.085923       0.231793       0.304764      -0.776660       0.085923      -0.695253
       3.404000      -0.231017      -0.304850       0.777693      -0.084565       0.231017       0.304850      -0.777693       0.084565      -0.695250
       3.405000      -0.230239      -0.304935       0.778725      -0.083203       0.230239       0.304935      -0.778725       0.083203      -0.695246
       3.406000      -0.229460      -0.305018       0.779756      -0.081837       0.229460       0.305018      -0.779756       0.081837      -0.695243
       3.407000      -0.228680      -0.305100       0.780788      -0.080466       0.228680       0.305100      -0.780788       0.080466      -0.695239
       3.408000      -0.227900      -0.305180       0.781819      -0.079090       0.227900       0.305180      -0.781819       0.079090      -0.695236
       3.409000      -0.227118      -0.305260       0.782851      -0.077709       0.227118       0.305260      -0.782851       0.077709      -0.695232
       3.410000      -0.226335      -0.305337       0.783881      -0.076323       0.226335       0.305337      -0.783881       0.076323      -0.695229
       3.411000      -0.225551      -0.305414       0.784912      -0.074933       0.225551       0.305414      -0.784912       0.074933      -0.695225
       3.412000      -0.224766      -0.305489       0.785942      -0.073538       0.224766       0.305489      -0.785942       0.073538      -0.695221
       3.413000      -0.223980      -0.305562       0.786972      -0.072138       0.223980       0.305562      -0.786972       0.072138      -0.695218
       3.414000      -0.223193      -0.305634       0.788002      -0.070733       0.223193       0.305634      -0.788002       0.070733      -0.695214
       3.415000      -0.222405      -0.305705       0.789031      -0.069324       0.222405       0.305705      -0.789031       0.069324      -0.695211
       3.416000      -0.221616      -0.305774       0.790060      -0.067909       0.221616       0.305774      -0.790060       0.067909      -0.695207
       3.417000      -0.220826      -0.305842       0.791089      -0.066490       0.220826       0.305842      -0.791089       0.066490      -0.695203
       3.418000      -0.220035      -0.305909       0.792118      -0.065065       0.220035       0.305909      -0.792118       0.065065      -0.695200
       3.419000      -0.219243      -0.305974       0.793146      -0.063636       0.219243       0.305974      -0.793146       0.063636      -0.695196
       3.420000      -0.218450      -0.306037       0.794173      -0.062202       0.218450       0.306037      -0.794173       0.062202      -0.695192
       3.421000      -0.217656      -0.306100       0.795201      -0.060763       0.217656       0.306100      -0.795201       0.060763      -0.695188
       3.422000      -0.216860      -0.306160       0.796228      -0.059318       0.216860       0.306160      -0.796228       0.059318      -0.695185
       3.423000      -0.216064      -0.306220       0.797254      -0.057869       0.216064       0.306220      -0.797254       0.057869      -0.695181
       3.424000      -0.215267      -0.306278       0.798280      -0.056415       0.215267       0.306278      -0.798280       0.056415      -0.695177
       3.425000      -0.214469      -0.306334       0.799306      -0.054955       0.214469       0.306334      -0.799306       0.054955      -0.695173
       3.426000      -0.213669      -0.306389       0.800331      -0.053491       0.213669       0.306389      -0.800331       0.053491      -0.695169
       3.427000      -0.212869      -0.306442       0.801356      -0.052021       0.212869       0.306442      -0.801356       0.052021      -0.695166
       3.428000      -0.212068      -0.306494       0.802381      -0.050546       0.212068       0.306494      -0.802381       0.050546      -0.695162
       3.429000      -0.211265      -0.306545       0.803405      -0.049066       0.211265       0.306545      -0.803405       0.049066      -0.695158
       3.430000      -0.210462      -0.306594       0.804428      -0.047581       0.210462       0.306594      -0.804428       0.047581      -0.695154
       3.431000      -0.209657      -0.306642       0.805451      -0.046091       0.209657       0.306642      -0.805451       0.046091      -0.695150
       3.432000      -0.208852      -0.306688       0.806474      -0.044595       0.208852       0.306688      -0.806474       0.044595      -0.695146
       3.433000      -0.208045      -0.306732       0.807496      -0.043094       0.208045       0.306732      -0.807496       0.043094      -0.695142
       3.434000      -0.207238      -0.306775       0.808518      -0.041588       0.207238       0.306775      -0.808518       0.041588      -0.695138
       3.435000      -0.206429      -0.306817       0.809539      -0.040077       0.206429       0.306817      -0.809539       0.040077      -0.695134
       3.436000      -0.205620      -0.306857       0.810559      -0.038560       0.205620       0.306857      -0.810559       0.038560      -0.695130
       3.437000      -0.204809      -0.306896       0.811579      -0.037038       0.204809       0.306896      -0.811579       0.037038      -0.695126
       3.438000      -0.203998      -0.306933       0.812599      -0.035510       0.203998       0.306933      -0.812599       0.035510      -0.695122
       3.439000      -0.203185      -0.306968       0.813618      -0.033977       0.203185       0.306968      -0.813618       0.033977      -0.695118
       3.440000      -0.202372      -0.307002       0.814636      -0.032439       0.202372       0.307002      -0.814636       0.032439      -0.695114
       3.441000      -0.201557      -0.307035       0.815653      -0.030895       0.201557       0.307035      -0.815653       0.030895      -0.695110
       3.442000      -0.200741      -0.307065       0.816671      -0.029346       0.200741       0.307065      -0.816671       0.029346      -0.695106
       3.443000      -0.199925      -0.307095       0.817687      -0.027791       0.199925       0.307095      -0.817687       0.027791      -0.695102
       3.444000      -0.199107      -0.307123       0.818703      -0.026231       0.199107       0.307123      -0.818703       0.026231      -0.695098
       3.445000      -0.198288      -0.307149       0.819718      -0.024665       0.198288       0.307149      -0.819718       0.024665      -0.695093
       3.446000      -0.197468      -0.307173       0.820732      -0.023093       0.197468       0.307173      -0.820732       0.023093      -0.695089
       3.447000      -0.196648      -0.307197       0.821746      -0.021516       0.196648       0.307197      -0.821746       0.021516      -0.695085
       3.448000      -0.195826      -0.307218       0.822759      -0.019934       0.195826       0.307218      -0.822759       0.019934      -0.695081
       3.449000      -0.195003      -0.307238       0.823772      -0.018345       0.195003       0.307238      -0.823772       0.018345      -0.695077
       3.450000      -0.194179      -0.307256       0.824783      -0.016751       0.194179       0.307256      -0.824783       0.016751      -0.695072
       3.451000      -0.193355      -0.307273       0.825794      -0.015152       0.193355       0.307273      -0.825794       0.015152      -0.695068
       3.452000      -0.192529      -0.307288       0.826804      -0.013546       0.192529       0.307288      -0.826804       0.013546      -0.695064
       3.453000      -0.191702      -0.307302       0.827814      -0.011935       0.191702       0.307302      -0.827814       0.011935      -0.695059
       3.454000      -0.190874      -0.307314       0.828823      -0.010318       0.190874       0.307314      -0.828823       0.010318      -0.695055
       3.455000      -0.190045      -0.307324       0.829830      -0.008696       0.190045       0.307324      -0.829830       0.008696      -0.695051
       3.456000      -0.189216      -0.307333       0.830838      -0.007067       0.189216       0.307333      -0.830838       0.007067      -0.695046
       3.457000      -0.188385      -0.307340       0.831844      -0.005433       0.188385       0.307340      -0.831844       0.005433      -0.695042
       3.458000      -0.187553      -0.307345       0.832849      -0.003792       0.187553       0.307345      -0.832849       0.003792      -0.695037
       3.459000      -0.186720      -0.307349       0.833854      -0.002146       0.186720       0.307349      -0.833854       0.002146      -0.695033
       3.460000      -0.185886      -0.307351       0.834857      -0.000494       0.185886       0.307351      -0.834857       0.000494      -0.695028
       3.461000      -0.185051      -0.307352       0.835860       0.001164       0.185051       0.307352      -0.835860      -0.001164      -0.695024
       3.462000      -0.184216      -0.307351       0.836862       0.002828       0.184216       0.307351      -0.836862      -0.002828      -0.695019
       3.463000      -0.183379      -0.307348       0.837863       0.004498       0.183379       0.307348      -0.837863      -0.004498      -0.695015
       3.464000      -0.182541      -0.307343       0.838863       0.006174       0.182541       0.307343      -0.838863      -0.006174      -0.695010
       3.465000      -0.181702      -0.307337       0.839862       0.007856       0.181702       0.307337      -0.839862      -0.007856      -0.695006
       3.466000      -0.180862      -0.307329       0.840860       0.009544       0.180862       0.307329      -0.840860      -0.009544      -0.695001
       3.467000      -0.180021      -0.307320       0.841857       0.011239       0.180021       0.307320      -0.841857      -0.011239      -0.694996
       3.468000      -0.179179      -0.307308       0.842853       0.012939       0.179179       0.307308      -0.842853      -0.012939      -0.694992
       3.469000      -0.178337      -0.307295       0.843849       0.014646       0.178337       0.307295      -0.843849      -0.014646      -0.694987
       3.470000      -0.177493      -0.307281       0.844843       0.016359       0.177493       0.307281      -0.844843      -0.016359      -0.694982
       3.471000      -0.176648      -0.307264       0.845836       0.018078       0.176648       0.307264      -0.845836      -0.018078      -0.694978
       3.472000      -0.175802      -0.307246       0.846828       0.019803       0.175802       0.307246      -0.846828      -0.019803      -0.694973
       3.473000      -0.174955      -0.307227       0.847818       0.021535       0.174955       0.307227      -0.847818      -0.021535      -0.694968
       3.474000      -0.174107      -0.307205       0.848808       0.023273       0.174107       0.307205      -0.848808      -0.023273      -0.694963
       3.475000      -0.173259      -0.307182       0.849797       0.025017       0.173259       0.307182      -0.849797      -0.025017      -0.694958
       3.476000      -0.172409      -0.307157       0.850784       0.026768       0.172409       0.307157      -0.850784      -0.026768      -0.694954
       3.477000      -0.171558      -0.307130       0.851770       0.028525       0.171558       0.307130      -0.851770      -0.028525      -0.694949
       3.478000      -0.170706      -0.307101       0.852756       0.030289       0.170706       0.307101      -0.852756      -0.030289      -0.694944
       3.479000      -0.169853      -0.307071       0.853739       0.032059       0.169853       0.307071      -0.853739      -0.032059      -0.694939
       3.480000      -0.169000      -0.307039       0.854722       0.033835       0.169000       0.307039      -0.854722      -0.033835      -0.694934
       3.481000      -0.168145      -0.307005       0.855704       0.035618       0.168145       0.307005      -0.855704      -0.035618      -0.694929
       3.482000      -0.167289      -0.306970       0.856684       0.037408       0.167289       0.306970      -0.856684      -0.037408      -0.694924
       3.483000      -0.166433      -0.306932       0.857662       0.039204       0.166433       0.306932      -0.857662      -0.039204      -0.694919
       3.484000      -0.165575      -0.306893       0.858640       0.041007       0.165575       0.306893      -0.858640      -0.041007      -0.694914
       3.485000      -0.164716      -0.306852       0.859616       0.042816       0.164716       0.306852      -0.859616      -0.042816      -0.694908
       3.486000      -0.163857      -0.306809       0.860591       0.044632       0.163857       0.306809      -0.860591      -0.044632      -0.694903
       3.487000      -0.162996      -0.306765       0.861565       0.046455       0.162996       0.306765      -0.861565      -0.046455      -0.694898
       3.488000      -0.162134      -0.306718       0.862537       0.048285       0.162134       0.306718      -0.862537      -0.048285      -0.694893
       3.489000      -0.161272      -0.306670       0.863507       0.050121       0.161272       0.306670      -0.863507      -0.050121      -0.694888
       3.490000      -0.160408      -0.306620       0.864477       0.051964       0.160408       0.306620      -0.864477      -0.051964      -0.694883
       3.491000      -0.159544      -0.306568       0.865444       0.053814       0.159544       0.306568      -0.865444      -0.053814      -0.694877
       3.492000      -0.158679      -0.306514       0.866411       0.055671       0.158679       0.306514      -0.866411      -0.055671      -0.694872
       3.493000      -0.157812      -0.306458       0.867375       0.057534       0.157812       0.306458      -0.867375      -0.057534      -0.694867
       3.494000      -0.156945      -0.306401       0.868339       0.059405       0.156945       0.306401      -0.868339      -0.059405      -0.694861
       3.495000      -0.156076      -0.306341       0.869300       0.061282       0.156076       0.306341      -0.869300      -0.061282      -0.694856
       3.496000      -0.155207      -0.306280       0.870260       0.063167       0.155207       0.306280      -0.870260      -0.063167      -0.694850
       3.497000      -0.154337      -0.306217       0.871219       0.065058       0.154337       0.306217      -0.871219      -0.065058      -0.694845
       3.498000      -0.153466      -0.306152       0.872176       0.066957       0.153466       0.306152      -0.872176      -0.066957      -0.694839
       3.499000      -0.152593      -0.306085       0.873131       0.068862       0.152593       0.306085      -0.873131      -0.068862      -0.694834
       3.500000      -0.151720      -0.306016       0.874085       0.070775       0.151720       0.306016      -0.874085      -0.070775      -0.694828
       3.501000      -0.150846      -0.305945       0.875037       0.072695       0.150846       0.305945      -0.875037      -0.072695      -0.694823
       3.502000      -0.149971      -0.305873       0.875987       0.074622       0.149971       0.305873      -0.875987      -0.074622      -0.694817
       3.503000      -0.149095      -0.305798       0.876935       0.076556       0.149095       0.305798      -0.876935      -0.076556      -0.694811
       3.504000      -0.148218      -0.305721       0.877882       0.078498       0.148218       0.305721      -0.877882      -0.078498      -0.694806
       3.505000      -0.147340      -0.305643       0.878826       0.080447       0.147340       0.305643      -0.878826      -0.080447      -0.694800
       3.506000      -0.146462      -0.305562       0.879769       0.082403       0.146462       0.305562      -0.879769      -0.082403      -0.694794
       3.507000      -0.145582      -0.305480       0.880711       0.084366       0.145582       0.305480      -0.880711      -0.084366      -0.694789
       3.508000      -0.144701      -0.305396       0.881650       0.086337       0.144701       0.305396      -0.881650      -0.086337      -0.694783
       3.509000      -0.143819      -0.305309       0.882587       0.088315       0.143819       0.305309      -0.882587      -0.088315      -0.694777
       3.510000      -0.142937      -0.305221       0.883522       0.090301       0.142937       0.305221      -0.883522      -0.090301      -0.694771
       3.511000      -0.142053      -0.305131       0.884456       0.092294       0.142053       0.305131      -0.884456      -0.092294      -0.694765
       3.512000      -0.141169      -0.305038       0.885387       0.094295       0.141169       0.305038      -0.885387      -0.094295      -0.694759
       3.513000      -0.140283      -0.304944       0.886317       0.096303       0.140283       0.304944      -0.886317      -0.096303      -0.694753
       3.514000      -0.139397      -0.304848       0.887244       0.098319       0.139397       0.304848      -0.887244      -0.098319      -0.694747
       3.515000      -0.138510      -0.304749       0.888169       0.100342       0.138510       0.304749      -0.888169      -0.100342      -0.694741
       3.516000      -0.137622      -0.304649       0.889092       0.102373       0.137622       0.304649      -0.889092      -0.102373      -0.694735
       3.517000      -0.136733      -0.304547       0.890013       0.104412       0.136733       0.304547      -0.890013      -0.104412      -0.694729
       3.518000      -0.135843      -0.304442       0.890932       0.106458       0.135843       0.304442      -0.890932      -0.106458      -0.694723
       3.519000      -0.134952      -0.304336       0.891849       0.108513       0.134952       0.304336      -0.891849      -0.108513      -0.694716
       3.520000      -0.134060      -0.304227       0.892763       0.110575       0.134060       0.304227      -0.892763      -0.110575      -0.694710
       3.521000      -0.133167      -0.304117       0.893675       0.112644       0.133167       0.304117      -0.893675      -0.112644      -0.694704
       3.522000      -0.132273      -0.304004       0.894585       0.114722       0.132273       0.304004      -0.894585      -0.114722      -0.694697
       3.523000      -0.131379      -0.303889       0.895492       0.116808       0.131379       0.303889      -0.895492      -0.116808      -0.694691
       3.524000      -0.130483      -0.303773       0.896398       0.118901       0.130483       0.303773      -0.896398      -0.118901      -0.694685
       3.525000      -0.129587      -0.303654       0.897300       0.121003       0.129587       0.303654      -0.897300      -0.121003      -0.694678
       3.526000      -0.128690      -0.303533       0.898201       0.123112       0.128690       0.303533      -0.898201      -0.123112      -0.694672
       3.527000      -0.127791      -0.303410       0.899098       0.125230       0.127791       0.303410      -0.899098      -0.125230      -0.694665
       3.528000      -0.126892      -0.303284       0.899994       0.127356       0.126892       0.303284      -0.899994      -0.127356      -0.694659
       3.529000      -0.125992      -0.303157       0.900886       0.129489       0.125992       0.303157      -0.900886      -0.129489      -0.694652
       3.530000      -0.125091      -0.303028       0.901777       0.131631       0.125091       0.303028      -0.901777      -0.131631      -0.694645
       3.531000      -0.124190      -0.302896       0.902664       0.133782       0.124190       0.302896      -0.902664      -0.133782      -0.694639
       3.532000      -0.123287      -0.302762       0.903549       0.135940       0.123287       0.302762      -0.903549      -0.135940      -0.694632
       3.533000      -0.122383      -0.302626       0.904431       0.138107       0.122383       0.302626      -0.904431      -0.138107      -0.694625
       3.534000      -0.121479      -0.302488       0.905311       0.140282       0.121479       0.302488      -0.905311      -0.140282      -0.694618
       3.535000      -0.120574      -0.302348       0.906188       0.142465       0.120574       0.302348      -0.906188      -0.142465      -0.694611
       3.536000      -0.119668      -0.302205       0.907062       0.144657       0.119668       0.302205      -0.907062      -0.144657      -0.694605
       3.537000      -0.118760      -0.302061       0.907933       0.146857       0.118760       0.302061      -0.907933      -0.146857      -0.694598
       3.538000      -0.117853      -0.301914       0.908801       0.149065       0.117853       0.301914      -0.908801      -0.149065      -0.694591
       3.539000      -0.116944      -0.301765       0.909667       0.151282       0.116944       0.301765      -0.909667      -0.151282      -0.694583
       3.540000      -0.116034      -0.301613       0.910529       0.153508       0.116034       0.301613      -0.910529      -0.153508      -0.694576
       3.541000      -0.115124      -0.301460       0.911389       0.155742       0.115124       0.301460      -0.911389      -0.155742      -0.694569
       3.542000      -0.114212      -0.301304       0.912245       0.157985       0.114212       0.301304      -0.912245      -0.157985      -0.694562
       3.543000      -0.113300      -0.301146       0.913099       0.160237       0.113300       0.301146      -0.913099      -0.160237      -0.694555
       3.544000      -0.112387      -0.300986       0.913949       0.162497       0.112387       0.300986      -0.913949      -0.162497      -0.694548
       3.545000      -0.111473      -0.300824       0.914796       0.164766       0.111473       0.300824      -0.914796      -0.164766      -0.694540
       3.546000      -0.110558      -0.300659       0.915640       0.167043       0.110558       0.300659      -0.915640      -0.167043      -0.694533
       3.547000      -0.109642      -0.300492       0.916481       0.169330       0.109642       0.300492      -0.916481      -0.169330      -0.694525
       3.548000      -0.108726      -0.300322       0.917319       0.171625       0.108726       0.300322      -0.917319      -0.171625      -0.694518
       3.549000      -0.107809      -0.300151       0.918153       0.173930       0.107809       0.300151      -0.918153      -0.173930      -0.694510
       3.550000      -0.106890      -0.299977       0.918984       0.176243       0.106890       0.299977      -0.918984      -0.176243      -0.694503
       3.551000      -0.105972      -0.299801       0.919811       0.178565       0.105972       0.299801      -0.919811      -0.178565      -0.694495
       3.552000      -0.105052      -0.299622       0.920635       0.180896       0.105052       0.299622      -0.920635      -0.180896      -0.694487
       3.553000      -0.104131      -0.299441       0.921456       0.183236       0.104131       0.299441      -0.921456      -0.183236      -0.694480
       3.554000      -0.103210      -0.299258       0.922273       0.185586       0.103210       0.299258      -0.922273      -0.185586      -0.694472
       3.555000      -0.102287      -0.299072       0.923086       0.187944       0.102287       0.299072      -0.923086      -0.187944      -0.694464
       3.556000      -0.101364      -0.298884       0.923896       0.190312       0.101364       0.298884      -0.923896      -0.190312      -0.694456
       3.557000      -0.100440      -0.298694       0.924702       0.192689       0.100440       0.298694      -0.924702      -0.192689      -0.694448
       3.558000      -0.099516      -0.298501       0.925504       0.195075       0.099516       0.298501      -0.925504      -0.195075      -0.694440
       3.559000      -0.098590      -0.298306       0.926303       0.197470       0.098590       0.298306      -0.926303      -0.197470      -0.694432
       3.560000      -0.097664      -0.298109       0.927098       0.199875       0.097664       0.298109      -0.927098      -0.199875      -0.694424
       3.561000      -0.096737      -0.297909       0.927889       0.202289       0.096737       0.297909      -0.927889      -0.202289      -0.694416
       3.562000      -0.095809      -0.297707       0.928676       0.204713       0.095809       0.297707      -0.928676      -0.204713      -0.694407
       3.563000      -0.094880      -0.297502       0.929459       0.207146       0.094880       0.297502      -0.929459      -0.207146      -0.694399
       3.564000      -0.093951      -0.297295       0.930238       0.209589       0.093951       0.297295      -0.930238      -0.209589      -0.694391
       3.565000      -0.093020      -0.297085       0.931013       0.212041       0.093020       0.297085      -0.931013      -0.212041      -0.694382
       3.566000      -0.092089      -0.296873       0.931784       0.214503       0.092089       0.296873      -0.931784      -0.214503      -0.694374
       3.567000      -0.091158      -0.296659       0.932550       0.216974       0.091158       0.296659      -0.932550      -0.216974      -0.694365
       3.568000      -0.090225      -0.296442       0.933313       0.219455       0.090225       0.296442      -0.933313      -0.219455      -0.694357
       3.569000      -0.089292      -0.296222       0.934071       0.221946       0.089292       0.296222      -0.934071      -0.221946      -0.694348
       3.570000      -0.088358      -0.296000       0.934825       0.224447       0.088358       0.296000      -0.934825      -0.224447      -0.694339
       3.571000      -0.087423      -0.295776       0.935574       0.226957       0.087423       0.295776      -0.935574      -0.226957      -0.694330
       3.572000      -0.086487      -0.295549       0.936319       0.229478       0.086487       0.295549      -0.936319      -0.229478      -0.694322
       3.573000      -0.085551      -0.295319       0.937059       0.232008       0.085551       0.295319      -0.937059      -0.232008      -0.694313
       3.574000      -0.084614      -0.295087       0.937795       0.234548       0.084614       0.295087      -0.937795      -0.234548      -0.694304
       3.575000      -0.083676      -0.294853       0.938526       0.237098       0.083676       0.294853      -0.938526      -0.237098      -0.694295
       3.576000      -0.082738      -0.294616       0.939253       0.239658       0.082738       0.294616      -0.939253      -0.239658      -0.694285
       3.577000      -0.081798      -0.294376       0.939975       0.242229       0.081798       0.294376      -0.939975      -0.242229      -0.694276
       3.578000      -0.080858      -0.294134       0.940692       0.244809       0.080858       0.294134      -0.940692      -0.244809      -0.694267
       3.579000      -0.079918      -0.293889       0.941404       0.247400       0.079918       0.293889      -0.941404      -0.247400      -0.694258
       3.580000      -0.078976      -0.293642       0.942111       0.250000       0.078976       0.293642      -0.942111      -0.250000      -0.694248
       3.581000      -0.078034      -0.293392       0.942813       0.252611       0.078034       0.293392      -0.942813      -0.252611      -0.694239
       3.582000      -0.077091      -0.293139       0.943511       0.255233       0.077091       0.293139      -0.943511      -0.255233      -0.694229
       3.583000      -0.076148      -0.292884       0.944203       0.257864       0.076148       0.292884      -0.944203      -0.257864      -0.694220
       3.584000      -0.075204      -0.292626       0.944890       0.260506       0.075204       0.292626      -0.944890      -0.260506      -0.694210
       3.585000      -0.074259      -0.292365       0.945571       0.263159       0.074259       0.292365      -0.945571      -0.263159      -0.694200
       3.586000      -0.073313      -0.292102       0.946248       0.265822       0.073313       0.292102      -0.946248      -0.265822      -0.694190
       3.587000      -0.072367      -0.291836       0.946919       0.268495       0.072367       0.291836      -0.946919      -0.268495      -0.694180
       3.588000      -0.071420      -0.291568       0.947584       0.271179       0.071420       0.291568      -0.947584      -0.271179      -0.694170
       3.589000      -0.070472      -0.291297       0.948244       0.273874       0.070472       0.291297      -0.948244      -0.273874      -0.694160
       3.590000      -0.069524      -0.291023       0.948899       0.276579       0.069524       0.291023      -0.948899      -0.276579      -0.694150
       3.591000      -0.068575      -0.290746       0.949548       0.279295       0.068575       0.290746      -0.949548      -0.279295      -0.694140
       3.592000      -0.067626      -0.290467       0.950191       0.282022       0.067626       0.290467      -0.950191      -0.282022      -0.694130
       3.593000      -0.066676      -0.290185       0.950828       0.284759       0.066676       0.290185      -0.950828      -0.284759      -0.694119
       3.594000      -0.065725      -0.289900       0.951459       0.287508       0.065725       0.289900      -0.951459      -0.287508      -0.694109
       3.595000      -0.064773      -0.289613       0.952085       0.290267       0.064773       0.289613      -0.952085      -0.290267      -0.694098
       3.596000      -0.063821      -0.289322       0.952705       0.293037       0.063821       0.289322      -0.952705      -0.293037      -0.694088
       3.597000      -0.062869      -0.289029       0.953318       0.295818       0.062869       0.289029      -0.953318      -0.295818      -0.694077
       3.598000      -0.061915      -0.288734       0.953925       0.298610       0.061915       0.288734      -0.953925      -0.298610      -0.694066
       3.599000      -0.060961      -0.288435       0.954527       0.301414       0.060961       0.288435      -0.954527      -0.301414      -0.694055
       3.600000      -0.060007      -0.288134       0.955121       0.304228       0.060007       0.288134      -0.955121      -0.304228      -0.694044
       3.601000      -0.059052      -0.287829       0.955710       0.307054       0.059052       0.287829      -0.955710      -0.307054      -0.694033
       3.602000      -0.058096      -0.287522       0.956292       0.309890       0.058096       0.287522      -0.956292      -0.309890      -0.694022
       3.603000      -0.057140      -0.287212       0.956867       0.312738       0.057140       0.287212      -0.956867      -0.312738      -0.694011
       3.604000      -0.056183      -0.286900       0.957436       0.315597       0.056183       0.286900      -0.957436      -0.315597      -0.693999
       3.605000      -0.055225      -0.286584       0.957998       0.318468       0.055225       0.286584      -0.957998      -0.318468      -0.693988
       3.606000      -0.054267      -0.286266       0.958554       0.321350       0.054267       0.286266      -0.958554      -0.321350      -0.693976
       3.607000      -0.053309      -0.285944       0.959102       0.324243       0.053309       0.285944      -0.959102      -0.324243      -0.693965
       3.608000      -0.052350      -0.285620       0.959644       0.327148       0.052350       0.285620      -0.959644      -0.327148      -0.693953
       3.609000      -0.051390      -0.285293       0.960178       0.330064       0.051390       0.285293      -0.960178      -0.330064      -0.693941
       3.610000      -0.050430      -0.284963       0.960706       0.332992       0.050430       0.284963      -0.960706      -0.332992      -0.693929
       3.611000      -0.049469      -0.284630       0.961226       0.335932       0.049469       0.284630      -0.961226      -0.335932      -0.693917
       3.612000      -0.048508      -0.284294       0.961739       0.338883       0.048508       0.284294      -0.961739      -0.338883      -0.693905
       3.613000      -0.047546      -0.283955       0.962244       0.341846       0.047546       0.283955      -0.962244      -0.341846      -0.693893
       3.614000      -0.046584      -0.283613       0.962742       0.344820       0.046584       0.283613      -0.962742      -0.344820      -0.693881
       3.615000      -0.045621      -0.283268       0.963233       0.347807       0.045621       0.283268      -0.963233      -0.347807      -0.693868
       3.616000      -0.044658      -0.282921       0.963716       0.350805       0.044658       0.282921      -0.963716      -0.350805      -0.693856
       3.617000      -0.043694      -0.282570       0.964191       0.353815       0.043694       0.282570      -0.964191      -0.353815      -0.693843
       3.618000      -0.042730      -0.282216       0.964658       0.356837       0.042730       0.282216      -0.964658      -0.356837      -0.693830
       3.619000      -0.041765      -0.281859       0.965117       0.359871       0.041765       0.281859      -0.965117      -0.359871      -0.693817
       3.620000      -0.040800      -0.281499       0.965569       0.362917       0.040800       0.281499      -0.965569      -0.362917      -0.693804
       3.621000      -0.039835      -0.281136       0.966012       0.365975       0.039835       0.281136      -0.966012      -0.365975      -0.693791
       3.622000      -0.038869      -0.280770       0.966447       0.369045       0.038869       0.280770      -0.966447      -0.369045      -0.693778
       3.623000      -0.037902      -0.280401       0.966874       0.372127       0.037902       0.280401      -0.966874      -0.372127      -0.693765
       3.624000      -0.036935      -0.280029       0.967292       0.375222       0.036935       0.280029      -0.967292      -0.375222      -0.693751
       3.625000      -0.035968      -0.279654       0.967702       0.378329       0.035968       0.279654      -0.967702      -0.378329      -0.693738
       3.626000      -0.035000      -0.279276       0.968103       0.381448       0.035000       0.279276      -0.968103      -0.381448      -0.693724
       3.627000      -0.034032      -0.278894       0.968495       0.384579       0.034032       0.278894      -0.968495      -0.384579      -0.693710
       3.628000      -0.033064      -0.278510       0.968879       0.387723       0.033064       0.278510      -0.968879      -0.387723      -0.693697
       3.629000      -0.032095      -0.278122       0.969254       0.390879       0.032095       0.278122      -0.969254      -0.390879      -0.693683
       3.630000      -0.031126      -0.277731       0.969619       0.394047       0.031126       0.277731      -0.969619      -0.394047      -0.693668
       3.631000      -0.030156      -0.277337       0.969976       0.397228       0.030156       0.277337      -0.969976      -0.397228      -0.693654
       3.632000      -0.029186      -0.276940       0.970323       0.400422       0.029186       0.276940      -0.970323      -0.400422      -0.693640
       3.633000      -0.028216      -0.276539       0.970661       0.403628       0.028216       0.276539      -0.970661      -0.403628      -0.693625
       3.634000      -0.027245      -0.276136       0.970989       0.406846       0.027245       0.276136      -0.970989      -0.406846      -0.693611
       3.635000      -0.026274      -0.275729       0.971308       0.410078       0.026274       0.275729      -0.971308      -0.410078      -0.693596
       3.636000      -0.025303      -0.275319       0.971617       0.413322       0.025303       0.275319      -0.971617      -0.413322      -0.693581
       3.637000      -0.024331      -0.274905       0.971917       0.416578       0.024331       0.274905      -0.971917      -0.416578      -0.693566
       3.638000      -0.023359      -0.274489       0.972206       0.419848       0.023359       0.274489      -0.972206      -0.419848      -0.693551
       3.639000      -0.022387      -0.274069       0.972485       0.423130       0.022387       0.274069      -0.972485      -0.423130      -0.693535
       3.640000      -0.021415      -0.273646       0.972754       0.426426       0.021415       0.273646      -0.972754      -0.426426      -0.693520
       3.641000      -0.020442      -0.273219       0.973013       0.429734       0.020442       0.273219      -0.973013      -0.429734      -0.693504
       3.642000      -0.019469      -0.272790       0.973262       0.433055       0.019469       0.272790      -0.973262      -0.433055      -0.693489
       3.643000      -0.018496      -0.272357       0.973500       0.436389       0.018496       0.272357      -0.973500      -0.436389      -0.693473
       3.644000      -0.017522      -0.271920       0.973727       0.439736       0.017522       0.271920      -0.973727      -0.439736      -0.693457
       3.645000      -0.016548      -0.271480       0.973944       0.443096       0.016548       0.271480      -0.973944      -0.443096      -0.693441
       3.646000      -0.015574      -0.271037       0.974149       0.446469       0.015574       0.271037      -0.974149      -0.446469      -0.693424
       3.647000      -0.014600      -0.270591       0.974344       0.449856       0.014600       0.270591      -0.974344      -0.449856      -0.693408
       3.648000      -0.013626      -0.270141       0.974527       0.453255       0.013626       0.270141      -0.974527      -0.453255      -0.693391
       3.649000      -0.012651      -0.269688       0.974699       0.456668       0.012651       0.269688      -0.974699      -0.456668      -0.693374
       3.650000      -0.011677      -0.269231       0.974860       0.460094       0.011677       0.269231      -0.974860      -0.460094      -0.693357
       3.651000      -0.010702      -0.268771       0.975009       0.463533       0.010702       0.268771      -0.975009      -0.463533      -0.693340
       3.652000      -0.009727      -0.268308       0.975147       0.466986       0.009727       0.268308      -0.975147      -0.466986      -0.693323
       3.653000      -0.008752      -0.267841       0.975272       0.470452       0.008752       0.267841      -0.975272      -0.470452      -0.693306
       3.654000      -0.007776      -0.267370       0.975386       0.473931       0.007776       0.267370      -0.975386      -0.473931      -0.693288
       3.655000      -0.006801      -0.266896       0.975488       0.477424       0.006801       0.266896      -0.975488      -0.477424      -0.693270
       3.656000      -0.005825      -0.266419       0.975577       0.480930       0.005825       0.266419      -0.975577      -0.480930      -0.693252
       3.657000      -0.004850      -0.265938       0.975654       0.484450       0.004850       0.265938      -0.975654      -0.484450      -0.693234
       3.658000      -0.003874      -0.265453       0.975718       0.487983       0.003874       0.265453      -0.975718      -0.487983      -0.693216
       3.659000      -0.002899      -0.264965       0.975770       0.491530       0.002899       0.264965      -0.975770      -0.491530      -0.693198
       3.660000      -0.001923      -0.264474       0.975809       0.495090       0.001923       0.264474      -0.975809      -0.495090      -0.693179
       3.661000      -0.000947      -0.263979       0.975835       0.498664       0.000947       0.263979      -0.975835      -0.498664      -0.693160
       3.662000       0.000029      -0.263480       0.975848       0.502251      -0.000029       0.263480      -0.975848      -0.502251      -0.693141
       3.663000       0.001005      -0.262978       0.975848       0.505852      -0.001005       0.262978      -0.975848      -0.505852      -0.693122
       3.664000       0.001981      -0.262472       0.975834       0.509467      -0.001981       0.262472      -0.975834      -0.509467      -0.693103
       3.665000       0.002956      -0.261962       0.975806       0.513096      -0.002956       0.261962      -0.975806      -0.513096      -0.693083
       3.666000       0.003932      -0.261449       0.975765       0.516738      -0.003932       0.261449      -0.975765      -0.516738      -0.693064
       3.667000       0.004908      -0.260933       0.975710       0.520394      -0.004908       0.260933      -0.975710      -0.520394      -0.693044
       3.668000       0.005884      -0.260412       0.975641       0.524064      -0.005884       0.260412      -0.975641      -0.524064      -0.693024
       3.669000       0.006859      -0.259888       0.975558       0.527748      -0.006859       0.259888      -0.975558      -0.527748      -0.693003
       3.670000       0.007835      -0.259360       0.975460       0.531445      -0.007835       0.259360      -0.975460      -0.531445      -0.692983
       3.671000       0.008810      -0.258829       0.975348       0.535157      -0.008810       0.258829      -0.975348      -0.535157      -0.692962
       3.672000       0.009786      -0.258294       0.975221       0.538882      -0.009786       0.258294      -0.975221      -0.538882      -0.692941
       3.673000       0.010761      -0.257755       0.975080       0.542621      -0.010761       0.257755      -0.975080      -0.542621      -0.692920
       3.674000       0.011736      -0.257212       0.974923       0.546374      -0.011736       0.257212      -0.974923      -0.546374      -0.692899
       3.675000       0.012711      -0.256666       0.974751       0.550141      -0.012711       0.256666      -0.974751      -0.550141      -0.692877
       3.676000       0.013686      -0.256116       0.974564       0.553922      -0.013686       0.256116      -0.974564      -0.553922      -0.692855
       3.677000       0.014660      -0.255562       0.974361       0.557717      -0.014660       0.255562      -0.974361      -0.557717      -0.692833
       3.678000       0.015635      -0.255004       0.974143       0.561526      -0.015635       0.255004      -0.974143      -0.561526      -0.692811
       3.679000       0.016609      -0.254443       0.973908       0.565349      -0.016609       0.254443      -0.973908      -0.565349      -0.692789
       3.680000       0.017583      -0.253877       0.973658       0.569186      -0.017583       0.253877      -0.973658      -0.569186      -0.692766
       3.681000       0.018556      -0.253308       0.973391       0.573037      -0.018556       0.253308      -0.973391      -0.573037      -0.692743
       3.682000       0.019530      -0.252735       0.973108       0.576902      -0.019530       0.252735      -0.973108      -0.576902      -0.692720
       3.683000       0.020503      -0.252158       0.972808       0.580782      -0.020503       0.252158      -0.972808      -0.580782      -0.692697
       3.684000       0.021476      -0.251577       0.972492       0.584675      -0.021476       0.251577      -0.972492      -0.584675      -0.692673
       3.685000       0.022448      -0.250993       0.972158       0.588582      -0.022448       0.250993      -0.972158      -0.588582      -0.692649
       3.686000       0.023420      -0.250404       0.971807       0.592503      -0.023420       0.250404      -0.971807      -0.592503      -0.692625
       3.687000       0.024392      -0.249812       0.971439       0.596439      -0.024392       0.249812      -0.971439      -0.596439      -0.692601
       3.688000       0.025364      -0.249215       0.971054       0.600388      -0.025364       0.249215      -0.971054      -0.600388      -0.692577
       3.689000       0.026335      -0.248615       0.970650       0.604351      -0.026335       0.248615      -0.970650      -0.604351      -0.692552
       3.690000       0.027305      -0.248010       0.970229       0.608329      -0.027305       0.248010      -0.970229      -0.608329      -0.692527
       3.691000       0.028275      -0.247402       0.969790       0.612321      -0.028275       0.247402      -0.969790      -0.612321      -0.692501
       3.692000       0.029245      -0.246790       0.969332       0.616326      -0.029245       0.246790      -0.969332      -0.616326      -0.692476
       3.693000       0.030215      -0.246173       0.968855       0.620346      -0.030215       0.246173      -0.968855      -0.620346      -0.692450
       3.694000       0.031183      -0.245553       0.968360       0.624380      -0.031183       0.245553      -0.968360      -0.624380      -0.692424
       3.695000       0.032152      -0.244929       0.967846       0.628428      -0.032152       0.244929      -0.967846      -0.628428      -0.692397
       3.696000       0.033120      -0.244300       0.967313       0.632490      -0.033120       0.244300      -0.967313      -0.632490      -0.692371
       3.697000       0.034087      -0.243668       0.966761       0.636566      -0.034087       0.243668      -0.966761      -0.636566      -0.692344
       3.698000       0.035054      -0.243031       0.966188       0.640656      -0.035054       0.243031      -0.966188      -0.640656      -0.692317
       3.699000       0.036020      -0.242391       0.965596       0.644760      -0.036020       0.242391      -0.965596      -0.644760      -0.692289
       3.700000       0.036985      -0.241746       0.964984       0.648877      -0.036985       0.241746      -0.964984      -0.648877      -0.692261
       3.701000       0.037950      -0.241097       0.964352       0.653009      -0.037950       0.241097      -0.964352      -0.653009      -0.692233
       3.702000       0.038915      -0.240444       0.963700       0.657155      -0.038915       0.240444      -0.963700      -0.657155      -0.692205
       3.703000       0.039879      -0.239787       0.963027       0.661315      -0.039879       0.239787      -0.963027      -0.661315      -0.692176
       3.704000       0.040842      -0.239126       0.962332       0.665489      -0.040842       0.239126      -0.962332      -0.665489      -0.692147
       3.705000       0.041804      -0.238460       0.961617       0.669676      -0.041804       0.238460      -0.961617      -0.669676      -0.692118
       3.706000       0.042766      -0.237790       0.960881       0.673877      -0.042766       0.237790      -0.960881      -0.673877      -0.692088
       3.707000       0.043726      -0.237116       0.960123       0.678093      -0.043726       0.237116      -0.960123      -0.678093      -0.692058
       3.708000       0.044687      -0.236438       0.959343       0.682322      -0.044687       0.236438      -0.959343      -0.682322      -0.692028
       3.709000       0.045646      -0.235756       0.958541       0.686564      -0.045646       0.235756      -0.958541      -0.686564      -0.691997
       3.710000       0.046604      -0.235069       0.957717       0.690821      -0.046604       0.235069      -0.957717      -0.690821      -0.691966
       3.711000       0.047562      -0.234379       0.956870       0.695091      -0.047562       0.234379      -0.956870      -0.695091      -0.691935
       3.712000       0.048519      -0.233684       0.956001       0.699374      -0.048519       0.233684      -0.956001      -0.699374      -0.691904
       3.713000       0.049475      -0.232984       0.955109       0.703672      -0.049475       0.232984      -0.955109      -0.703672      -0.691872
       3.714000       0.050430      -0.232281       0.954193       0.707982      -0.050430       0.232281      -0.954193      -0.707982      -0.691840
       3.715000       0.051384      -0.231573       0.953254       0.712307      -0.051384       0.231573      -0.953254      -0.712307      -0.691807
       3.716000       0.052338      -0.230860       0.952292       0.716644      -0.052338       0.230860      -0.952292      -0.716644      -0.691774
       3.717000       0.053290      -0.230144       0.951306       0.720995      -0.053290       0.230144      -0.951306      -0.720995      -0.691741
       3.718000       0.054241      -0.229423       0.950295       0.725360      -0.054241       0.229423      -0.950295      -0.725360      -0.691707
       3.719000       0.055191      -0.228697       0.949260       0.729737      -0.055191       0.228697      -0.949260      -0.729737      -0.691673
       3.720000       0.056141      -0.227968       0.948200       0.734128      -0.056141       0.227968      -0.948200      -0.734128      -0.691639
       3.721000       0.057089      -0.227233       0.947116       0.738532      -0.057089       0.227233      -0.947116      -0.738532      -0.691604
       3.722000       0.058036      -0.226495       0.946006       0.742949      -0.058036       0.226495      -0.946006      -0.742949      -0.691569
       3.723000       0.058982      -0.225752       0.944871       0.747379      -0.058982       0.225752      -0.944871      -0.747379      -0.691533
       3.724000       0.059927      -0.225005       0.943710       0.751822      -0.059927       0.225005      -0.943710      -0.751822      -0.691497
       3.725000       0.060871      -0.224253       0.942524       0.756277      -0.060871       0.224253      -0.942524      -0.756277      -0.691461
       3.726000       0.061813      -0.223496       0.941311       0.760746      -0.061813       0.223496      -0.941311      -0.760746      -0.691424
       3.727000       0.062754      -0.222736       0.940071       0.765227      -0.062754       0.222736      -0.940071      -0.765227      -0.691387
       3.728000       0.063695      -0.221970       0.938805       0.769720      -0.063695       0.221970      -0.938805      -0.769720      -0.691349
       3.729000       0.064633      -0.221201       0.937512       0.774227      -0.064633       0.221201      -0.937512      -0.774227      -0.691311
       3.730000       0.065571      -0.220427       0.936192       0.778745      -0.065571       0.220427      -0.936192      -0.778745      -0.691273
       3.731000       0.066507      -0.219648       0.934844       0.783276      -0.066507       0.219648      -0.934844      -0.783276      -0.691234
       3.732000       0.067442      -0.218864       0.933469       0.787819      -0.067442       0.218864      -0.933469      -0.787819      -0.691195
       3.733000       0.068375      -0.218077       0.932065       0.792374      -0.068375       0.218077      -0.932065      -0.792374      -0.691155
       3.734000       0.069307      -0.217284       0.930633       0.796941      -0.069307       0.217284      -0.930633      -0.796941      -0.691115
       3.735000       0.070238      -0.216487       0.929172       0.801520      -0.070238       0.216487      -0.929172      -0.801520      -0.691075
       3.736000       0.071167      -0.215686       0.927683       0.806111      -0.071167       0.215686      -0.927683      -0.806111      -0.691034
       3.737000       0.072095      -0.214880       0.926165       0.810713      -0.072095       0.214880      -0.926165      -0.810713      -0.690992
       3.738000       0.073021      -0.214069       0.924617       0.815327      -0.073021       0.214069      -0.924617      -0.815327      -0.690951
       3.739000       0.073946      -0.213254       0.923039       0.819952      -0.073946       0.213254      -0.923039      -0.819952      -0.690908
       3.740000       0.074869      -0.212434       0.921431       0.824588      -0.074869       0.212434      -0.921431      -0.824588      -0.690865
       3.741000       0.075790      -0.211609       0.919793       0.829236      -0.075790       0.211609      -0.919793      -0.829236      -0.690822
       3.742000       0.076710      -0.210780       0.918125       0.833894      -0.076710       0.210780      -0.918125      -0.833894      -0.690778
       3.743000       0.077628      -0.209946       0.916425       0.838564      -0.077628       0.209946      -0.916425      -0.838564      -0.690734
       3.744000       0.078544      -0.209107       0.914695       0.843244      -0.078544       0.209107      -0.914695      -0.843244      -0.690689
       3.745000       0.079459      -0.208264       0.912933       0.847934      -0.079459       0.208264      -0.912933      -0.847934      -0.690644
       3.746000       0.080372      -0.207416       0.911140       0.852635      -0.080372       0.207416      -0.911140      -0.852635      -0.690598
       3.747000       0.081283      -0.206564       0.909314       0.857346      -0.081283       0.206564      -0.909314      -0.857346      -0.690552
       3.748000       0.082193      -0.205706       0.907456       0.862067      -0.082193       0.205706      -0.907456      -0.862067      -0.690505
       3.749000       0.083100      -0.204844       0.905566       0.866798      -0.083100       0.204844      -0.905566      -0.866798      -0.690458
       3.750000       0.084006      -0.203977       0.903643       0.871539      -0.084006       0.203977      -0.903643      -0.871539      -0.690410
       3.751000       0.084909      -0.203106       0.901686       0.876289      -0.084909       0.203106      -0.901686      -0.876289      -0.690362
       3.752000       0.085811      -0.202230       0.899697       0.881049      -0.085811       0.202230      -0.899697      -0.881049      -0.690313
       3.753000       0.086711      -0.201349       0.897673       0.885818      -0.086711       0.201349      -0.897673      -0.885818      -0.690263
       3.754000       0.087608      -0.200463       0.895616       0.890595      -0.087608       0.200463      -0.895616      -0.890595      -0.690213
       3.755000       0.088504      -0.199572       0.893524       0.895382      -0.088504       0.199572      -0.893524      -0.895382      -0.690163
       3.756000       0.089397      -0.198677       0.891398       0.900177      -0.089397       0.198677      -0.891398      -0.900177      -0.690111
       3.757000       0.090289      -0.197777       0.889236       0.904980      -0.090289       0.197777      -0.889236      -0.904980      -0.690060
       3.758000       0.091178      -0.196872       0.887040       0.909791      -0.091178       0.196872      -0.887040      -0.909791      -0.690007
       3.759000       0.092065      -0.195962       0.884808       0.914610      -0.092065       0.195962      -0.884808      -0.914610      -0.689955
       3.760000       0.092950      -0.195047       0.882540       0.919437      -0.092950       0.195047      -0.882540      -0.919437      -0.689901
       3.761000       0.093832      -0.194128       0.880236       0.924272      -0.093832       0.194128      -0.880236      -0.924272      -0.689847
       3.762000       0.094713      -0.193203       0.877896       0.929113      -0.094713       0.193203      -0.877896      -0.929113      -0.689792
       3.763000       0.095591      -0.192274       0.875519       0.933962      -0.095591       0.192274      -0.875519      -0.933962      -0.689737
       3.764000       0.096466      -0.191340       0.873105       0.938817      -0.096466       0.191340      -0.873105      -0.938817      -0.689681
       3.765000       0.097339      -0.190402       0.870654       0.943679      -0.097339       0.190402      -0.870654      -0.943679      -0.689625
       3.766000       0.098210      -0.189458       0.868166       0.948547      -0.098210       0.189458      -0.868166      -0.948547      -0.689568
       3.767000       0.099078      -0.188509       0.865639       0.953421      -0.099078       0.188509      -0.865639      -0.953421      -0.689510
       3.768000       0.099944      -0.187556       0.863075       0.958300      -0.099944       0.187556      -0.863075      -0.958300      -0.689451
       3.769000       0.100807      -0.186598       0.860472       0.963185      -0.100807       0.186598      -0.860472      -0.963185      -0.689392
       3.770000       0.101667      -0.185634       0.857830       0.968075      -0.101667       0.185634      -0.857830      -0.968075      -0.689333
       3.771000       0.102525      -0.184666       0.855149       0.972970      -0.102525       0.184666      -0.855149      -0.972970      -0.689272
       3.772000       0.103380      -0.183693       0.852429       0.977869      -0.103380       0.183693      -0.852429      -0.977869      -0.689211
       3.773000       0.104233      -0.182716       0.849669       0.982773      -0.104233       0.182716      -0.849669      -0.982773      -0.689149
       3.774000       0.105082      -0.181733       0.846870       0.987680      -0.105082       0.181733      -0.846870      -0.987680      -0.689087
       3.775000       0.105929      -0.180745       0.844030       0.992591      -0.105929       0.180745      -0.844030      -0.992591      -0.689024
       3.776000       0.106773      -0.179753       0.841150       0.997505      -0.106773       0.179753      -0.841150      -0.997505      -0.688960
       3.777000       0.107614      -0.178755       0.838229       1.002423      -0.107614       0.178755      -0.838229      -1.002423      -0.688896
       3.778000       0.108453      -0.177753       0.835267       1.007342      -0.108453       0.177753      -0.835267      -1.007342      -0.688831
       3.779000       0.109288      -0.176745       0.832264       1.012264      -0.109288       0.176745      -0.832264      -1.012264      -0.688765
       3.780000       0.110120      -0.175733       0.829219       1.017189      -0.110120       0.175733      -0.829219      -1.017189      -0.688698
       3.781000       0.110949      -0.174716       0.826133       1.022114      -0.110949       0.174716      -0.826133      -1.022114      -0.688631
       3.782000       0.111775      -0.173694       0.823004       1.027041      -0.111775       0.173694      -0.823004      -1.027041      -0.688563
       3.783000       0.112598      -0.172667       0.819833       1.031969      -0.112598       0.172667      -0.819833      -1.031969      -0.688494
       3.784000       0.113418      -0.171635       0.816619       1.036897      -0.113418       0.171635      -0.816619      -1.036897      -0.688424
       3.785000       0.114235      -0.170598       0.813363       1.041825      -0.114235       0.170598      -0.813363      -1.041825      -0.688354
       3.786000       0.115048      -0.169556       0.810063       1.046753      -0.115048       0.169556      -0.810063      -1.046753      -0.688283
       3.787000       0.115858      -0.168509       0.806720       1.051680      -0.115858       0.168509      -0.806720      -1.051680      -0.688211
       3.788000       0.116665      -0.167458       0.803333       1.056607      -0.116665       0.167458      -0.803333      -1.056607      -0.688138
       3.789000       0.117468      -0.166401       0.799902       1.061531      -0.117468       0.166401      -0.799902      -1.061531      -0.688065
       3.790000       0.118268      -0.165339       0.796427       1.066454      -0.118268       0.165339      -0.796427      -1.066454      -0.687991
       3.791000       0.119065      -0.164273       0.792907       1.071374      -0.119065       0.164273      -0.792907      -1.071374      -0.687916
       3.792000       0.119858      -0.163202       0.789343       1.076292      -0.119858       0.163202      -0.789343      -1.076292      -0.687840
       3.793000       0.120647      -0.162125       0.785733       1.081207      -0.120647       0.162125      -0.785733      -1.081207      -0.687763
       3.794000       0.121433      -0.161044       0.782079       1.086118      -0.121433       0.161044      -0.782079      -1.086118      -0.687686
       3.795000       0.122215      -0.159958       0.778379       1.091024      -0.122215       0.159958      -0.778379      -1.091024      -0.687607
       3.796000       0.122993      -0.158867       0.774633       1.095927      -0.122993       0.158867      -0.774633      -1.095927      -0.687528
       3.797000       0.123768      -0.157771       0.770842       1.100824      -0.123768       0.157771      -0.770842      -1.100824      -0.687448
       3.798000       0.124539      -0.156670       0.767005       1.105715      -0.124539       0.156670      -0.767005      -1.105715      -0.687368
       3.799000       0.125306      -0.155564       0.763121       1.110601      -0.125306       0.155564      -0.763121      -1.110601      -0.687286
       3.800000       0.126069      -0.154454       0.759191       1.115481      -0.126069       0.154454      -0.759191      -1.115481      -0.687204
       3.801000       0.126828      -0.153338       0.755214       1.120353      -0.126828       0.153338      -0.755214      -1.120353      -0.687120
       3.802000       0.127583      -0.152218       0.751190       1.125218      -0.127583       0.152218      -0.751190      -1.125218      -0.687036
       3.803000       0.128334      -0.151093       0.747119       1.130075      -0.128334       0.151093      -0.747119      -1.130075      -0.686951
       3.804000       0.129081      -0.149963       0.743000       1.134924      -0.129081       0.149963      -0.743000      -1.134924      -0.686865
       3.805000       0.129824      -0.148828       0.738835       1.139763      -0.129824       0.148828      -0.738835      -1.139763      -0.686778
       3.806000       0.130563      -0.147688       0.734621       1.144593      -0.130563       0.147688      -0.734621      -1.144593      -0.686691
       3.807000       0.131298      -0.146543       0.730360       1.149414      -0.131298       0.146543      -0.730360      -1.149414      -0.686602
       3.808000       0.132028      -0.145394       0.726051       1.154223      -0.132028       0.145394      -0.726051      -1.154223      -0.686513
       3.809000       0.132754      -0.144240       0.721694       1.159021      -0.132754       0.144240      -0.721694      -1.159021      -0.686422
       3.810000       0.133476      -0.143081       0.717288       1.163808      -0.133476       0.143081      -0.717288      -1.163808      -0.686331
       3.811000       0.134193      -0.141917       0.712834       1.168583      -0.134193       0.141917      -0.712834      -1.168583      -0.686239
       3.812000       0.134906      -0.140748       0.708332       1.173344      -0.134906       0.140748      -0.708332      -1.173344      -0.686146
       3.813000       0.135614      -0.139575       0.703780       1.178093      -0.135614       0.139575      -0.703780      -1.178093      -0.686051
       3.814000       0.136318      -0.138397       0.699180       1.182827      -0.136318       0.138397      -0.699180      -1.182827      -0.685957
       3.815000       0.137017      -0.137214       0.694531       1.187547      -0.137017       0.137214      -0.694531      -1.187547      -0.685861
       3.816000       0.137712      -0.136027       0.689833       1.192252      -0.137712       0.136027      -0.689833      -1.192252      -0.685764
       3.817000       0.138402      -0.134834       0.685086       1.196941      -0.138402       0.134834      -0.685086      -1.196941      -0.685666
       3.818000       0.139087      -0.133637       0.680290       1.201613      -0.139087       0.133637      -0.680290      -1.201613      -0.685567
       3.819000       0.139767      -0.132436       0.675445       1.206269      -0.139767       0.132436      -0.675445      -1.206269      -0.685468
       3.820000       0.140443      -0.131229       0.670550       1.210907      -0.140443       0.131229      -0.670550      -1.210907      -0.685367
       3.821000       0.141113      -0.130019       0.665605       1.215527      -0.141113       0.130019      -0.665605      -1.215527      -0.685265
       3.822000       0.141779      -0.128803       0.660612       1.220128      -0.141779       0.128803      -0.660612      -1.220128      -0.685163
       3.823000       0.142439      -0.127583       0.655569       1.224710      -0.142439       0.127583      -0.655569      -1.224710      -0.685059
       3.824000       0.143095      -0.126358       0.650476       1.229271      -0.143095       0.126358      -0.650476      -1.229271      -0.684955
       3.825000       0.143745      -0.125129       0.645334       1.233812      -0.143745       0.125129      -0.645334      -1.233812      -0.684849
       3.826000       0.144391      -0.123895       0.640142       1.238331      -0.144391       0.123895      -0.640142      -1.238331      -0.684743
       3.827000       0.145031      -0.122657       0.634901       1.242829      -0.145031       0.122657      -0.634901      -1.242829      -0.684636
       3.828000       0.145666      -0.121414       0.629610       1.247303      -0.145666       0.121414      -0.629610      -1.247303      -0.684527
       3.829000       0.146295      -0.120167       0.624269       1.251754      -0.146295       0.120167      -0.624269      -1.251754      -0.684418
       3.830000       0.146920      -0.118915       0.618880       1.256182      -0.146920       0.118915      -0.618880      -1.256182      -0.684308
       3.831000       0.147539      -0.117659       0.613440       1.260584      -0.147539       0.117659      -0.613440      -1.260584      -0.684196
       3.832000       0.148152      -0.116398       0.607952       1.264961      -0.148152       0.116398      -0.607952      -1.264961      -0.684084
       3.833000       0.148760      -0.115133       0.602414       1.269312      -0.148760       0.115133      -0.602414      -1.269312      -0.683971
       3.834000       0.149362      -0.113864       0.596827       1.273636      -0.149362       0.113864      -0.596827      -1.273636      -0.683857
       3.835000       0.149959      -0.112590       0.591190       1.277933      -0.149959       0.112590      -0.591190      -1.277933      -0.683742
       3.836000       0.150550      -0.111312       0.585505       1.282202      -0.150550       0.111312      -0.585505      -1.282202      -0.683625
       3.837000       0.151136      -0.110030       0.579770       1.286442      -0.151136       0.110030      -0.579770      -1.286442      -0.683508
       3.838000       0.151716      -0.108744       0.573987       1.290652      -0.151716       0.108744      -0.573987      -1.290652      -0.683390
       3.839000       0.152290      -0.107453       0.568156       1.294832      -0.152290       0.107453      -0.568156      -1.294832      -0.683271
       3.840000       0.152858      -0.106158       0.562275       1.298981      -0.152858       0.106158      -0.562275      -1.298981      -0.683151
       3.841000       0.153420      -0.104859       0.556347       1.303098      -0.153420       0.104859      -0.556347      -1.303098      -0.683030
       3.842000       0.153976      -0.103556       0.550370       1.307183      -0.153976       0.103556      -0.550370      -1.307183      -0.682908
       3.843000       0.154527      -0.102249       0.544345       1.311235      -0.154527       0.102249      -0.544345      -1.311235      -0.682785
       3.844000       0.155071      -0.100938       0.538273       1.315253      -0.155071       0.100938      -0.538273      -1.315253      -0.682661
       3.845000       0.155609      -0.099622       0.532153       1.319237      -0.155609       0.099622      -0.532153      -1.319237      -0.682536
       3.846000       0.156142      -0.098303       0.525985       1.323185      -0.156142       0.098303      -0.525985      -1.323185      -0.682410
       3.847000       0.156668      -0.096980       0.519771       1.327098      -0.156668       0.096980      -0.519771      -1.327098      -0.682283
       3.848000       0.157187      -0.095653       0.513509       1.330974      -0.157187       0.095653      -0.513509      -1.330974      -0.682155
       3.849000       0.157701      -0.094322       0.507202       1.334812      -0.157701       0.094322      -0.507202      -1.334812      -0.682026
       3.850000       0.158208      -0.092987       0.500848       1.338612      -0.158208       0.092987      -0.500848      -1.338612      -0.681897
       3.851000       0.158709      -0.091649       0.494448       1.342374      -0.158709       0.091649      -0.494448      -1.342374      -0.681766
       3.852000       0.159203      -0.090306       0.488002       1.346096      -0.159203       0.090306      -0.488002      -1.346096      -0.681634
       3.853000       0.159691      -0.088960       0.481511       1.349778      -0.159691       0.088960      -0.481511      -1.349778      -0.681502
       3.854000       0.160173      -0.087610       0.474975       1.353419      -0.160173       0.087610      -0.474975      -1.353419      -0.681368
       3.855000       0.160648      -0.086257       0.468395       1.357018      -0.160648       0.086257      -0.468395      -1.357018      -0.681234
       3.856000       0.161116      -0.084900       0.461770       1.360575      -0.161116       0.084900      -0.461770      -1.360575      -0.681099
       3.857000       0.161578      -0.083539       0.455101       1.364089      -0.161578       0.083539      -0.455101      -1.364089      -0.680962
       3.858000       0.162033      -0.082175       0.448389       1.367560      -0.162033       0.082175      -0.448389      -1.367560      -0.680825
       3.859000       0.162481      -0.080808       0.441634       1.370985      -0.162481       0.080808      -0.441634      -1.370985      -0.680687
       3.860000       0.162923      -0.079437       0.434837       1.374366      -0.162923       0.079437      -0.434837      -1.374366      -0.680548
       3.861000       0.163358      -0.078062       0.427997       1.377701      -0.163358       0.078062      -0.427997      -1.377701      -0.680408
       3.862000       0.163786      -0.076685       0.421116       1.380989      -0.163786       0.076685      -0.421116      -1.380989      -0.680268
       3.863000       0.164207      -0.075304       0.414193       1.384230      -0.164207       0.075304      -0.414193      -1.384230      -0.680126
       3.864000       0.164621      -0.073919       0.407230       1.387424      -0.164621       0.073919      -0.407230      -1.387424      -0.679984
       3.865000       0.165028      -0.072532       0.400226       1.390568      -0.165028       0.072532      -0.400226      -1.390568      -0.679841
       3.866000       0.165429      -0.071141       0.393183       1.393664      -0.165429       0.071141      -0.393183      -1.393664      -0.679697
       3.867000       0.165822      -0.069748       0.386101       1.396710      -0.165822       0.069748      -0.386101      -1.396710      -0.679552
       3.868000       0.166208      -0.068351       0.378980       1.399705      -0.166208       0.068351      -0.378980      -1.399705      -0.679406
       3.869000       0.166587      -0.066951       0.371821       1.402649      -0.166587       0.066951      -0.371821      -1.402649      -0.679260
       3.870000       0.166959      -0.065549       0.364625       1.405541      -0.166959       0.065549      -0.364625      -1.405541      -0.679112
       3.871000       0.167323      -0.064143       0.357391       1.408381      -0.167323       0.064143      -0.357391      -1.408381      -0.678964
       3.872000       0.167681      -0.062735       0.350122       1.411168      -0.167681       0.062735      -0.350122      -1.411168      -0.678815
       3.873000       0.168031      -0.061324       0.342817       1.413901      -0.168031       0.061324      -0.342817      -1.413901      -0.678666
       3.874000       0.168374      -0.059910       0.335476       1.416580      -0.168374       0.059910      -0.335476      -1.416580      -0.678516
       3.875000       0.168709      -0.058493       0.328102       1.419204      -0.168709       0.058493      -0.328102      -1.419204      -0.678365
       3.876000       0.169037      -0.057074       0.320694       1.421772      -0.169037       0.057074      -0.320694      -1.421772      -0.678213
       3.877000       0.169358      -0.055652       0.313252       1.424285      -0.169358       0.055652      -0.313252      -1.424285      -0.678060
       3.878000       0.169671      -0.054228       0.305779       1.426740      -0.169671       0.054228      -0.305779      -1.426740      -0.677907
       3.879000       0.169977      -0.052801       0.298274       1.429139      -0.169977       0.052801      -0.298274      -1.429139      -0.677754
       3.880000       0.170275      -0.051372       0.290737       1.431480      -0.170275       0.051372      -0.290737      -1.431480      -0.677599
       3.881000       0.170566      -0.049940       0.283171       1.433763      -0.170566       0.049940      -0.283171      -1.433763      -0.677444
       3.882000       0.170849      -0.048507       0.275575       1.435987      -0.170849       0.048507      -0.275575      -1.435987      -0.677289
       3.883000       0.171125      -0.047071       0.267951       1.438152      -0.171125       0.047071      -0.267951      -1.438152      -0.677132
       3.884000       0.171393      -0.045633       0.260298       1.440257      -0.171393       0.045633      -0.260298      -1.440257      -0.676975
       3.885000       0.171653      -0.044192       0.252619       1.442301      -0.171653       0.044192      -0.252619      -1.442301      -0.676818
       3.886000       0.171906      -0.042750       0.244913       1.444285      -0.171906       0.042750      -0.244913      -1.444285      -0.676660
       3.887000       0.172151      -0.041306       0.237181       1.446208      -0.172151       0.041306      -0.237181      -1.446208      -0.676501
       3.888000       0.172388      -0.039859       0.229425       1.448069      -0.172388       0.039859      -0.229425      -1.448069      -0.676342
       3.889000       0.172617      -0.038411       0.221644       1.449868      -0.172617       0.038411      -0.221644      -1.449868      -0.676183
       3.890000       0.172839      -0.036962       0.213841       1.451604      -0.172839       0.036962      -0.213841      -1.451604      -0.676023
       3.891000       0.173053      -0.035510       0.206015       1.453278      -0.173053       0.035510      -0.206015      -1.453278      -0.675862
       3.892000       0.173259      -0.034057       0.198168       1.454888      -0.173259       0.034057      -0.198168      -1.454888      -0.675702
       3.893000       0.173457      -0.032602       0.190300       1.456435      -0.173457       0.032602      -0.190300      -1.456435      -0.675540
       3.894000       0.173647      -0.031145       0.182413       1.457917      -0.173647       0.031145      -0.182413      -1.457917      -0.675379
       3.895000       0.173830      -0.029687       0.174506       1.459335      -0.173830       0.029687      -0.174506      -1.459335      -0.675216
       3.896000       0.174004      -0.028228       0.166582       1.460689      -0.174004       0.028228      -0.166582      -1.460689      -0.675054
       3.897000       0.174171      -0.026767       0.158640       1.461977      -0.174171       0.026767      -0.158640      -1.461977      -0.674891
       3.898000       0.174329      -0.025305       0.150683       1.463200      -0.174329       0.025305      -0.150683      -1.463200      -0.674728
       3.899000       0.174480      -0.023842       0.142710       1.464357      -0.174480       0.023842      -0.142710      -1.464357      -0.674565
       3.900000       0.174623      -0.022378       0.134723       1.465449      -0.174623       0.022378      -0.134723      -1.465449      -0.674401
       3.901000       0.174757      -0.020912       0.126722       1.466474      -0.174757       0.020912      -0.126722      -1.466474      -0.674237
       3.902000       0.174884      -0.019446       0.118709       1.467433      -0.174884       0.019446      -0.118709      -1.467433      -0.674073
       3.903000       0.175003      -0.017978       0.110684       1.468325      -0.175003       0.017978      -0.110684      -1.468325      -0.673908
       3.904000       0.175114      -0.016510       0.102648       1.469151      -0.175114       0.016510      -0.102648      -1.469151      -0.673743
       3.905000       0.175216      -0.015041       0.094603       1.469909      -0.175216       0.015041      -0.094603      -1.469909      -0.673579
       3.906000       0.175311      -0.013571       0.086549       1.470601      -0.175311       0.013571      -0.086549      -1.470601      -0.673414
       3.907000       0.175397      -0.012101       0.078488       1.471225      -0.175397       0.012101      -0.078488      -1.471225      -0.673249
       3.908000       0.175476      -0.010629       0.070419       1.471781      -0.175476       0.010629      -0.070419      -1.471781      -0.673083
       3.909000       0.175546      -0.009158       0.062344       1.472270      -0.175546       0.009158      -0.062344      -1.472270      -0.672918
       3.910000       0.175609      -0.007685       0.054265       1.472692      -0.175609       0.007685      -0.054265      -1.472692      -0.672753
       3.911000       0.175663      -0.006213       0.046181       1.473046      -0.175663       0.006213      -0.046181      -1.473046      -0.672587
       3.912000       0.175709      -0.004739       0.038095       1.473332      -0.175709       0.004739      -0.038095      -1.473332      -0.672422
       3.913000       0.175747      -0.003266       0.030006       1.473550      -0.175747       0.003266      -0.030006      -1.473550      -0.672256
       3.914000       0.175777      -0.001793       0.021916       1.473700      -0.175777       0.001793      -0.021916      -1.473700      -0.672091
       3.915000       0.175799      -0.000319       0.013826       1.473783      -0.175799       0.000319      -0.013826      -1.473783      -0.671925
       3.916000       0.175813       0.001155       0.005737       1.473797      -0.175813      -0.001155      -0.005737      -1.473797      -0.671760
       3.917000       0.175819       0.002629      -0.002350       1.473744      -0.175819      -0.002629       0.002350      -1.473744      -0.671595
       3.918000       0.175816       0.004102      -0.010435       1.473623      -0.175816      -0.004102       0.010435      -1.473623      -0.671430
       3.919000       0.175806       0.005576      -0.018516       1.473435      -0.175806      -0.005576       0.018516      -1.473435      -0.671265
       3.920000       0.175787       0.007049      -0.026593       1.473179      -0.175787      -0.007049       0.026593      -1.473179      -0.671100
       3.921000       0.175761       0.008523      -0.034663       1.472855      -0.175761      -0.008523       0.034663      -1.472855      -0.670935
       3.922000       0.175726       0.009996      -0.042728       1.472464      -0.175726      -0.009996       0.042728      -1.472464      -0.670770
       3.923000       0.175683       0.011468      -0.050785       1.472006      -0.175683      -0.011468       0.050785      -1.472006      -0.670606
       3.924000       0.175633       0.012940      -0.058833       1.471480      -0.175633      -0.012940       0.058833      -1.471480      -0.670442
       3.925000       0.175574       0.014411      -0.066872       1.470888      -0.175574      -0.014411       0.066872      -1.470888      -0.670278
       3.926000       0.175507       0.015882      -0.074901       1.470229      -0.175507      -0.015882       0.074901      -1.470229      -0.670115
       3.927000       0.175432       0.017353      -0.082918       1.469503      -0.175432      -0.017353       0.082918      -1.469503      -0.669952
       3.928000       0.175349       0.018822      -0.090924       1.468712      -0.175349      -0.018822       0.090924      -1.468712      -0.669789
       3.929000       0.175258       0.020291      -0.098916       1.467854      -0.175258      -0.020291       0.098916      -1.467854      -0.669626
       3.930000       0.175159       0.021759      -0.106894       1.466930      -0.175159      -0.021759       0.106894      -1.466930      -0.669464
       3.931000       0.175052       0.023226      -0.114857       1.465941      -0.175052      -0.023226       0.114857      -1.465941      -0.669302
       3.932000       0.174937       0.024692      -0.122805       1.464886      -0.174937      -0.024692       0.122805      -1.464886      -0.669140
       3.933000       0.174815       0.026156      -0.130736       1.463767      -0.174815      -0.026156       0.130736      -1.463767      -0.668979
       3.934000       0.174684       0.027620      -0.138649       1.462583      -0.174684      -0.027620       0.138649      -1.462583      -0.668819
       3.935000       0.174545       0.029083      -0.146544       1.461335      -0.174545      -0.029083       0.146544      -1.461335      -0.668659
       3.936000       0.174399       0.030544      -0.154420       1.460022      -0.174399      -0.030544       0.154420      -1.460022      -0.668499
       3.937000       0.174244       0.032004      -0.162275       1.458646      -0.174244      -0.032004       0.162275      -1.458646      -0.668340
       3.938000       0.174082       0.033463      -0.170110       1.457207      -0.174082      -0.033463       0.170110      -1.457207      -0.668181
       3.939000       0.173912       0.034920      -0.177922       1.455706      -0.173912      -0.034920       0.177922      -1.455706      -0.668023
       3.940000       0.173734       0.036376      -0.185712       1.454142      -0.173734      -0.036376       0.185712      -1.454142      -0.667865
       3.941000       0.173548       0.037830      -0.193479       1.452515      -0.173548      -0.037830       0.193479      -1.452515      -0.667708
       3.942000       0.173355       0.039282      -0.201221       1.450828      -0.173355      -0.039282       0.201221      -1.450828      -0.667552
       3.943000       0.173154       0.040733      -0.208938       1.449079      -0.173154      -0.040733       0.208938      -1.449079      -0.667396
       3.944000       0.172945       0.042182      -0.216629       1.447270      -0.172945      -0.042182       0.216629      -1.447270      -0.667241
       3.945000       0.172728       0.043629      -0.224293       1.445401      -0.172728      -0.043629       0.224293      -1.445401      -0.667086
       3.946000       0.172504       0.045075      -0.231930       1.443471      -0.172504      -0.045075       0.231930      -1.443471      -0.666932
       3.947000       0.172272       0.046518      -0.239539       1.441483      -0.172272      -0.046518       0.239539      -1.441483      -0.666779
       3.948000       0.172032       0.047960      -0.247119       1.439437      -0.172032      -0.047960       0.247119      -1.439437      -0.666626
       3.949000       0.171785       0.049399      -0.254669       1.437332      -0.171785      -0.049399       0.254669      -1.437332      -0.666475
       3.950000       0.171530       0.050837      -0.262189       1.435169      -0.171530      -0.050837       0.262189      -1.435169      -0.666323
       3.951000       0.171268       0.052272      -0.269678       1.432950      -0.171268      -0.052272       0.269678      -1.432950      -0.666173
       3.952000       0.170999       0.053705      -0.277135       1.430674      -0.170999      -0.053705       0.277135      -1.430674      -0.666023
       3.953000       0.170721       0.055135      -0.284560       1.428342      -0.170721      -0.055135       0.284560      -1.428342      -0.665874
       3.954000       0.170437       0.056564      -0.291951       1.425955      -0.170437      -0.056564       0.291951      -1.425955      -0.665726
       3.955000       0.170145       0.057990      -0.299309       1.423513      -0.170145      -0.057990       0.299309      -1.423513      -0.665578
       3.956000       0.169846       0.059413      -0.306632       1.421017      -0.169846      -0.059413       0.306632      -1.421017      -0.665432
       3.957000       0.169539       0.060834      -0.313921       1.418467      -0.169539      -0.060834       0.313921      -1.418467      -0.665286
       3.958000       0.169225       0.062253      -0.321174       1.415865      -0.169225      -0.062253       0.321174      -1.415865      -0.665141
       3.959000       0.168904       0.063669      -0.328390       1.413210      -0.168904      -0.063669       0.328390      -1.413210      -0.664996
       3.960000       0.168575       0.065082      -0.335570       1.410504      -0.168575      -0.065082       0.335570      -1.410504      -0.664853
       3.961000       0.168240       0.066492      -0.342712       1.407746      -0.168240      -0.066492       0.342712      -1.407746      -0.664711
       3.962000       0.167897       0.067900      -0.349817       1.404939      -0.167897      -0.067900       0.349817      -1.404939      -0.664569
       3.963000       0.167547       0.069305      -0.356883       1.402081      -0.167547      -0.069305       0.356883      -1.402081      -0.664428
       3.964000       0.167191       0.070707      -0.363910       1.399174      -0.167191      -0.070707       0.363910      -1.399174      -0.664288
       3.965000       0.166827       0.072106      -0.370897       1.396219      -0.166827      -0.072106       0.370897      -1.396219      -0.664149
       3.966000       0.166456       0.073502      -0.377845       1.393216      -0.166456      -0.073502       0.377845      -1.393216      -0.664011
       3.967000       0.166078       0.074896      -0.384752       1.390166      -0.166078      -0.074896       0.384752      -1.390166      -0.663873
       3.968000       0.165693       0.076286      -0.391618       1.387070      -0.165693      -0.076286       0.391618      -1.387070      -0.663737
       3.969000       0.165301       0.077673      -0.398443       1.383928      -0.165301      -0.077673       0.398443      -1.383928      -0.663601
       3.970000       0.164903       0.079057      -0.405226       1.380740      -0.164903      -0.079057       0.405226      -1.380740      -0.663467
       3.971000       0.164498       0.080438      -0.411967       1.377509      -0.164498      -0.080438       0.411967      -1.377509      -0.663333
       3.972000       0.164086       0.081815      -0.418665       1.374233      -0.164086      -0.081815       0.418665      -1.374233      -0.663201
       3.973000       0.163667       0.083189      -0.425320       1.370915      -0.163667      -0.083189       0.425320      -1.370915      -0.663069
       3.974000       0.163242       0.084560      -0.431932       1.367554      -0.163242      -0.084560       0.431932      -1.367554      -0.662938
       3.975000       0.162810       0.085928      -0.438500       1.364152      -0.162810      -0.085928       0.438500      -1.364152      -0.662808
       3.976000       0.162371       0.087292      -0.445024       1.360709      -0.162371      -0.087292       0.445024      -1.360709      -0.662679
       3.977000       0.161926       0.088653      -0.451503       1.357226      -0.161926      -0.088653       0.451503      -1.357226      -0.662551
       3.978000       0.161475       0.090010      -0.457937       1.353703      -0.161475      -0.090010       0.457937      -1.353703      -0.662424
       3.979000       0.161017       0.091364      -0.464327       1.350141      -0.161017      -0.091364       0.464327      -1.350141      -0.662298
       3.980000       0.160553       0.092714      -0.470671       1.346542      -0.160553      -0.092714       0.470671      -1.346542      -0.662173
       3.981000       0.160082       0.094060      -0.476969       1.342904      -0.160082      -0.094060       0.476969      -1.342904      -0.662049
       3.982000       0.159605       0.095403      -0.483222       1.339231      -0.159605      -0.095403       0.483222      -1.339231      -0.661926
       3.983000       0.159122       0.096742      -0.489428       1.335521      -0.159122      -0.096742       0.489428      -1.335521      -0.661804
       3.984000       0.158632       0.098078      -0.495588       1.331776      -0.158632      -0.098078       0.495588      -1.331776      -0.661683
       3.985000       0.158137       0.099410      -0.501701       1.327996      -0.158137      -0.099410       0.501701      -1.327996      -0.661563
       3.986000       0.157635       0.100738      -0.507768       1.324183      -0.157635      -0.100738       0.507768      -1.324183      -0.661443
       3.987000       0.157127       0.102062      -0.513787       1.320336      -0.157127      -0.102062       0.513787      -1.320336      -0.661325
       3.988000       0.156614       0.103382      -0.519759       1.316457      -0.156614      -0.103382       0.519759      -1.316457      -0.661208
       3.989000       0.156094       0.104699      -0.525684       1.312546      -0.156094      -0.104699       0.525684      -1.312546      -0.661092
       3.990000       0.155568       0.106011      -0.531561       1.308604      -0.155568      -0.106011       0.531561      -1.308604      -0.660977
       3.991000       0.155037       0.107320      -0.537390       1.304631      -0.155037      -0.107320       0.537390      -1.304631      -0.660862
       3.992000       0.154499       0.108624      -0.543172       1.300629      -0.154499      -0.108624       0.543172      -1.300629      -0.660749
       3.993000       0.153956       0.109925      -0.548906       1.296598      -0.153956      -0.109925       0.548906      -1.296598      -0.660637
       3.994000       0.153407       0.111222      -0.554591       1.292539      -0.153407      -0.111222       0.554591      -1.292539      -0.660526
       3.995000       0.152852       0.112514      -0.560228       1.288452      -0.152852      -0.112514       0.560228      -1.288452      -0.660415
       3.996000       0.152292       0.113803      -0.565817       1.284337      -0.152292      -0.113803       0.565817      -1.284337      -0.660306
       3.997000       0.151726       0.115087      -0.571358       1.280197      -0.151726      -0.115087       0.571358      -1.280197      -0.660198
       3.998000       0.151155       0.116367      -0.576850       1.276031      -0.151155      -0.116367       0.576850      -1.276031      -0.660090
       3.999000       0.150578       0.117643      -0.582294       1.271840      -0.150578      -0.117643       0.582294      -1.271840      -0.659984
       4.000000       0.149996       0.118915      -0.587689       1.267625      -0.149996      -0.118915       0.587689      -1.267625      -0.659879
       4.001000       0.149408       0.120183      -0.593036       1.263386      -0.149408      -0.120183       0.593036      -1.263386      -0.659774
       4.002000       0.148815       0.121446      -0.598335       1.259124      -0.148815      -0.121446       0.598335      -1.259124      -0.659671
       4.003000       0.148217       0.122705      -0.603584       1.254840      -0.148217      -0.122705       0.603584      -1.254840      -0.659568
       4.004000       0.147613       0.123960      -0.608785       1.250534      -0.147613      -0.123960       0.608785      -1.250534      -0.659467
       4.005000       0.147004       0.125211      -0.613938       1.246207      -0.147004      -0.125211       0.613938      -1.246207      -0.659366
       4.006000       0.146391       0.126457      -0.619042       1.241860      -0.146391      -0.126457       0.619042      -1.241860      -0.659267
       4.007000       0.145771       0.127699      -0.624098       1.237493      -0.145771      -0.127699       0.624098      -1.237493      -0.659168
       4.008000       0.145147       0.128936      -0.629105       1.233106      -0.145147      -0.128936       0.629105      -1.233106      -0.659071
       4.009000       0.144518       0.130169      -0.634063       1.228701      -0.144518      -0.130169       0.634063      -1.228701      -0.658974
       4.010000       0.143884       0.131398      -0.638974       1.224278      -0.143884      -0.131398       0.638974      -1.224278      -0.658878
       4.011000       0.143245       0.132622      -0.643836       1.219838      -0.143245      -0.132622       0.643836      -1.219838      -0.658783
       4.012000       0.142601       0.133842      -0.648650       1.215381      -0.142601      -0.133842       0.648650      -1.215381      -0.658690
       4.013000       0.141953       0.135057      -0.653416       1.210908      -0.141953      -0.135057       0.653416      -1.210908      -0.658597
       4.014000       0.141299       0.136268      -0.658134       1.206420      -0.141299      -0.136268       0.658134      -1.206420      -0.658505
       4.015000       0.140641       0.137475      -0.662803       1.201916      -0.140641      -0.137475       0.662803      -1.201916      -0.658414
       4.016000       0.139978       0.138677      -0.667425       1.197398      -0.139978      -0.138677       0.667425      -1.197398      -0.658323
       4.017000       0.139311       0.139874      -0.672000       1.192866      -0.139311      -0.139874       0.672000      -1.192866      -0.658234
       4.018000       0.138639       0.141067      -0.676527       1.188321      -0.138639      -0.141067       0.676527      -1.188321      -0.658146
       4.019000       0.137962       0.142255      -0.681006       1.183763      -0.137962      -0.142255       0.681006      -1.183763      -0.658058
       4.020000       0.137281       0.143439      -0.685438       1.179193      -0.137281      -0.143439       0.685438      -1.179193      -0.657972
       4.021000       0.136596       0.144618      -0.689823       1.174612      -0.136596      -0.144618       0.689823      -1.174612      -0.657886
       4.022000       0.135906       0.145793      -0.694161       1.170019      -0.135906      -0.145793       0.694161      -1.170019      -0.657801
       4.023000       0.135212       0.146963      -0.698452       1.165416      -0.135212      -0.146963       0.698452      -1.165416      -0.657717
       4.024000       0.134514       0.148128      -0.702696       1.160803      -0.134514      -0.148128       0.702696      -1.160803      -0.657634
       4.025000       0.133811       0.149289      -0.706894       1.156180      -0.133811      -0.149289       0.706894      -1.156180      -0.657552
       4.026000       0.133104       0.150445      -0.711046       1.151548      -0.133104      -0.150445       0.711046      -1.151548      -0.657471
       4.027000       0.132393       0.151597      -0.715151       1.146908      -0.132393      -0.151597       0.715151      -1.146908      -0.657391
       4.028000       0.131678       0.152744      -0.719211       1.142259      -0.131678      -0.152744       0.719211      -1.142259      -0.657311
       4.029000       0.130959       0.153886      -0.723224       1.137604      -0.130959      -0.153886       0.723224      -1.137604      -0.657232
       4.030000       0.130235       0.155024      -0.727193       1.132941      -0.130235      -0.155024       0.727193      -1.132941      -0.657154
       4.031000       0.129508       0.156157      -0.731115       1.128271      -0.129508      -0.156157       0.731115      -1.128271      -0.657077
       4.032000       0.128777       0.157285      -0.734993       1.123596      -0.128777      -0.157285       0.734993      -1.123596      -0.657001
       4.033000       0.128042       0.158408      -0.738826       1.118915      -0.128042      -0.158408       0.738826      -1.118915      -0.656926
       4.034000       0.127303       0.159527      -0.742614       1.114228      -0.127303      -0.159527       0.742614      -1.114228      -0.656851
       4.035000       0.126561       0.160642      -0.746357       1.109537      -0.126561      -0.160642       0.746357      -1.109537      -0.656777
       4.036000       0.125814       0.161751      -0.750056       1.104842      -0.125814      -0.161751       0.750056      -1.104842      -0.656704
       4.037000       0.125064       0.162856      -0.753712       1.100143      -0.125064      -0.162856       0.753712      -1.100143      -0.656632
       4.038000       0.124310       0.163956      -0.757323       1.095440      -0.124310      -0.163956       0.757323      -1.095440      -0.656561
       4.039000       0.123553       0.165051      -0.760891       1.090734      -0.123553      -0.165051       0.760891      -1.090734      -0.656490
       4.040000       0.122792       0.166142      -0.764415       1.086026      -0.122792      -0.166142       0.764415      -1.086026      -0.656420
       4.041000       0.122028       0.167228      -0.767897       1.081315      -0.122028      -0.167228       0.767897      -1.081315      -0.656351
       4.042000       0.121260       0.168310      -0.771335       1.076603      -0.121260      -0.168310       0.771335      -1.076603      -0.656282
       4.043000       0.120489       0.169386      -0.774731       1.071889      -0.120489      -0.169386       0.774731      -1.071889      -0.656215
       4.044000       0.119714       0.170458      -0.778085       1.067175      -0.119714      -0.170458       0.778085      -1.067175      -0.656148
       4.045000       0.118936       0.171525      -0.781397       1.062459      -0.118936      -0.171525       0.781397      -1.062459      -0.656082
       4.046000       0.118154       0.172588      -0.784666       1.057744      -0.118154      -0.172588       0.784666      -1.057744      -0.656016
       4.047000       0.117370       0.173645      -0.787895       1.053028      -0.117370      -0.173645       0.787895      -1.053028      -0.655952
       4.048000       0.116582       0.174698      -0.791082       1.048313      -0.116582      -0.174698       0.791082      -1.048313      -0.655888
       4.049000       0.115791       0.175747      -0.794228       1.043599      -0.115791      -0.175747       0.794228      -1.043599      -0.655825
       4.050000       0.114997       0.176790      -0.797333       1.038886      -0.114997      -0.176790       0.797333      -1.038886      -0.655762
       4.051000       0.114199       0.177829      -0.800398       1.034174      -0.114199      -0.177829       0.800398      -1.034174      -0.655700
       4.052000       0.113399       0.178863      -0.803422       1.029465      -0.113399      -0.178863       0.803422      -1.029465      -0.655639
       4.053000       0.112595       0.179893      -0.806407       1.024757      -0.112595      -0.179893       0.806407      -1.024757      -0.655578
       4.054000       0.111789       0.180918      -0.809352       1.020052      -0.111789      -0.180918       0.809352      -1.020052      -0.655519
       4.055000       0.110980       0.181938      -0.812257       1.015350      -0.110980      -0.181938       0.812257      -1.015350      -0.655459
       4.056000       0.110167       0.182953      -0.815124       1.010651      -0.110167      -0.182953       0.815124      -1.010651      -0.655401
       4.057000       0.109352       0.183964      -0.817951       1.005955      -0.109352      -0.183964       0.817951      -1.005955      -0.655343
       4.058000       0.108534       0.184970      -0.820740       1.001263      -0.108534      -0.184970       0.820740      -1.001263      -0.655286
       4.059000       0.107714       0.185971      -0.823491       0.996575      -0.107714      -0.185971       0.823491      -0.996575      -0.655229
       4.060000       0.106890       0.186967      -0.826204       0.991891      -0.106890      -0.186967       0.826204      -0.991891      -0.655174
       4.061000       0.106064       0.187959      -0.828879       0.987211      -0.106064      -0.187959       0.828879      -0.987211      -0.655118
       4.062000       0.105235       0.188947      -0.831517       0.982537      -0.105235      -0.188947       0.831517      -0.982537      -0.655064
       4.063000       0.104403       0.189929      -0.834118       0.977868      -0.104403      -0.189929       0.834118      -0.977868      -0.655010
       4.064000       0.103569       0.190907      -0.836681       0.973204      -0.103569      -0.190907       0.836681      -0.973204      -0.654956
       4.065000       0.102733       0.191880      -0.839209       0.968545      -0.102733      -0.191880       0.839209      -0.968545      -0.654903
       4.066000       0.101893       0.192849      -0.841699       0.963893      -0.101893      -0.192849       0.841699      -0.963893      -0.654851
       4.067000       0.101052       0.193813      -0.844154       0.959246      -0.101052      -0.193813       0.844154      -0.959246      -0.654799
       4.068000       0.100208       0.194772      -0.846574       0.954606      -0.100208      -0.194772       0.846574      -0.954606      -0.654748
       4.069000       0.099361       0.195726      -0.848958       0.949973      -0.099361      -0.195726       0.848958      -0.949973      -0.654698
       4.070000       0.098512       0.196676      -0.851306       0.945346      -0.098512      -0.196676       0.851306      -0.945346      -0.654648
       4.071000       0.097661       0.197622      -0.853620       0.940727      -0.097661      -0.197622       0.853620      -0.940727      -0.654599
       4.072000       0.096807       0.198563      -0.855900       0.936114      -0.096807      -0.198563       0.855900      -0.936114      -0.654550
       4.073000       0.095951       0.199499      -0.858145       0.931509      -0.095951      -0.199499       0.858145      -0.931509      -0.654502
       4.074000       0.095093       0.200430      -0.860356       0.926912      -0.095093      -0.200430       0.860356      -0.926912      -0.654454
       4.075000       0.094233       0.201357      -0.862533       0.922322      -0.094233      -0.201357       0.862533      -0.922322      -0.654407
       4.076000       0.093370       0.202279      -0.864677       0.917741      -0.093370      -0.202279       0.864677      -0.917741      -0.654360
       4.077000       0.092506       0.203197      -0.866788       0.913168      -0.092506      -0.203197       0.866788      -0.913168      -0.654314
       4.078000       0.091639       0.204110      -0.868866       0.908603      -0.091639      -0.204110       0.868866      -0.908603      -0.654268
       4.079000       0.090770       0.205019      -0.870912       0.904047      -0.090770      -0.205019       0.870912      -0.904047      -0.654223
       4.080000       0.089899       0.205923      -0.872925       0.899500      -0.089899      -0.205923       0.872925      -0.899500      -0.654179
       4.081000       0.089026       0.206822      -0.874906       0.894962      -0.089026      -0.206822       0.874906      -0.894962      -0.654135
       4.082000       0.088151       0.207717      -0.876856       0.890433      -0.088151      -0.207717       0.876856      -0.890433      -0.654091
       4.083000       0.087274       0.208608      -0.878774       0.885913      -0.087274      -0.208608       0.878774      -0.885913      -0.654048
       4.084000       0.086396       0.209494      -0.880661       0.881403      -0.086396      -0.209494       0.880661      -0.881403      -0.654006
       4.085000       0.085515       0.210375      -0.882517       0.876902      -0.085515      -0.210375       0.882517      -0.876902      -0.653963
       4.086000       0.084632       0.211252      -0.884342       0.872411      -0.084632      -0.211252       0.884342      -0.872411      -0.653922
       4.087000       0.083748       0.212124      -0.886138       0.867930      -0.083748      -0.212124       0.886138      -0.867930      -0.653881
       4.088000       0.082862       0.212992      -0.887903       0.863459      -0.082862      -0.212992       0.887903      -0.863459      -0.653840
       4.089000       0.081974       0.213856      -0.889638       0.858999      -0.081974      -0.213856       0.889638      -0.858999      -0.653800
       4.090000       0.081084       0.214715      -0.891344       0.854548      -0.081084      -0.214715       0.891344      -0.854548      -0.653760
       4.091000       0.080193       0.215569      -0.893021       0.850108      -0.080193      -0.215569       0.893021      -0.850108      -0.653721
       4.092000       0.079300       0.216420      -0.894668       0.845679      -0.079300      -0.216420       0.894668      -0.845679      -0.653682
       4.093000       0.078405       0.217265      -0.896287       0.841261      -0.078405      -0.217265       0.896287      -0.841261      -0.653643
       4.094000       0.077509       0.218106      -0.897878       0.836853      -0.077509      -0.218106       0.897878      -0.836853      -0.653605
       4.095000       0.076611       0.218943      -0.899440       0.832456      -0.076611      -0.218943       0.899440      -0.832456      -0.653568
       4.096000       0.075712       0.219776      -0.900975       0.828071      -0.075712      -0.219776       0.900975      -0.828071      -0.653530
       4.097000       0.074811       0.220604      -0.902482       0.823696      -0.074811      -0.220604       0.902482      -0.823696      -0.653494
       4.098000       0.073908       0.221428      -0.903962       0.819333      -0.073908      -0.221428       0.903962      -0.819333      -0.653457
       4.099000       0.073004       0.222247      -0.905414       0.814981      -0.073004      -0.222247       0.905414      -0.814981      -0.653421
       4.100000       0.072099       0.223062      -0.906840       0.810641      -0.072099      -0.223062       0.906840      -0.810641      -0.653386
       4.101000       0.071192       0.223872      -0.908239       0.806312      -0.071192      -0.223872       0.908239      -0.806312      -0.653351
       4.102000       0.070284       0.224679      -0.909612       0.801995      -0.070284      -0.224679       0.909612      -0.801995      -0.653316
       4.103000       0.069374       0.225481      -0.910959       0.797690      -0.069374      -0.225481       0.910959      -0.797690      -0.653281
       4.104000       0.068463       0.226278      -0.912279       0.793397      -0.068463      -0.226278       0.912279      -0.793397      -0.653247
       4.105000       0.067551       0.227072      -0.913575       0.789115      -0.067551      -0.227072       0.913575      -0.789115      -0.653214
       4.106000       0.066637       0.227861      -0.914845       0.784846      -0.066637      -0.227861       0.914845      -0.784846      -0.653181
       4.107000       0.065722       0.228646      -0.916090       0.780588      -0.065722      -0.228646       0.916090      -0.780588      -0.653148
       4.108000       0.064806       0.229426      -0.917310       0.776343      -0.064806      -0.229426       0.917310      -0.776343      -0.653115
       4.109000       0.063889       0.230203      -0.918506       0.772110      -0.063889      -0.230203       0.918506      -0.772110      -0.653083
       4.110000       0.062971       0.230975      -0.919677       0.767890      -0.062971      -0.230975       0.919677      -0.767890      -0.653051
       4.111000       0.062051       0.231743      -0.920825       0.763681      -0.062051      -0.231743       0.920825      -0.763681      -0.653020
       4.112000       0.061130       0.232506      -0.921948       0.759485      -0.061130      -0.232506       0.921948      -0.759485      -0.652989
       4.113000       0.060208       0.233266      -0.923048       0.755302      -0.060208      -0.233266       0.923048      -0.755302      -0.652958
       4.114000       0.059285       0.234021      -0.924125       0.751131      -0.059285      -0.234021       0.924125      -0.751131      -0.652927
       4.115000       0.058361       0.234772      -0.925178       0.746973      -0.058361      -0.234772       0.925178      -0.746973      -0.652897
       4.116000       0.057436       0.235519      -0.926208       0.742827      -0.057436      -0.235519       0.926208      -0.742827      -0.652868
       4.117000       0.056510       0.236262      -0.927216       0.738695      -0.056510      -0.236262       0.927216      -0.738695      -0.652838
       4.118000       0.055582       0.237001      -0.928202       0.734574      -0.055582      -0.237001       0.928202      -0.734574      -0.652809
       4.119000       0.054654       0.237735      -0.929165       0.730467      -0.054654      -0.237735       0.929165      -0.730467      -0.652780
       4.120000       0.053725       0.238466      -0.930106       0.726373      -0.053725      -0.238466       0.930106      -0.726373      -0.652752
       4.121000       0.052795       0.239192      -0.931026       0.722291      -0.052795      -0.239192       0.931026      -0.722291      -0.652724
       4.122000       0.051864       0.239915      -0.931924       0.718222      -0.051864      -0.239915       0.931924      -0.718222      -0.652696
       4.123000       0.050932       0.240633      -0.932801       0.714166      -0.050932      -0.240633       0.932801      -0.714166      -0.652668
       4.124000       0.049999       0.241347      -0.933656       0.710124      -0.049999      -0.241347       0.933656      -0.710124      -0.652641
       4.125000       0.049065       0.242057      -0.934491       0.706094      -0.049065      -0.242057       0.934491      -0.706094      -0.652614
       4.126000       0.048131       0.242763      -0.935306       0.702077      -0.048131      -0.242763       0.935306      -0.702077      -0.652587
       4.127000       0.047196       0.243465      -0.936099       0.698074      -0.047196      -0.243465       0.936099      -0.698074      -0.652561
       4.128000       0.046260       0.244163      -0.936873       0.694083      -0.046260      -0.244163       0.936873      -0.694083      -0.652535
       4.129000       0.045323       0.244857      -0.937626       0.690105      -0.045323      -0.244857       0.937626      -0.690105      -0.652509
       4.130000       0.044385       0.245548      -0.938360       0.686141      -0.044385      -0.245548       0.938360      -0.686141      -0.652483
       4.131000       0.043447       0.246234      -0.939074       0.682190      -0.043447      -0.246234       0.939074      -0.682190      -0.652458
       4.132000       0.042508       0.246916      -0.939769       0.678252      -0.042508      -0.246916       0.939769      -0.678252      -0.652433
       4.133000       0.041568       0.247594      -0.940445       0.674327      -0.041568      -0.247594       0.940445      -0.674327      -0.652408
       4.134000       0.040627       0.248268      -0.941102       0.670416      -0.040627      -0.248268       0.941102      -0.670416      -0.652384
       4.135000       0.039686       0.248939      -0.941740       0.666517      -0.039686      -0.248939       0.941740      -0.666517      -0.652359
       4.136000       0.038745       0.249605      -0.942359       0.662632      -0.038745      -0.249605       0.942359      -0.662632      -0.652335
       4.137000       0.037802       0.250268      -0.942960       0.658760      -0.037802      -0.250268       0.942960      -0.658760      -0.652312
       4.138000       0.036859       0.250927      -0.943543       0.654902      -0.036859      -0.250927       0.943543      -0.654902      -0.652288
       4.139000       0.035916       0.251582      -0.944108       0.651056      -0.035916      -0.251582       0.944108      -0.651056      -0.652265
       4.140000       0.034972       0.252233      -0.944655       0.647224      -0.034972      -0.252233       0.944655      -0.647224      -0.652242
       4.141000       0.034027       0.252880      -0.945184       0.643405      -0.034027      -0.252880       0.945184      -0.643405      -0.652219
       4.142000       0.033082       0.253523      -0.945696       0.639600      -0.033082      -0.253523       0.945696      -0.639600      -0.652197
       4.143000       0.032136       0.254163      -0.946191       0.635807      -0.032136      -0.254163       0.946191      -0.635807      -0.652174
       4.144000       0.031190       0.254799      -0.946669       0.632028      -0.031190      -0.254799       0.946669      -0.632028      -0.652152
       4.145000       0.030243       0.255431      -0.947130       0.628263      -0.030243      -0.255431       0.947130      -0.628263      -0.652130
       4.146000       0.029296       0.256059      -0.947574       0.624510      -0.029296      -0.256059       0.947574      -0.624510      -0.652109
       4.147000       0.028349       0.256684      -0.948002       0.620771      -0.028349      -0.256684       0.948002      -0.620771      -0.652087
       4.148000       0.027401       0.257304      -0.948414       0.617045      -0.027401      -0.257304       0.948414      -0.617045      -0.652066
       4.149000       0.026452       0.257921      -0.948809       0.613332      -0.026452      -0.257921       0.948809      -0.613332      -0.652045
       4.150000       0.025503       0.258535      -0.949188       0.609632      -0.025503      -0.258535       0.949188      -0.609632      -0.652025
       4.151000       0.024554       0.259144      -0.949552       0.605946      -0.024554      -0.259144       0.949552      -0.605946      -0.652004
       4.152000       0.023605       0.259750      -0.949900       0.602273      -0.023605      -0.259750       0.949900      -0.602273      -0.651984
       4.153000       0.022655       0.260353      -0.950233       0.598613      -0.022655      -0.260353       0.950233      -0.598613      -0.651964
       4.154000       0.021704       0.260951      -0.950550       0.594966      -0.021704      -0.260951       0.950550      -0.594966      -0.651944
       4.155000       0.020754       0.261546      -0.950852       0.591333      -0.020754      -0.261546       0.950852      -0.591333      -0.651924
       4.156000       0.019803       0.262137      -0.951139       0.587712      -0.019803      -0.262137       0.951139      -0.587712      -0.651904
       4.157000       0.018852       0.262725      -0.951412       0.584105      -0.018852      -0.262725       0.951412      -0.584105      -0.651885
       4.158000       0.017900       0.263309      -0.951670       0.580511      -0.017900      -0.263309       0.951670      -0.580511      -0.651866
       4.159000       0.016949       0.263890      -0.951913       0.576930      -0.016949      -0.263890       0.951913      -0.576930      -0.651847
       4.160000       0.015997       0.264467      -0.952142       0.573362      -0.015997      -0.264467       0.952142      -0.573362      -0.651828
       4.161000       0.015045       0.265040      -0.952357       0.569807      -0.015045      -0.265040       0.952357      -0.569807      -0.651810
       4.162000       0.014092       0.265610      -0.952559       0.566266      -0.014092      -0.265610       0.952559      -0.566266      -0.651792
       4.163000       0.013140       0.266176      -0.952746       0.562737      -0.013140      -0.266176       0.952746      -0.562737      -0.651773
       4.164000       0.012187       0.266739      -0.952919       0.559221      -0.012187      -0.266739       0.952919      -0.559221      -0.651755
       4.165000       0.011234       0.267298      -0.953079       0.555718      -0.011234      -0.267298       0.953079      -0.555718      -0.651738
       4.166000       0.010281       0.267854      -0.953226       0.552229      -0.010281      -0.267854       0.953226      -0.552229      -0.651720
       4.167000       0.009328       0.268406      -0.953359       0.548752      -0.009328      -0.268406       0.953359      -0.548752      -0.651702
       4.168000       0.008375       0.268955      -0.953480       0.545288      -0.008375      -0.268955       0.953480      -0.545288      -0.651685
       4.169000       0.007421       0.269500      -0.953587       0.541837      -0.007421      -0.269500       0.953587      -0.541837      -0.651668
       4.170000       0.006467       0.270042      -0.953682       0.538399      -0.006467      -0.270042       0.953682      -0.538399      -0.651651
       4.171000       0.005514       0.270580      -0.953764       0.534973      -0.005514      -0.270580       0.953764      -0.534973      -0.651634
       4.172000       0.004560       0.271115      -0.953834       0.531561      -0.004560      -0.271115       0.953834      -0.531561      -0.651618
       4.173000       0.003606       0.271647      -0.953891       0.528161      -0.003606      -0.271647       0.953891      -0.528161      -0.651601
       4.174000       0.002652       0.272175      -0.953936       0.524774      -0.002652      -0.272175       0.953936      -0.524774      -0.651585
       4.175000       0.001698       0.272700      -0.953969       0.521400      -0.001698      -0.272700       0.953969      -0.521400      -0.651569
       4.176000       0.000744       0.273221      -0.953990       0.518038      -0.000744      -0.273221       0.953990      -0.518038      -0.651553
       4.177000      -0.000210       0.273739      -0.953999       0.514689       0.000210      -0.273739       0.953999      -0.514689      -0.651537
       4.178000      -0.001164       0.274254      -0.953996       0.511353       0.001164      -0.274254       0.953996      -0.511353      -0.651521
       4.179000      -0.002118       0.274765      -0.953982       0.508029       0.002118      -0.274765       0.953982      -0.508029      -0.651506
       4.180000      -0.003072       0.275273      -0.953956       0.504718       0.003072      -0.275273       0.953956      -0.504718      -0.651490
       4.181000      -0.004026       0.275778      -0.953920       0.501419       0.004026      -0.275778       0.953920      -0.501419      -0.651475
       4.182000      -0.004979       0.276279      -0.953872       0.498133       0.004979      -0.276279       0.953872      -0.498133      -0.651460
       4.183000      -0.005933       0.276778      -0.953813       0.494860       0.005933      -0.276778       0.953813      -0.494860      -0.651445
       4.184000      -0.006887       0.277272      -0.953743       0.491598       0.006887      -0.277272       0.953743      -0.491598      -0.651430
       4.185000      -0.007841       0.277764      -0.953662       0.488350       0.007841      -0.277764       0.953662      -0.488350      -0.651416
       4.186000      -0.008795       0.278252      -0.953571       0.485113       0.008795      -0.278252       0.953571      -0.485113      -0.651401
       4.187000      -0.009748       0.278738      -0.953469       0.481889       0.009748      -0.278738       0.953469      -0.481889      -0.651387
       4.188000      -0.010702       0.279219      -0.953356       0.478677       0.010702      -0.279219       0.953356      -0.478677      -0.651372
       4.189000      -0.011655       0.279698      -0.953234       0.475478       0.011655      -0.279698       0.953234      -0.475478      -0.651358
       4.190000      -0.012608       0.280174      -0.953101       0.472290       0.012608      -0.280174       0.953101      -0.472290      -0.651344
       4.191000      -0.013561       0.280646      -0.952958       0.469115       0.013561      -0.280646       0.952958      -0.469115      -0.651330
       4.192000      -0.014514       0.281115      -0.952805       0.465952       0.014514      -0.281115       0.952805      -0.465952      -0.651317
       4.193000      -0.015467       0.281581      -0.952643       0.462801       0.015467      -0.281581       0.952643      -0.462801      -0.651303
       4.194000      -0.016420       0.282044      -0.952470       0.459662       0.016420      -0.282044       0.952470      -0.459662      -0.651289
       4.195000      -0.017372       0.282503      -0.952288       0.456535       0.017372      -0.282503       0.952288      -0.456535      -0.651276
       4.196000      -0.018324       0.282960      -0.952097       0.453421       0.018324      -0.282960       0.952097      -0.453421      -0.651263
       4.197000      -0.019277       0.283413      -0.951896       0.450318       0.019277      -0.283413       0.951896      -0.450318      -0.651250
       4.198000      -0.020228       0.283864      -0.951685       0.447227       0.020228      -0.283864       0.951685      -0.447227      -0.651237
       4.199000      -0.021180       0.284311      -0.951466       0.444148       0.021180      -0.284311       0.951466      -0.444148      -0.651224
       4.200000      -0.022132       0.284755      -0.951238       0.441080       0.022132      -0.284755       0.951238      -0.441080      -0.651211
       4.201000      -0.023083       0.285196      -0.951000       0.438025       0.023083      -0.285196       0.951000      -0.438025      -0.651198
       4.202000      -0.024034       0.285634      -0.950754       0.434981       0.024034      -0.285634       0.950754      -0.434981      -0.651186
       4.203000      -0.024985       0.286069      -0.950499       0.431949       0.024985      -0.286069       0.950499      -0.431949      -0.651173
       4.204000      -0.025935       0.286501      -0.950235       0.428929       0.025935      -0.286501       0.950235      -0.428929      -0.651161
       4.205000      -0.026885       0.286930      -0.949962       0.425920       0.026885      -0.286930       0.949962      -0.425920      -0.651149
       4.206000      -0.027835       0.287356      -0.949682       0.422923       0.027835      -0.287356       0.949682      -0.422923      -0.651137
       4.207000      -0.028785       0.287779      -0.949392       0.419938       0.028785      -0.287779       0.949392      -0.419938      -0.651125
       4.208000      -0.029734       0.288199      -0.949095       0.416964       0.029734      -0.288199       0.949095      -0.416964      -0.651113
       4.209000      -0.030683       0.288616      -0.948789       0.414001       0.030683      -0.288616       0.948789      -0.414001      -0.651101
       4.210000      -0.031632       0.289030      -0.948476       0.411050       0.031632      -0.289030       0.948476      -0.411050      -0.651089
       4.211000      -0.032581       0.289441      -0.948154       0.408111       0.032581      -0.289441       0.948154      -0.408111      -0.651078
       4.212000      -0.033529       0.289849      -0.947824       0.405182       0.033529      -0.289849       0.947824      -0.405182      -0.651066
       4.213000      -0.034477       0.290254      -0.947487       0.402265       0.034477      -0.290254       0.947487      -0.402265      -0.651055
       4.214000      -0.035424       0.290656      -0.947142       0.399360       0.035424      -0.290656       0.947142      -0.399360      -0.651044
       4.215000      -0.036371       0.291056      -0.946789       0.396465       0.036371      -0.291056       0.946789      -0.396465      -0.651032
       4.216000      -0.037318       0.291452      -0.946429       0.393582       0.037318      -0.291452       0.946429      -0.393582      -0.651021
       4.217000      -0.038265       0.291846      -0.946061       0.390710       0.038265      -0.291846       0.946061      -0.390710      -0.651010
       4.218000      -0.039211       0.292236      -0.945686       0.387849       0.039211      -0.292236       0.945686      -0.387849      -0.650999
       4.219000      -0.040156       0.292624      -0.945303       0.384999       0.040156      -0.292624       0.945303      -0.384999      -0.650989
       4.220000      -0.041102       0.293009      -0.944914       0.382160       0.041102      -0.293009       0.944914      -0.382160      -0.650978
       4.221000      -0.042047       0.293391      -0.944517       0.379331       0.042047      -0.293391       0.944517      -0.379331      -0.650967
       4.222000      -0.042991       0.293771      -0.944113       0.376514       0.042991      -0.293771       0.944113      -0.376514      -0.650957
       4.223000      -0.043935       0.294147      -0.943703       0.373708       0.043935      -0.294147       0.943703      -0.373708      -0.650946
       4.224000      -0.044879       0.294521      -0.943285       0.370913       0.044879      -0.294521       0.943285      -0.370913      -0.650936
       4.225000      -0.045822       0.294892      -0.942861       0.368128       0.045822      -0.294892       0.942861      -0.368128      -0.650926
       4.226000      -0.046765       0.295260      -0.942430       0.365355       0.046765      -0.295260       0.942430      -0.365355      -0.650915
       4.227000      -0.047707       0.295625      -0.941992       0.362591       0.047707      -0.295625       0.941992      -0.362591      -0.650905
       4.228000      -0.048649       0.295988      -0.941548       0.359839       0.048649      -0.295988       0.941548      -0.359839      -0.650895
       4.229000      -0.049591       0.296348      -0.941097       0.357097       0.049591      -0.296348       0.941097      -0.357097      -0.650885
       4.230000      -0.050532       0.296705      -0.940640       0.354366       0.050532      -0.296705       0.940640      -0.354366      -0.650875
       4.231000      -0.051473       0.297059      -0.940177       0.351646       0.051473      -0.297059       0.940177      -0.351646      -0.650866
       4.232000      -0.052413       0.297411      -0.939707       0.348936       0.052413      -0.297411       0.939707      -0.348936      -0.650856
       4.233000      -0.053353       0.297760      -0.939232       0.346236       0.053353      -0.297760       0.939232      -0.346236      -0.650846
       4.234000      -0.054292       0.298106      -0.938750       0.343547       0.054292      -0.298106       0.938750      -0.343547      -0.650837
       4.235000      -0.055231       0.298450      -0.938262       0.340868       0.055231      -0.298450       0.938262      -0.340868      -0.650827
       4.236000      -0.056169       0.298791      -0.937768       0.338199       0.056169      -0.298791       0.937768      -0.338199      -0.650818
       4.237000      -0.057107       0.299129      -0.937268       0.335541       0.057107      -0.299129       0.937268      -0.335541      -0.650809
       4.238000      -0.058044       0.299464      -0.936763       0.332893       0.058044      -0.299464       0.936763      -0.332893      -0.650799
       4.239000      -0.058981       0.299797      -0.936252       0.330256       0.058981      -0.299797       0.936252      -0.330256      -0.650790
       4.240000      -0.059917       0.300127      -0.935735       0.327628       0.059917      -0.300127       0.935735      -0.327628      -0.650781
       4.241000      -0.060853       0.300455      -0.935212       0.325011       0.060853      -0.300455       0.935212      -0.325011      -0.650772
       4.242000      -0.061788       0.300780      -0.934684       0.322403       0.061788      -0.300780       0.934684      -0.322403      -0.650763
       4.243000      -0.062723       0.301102      -0.934151       0.319806       0.062723      -0.301102       0.934151      -0.319806      -0.650754
       4.244000      -0.063657       0.301422      -0.933612       0.317219       0.063657      -0.301422       0.933612      -0.317219      -0.650746
       4.245000      -0.064590       0.301740      -0.933067       0.314642       0.064590      -0.301740       0.933067      -0.314642      -0.650737
       4.246000      -0.065523       0.302054      -0.932518       0.312074       0.065523      -0.302054       0.932518      -0.312074      -0.650728
       4.247000      -0.066456       0.302366      -0.931963       0.309517       0.066456      -0.302366       0.931963      -0.309517      -0.650720
       4.248000      -0.067388       0.302676      -0.931403       0.306969       0.067388      -0.302676       0.931403      -0.306969      -0.650711
       4.249000      -0.068319       0.302983      -0.930838       0.304431       0.068319      -0.302983       0.930838      -0.304431      -0.650703
       4.250000      -0.069250       0.303287      -0.930268       0.301903       0.069250      -0.303287       0.930268      -0.301903      -0.650694
       4.251000      -0.070180       0.303589      -0.929693       0.299385       0.070180      -0.303589       0.929693      -0.299385      -0.650686
       4.252000      -0.071110       0.303888      -0.929113       0.296876       0.071110      -0.303888       0.929113      -0.296876      -0.650678
       4.253000      -0.072039       0.304185      -0.928528       0.294377       0.072039      -0.304185       0.928528      -0.294377      -0.650669
       4.254000      -0.072968       0.304480      -0.927939       0.291887       0.072968      -0.304480       0.927939      -0.291887      -0.650661
       4.255000      -0.073896       0.304772      -0.927344       0.289407       0.073896      -0.304772       0.927344      -0.289407      -0.650653
       4.256000      -0.074823       0.305061      -0.926745       0.286937       0.074823      -0.305061       0.926745      -0.286937      -0.650645
       4.257000      -0.075750       0.305348      -0.926142       0.284476       0.075750      -0.305348       0.926142      -0.284476      -0.650637
       4.258000      -0.076676       0.305632      -0.925533       0.282024       0.076676      -0.305632       0.925533      -0.282024      -0.650629
       4.259000      -0.077601       0.305914      -0.924921       0.279582       0.077601      -0.305914       0.924921      -0.279582      -0.650621
       4.260000      -0.078526       0.306194      -0.924304       0.277149       0.078526      -0.306194       0.924304      -0.277149      -0.650614
       4.261000      -0.079451       0.306471      -0.923682       0.274726       0.079451      -0.306471       0.923682      -0.274726      -0.650606
       4.262000      -0.080374       0.306746      -0.923056       0.272312       0.080374      -0.306746       0.923056      -0.272312      -0.650598
       4.263000      -0.081297       0.307018      -0.922426       0.269906       0.081297      -0.307018       0.922426      -0.269906      -0.650591
       4.264000      -0.082220       0.307288      -0.921792       0.267511       0.082220      -0.307288       0.921792      -0.267511      -0.650583
       4.265000      -0.083142       0.307556      -0.921153       0.265124       0.083142      -0.307556       0.921153      -0.265124      -0.650576
       4.266000      -0.084063       0.307821      -0.920510       0.262746       0.084063      -0.307821       0.920510      -0.262746      -0.650568
       4.267000      -0.084983       0.308083      -0.919863       0.260378       0.084983      -0.308083       0.919863      -0.260378      -0.650561
       4.268000      -0.085903       0.308344      -0.919213       0.258018       0.085903      -0.308344       0.919213      -0.258018      -0.650554
       4.269000      -0.086822       0.308602      -0.918558       0.255668       0.086822      -0.308602       0.918558      -0.255668      -0.650546
       4.270000      -0.087741       0.308858      -0.917899       0.253326       0.087741      -0.308858       0.917899      -0.253326      -0.650539
       4.271000      -0.088659       0.309111      -0.917236       0.250993       0.088659      -0.309111       0.917236      -0.250993      -0.650532
       4.272000      -0.089576       0.309362      -0.916570       0.248669       0.089576      -0.309362       0.916570      -0.248669      -0.650525
       4.273000      -0.090493       0.309611      -0.915899       0.246354       0.090493      -0.309611       0.915899      -0.246354      -0.650518
       4.274000      -0.091408       0.309857      -0.915225       0.244048       0.091408      -0.309857       0.915225      -0.244048      -0.650511
       4.275000      -0.092324       0.310101      -0.914548       0.241750       0.092324      -0.310101       0.914548      -0.241750      -0.650504
       4.276000      -0.093238       0.310343      -0.913866       0.239462       0.093238      -0.310343       0.913866      -0.239462      -0.650497
       4.277000      -0.094152       0.310582      -0.913181       0.237182       0.094152      -0.310582       0.913181      -0.237182      -0.650490
       4.278000      -0.095065       0.310819      -0.912492       0.234910       0.095065      -0.310819       0.912492      -0.234910      -0.650483
       4.279000      -0.095978       0.311054      -0.911800       0.232647       0.095978      -0.311054       0.911800      -0.232647      -0.650476
       4.280000      -0.096890       0.311287      -0.911105       0.230393       0.096890      -0.311287       0.911105      -0.230393      -0.650470
       4.281000      -0.097801       0.311517      -0.910406       0.228147       0.097801      -0.311517       0.910406      -0.228147      -0.650463
       4.282000      -0.098711       0.311745      -0.909703       0.225910       0.098711      -0.311745       0.909703      -0.225910      -0.650456
       4.283000      -0.099621       0.311971      -0.908998       0.223681       0.099621      -0.311971       0.908998      -0.223681      -0.650450
       4.284000      -0.100530       0.312195      -0.908288       0.221460       0.100530      -0.312195       0.908288      -0.221460      -0.650443
       4.285000      -0.101438       0.312416      -0.907576       0.219248       0.101438      -0.312416       0.907576      -0.219248      -0.650437
       4.286000      -0.102346       0.312636      -0.906861       0.217044       0.102346      -0.312636       0.906861      -0.217044      -0.650430
       4.287000      -0.103252       0.312853      -0.906142       0.214849       0.103252      -0.312853       0.906142      -0.214849      -0.650424
       4.288000      -0.104159       0.313068      -0.905420       0.212661       0.104159      -0.313068       0.905420      -0.212661      -0.650417
       4.289000      -0.105064       0.313280      -0.904695       0.210482       0.105064      -0.313280       0.904695      -0.210482      -0.650411
       4.290000      -0.105969       0.313491      -0.903967       0.208311       0.105969      -0.313491       0.903967      -0.208311      -0.650405
       4.291000      -0.106873       0.313699      -0.903236       0.206148       0.106873      -0.313699       0.903236      -0.206148      -0.650399
       4.292000      -0.107776       0.313905      -0.902502       0.203994       0.107776      -0.313905       0.902502      -0.203994      -0.650392
       4.293000      -0.108678       0.314109      -0.901765       0.201847       0.108678      -0.314109       0.901765      -0.201847      -0.650386
       4.294000      -0.109580       0.314311      -0.901025       0.199709       0.109580      -0.314311       0.901025      -0.199709      -0.650380
       4.295000      -0.110481       0.314511      -0.900282       0.197578       0.110481      -0.314511       0.900282      -0.197578      -0.650374
       4.296000      -0.111382       0.314708      -0.899536       0.195456       0.111382      -0.314708       0.899536      -0.195456      -0.650368
       4.297000      -0.112281       0.314904      -0.898788       0.193341       0.112281      -0.314904       0.898788      -0.193341      -0.650362
       4.298000      -0.113180       0.315097      -0.898037       0.191234       0.113180      -0.315097       0.898037      -0.191234      -0.650356
       4.299000      -0.114078       0.315288      -0.897283       0.189135       0.114078      -0.315288       0.897283      -0.189135      -0.650350
       4.300000      -0.114975       0.315477      -0.896526       0.187044       0.114975      -0.315477       0.896526      -0.187044      -0.650344
       4.301000      -0.115872       0.315665      -0.895767       0.184961       0.115872      -0.315665       0.895767      -0.184961      -0.650339
       4.302000      -0.116767       0.315850      -0.895005       0.182885       0.116767      -0.315850       0.895005      -0.182885      -0.650333
       4.303000      -0.117662       0.316032      -0.894241       0.180817       0.117662      -0.316032       0.894241      -0.180817      -0.650327
       4.304000      -0.118557       0.316213      -0.893474       0.178757       0.118557      -0.316213       0.893474      -0.178757      -0.650321
       4.305000      -0.119450       0.316392      -0.892704       0.176704       0.119450      -0.316392       0.892704      -0.176704      -0.650316
       4.306000      -0.120343       0.316569      -0.891932       0.174659       0.120343      -0.316569       0.891932      -0.174659      -0.650310
       4.307000      -0.121235       0.316743      -0.891157       0.172622       0.121235      -0.316743       0.891157      -0.172622      -0.650304
       4.308000      -0.122126       0.316916      -0.890380       0.170592       0.122126      -0.316916       0.890380      -0.170592      -0.650299
       4.309000      -0.123016       0.317087      -0.889601       0.168570       0.123016      -0.317087       0.889601      -0.168570      -0.650293
       4.310000      -0.123906       0.317255      -0.888819       0.166555       0.123906      -0.317255       0.888819      -0.166555      -0.650288
       4.311000      -0.124795       0.317422      -0.888035       0.164548       0.124795      -0.317422       0.888035      -0.164548      -0.650282
       4.312000      -0.125683       0.317586      -0.887249       0.162548       0.125683      -0.317586       0.887249      -0.162548      -0.650277
       4.313000      -0.126570       0.317749      -0.886461       0.160555       0.126570      -0.317749       0.886461      -0.160555      -0.650272
       4.314000      -0.127457       0.317909      -0.885670       0.158570       0.127457      -0.317909       0.885670      -0.158570      -0.650266
       4.315000      -0.128342       0.318068      -0.884877       0.156591       0.128342      -0.318068       0.884877      -0.156591      -0.650261
       4.316000      -0.129227       0.318224      -0.884081       0.154621       0.129227      -0.318224       0.884081      -0.154621      -0.650256
       4.317000      -0.130111       0.318379      -0.883284       0.152657       0.130111      -0.318379       0.883284      -0.152657      -0.650250
       4.318000      -0.130994       0.318532      -0.882485       0.150701       0.130994      -0.318532       0.882485      -0.150701      -0.650245
       4.319000      -0.131877       0.318682      -0.881683       0.148752       0.131877      -0.318682       0.881683      -0.148752      -0.650240
       4.320000      -0.132759       0.318831      -0.880879       0.146810       0.132759      -0.318831       0.880879      -0.146810      -0.650235
       4.321000      -0.133639       0.318978      -0.880074       0.144875       0.133639      -0.318978       0.880074      -0.144875      -0.650230
       4.322000      -0.134520       0.319123      -0.879266       0.142947       0.134520      -0.319123       0.879266      -0.142947      -0.650225
       4.323000      -0.135399       0.319266      -0.878456       0.141026       0.135399      -0.319266       0.878456      -0.141026      -0.650219
       4.324000      -0.136277       0.319407      -0.877645       0.139112       0.136277      -0.319407       0.877645      -0.139112      -0.650214
       4.325000      -0.137155       0.319546      -0.876831       0.137206       0.137155      -0.319546       0.876831      -0.137206      -0.650209
       4.326000      -0.138032       0.319683      -0.876016       0.135306       0.138032      -0.319683       0.876016      -0.135306      -0.650204
       4.327000      -0.138908       0.319818      -0.875198       0.133413       0.138908      -0.319818       0.875198      -0.133413      -0.650199
       4.328000      -0.139783       0.319952      -0.874379       0.131527       0.139783      -0.319952       0.874379      -0.131527      -0.650195
       4.329000      -0.140657       0.320083      -0.873558       0.129648       0.140657      -0.320083       0.873558      -0.129648      -0.650190
       4.330000      -0.141531       0.320213      -0.872735       0.127775       0.141531      -0.320213       0.872735      -0.127775      -0.650185
       4.331000      -0.142404       0.320341      -0.871911       0.125910       0.142404      -0.320341       0.871911      -0.125910      -0.650180
       4.332000      -0.143276       0.320467      -0.871085       0.124051       0.143276      -0.320467       0.871085      -0.124051      -0.650175
       4.333000      -0.144147       0.320591      -0.870257       0.122199       0.144147      -0.320591       0.870257      -0.122199      -0.650170
       4.334000      -0.145017       0.320713      -0.869427       0.120353       0.145017      -0.320713       0.869427      -0.120353      -0.650166
       4.335000      -0.145886       0.320833      -0.868595       0.118515       0.145886      -0.320833       0.868595      -0.118515      -0.650161
       4.336000      -0.146755       0.320952      -0.867762       0.116682       0.146755      -0.320952       0.867762      -0.116682      -0.650156
       4.337000      -0.147623       0.321069      -0.866928       0.114857       0.147623      -0.321069       0.866928      -0.114857      -0.650152
       4.338000      -0.148490       0.321183      -0.866091       0.113038       0.148490      -0.321183       0.866091      -0.113038      -0.650147
       4.339000      -0.149356       0.321296      -0.865253       0.111226       0.149356      -0.321296       0.865253      -0.111226      -0.650142
       4.340000      -0.150221       0.321408      -0.864414       0.109420       0.150221      -0.321408       0.864414      -0.109420      -0.650138
       4.341000      -0.151085       0.321517      -0.863573       0.107620       0.151085      -0.321517       0.863573      -0.107620      -0.650133
       4.342000      -0.151949       0.321625      -0.862730       0.105828       0.151949      -0.321625       0.862730      -0.105828      -0.650129
       4.343000      -0.152812       0.321731      -0.861886       0.104041       0.152812      -0.321731       0.861886      -0.104041      -0.650124
       4.344000      -0.153674       0.321835      -0.861041       0.102261       0.153674      -0.321835       0.861041      -0.102261      -0.650120
       4.345000      -0.154535       0.321937      -0.860194       0.100487       0.154535      -0.321937       0.860194      -0.100487      -0.650115
       4.346000      -0.155395       0.322037      -0.859346       0.098720       0.155395      -0.322037       0.859346      -0.098720      -0.650111
       4.347000      -0.156254       0.322136      -0.858496       0.096959       0.156254      -0.322136       0.858496      -0.096959      -0.650106
       4.348000      -0.157113       0.322233      -0.857645       0.095204       0.157113      -0.322233       0.857645      -0.095204      -0.650102
       4.349000      -0.157970       0.322328      -0.856792       0.093456       0.157970      -0.322328       0.856792      -0.093456      -0.650098
       4.350000      -0.158827       0.322422      -0.855938       0.091713       0.158827      -0.322422       0.855938      -0.091713      -0.650093
       4.351000      -0.159683       0.322513      -0.855083       0.089977       0.159683      -0.322513       0.855083      -0.089977      -0.650089
       4.352000      -0.160538       0.322603      -0.854227       0.088248       0.160538      -0.322603       0.854227      -0.088248      -0.650085
       4.353000      -0.161392       0.322692      -0.853369       0.086524       0.161392      -0.322692       0.853369      -0.086524      -0.650081
       4.354000      -0.162246       0.322778      -0.852510       0.084806       0.162246      -0.322778       0.852510      -0.084806      -0.650076
       4.355000      -0.163098       0.322863      -0.851650       0.083095       0.163098      -0.322863       0.851650      -0.083095      -0.650072
       4.356000      -0.163950       0.322946      -0.850788       0.081389       0.163950      -0.322946       0.850788      -0.081389      -0.650068
       4.357000      -0.164801       0.323027      -0.849925       0.079690       0.164801      -0.323027       0.849925      -0.079690      -0.650064
       4.358000      -0.165651       0.323107      -0.849061       0.077996       0.165651      -0.323107       0.849061      -0.077996      -0.650060
       4.359000      -0.166500       0.323185      -0.848196       0.076309       0.166500      -0.323185       0.848196      -0.076309      -0.650056
       4.360000      -0.167348       0.323261      -0.847330       0.074628       0.167348      -0.323261       0.847330      -0.074628      -0.650051
       4.361000      -0.168195       0.323336      -0.846463       0.072952       0.168195      -0.323336       0.846463      -0.072952      -0.650047
       4.362000      -0.169042       0.323409      -0.845594       0.071282       0.169042      -0.323409       0.845594      -0.071282      -0.650043
       4.363000      -0.169887       0.323480      -0.844724       0.069619       0.169887      -0.323480       0.844724      -0.069619      -0.650039
       4.364000      -0.170732       0.323550      -0.843854       0.067961       0.170732      -0.323550       0.843854      -0.067961      -0.650035
       4.365000      -0.171576       0.323618      -0.842982       0.066309       0.171576      -0.323618       0.842982      -0.066309      -0.650031
       4.366000      -0.172419       0.323684      -0.842109       0.064662       0.172419      -0.323684       0.842109      -0.064662      -0.650027
       4.367000      -0.173261       0.323749      -0.841235       0.063022       0.173261      -0.323749       0.841235      -0.063022      -0.650023
       4.368000      -0.174102       0.323812      -0.840360       0.061387       0.174102      -0.323812       0.840360      -0.061387      -0.650019
       4.369000      -0.174942       0.323873      -0.839485       0.059758       0.174942      -0.323873       0.839485      -0.059758      -0.650016
       4.370000      -0.175782       0.323933      -0.838608       0.058135       0.175782      -0.323933       0.838608      -0.058135      -0.650012
       4.371000      -0.176621       0.323991      -0.837730       0.056517       0.176621      -0.323991       0.837730      -0.056517      -0.650008
       4.372000      -0.177458       0.324048      -0.836851       0.054905       0.177458      -0.324048       0.836851      -0.054905      -0.650004
       4.373000      -0.178295       0.324103      -0.835971       0.053299       0.178295      -0.324103       0.835971      -0.053299      -0.650000
       4.374000      -0.179131       0.324156      -0.835091       0.051698       0.179131      -0.324156       0.835091      -0.051698      -0.649996
       4.375000      -0.179966       0.324208      -0.834209       0.050102       0.179966      -0.324208       0.834209      -0.050102      -0.649993
       4.376000      -0.180800       0.324258      -0.833327       0.048513       0.180800      -0.324258       0.833327      -0.048513      -0.649989
       4.377000      -0.181634       0.324306      -0.832443       0.046929       0.181634      -0.324306       0.832443      -0.046929      -0.649985
       4.378000      -0.182466       0.324353      -0.831559       0.045350       0.182466      -0.324353       0.831559      -0.045350      -0.649981
       4.379000      -0.183298       0.324398      -0.830674       0.043777       0.183298      -0.324398       0.830674      -0.043777      -0.649978
       4.380000      -0.184128       0.324442      -0.829788       0.042209       0.184128      -0.324442       0.829788      -0.042209      -0.649974
       4.381000      -0.184958       0.324484      -0.828902       0.040647       0.184958      -0.324484       0.828902      -0.040647      -0.649970
       4.382000      -0.185787       0.324525      -0.828014       0.039090       0.185787      -0.324525       0.828014      -0.039090      -0.649967
       4.383000      -0.186615       0.324564      -0.827126       0.037538       0.186615      -0.324564       0.827126      -0.037538      -0.649963
       4.384000      -0.187442       0.324602      -0.826237       0.035992       0.187442      -0.324602       0.826237      -0.035992      -0.649959
       4.385000      -0.188268       0.324638      -0.825347       0.034451       0.188268      -0.324638       0.825347      -0.034451      -0.649956
       4.386000      -0.189094       0.324672      -0.824457       0.032915       0.189094      -0.324672       0.824457      -0.032915      -0.649952
       4.387000      -0.189918       0.324705      -0.823565       0.031385       0.189918      -0.324705       0.823565      -0.031385      -0.649949
       4.388000      -0.190742       0.324736      -0.822673       0.029860       0.190742      -0.324736       0.822673      -0.029860      -0.649945
       4.389000      -0.191565       0.324766      -0.821781       0.028340       0.191565      -0.324766       0.821781      -0.028340      -0.649942
       4.390000      -0.192386       0.324795      -0.820887       0.026826       0.192386      -0.324795       0.820887      -0.026826      -0.649938
       4.391000      -0.193207       0.324821      -0.819993       0.025316       0.193207      -0.324821       0.819993      -0.025316      -0.649935
       4.392000      -0.194027       0.324847      -0.819098       0.023812       0.194027      -0.324847       0.819098      -0.023812      -0.649931
       4.393000      -0.194846       0.324871      -0.818203       0.022313       0.194846      -0.324871       0.818203      -0.022313      -0.649928
       4.394000      -0.195664       0.324893      -0.817307       0.020819       0.195664      -0.324893       0.817307      -0.020819      -0.649924
       4.395000      -0.196482       0.324914      -0.816410       0.019330       0.196482      -0.324914       0.816410      -0.019330      -0.649921
       4.396000      -0.197298       0.324933      -0.815513       0.017846       0.197298      -0.324933       0.815513      -0.017846      -0.649917
       4.397000      -0.198114       0.324951      -0.814615       0.016367       0.198114      -0.324951       0.814615      -0.016367      -0.649914
       4.398000      -0.198928       0.324967      -0.813717       0.014894       0.198928      -0.324967       0.813717      -0.014894      -0.649911
       4.399000      -0.199742       0.324982      -0.812818       0.013425       0.199742      -0.324982       0.812818      -0.013425      -0.649907
       4.400000      -0.200555       0.324996      -0.811918       0.011961       0.200555      -0.324996       0.811918      -0.011961      -0.649904
       4.401000      -0.201367       0.325008      -0.811018       0.010502       0.201367      -0.325008       0.811018      -0.010502      -0.649901
       4.402000      -0.202178       0.325018      -0.810117       0.009049       0.202178      -0.325018       0.810117      -0.009049      -0.649897
       4.403000      -0.202988       0.325027      -0.809216       0.007600       0.202988      -0.325027       0.809216      -0.007600      -0.649894
       4.404000      -0.203797       0.325035      -0.808314       0.006156       0.203797      -0.325035       0.808314      -0.006156      -0.649891
       4.405000      -0.204605       0.325041      -0.807412       0.004717       0.204605      -0.325041       0.807412      -0.004717      -0.649887
       4.406000      -0.205413       0.325046      -0.806509       0.003282       0.205413      -0.325046       0.806509      -0.003282      -0.649884
       4.407000      -0.206219       0.325049      -0.805605       0.001853       0.206219      -0.325049       0.805605      -0.001853      -0.649881
       4.408000      -0.207025       0.325051      -0.804702       0.000428       0.207025      -0.325051       0.804702      -0.000428      -0.649878
       4.409000      -0.207830       0.325051      -0.803797      -0.000991       0.207830      -0.325051       0.803797       0.000991      -0.649875
       4.410000      -0.208633       0.325050      -0.802893      -0.002406       0.208633      -0.325050       0.802893       0.002406      -0.649871
       4.411000      -0.209436       0.325048      -0.801987      -0.003817       0.209436      -0.325048       0.801987       0.003817      -0.649868
       4.412000      -0.210238       0.325044      -0.801082      -0.005222       0.210238      -0.325044       0.801082       0.005222      -0.649865
       4.413000      -0.211039       0.325039      -0.800176      -0.006623       0.211039      -0.325039       0.800176       0.006623      -0.649862
       4.414000      -0.211840       0.325032      -0.799269      -0.008019       0.211840      -0.325032       0.799269       0.008019      -0.649859
       4.415000      -0.212639       0.325024      -0.798362      -0.009411       0.212639      -0.325024       0.798362       0.009411      -0.649856
       4.416000      -0.213437       0.325015      -0.797455      -0.010797       0.213437      -0.325015       0.797455       0.010797      -0.649853
       4.417000      -0.214235       0.325004      -0.796547      -0.012180       0.214235      -0.325004       0.796547       0.012180      -0.649849
       4.418000      -0.215031       0.324992      -0.795639      -0.013557       0.215031      -0.324992       0.795639       0.013557      -0.649846
       4.419000      -0.215827       0.324978      -0.794731      -0.014930       0.215827      -0.324978       0.794731       0.014930      -0.649843
       4.420000      -0.216622       0.324963      -0.793822      -0.016298       0.216622      -0.324963       0.793822       0.016298      -0.649840
       4.421000      -0.217415       0.324947      -0.792913      -0.017662       0.217415      -0.324947       0.792913       0.017662      -0.649837
       4.422000      -0.218208       0.324929      -0.792004      -0.019022       0.218208      -0.324929       0.792004       0.019022      -0.649834
       4.423000      -0.219000       0.324910      -0.791094      -0.020376       0.219000      -0.324910       0.791094       0.020376      -0.649831
       4.424000      -0.219791       0.324890      -0.790184      -0.021727       0.219791      -0.324890       0.790184       0.021727      -0.649828
       4.425000      -0.220582       0.324868      -0.789273      -0.023072       0.220582      -0.324868       0.789273       0.023072      -0.649825
       4.426000      -0.221371       0.324845      -0.788363      -0.024414       0.221371      -0.324845       0.788363       0.024414      -0.649822
       4.427000      -0.222159       0.324821      -0.787451      -0.025751       0.222159      -0.324821       0.787451       0.025751      -0.649819
       4.428000      -0.222947       0.324795      -0.786540      -0.027083       0.222947      -0.324795       0.786540       0.027083      -0.649816
       4.429000      -0.223733       0.324768      -0.785628      -0.028411       0.223733      -0.324768       0.785628       0.028411      -0.649813
       4.430000      -0.224519       0.324739      -0.784717      -0.029735       0.224519      -0.324739       0.784717       0.029735      -0.649811
       4.431000      -0.225304       0.324710      -0.783804      -0.031054       0.225304      -0.324710       0.783804       0.031054      -0.649808
       4.432000      -0.226087       0.324679      -0.782892      -0.032369       0.226087      -0.324679       0.782892       0.032369      -0.649805
       4.433000      -0.226870       0.324646      -0.781979      -0.033680       0.226870      -0.324646       0.781979       0.033680      -0.649802
       4.434000      -0.227652       0.324613      -0.781066      -0.034986       0.227652      -0.324613       0.781066       0.034986      -0.649799
       4.435000      -0.228433       0.324578      -0.780153      -0.036288       0.228433      -0.324578       0.780153       0.036288      -0.649796
       4.436000      -0.229213       0.324541      -0.779240      -0.037586       0.229213      -0.324541       0.779240       0.037586      -0.649793
       4.437000      -0.229993       0.324504      -0.778326      -0.038880       0.229993      -0.324504       0.778326       0.038880      -0.649790
       4.438000      -0.230771       0.324465      -0.777413      -0.040169       0.230771      -0.324465       0.777413       0.040169      -0.649788
       4.439000      -0.231548       0.324425      -0.776499      -0.041454       0.231548      -0.324425       0.776499       0.041454      -0.649785
       4.440000      -0.232325       0.324383      -0.775584      -0.042735       0.232325      -0.324383       0.775584       0.042735      -0.649782
       4.441000      -0.233101       0.324340      -0.774670      -0.044012       0.233101      -0.324340       0.774670       0.044012      -0.649779
       4.442000      -0.233875       0.324296      -0.773755      -0.045284       0.233875      -0.324296       0.773755       0.045284      -0.649776
       4.443000      -0.234649       0.324251      -0.772841      -0.046552       0.234649      -0.324251       0.772841       0.046552      -0.649774
       4.444000      -0.235422       0.324205      -0.771926      -0.047817       0.235422      -0.324205       0.771926       0.047817      -0.649771
       4.445000      -0.236194       0.324157      -0.771011      -0.049077       0.236194      -0.324157       0.771011       0.049077      -0.649768
       4.446000      -0.236965       0.324108      -0.770096      -0.050333       0.236965      -0.324108       0.770096       0.050333      -0.649765
       4.447000      -0.237735       0.324057      -0.769180      -0.051585       0.237735      -0.324057       0.769180       0.051585      -0.649763
       4.448000      -0.238504       0.324006      -0.768265      -0.052833       0.238504      -0.324006       0.768265       0.052833      -0.649760
       4.449000      -0.239272       0.323953      -0.767349      -0.054077       0.239272      -0.323953       0.767349       0.054077      -0.649757
       4.450000      -0.240040       0.323899      -0.766433      -0.055316       0.240040      -0.323899       0.766433       0.055316      -0.649755
       4.451000      -0.240806       0.323844      -0.765518      -0.056552       0.240806      -0.323844       0.765518       0.056552      -0.649752
       4.452000      -0.241572       0.323787      -0.764602      -0.057784       0.241572      -0.323787       0.764602       0.057784      -0.649749
       4.453000      -0.242336       0.323729      -0.763686      -0.059012       0.242336      -0.323729       0.763686       0.059012      -0.649747
       4.454000      -0.243100       0.323670      -0.762769      -0.060236       0.243100      -0.323670       0.762769       0.060236      -0.649744
       4.455000      -0.243863       0.323610      -0.761853      -0.061456       0.243863      -0.323610       0.761853       0.061456      -0.649741
       4.456000      -0.244625       0.323549      -0.760937      -0.062672       0.244625      -0.323549       0.760937       0.062672      -0.649739
       4.457000      -0.245385       0.323486      -0.760020      -0.063884       0.245385      -0.323486       0.760020       0.063884      -0.649736
       4.458000      -0.246145       0.323422      -0.759104      -0.065092       0.246145      -0.323422       0.759104       0.065092      -0.649734
       4.459000      -0.246905       0.323357      -0.758187      -0.066296       0.246905      -0.323357       0.758187       0.066296      -0.649731
       4.460000      -0.247663       0.323291      -0.757271      -0.067497       0.247663      -0.323291       0.757271       0.067497      -0.649728
       4.461000      -0.248420       0.323223      -0.756354      -0.068693       0.248420      -0.323223       0.756354       0.068693      -0.649726
       4.462000      -0.249176       0.323154      -0.755437      -0.069886       0.249176      -0.323154       0.755437       0.069886      -0.649723
       4.463000      -0.249932       0.323084      -0.754521      -0.071075       0.249932      -0.323084       0.754521       0.071075      -0.649721
       4.464000      -0.250686       0.323013      -0.753604      -0.072260       0.250686      -0.323013       0.753604       0.072260      -0.649718
       4.465000      -0.251440       0.322941      -0.752687      -0.073441       0.251440      -0.322941       0.752687       0.073441      -0.649716
       4.466000      -0.252193       0.322868      -0.751770      -0.074619       0.252193      -0.322868       0.751770       0.074619      -0.649713
       4.467000      -0.252944       0.322793      -0.750853      -0.075793       0.252944      -0.322793       0.750853       0.075793      -0.649711
       4.468000      -0.253695       0.322717      -0.749936      -0.076963       0.253695      -0.322717       0.749936       0.076963      -0.649708
       4.469000      -0.254445       0.322640      -0.749019      -0.078129       0.254445      -0.322640       0.749019       0.078129      -0.649706
       4.470000      -0.255194       0.322562      -0.748102      -0.079292       0.255194      -0.322562       0.748102       0.079292      -0.649703
       4.471000      -0.255942       0.322483      -0.747186      -0.080451       0.255942      -0.322483       0.747186       0.080451      -0.649701
       4.472000      -0.256690       0.322402      -0.746269      -0.081606       0.256690      -0.322402       0.746269       0.081606      -0.649698
       4.473000      -0.257436       0.322321      -0.745352      -0.082758       0.257436      -0.322321       0.745352       0.082758      -0.649696
       4.474000      -0.258181       0.322238      -0.744435      -0.083906       0.258181      -0.322238       0.744435       0.083906      -0.649693
       4.475000      -0.258926       0.322154      -0.743518      -0.085050       0.258926      -0.322154       0.743518       0.085050      -0.649691
       4.476000      -0.259669       0.322069      -0.742601      -0.086191       0.259669      -0.322069       0.742601       0.086191      -0.649688
       4.477000      -0.260412       0.321983      -0.741684      -0.087328       0.260412      -0.321983       0.741684       0.087328      -0.649686
       4.478000      -0.261153       0.321896      -0.740768      -0.088461       0.261153      -0.321896       0.740768       0.088461      -0.649684
       4.479000      -0.261894       0.321807      -0.739851      -0.089591       0.261894      -0.321807       0.739851       0.089591      -0.649681
       4.480000      -0.262634       0.321718      -0.738934      -0.090718       0.262634      -0.321718       0.738934       0.090718      -0.649679
       4.481000      -0.263373       0.321627      -0.738018      -0.091840       0.263373      -0.321627       0.738018       0.091840      -0.649676
       4.482000      -0.264111       0.321535      -0.737101      -0.092960       0.264111      -0.321535       0.737101       0.092960      -0.649674
       4.483000      -0.264848       0.321442      -0.736185      -0.094076       0.264848      -0.321442       0.736185       0.094076      -0.649672
       4.484000      -0.265584       0.321348      -0.735268      -0.095188       0.265584      -0.321348       0.735268       0.095188      -0.649669
       4.485000      -0.266319       0.321253      -0.734352      -0.096297       0.266319      -0.321253       0.734352       0.096297      -0.649667
       4.486000      -0.267054       0.321157      -0.733436      -0.097402       0.267054      -0.321157       0.733436       0.097402      -0.649665
       4.487000      -0.267787       0.321059      -0.732519      -0.098504       0.267787      -0.321059       0.732519       0.098504      -0.649662
       4.488000      -0.268520       0.320961      -0.731603      -0.099602       0.268520      -0.320961       0.731603       0.099602      -0.649660
       4.489000      -0.269251       0.320861      -0.730687      -0.100697       0.269251      -0.320861       0.730687       0.100697      -0.649658
       4.490000      -0.269982       0.320760      -0.729771      -0.101789       0.269982      -0.320760       0.729771       0.101789      -0.649655
       4.491000      -0.270712       0.320659      -0.728855      -0.102877       0.270712      -0.320659       0.728855       0.102877      -0.649653
       4.492000      -0.271441       0.320556      -0.727940      -0.103961       0.271441      -0.320556       0.727940       0.103961      -0.649651
       4.493000      -0.272169       0.320452      -0.727024      -0.105043       0.272169      -0.320452       0.727024       0.105043      -0.649649
       4.494000      -0.272896       0.320347      -0.726108      -0.106121       0.272896      -0.320347       0.726108       0.106121      -0.649646
       4.495000      -0.273622       0.320241      -0.725193      -0.107195       0.273622      -0.320241       0.725193       0.107195      -0.649644
       4.496000      -0.274347       0.320133      -0.724278      -0.108267       0.274347      -0.320133       0.724278       0.108267      -0.649642
       4.497000      -0.275071       0.320025      -0.723362      -0.109335       0.275071      -0.320025       0.723362       0.109335      -0.649639
       4.498000      -0.275795       0.319916      -0.722447      -0.110399       0.275795      -0.319916       0.722447       0.110399      -0.649637
       4.499000      -0.276517       0.319805      -0.721532      -0.111461       0.276517      -0.319805       0.721532       0.111461      -0.649635
       4.500000      -0.277239       0.319694      -0.720618      -0.112519       0.277239      -0.319694       0.720618       0.112519      -0.649633
       4.501000      -0.277959       0.319581      -0.719703      -0.113573       0.277959      -0.319581       0.719703       0.113573      -0.649631
       4.502000      -0.278679       0.319468      -0.718788      -0.114625       0.278679      -0.319468       0.718788       0.114625      -0.649628
       4.503000      -0.279398       0.319353      -0.717874      -0.115673       0.279398      -0.319353       0.717874       0.115673      -0.649626
       4.504000      -0.280116       0.319237      -0.716960      -0.116718       0.280116      -0.319237       0.716960       0.116718      -0.649624
       4.505000      -0.280833       0.319121      -0.716045      -0.117760       0.280833      -0.319121       0.716045       0.117760      -0.649622
       4.506000      -0.281549       0.319003      -0.715131      -0.118798       0.281549      -0.319003       0.715131       0.118798      -0.649620
       4.507000      -0.282264       0.318884      -0.714218      -0.119834       0.282264      -0.318884       0.714218       0.119834      -0.649617
       4.508000      -0.282978       0.318764      -0.713304      -0.120866       0.282978      -0.318764       0.713304       0.120866      -0.649615
       4.509000      -0.283691       0.318643      -0.712391      -0.121895       0.283691      -0.318643       0.712391       0.121895      -0.649613
       4.510000      -0.284404       0.318522      -0.711477      -0.122921       0.284404      -0.318522       0.711477       0.122921      -0.649611
       4.511000      -0.285115       0.318399      -0.710564      -0.123944       0.285115      -0.318399       0.710564       0.123944      -0.649609
       4.512000      -0.285826       0.318275      -0.709651      -0.124963       0.285826      -0.318275       0.709651       0.124963      -0.649607
       4.513000      -0.286535       0.318150      -0.708738      -0.125980       0.286535      -0.318150       0.708738       0.125980      -0.649605
       4.514000      -0.287244       0.318024      -0.707826      -0.126993       0.287244      -0.318024       0.707826       0.126993      -0.649602
       4.515000      -0.287952       0.317897      -0.706913      -0.128003       0.287952      -0.317897       0.706913       0.128003      -0.649600
       4.516000      -0.288659       0.317769      -0.706001      -0.129010       0.288659      -0.317769       0.706001       0.129010      -0.649598
       4.517000      -0.289365       0.317640      -0.705089      -0.130014       0.289365      -0.317640       0.705089       0.130014      -0.649596
       4.518000      -0.290070       0.317510      -0.704177      -0.131015       0.290070      -0.317510       0.704177       0.131015      -0.649594
       4.519000      -0.290774       0.317379      -0.703265      -0.132013       0.290774      -0.317379       0.703265       0.132013      -0.649592
       4.520000      -0.291477       0.317247      -0.702354      -0.133008       0.291477      -0.317247       0.702354       0.133008      -0.649590
       4.521000      -0.292180       0.317114      -0.701442      -0.134000       0.292180      -0.317114       0.701442       0.134000      -0.649588
       4.522000      -0.292881       0.316980      -0.700531      -0.134989       0.292881      -0.316980       0.700531       0.134989      -0.649586
       4.523000      -0.293582       0.316845      -0.699620      -0.135975       0.293582      -0.316845       0.699620       0.135975      -0.649584
       4.524000      -0.294281       0.316709      -0.698710      -0.136958       0.294281      -0.316709       0.698710       0.136958      -0.649582
       4.525000      -0.294980       0.316572      -0.697799      -0.137938       0.294980      -0.316572       0.697799       0.137938      -0.649580
       4.526000      -0.295678       0.316434      -0.696889      -0.138914       0.295678      -0.316434       0.696889       0.138914      -0.649577
       4.527000      -0.296375       0.316295      -0.695979      -0.139888       0.296375      -0.316295       0.695979       0.139888      -0.649575
       4.528000      -0.297071       0.316155      -0.695069      -0.140859       0.297071      -0.316155       0.695069       0.140859      -0.649573
       4.529000      -0.297766       0.316014      -0.694160      -0.141827       0.297766      -0.316014       0.694160       0.141827      -0.649571
       4.530000      -0.298460       0.315872      -0.693250      -0.142792       0.298460      -0.315872       0.693250       0.142792      -0.649569
       4.531000      -0.299153       0.315730      -0.692341      -0.143755       0.299153      -0.315730       0.692341       0.143755      -0.649567
       4.532000      -0.299845       0.315586      -0.691432      -0.144714       0.299845      -0.315586       0.691432       0.144714      -0.649565
       4.533000      -0.300537       0.315441      -0.690523      -0.145670       0.300537      -0.315441       0.690523       0.145670      -0.649563
       4.534000      -0.301227       0.315295      -0.689615      -0.146624       0.301227      -0.315295       0.689615       0.146624      -0.649561
       4.535000      -0.301917       0.315149      -0.688707      -0.147575       0.301917      -0.315149       0.688707       0.147575      -0.649559
       4.536000      -0.302606       0.315001      -0.687799      -0.148522       0.302606      -0.315001       0.687799       0.148522      -0.649557
       4.537000      -0.303294       0.314853      -0.686891      -0.149467       0.303294      -0.314853       0.686891       0.149467      -0.649555
       4.538000      -0.303980       0.314703      -0.685983      -0.150409       0.303980      -0.314703       0.685983       0.150409      -0.649553
       4.539000      -0.304666       0.314553      -0.685076      -0.151349       0.304666      -0.314553       0.685076       0.151349      -0.649552
       4.540000      -0.305351       0.314402      -0.684169      -0.152285       0.305351      -0.314402       0.684169       0.152285      -0.649550
       4.541000      -0.306036       0.314249      -0.683262      -0.153219       0.306036      -0.314249       0.683262       0.153219      -0.649548
       4.542000      -0.306719       0.314096      -0.682356      -0.154149       0.306719      -0.314096       0.682356       0.154149      -0.649546
       4.543000      -0.307401       0.313942      -0.681450      -0.155078       0.307401      -0.313942       0.681450       0.155078      -0.649544
       4.544000      -0.308083       0.313787      -0.680544      -0.156003       0.308083      -0.313787       0.680544       0.156003      -0.649542
       4.545000      -0.308763       0.313631      -0.679638      -0.156925       0.308763      -0.313631       0.679638       0.156925      -0.649540
       4.546000      -0.309443       0.313474      -0.678732      -0.157845       0.309443      -0.313474       0.678732       0.157845      -0.649538
       4.547000      -0.310122       0.313316      -0.677827      -0.158762       0.310122      -0.313316       0.677827       0.158762      -0.649536
       4.548000      -0.310799       0.313157      -0.676922      -0.159676       0.310799      -0.313157       0.676922       0.159676      -0.649534
       4.549000      -0.311476       0.312998      -0.676018      -0.160588       0.311476      -0.312998       0.676018       0.160588      -0.649532
       4.550000      -0.312152       0.312837      -0.675113      -0.161497       0.312152      -0.312837       0.675113       0.161497      -0.649530
       4.551000      -0.312828       0.312675      -0.674209      -0.162403       0.312828      -0.312675       0.674209       0.162403      -0.649528
       4.552000      -0.313502       0.312513      -0.673305      -0.163306       0.313502      -0.312513       0.673305       0.163306      -0.649527
       4.553000      -0.314175       0.312350      -0.672402      -0.164207       0.314175      -0.312350       0.672402       0.164207      -0.649525
       4.554000      -0.314847       0.312186      -0.671498      -0.165105       0.314847      -0.312186       0.671498       0.165105      -0.649523
       4.555000      -0.315519       0.312020      -0.670595      -0.166000       0.315519      -0.312020       0.670595       0.166000      -0.649521
       4.556000      -0.316190       0.311854      -0.669693      -0.166893       0.316190      -0.311854       0.669693       0.166893      -0.649519
       4.557000      -0.316859       0.311688      -0.668790      -0.167783       0.316859      -0.311688       0.668790       0.167783      -0.649517
       4.558000      -0.317528       0.311520      -0.667888      -0.168671       0.317528      -0.311520       0.667888       0.168671      -0.649515
       4.559000      -0.318196       0.311351      -0.666986      -0.169555       0.318196      -0.311351       0.666986       0.169555      -0.649514
       4.560000      -0.318863       0.311182      -0.666084      -0.170438       0.318863      -0.311182       0.666084       0.170438      -0.649512
       4.561000      -0.319529       0.311011      -0.665183      -0.171317       0.319529      -0.311011       0.665183       0.171317      -0.649510
       4.562000      -0.320194       0.310840      -0.664282      -0.172194       0.320194      -0.310840       0.664282       0.172194      -0.649508
       4.563000      -0.320858       0.310668      -0.663381      -0.173069       0.320858      -0.310668       0.663381       0.173069      -0.649506
       4.564000      -0.321522       0.310495      -0.662481      -0.173941       0.321522      -0.310495       0.662481       0.173941      -0.649504
       4.565000      -0.322184       0.310321      -0.661581      -0.174810       0.322184      -0.310321       0.661581       0.174810      -0.649503
       4.566000      -0.322846       0.310146      -0.660681      -0.175677       0.322846      -0.310146       0.660681       0.175677      -0.649501
       4.567000      -0.323507       0.309970      -0.659781      -0.176541       0.323507      -0.309970       0.659781       0.176541      -0.649499
       4.568000      -0.324166       0.309794      -0.658882      -0.177402       0.324166      -0.309794       0.658882       0.177402      -0.649497
       4.569000      -0.324825       0.309616      -0.657983      -0.178261       0.324825      -0.309616       0.657983       0.178261      -0.649495
       4.570000      -0.325483       0.309438      -0.657085      -0.179118       0.325483      -0.309438       0.657085       0.179118      -0.649494
       4.571000      -0.326140       0.309259      -0.656186      -0.179972       0.326140      -0.309259       0.656186       0.179972      -0.649492
       4.572000      -0.326796       0.309079      -0.655288      -0.180824       0.326796      -0.309079       0.655288       0.180824      -0.649490
       4.573000      -0.327452       0.308898      -0.654390      -0.181673       0.327452      -0.308898       0.654390       0.181673      -0.649488
       4.574000      -0.328106       0.308716      -0.653493      -0.182519       0.328106      -0.308716       0.653493       0.182519      -0.649486
       4.575000      -0.328760       0.308534      -0.652596      -0.183363       0.328760      -0.308534       0.652596       0.183363      -0.649485
       4.576000      -0.329412       0.308350      -0.651699      -0.184205       0.329412      -0.308350       0.651699       0.184205      -0.649483
       4.577000      -0.330064       0.308166      -0.650803      -0.185044       0.330064      -0.308166       0.650803       0.185044      -0.649481
       4.578000      -0.330715       0.307981      -0.649907      -0.185881       0.330715      -0.307981       0.649907       0.185881      -0.649479
       4.579000      -0.331365       0.307795      -0.649011      -0.186715       0.331365      -0.307795       0.649011       0.186715      -0.649478
       4.580000      -0.332014       0.307609      -0.648115      -0.187547       0.332014      -0.307609       0.648115       0.187547      -0.649476
       4.581000      -0.332662       0.307421      -0.647220      -0.188376       0.332662      -0.307421       0.647220       0.188376      -0.649474
       4.582000      -0.333309       0.307233      -0.646325      -0.189203       0.333309      -0.307233       0.646325       0.189203      -0.649472
       4.583000      -0.333955       0.307043      -0.645430      -0.190028       0.333955      -0.307043       0.645430       0.190028      -0.649471
       4.584000      -0.334601       0.306853      -0.644536      -0.190850       0.334601      -0.306853       0.644536       0.190850      -0.649469
       4.585000      -0.335245       0.306663      -0.643642      -0.191670       0.335245      -0.306663       0.643642       0.191670      -0.649467
       4.586000      -0.335889       0.306471      -0.642749      -0.192487       0.335889      -0.306471       0.642749       0.192487      -0.649466
       4.587000      -0.336532       0.306278      -0.641855      -0.193302       0.336532      -0.306278       0.641855       0.193302      -0.649464
       4.588000      -0.337174       0.306085      -0.640963      -0.194115       0.337174      -0.306085       0.640963       0.194115      -0.649462
       4.589000      -0.337815       0.305891      -0.640070      -0.194925       0.337815      -0.305891       0.640070       0.194925      -0.649460
       4.590000      -0.338455       0.305696      -0.639178      -0.195733       0.338455      -0.305696       0.639178       0.195733      -0.649459
       4.591000      -0.339094       0.305500      -0.638286      -0.196539       0.339094      -0.305500       0.638286       0.196539      -0.649457
       4.592000      -0.339732       0.305304      -0.637394      -0.197342       0.339732      -0.305304       0.637394       0.197342      -0.649455
       4.593000      -0.340369       0.305106      -0.636503      -0.198143       0.340369      -0.305106       0.636503       0.198143      -0.649454
       4.594000      -0.341006       0.304908      -0.635612      -0.198942       0.341006      -0.304908       0.635612       0.198942      -0.649452
       4.595000      -0.341642       0.304709      -0.634721      -0.199738       0.341642      -0.304709       0.634721       0.199738      -0.649450
       4.596000      -0.342276       0.304510      -0.633831      -0.200532       0.342276      -0.304510       0.633831       0.200532      -0.649449
       4.597000      -0.342910       0.304309      -0.632941      -0.201324       0.342910      -0.304309       0.632941       0.201324      -0.649447
       4.598000      -0.343543       0.304108      -0.632051      -0.202113       0.343543      -0.304108       0.632051       0.202113      -0.649445
       4.599000      -0.344175       0.303906      -0.631162      -0.202900       0.344175      -0.303906       0.631162       0.202900      -0.649444
       4.600000      -0.344806       0.303703      -0.630273      -0.203685       0.344806      -0.303703       0.630273       0.203685      -0.649442
       4.601000      -0.345437       0.303499      -0.629385      -0.204468       0.345437      -0.303499       0.629385       0.204468      -0.649440
       4.602000      -0.346066       0.303295      -0.628496      -0.205248       0.346066      -0.303295       0.628496       0.205248      -0.649439
       4.603000      -0.346694       0.303089      -0.627608      -0.206027       0.346694      -0.303089       0.627608       0.206027      -0.649437
       4.604000      -0.347322       0.302883      -0.626721      -0.206803       0.347322      -0.302883       0.626721       0.206803      -0.649436
       4.605000      -0.347949       0.302677      -0.625834      -0.207576       0.347949      -0.302677       0.625834       0.207576      -0.649434
       4.606000      -0.348575       0.302469      -0.624947      -0.208348       0.348575      -0.302469       0.624947       0.208348      -0.649432
       4.607000      -0.349200       0.302261      -0.624060      -0.209117       0.349200      -0.302261       0.624060       0.209117      -0.649431
       4.608000      -0.349824       0.302052      -0.623174      -0.209884       0.349824      -0.302052       0.623174       0.209884      -0.649429
       4.609000      -0.350447       0.301842      -0.622288      -0.210649       0.350447      -0.301842       0.622288       0.210649      -0.649427
       4.610000      -0.351069       0.301631      -0.621403      -0.211412       0.351069      -0.301631       0.621403       0.211412      -0.649426
       4.611000      -0.351690       0.301420      -0.620518      -0.212172       0.351690      -0.301420       0.620518       0.212172      -0.649424
       4.612000      -0.352311       0.301207      -0.619633      -0.212930       0.352311      -0.301207       0.619633       0.212930      -0.649423
       4.613000      -0.352931       0.300994      -0.618748      -0.213687       0.352931      -0.300994       0.618748       0.213687      -0.649421
       4.614000      -0.353549       0.300781      -0.617864      -0.214441       0.353549      -0.300781       0.617864       0.214441      -0.649419
       4.615000      -0.354167       0.300566      -0.616981      -0.215192       0.354167      -0.300566       0.616981       0.215192      -0.649418
       4.616000      -0.354784       0.300351      -0.616097      -0.215942       0.354784      -0.300351       0.616097       0.215942      -0.649416
       4.617000      -0.355400       0.300135      -0.615214      -0.216690       0.355400      -0.300135       0.615214       0.216690      -0.649415
       4.618000      -0.356016       0.299919      -0.614332      -0.217435       0.356016      -0.299919       0.614332       0.217435      -0.649413
       4.619000      -0.356630       0.299701      -0.613449      -0.218178       0.356630      -0.299701       0.613449       0.218178      -0.649411
       4.620000      -0.357243       0.299483      -0.612567      -0.218919       0.357243      -0.299483       0.612567       0.218919      -0.649410
       4.621000      -0.357856       0.299264      -0.611686      -0.219659       0.357856      -0.299264       0.611686       0.219659      -0.649408
       4.622000      -0.358468       0.299044      -0.610804      -0.220396       0.358468      -0.299044       0.610804       0.220396      -0.649407
       4.623000      -0.359078       0.298824      -0.609923      -0.221130       0.359078      -0.298824       0.609923       0.221130      -0.649405
       4.624000      -0.359688       0.298603      -0.609043      -0.221863       0.359688      -0.298603       0.609043       0.221863      -0.649404
       4.625000      -0.360297       0.298381      -0.608163      -0.222594       0.360297      -0.298381       0.608163       0.222594      -0.649402
       4.626000      -0.360905       0.298158      -0.607283      -0.223322       0.360905      -0.298158       0.607283       0.223322      -0.649401
       4.627000      -0.361513       0.297935      -0.606403      -0.224049       0.361513      -0.297935       0.606403       0.224049      -0.649399
       4.628000      -0.362119       0.297711      -0.605524      -0.224774       0.362119      -0.297711       0.605524       0.224774      -0.649398
       4.629000      -0.362725       0.297486      -0.604646      -0.225496       0.362725      -0.297486       0.604646       0.225496      -0.649396
       4.630000      -0.363329       0.297261      -0.603767      -0.226216       0.363329      -0.297261       0.603767       0.226216      -0.649394
       4.631000      -0.363933       0.297034      -0.602889      -0.226935       0.363933      -0.297034       0.602889       0.226935      -0.649393
       4.632000      -0.364536       0.296808      -0.602012      -0.227651       0.364536      -0.296808       0.602012       0.227651      -0.649391
       4.633000      -0.365138       0.296580      -0.601134      -0.228365       0.365138      -0.296580       0.601134       0.228365      -0.649390
       4.634000      -0.365739       0.296352      -0.600257      -0.229078       0.365739      -0.296352       0.600257       0.229078      -0.649388
       4.635000      -0.366339       0.296122      -0.599381      -0.229788       0.366339      -0.296122       0.599381       0.229788      -0.649387
       4.636000      -0.366939       0.295893      -0.598505      -0.230496       0.366939      -0.295893       0.598505       0.230496      -0.649385
       4.637000      -0.367537       0.295662      -0.597629      -0.231202       0.367537      -0.295662       0.597629       0.231202      -0.649384
       4.638000      -0.368135       0.295431      -0.596753      -0.231907       0.368135      -0.295431       0.596753       0.231907      -0.649382
       4.639000      -0.368732       0.295199      -0.595878      -0.232609       0.368732      -0.295199       0.595878       0.232609      -0.649381
       4.640000      -0.369328       0.294966      -0.595003      -0.233309       0.369328      -0.294966       0.595003       0.233309      -0.649379
       4.641000      -0.369923       0.294733      -0.594129      -0.234008       0.369923      -0.294733       0.594129       0.234008      -0.649378
       4.642000      -0.370517       0.294499      -0.593255      -0.234704       0.370517      -0.294499       0.593255       0.234704      -0.649376
       4.643000      -0.371110       0.294264      -0.592381      -0.235398       0.371110      -0.294264       0.592381       0.235398      -0.649375
       4.644000      -0.371702       0.294029      -0.591508      -0.236091       0.371702      -0.294029       0.591508       0.236091      -0.649373
       4.645000      -0.372294       0.293793      -0.590635      -0.236781       0.372294      -0.293793       0.590635       0.236781      -0.649372
       4.646000      -0.372884       0.293556      -0.589763      -0.237470       0.372884      -0.293556       0.589763       0.237470      -0.649370
       4.647000      -0.373474       0.293319      -0.588890      -0.238157       0.373474      -0.293319       0.588890       0.238157      -0.649369
       4.648000      -0.374063       0.293081      -0.588019      -0.238841       0.374063      -0.293081       0.588019       0.238841      -0.649367
       4.649000      -0.374651       0.292842      -0.587147      -0.239524       0.374651      -0.292842       0.587147       0.239524      -0.649366
       4.650000      -0.375238       0.292602      -0.586276      -0.240205       0.375238      -0.292602       0.586276       0.240205      -0.649365
       4.651000      -0.375825       0.292362      -0.585405      -0.240884       0.375825      -0.292362       0.585405       0.240884      -0.649363
       4.652000      -0.376410       0.292121      -0.584535      -0.241561       0.376410      -0.292121       0.584535       0.241561      -0.649362
       4.653000      -0.376994       0.291880      -0.583665      -0.242236       0.376994      -0.291880       0.583665       0.242236      -0.649360
       4.654000      -0.377578       0.291637      -0.582795      -0.242909       0.377578      -0.291637       0.582795       0.242909      -0.649359
       4.655000      -0.378161       0.291394      -0.581926      -0.243581       0.378161      -0.291394       0.581926       0.243581      -0.649357
       4.656000      -0.378743       0.291151      -0.581057      -0.244250       0.378743      -0.291151       0.581057       0.244250      -0.649356
       4.657000      -0.379324       0.290907      -0.580189      -0.244918       0.379324      -0.290907       0.580189       0.244918      -0.649354
       4.658000      -0.379904       0.290662      -0.579321      -0.245584       0.379904      -0.290662       0.579321       0.245584      -0.649353
       4.659000      -0.380483       0.290416      -0.578453      -0.246248       0.380483      -0.290416       0.578453       0.246248      -0.649351
       4.660000      -0.381062       0.290170      -0.577585      -0.246910       0.381062      -0.290170       0.577585       0.246910      -0.649350
       4.661000      -0.381639       0.289923      -0.576718      -0.247570       0.381639      -0.289923       0.576718       0.247570      -0.649349
       4.662000      -0.382216       0.289675      -0.575852      -0.248228       0.382216      -0.289675       0.575852       0.248228      -0.649347
       4.663000      -0.382792       0.289427      -0.574986      -0.248885       0.382792      -0.289427       0.574986       0.248885      -0.649346
       4.664000      -0.383367       0.289178      -0.574120      -0.249540       0.383367      -0.289178       0.574120       0.249540      -0.649344
       4.665000      -0.383941       0.288929      -0.573254      -0.250192       0.383941      -0.288929       0.573254       0.250192      -0.649343
       4.666000      -0.384514       0.288678      -0.572389      -0.250844       0.384514      -0.288678       0.572389       0.250844      -0.649342
       4.667000      -0.385087       0.288428      -0.571524      -0.251493       0.385087      -0.288428       0.571524       0.251493      -0.649340
       4.668000      -0.385658       0.288176      -0.570660      -0.252140       0.385658      -0.288176       0.570660       0.252140      -0.649339
       4.669000      -0.386229       0.287924      -0.569796      -0.252786       0.386229      -0.287924       0.569796       0.252786      -0.649337
       4.670000      -0.386799       0.287671      -0.568932      -0.253430       0.386799      -0.287671       0.568932       0.253430      -0.649336
       4.671000      -0.387368       0.287418      -0.568069      -0.254072       0.387368      -0.287418       0.568069       0.254072      -0.649335
       4.672000      -0.387936       0.287164      -0.567206      -0.254712       0.387936      -0.287164       0.567206       0.254712      -0.649333
       4.673000      -0.388503       0.286909      -0.566343      -0.255350       0.388503      -0.286909       0.566343       0.255350      -0.649332
       4.674000      -0.389069       0.286654      -0.565481      -0.255987       0.389069      -0.286654       0.565481       0.255987      -0.649330
       4.675000      -0.389635       0.286398      -0.564619      -0.256622       0.389635      -0.286398       0.564619       0.256622      -0.649329
       4.676000      -0.390199       0.286141      -0.563758      -0.257255       0.390199      -0.286141       0.563758       0.257255      -0.649328
       4.677000      -0.390763       0.285884      -0.562897      -0.257887       0.390763      -0.285884       0.562897       0.257887      -0.649326
       4.678000      -0.391326       0.285626      -0.562036      -0.258516       0.391326      -0.285626       0.562036       0.258516      -0.649325
       4.679000      -0.391888       0.285367      -0.561176      -0.259144       0.391888      -0.285367       0.561176       0.259144      -0.649323
       4.680000      -0.392449       0.285108      -0.560316      -0.259771       0.392449      -0.285108       0.560316       0.259771      -0.649322
       4.681000      -0.393010       0.284848      -0.559456      -0.260395       0.393010      -0.284848       0.559456       0.260395      -0.649321
       4.682000      -0.393569       0.284588      -0.558597      -0.261018       0.393569      -0.284588       0.558597       0.261018      -0.649319
       4.683000      -0.394128       0.284327      -0.557738      -0.261639       0.394128      -0.284327       0.557738       0.261639      -0.649318
       4.684000      -0.394685       0.284065      -0.556880      -0.262258       0.394685      -0.284065       0.556880       0.262258      -0.649317
       4.685000      -0.395242       0.283803      -0.556022      -0.262876       0.395242      -0.283803       0.556022       0.262876      -0.649315
       4.686000      -0.395798       0.283540      -0.555164      -0.263492       0.395798      -0.283540       0.555164       0.263492      -0.649314
       4.687000      -0.396353       0.283277      -0.554307      -0.264106       0.396353      -0.283277       0.554307       0.264106      -0.649313
       4.688000      -0.396908       0.283013      -0.553450      -0.264718       0.396908      -0.283013       0.553450       0.264718      -0.649311
       4.689000      -0.397461       0.282748      -0.552593      -0.265329       0.397461      -0.282748       0.552593       0.265329      -0.649310
       4.690000      -0.398014       0.282483      -0.551737      -0.265938       0.398014      -0.282483       0.551737       0.265938      -0.649308
       4.691000      -0.398566       0.282217      -0.550881      -0.266546       0.398566      -0.282217       0.550881       0.266546      -0.649307
       4.692000      -0.399116       0.281950      -0.550026      -0.267151       0.399116      -0.281950       0.550026       0.267151      -0.649306
       4.693000      -0.399666       0.281683      -0.549170      -0.267755       0.399666      -0.281683       0.549170       0.267755      -0.649304
       4.694000      -0.400216       0.281415      -0.548316      -0.268358       0.400216      -0.281415       0.548316       0.268358      -0.649303
       4.695000      -0.400764       0.281147      -0.547461      -0.268958       0.400764      -0.281147       0.547461       0.268958      -0.649302
       4.696000      -0.401311       0.280878      -0.546607      -0.269558       0.401311      -0.280878       0.546607       0.269558      -0.649300
       4.697000      -0.401858       0.280608      -0.545754      -0.270155       0.401858      -0.280608       0.545754       0.270155      -0.649299
       4.698000      -0.402404       0.280338      -0.544901      -0.270751       0.402404      -0.280338       0.544901       0.270751      -0.649298
       4.699000      -0.402949       0.280067      -0.544048      -0.271345       0.402949      -0.280067       0.544048       0.271345      -0.649297
       4.700000      -0.403493       0.279796      -0.543195      -0.271938       0.403493      -0.279796       0.543195       0.271938      -0.649295
       4.701000      -0.404036       0.279524      -0.542343      -0.272528       0.404036      -0.279524       0.542343       0.272528      -0.649294
       4.702000      -0.404578       0.279252      -0.541491      -0.273118       0.404578      -0.279252       0.541491       0.273118      -0.649293
       4.703000      -0.405120       0.278979      -0.540640      -0.273705       0.405120      -0.278979       0.540640       0.273705      -0.649291
       4.704000      -0.405660       0.278705      -0.539789      -0.274291       0.405660      -0.278705       0.539789       0.274291      -0.649290
       4.705000      -0.406200       0.278431      -0.538938      -0.274876       0.406200      -0.278431       0.538938       0.274876      -0.649289
       4.706000      -0.406739       0.278156      -0.538088      -0.275459       0.406739      -0.278156       0.538088       0.275459      -0.649287
       4.707000      -0.407277       0.277880      -0.537238      -0.276040       0.407277      -0.277880       0.537238       0.276040      -0.649286
       4.708000      -0.407814       0.277604      -0.536389      -0.276619       0.407814      -0.277604       0.536389       0.276619      -0.649285
       4.709000      -0.408351       0.277328      -0.535540      -0.277197       0.408351      -0.277328       0.535540       0.277197      -0.649283
       4.710000      -0.408886       0.277050      -0.534691      -0.277774       0.408886      -0.277050       0.534691       0.277774      -0.649282
       4.711000      -0.409421       0.276773      -0.533842      -0.278349       0.409421      -0.276773       0.533842       0.278349      -0.649281
       4.712000      -0.409955       0.276494      -0.532994      -0.278922       0.409955      -0.276494       0.532994       0.278922      -0.649280
       4.713000      -0.410488       0.276215      -0.532147      -0.279494       0.410488      -0.276215       0.532147       0.279494      -0.649278
       4.714000      -0.411020       0.275936      -0.531299      -0.280064       0.411020      -0.275936       0.531299       0.280064      -0.649277
       4.715000      -0.411551       0.275656      -0.530452      -0.280632       0.411551      -0.275656       0.530452       0.280632      -0.649276
       4.716000      -0.412082       0.275375      -0.529606      -0.281199       0.412082      -0.275375       0.529606       0.281199      -0.649274
       4.717000      -0.412611       0.275094      -0.528760      -0.281765       0.412611      -0.275094       0.528760       0.281765      -0.649273
       4.718000      -0.413140       0.274812      -0.527914      -0.282329       0.413140      -0.274812       0.527914       0.282329      -0.649272
       4.719000      -0.413668       0.274530      -0.527068      -0.282891       0.413668      -0.274530       0.527068       0.282891      -0.649271
       4.720000      -0.414195       0.274247      -0.526223      -0.283452       0.414195      -0.274247       0.526223       0.283452      -0.649269
       4.721000      -0.414721       0.273963      -0.525379      -0.284011       0.414721      -0.273963       0.525379       0.284011      -0.649268
       4.722000      -0.415247       0.273679      -0.524534      -0.284569       0.415247      -0.273679       0.524534       0.284569      -0.649267
       4.723000      -0.415771       0.273395      -0.523690      -0.285125       0.415771      -0.273395       0.523690       0.285125      -0.649266
       4.724000      -0.416295       0.273110      -0.522847      -0.285680       0.416295      -0.273110       0.522847       0.285680      -0.649264
       4.725000      -0.416818       0.272824      -0.522003      -0.286233       0.416818      -0.272824       0.522003       0.286233      -0.649263
       4.726000      -0.417340       0.272538      -0.521161      -0.286785       0.417340      -0.272538       0.521161       0.286785      -0.649262
       4.727000      -0.417861       0.272251      -0.520318      -0.287335       0.417861      -0.272251       0.520318       0.287335      -0.649261
       4.728000      -0.418381       0.271964      -0.519476      -0.287884       0.418381      -0.271964       0.519476       0.287884      -0.649259
       4.729000      -0.418901       0.271676      -0.518634      -0.288431       0.418901      -0.271676       0.518634       0.288431      -0.649258
       4.730000      -0.419419       0.271387      -0.517793      -0.288977       0.419419      -0.271387       0.517793       0.288977      -0.649257
       4.731000      -0.419937       0.271098      -0.516952      -0.289521       0.419937      -0.271098       0.516952       0.289521      -0.649256
       4.732000      -0.420454       0.270809      -0.516111      -0.290064       0.420454      -0.270809       0.516111       0.290064      -0.649254
       4.733000      -0.420970       0.270519      -0.515271      -0.290605       0.420970      -0.270519       0.515271       0.290605      -0.649253
       4.734000      -0.421486       0.270228      -0.514431      -0.291145       0.421486      -0.270228       0.514431       0.291145      -0.649252
       4.735000      -0.422000       0.269937      -0.513591      -0.291683       0.422000      -0.269937       0.513591       0.291683      -0.649251
       4.736000      -0.422514       0.269645      -0.512752      -0.292220       0.422514      -0.269645       0.512752       0.292220      -0.649249
       4.737000      -0.423026       0.269353      -0.511913      -0.292755       0.423026      -0.269353       0.511913       0.292755      -0.649248
       4.738000      -0.423538       0.269060      -0.511075      -0.293289       0.423538      -0.269060       0.511075       0.293289      -0.649247
       4.739000      -0.424049       0.268767      -0.510237      -0.293821       0.424049      -0.268767       0.510237       0.293821      -0.649246
       4.740000      -0.424560       0.268473      -0.509399      -0.294352       0.424560      -0.268473       0.509399       0.294352      -0.649244
       4.741000      -0.425069       0.268179      -0.508561      -0.294882       0.425069      -0.268179       0.508561       0.294882      -0.649243
       4.742000      -0.425577       0.267884      -0.507724      -0.295410       0.425577      -0.267884       0.507724       0.295410      -0.649242
       4.743000      -0.426085       0.267589      -0.506888      -0.295937       0.426085      -0.267589       0.506888       0.295937      -0.649241
       4.744000      -0.426592       0.267293      -0.506051      -0.296462       0.426592      -0.267293       0.506051       0.296462      -0.649240
       4.745000      -0.427098       0.266996      -0.505215      -0.296986       0.427098      -0.266996       0.505215       0.296986      -0.649238
       4.746000      -0.427603       0.266699      -0.504380      -0.297508       0.427603      -0.266699       0.504380       0.297508      -0.649237
       4.747000      -0.428108       0.266402      -0.503545      -0.298029       0.428108      -0.266402       0.503545       0.298029      -0.649236
       4.748000      -0.428611       0.266104      -0.502710      -0.298548       0.428611      -0.266104       0.502710       0.298548      -0.649235
       4.749000      -0.429114       0.265805      -0.501875      -0.299067       0.429114      -0.265805       0.501875       0.299067      -0.649234
       4.750000      -0.429616       0.265506      -0.501041      -0.299583       0.429616      -0.265506       0.501041       0.299583      -0.649232
       4.751000      -0.430117       0.265207      -0.500207      -0.300098       0.430117      -0.265207       0.500207       0.300098      -0.649231
       4.752000      -0.430617       0.264906      -0.499374      -0.300612       0.430617      -0.264906       0.499374       0.300612      -0.649230
       4.753000      -0.431116       0.264606      -0.498541      -0.301125       0.431116      -0.264606       0.498541       0.301125      -0.649229
       4.754000      -0.431615       0.264305      -0.497708      -0.301636       0.431615      -0.264305       0.497708       0.301636      -0.649228
       4.755000      -0.432113       0.264003      -0.496876      -0.302146       0.432113      -0.264003       0.496876       0.302146      -0.649226
       4.756000      -0.432610       0.263701      -0.496044      -0.302654       0.432610      -0.263701       0.496044       0.302654      -0.649225
       4.757000      -0.433106       0.263398      -0.495212      -0.303161       0.433106      -0.263398       0.495212       0.303161      -0.649224
       4.758000      -0.433601       0.263095      -0.494381      -0.303666       0.433601      -0.263095       0.494381       0.303666      -0.649223
       4.759000      -0.434095       0.262791      -0.493550      -0.304171       0.434095      -0.262791       0.493550       0.304171      -0.649222
       4.760000      -0.434589       0.262487      -0.492720      -0.304673       0.434589      -0.262487       0.492720       0.304673      -0.649220
       4.761000      -0.435082       0.262183      -0.491889      -0.305175       0.435082      -0.262183       0.491889       0.305175      -0.649219
       4.762000      -0.435573       0.261877      -0.491060      -0.305675       0.435573      -0.261877       0.491060       0.305675      -0.649218
       4.763000      -0.436064       0.261572      -0.490230      -0.306174       0.436064      -0.261572       0.490230       0.306174      -0.649217
       4.764000      -0.436555       0.261266      -0.489401      -0.306671       0.436555      -0.261266       0.489401       0.306671      -0.649216
       4.765000      -0.437044       0.260959      -0.488572      -0.307167       0.437044      -0.260959       0.488572       0.307167      -0.649215
       4.766000      -0.437533       0.260652      -0.487744      -0.307662       0.437533      -0.260652       0.487744       0.307662      -0.649213
       4.767000      -0.438020       0.260344      -0.486916      -0.308155       0.438020      -0.260344       0.486916       0.308155      -0.649212
       4.768000      -0.438507       0.260036      -0.486088      -0.308647       0.438507      -0.260036       0.486088       0.308647      -0.649211
       4.769000      -0.438993       0.259727      -0.485261      -0.309137       0.438993      -0.259727       0.485261       0.309137      -0.649210
       4.770000      -0.439479       0.259418      -0.484434      -0.309627       0.439479      -0.259418       0.484434       0.309627      -0.649209
       4.771000      -0.439963       0.259109      -0.483607      -0.310115       0.439963      -0.259109       0.483607       0.310115      -0.649208
       4.772000      -0.440447       0.258798      -0.482781      -0.310601       0.440447      -0.258798       0.482781       0.310601      -0.649206
       4.773000      -0.440930       0.258488      -0.481955      -0.311087       0.440930      -0.258488       0.481955       0.311087      -0.649205
       4.774000      -0.441411       0.258177      -0.481129      -0.311571       0.441411      -0.258177       0.481129       0.311571      -0.649204
       4.775000      -0.441893       0.257865      -0.480304      -0.312053       0.441893      -0.257865       0.480304       0.312053      -0.649203
       4.776000      -0.442373       0.257553      -0.479479      -0.312535       0.442373      -0.257553       0.479479       0.312535      -0.649202
       4.777000      -0.442852       0.257241      -0.478655      -0.313015       0.442852      -0.257241       0.478655       0.313015      -0.649201
       4.778000      -0.443331       0.256928      -0.477830      -0.313493       0.443331      -0.256928       0.477830       0.313493      -0.649199
       4.779000      -0.443809       0.256614      -0.477007      -0.313971       0.443809      -0.256614       0.477007       0.313971      -0.649198
       4.780000      -0.444286       0.256300      -0.476183      -0.314447       0.444286      -0.256300       0.476183       0.314447      -0.649197
       4.781000      -0.444762       0.255986      -0.475360      -0.314922       0.444762      -0.255986       0.475360       0.314922      -0.649196
       4.782000      -0.445237       0.255671      -0.474537      -0.315395       0.445237      -0.255671       0.474537       0.315395      -0.649195
       4.783000      -0.445712       0.255355      -0.473715      -0.315868       0.445712      -0.255355       0.473715       0.315868      -0.649194
       4.784000      -0.446186       0.255039      -0.472893      -0.316339       0.446186      -0.255039       0.472893       0.316339      -0.649193
       4.785000      -0.446659       0.254723      -0.472071      -0.316808       0.446659      -0.254723       0.472071       0.316808      -0.649191
       4.786000      -0.447131       0.254406      -0.471249      -0.317277       0.447131      -0.254406       0.471249       0.317277      -0.649190
       4.787000      -0.447602       0.254089      -0.470428      -0.317744       0.447602      -0.254089       0.470428       0.317744      -0.649189
       4.788000      -0.448072       0.253771      -0.469608      -0.318210       0.448072      -0.253771       0.469608       0.318210      -0.649188
       4.789000      -0.448542       0.253453      -0.468787      -0.318674       0.448542      -0.253453       0.468787       0.318674      -0.649187
       4.790000      -0.449011       0.253134      -0.467967      -0.319138       0.449011      -0.253134       0.467967       0.319138      -0.649186
       4.791000      -0.449479       0.252815      -0.467148      -0.319600       0.449479      -0.252815       0.467148       0.319600      -0.649185
       4.792000      -0.449946       0.252496      -0.466328      -0.320061       0.449946      -0.252496       0.466328       0.320061      -0.649184
       4.793000      -0.450412       0.252176      -0.465509      -0.320520       0.450412      -0.252176       0.465509       0.320520      -0.649182
       4.794000      -0.450878       0.251855      -0.464691      -0.320979       0.450878      -0.251855       0.464691       0.320979      -0.649181
       4.795000      -0.451342       0.251534      -0.463872      -0.321436       0.451342      -0.251534       0.463872       0.321436      -0.649180
       4.796000      -0.451806       0.251213      -0.463054      -0.321892       0.451806      -0.251213       0.463054       0.321892      -0.649179
       4.797000      -0.452269       0.250891      -0.462237      -0.322346       0.452269      -0.250891       0.462237       0.322346      -0.649178
       4.798000      -0.452731       0.250568      -0.461420      -0.322800       0.452731      -0.250568       0.461420       0.322800      -0.649177
       4.799000      -0.453193       0.250246      -0.460603      -0.323252       0.453193      -0.250246       0.460603       0.323252      -0.649176
       4.800000      -0.453654       0.249922      -0.459786      -0.323703       0.453654      -0.249922       0.459786       0.323703      -0.649175
       4.801000      -0.454113       0.249599      -0.458970      -0.324152       0.454113      -0.249599       0.458970       0.324152      -0.649174
       4.802000      -0.454572       0.249275      -0.458154      -0.324601       0.454572      -0.249275       0.458154       0.324601      -0.649172
       4.803000      -0.455030       0.248950      -0.457338      -0.325048       0.455030      -0.248950       0.457338       0.325048      -0.649171
       4.804000      -0.455488       0.248625      -0.456523      -0.325494       0.455488      -0.248625       0.456523       0.325494      -0.649170
       4.805000      -0.455944       0.248299      -0.455708      -0.325939       0.455944      -0.248299       0.455708       0.325939      -0.649169
       4.806000      -0.456400       0.247973      -0.454894      -0.326382       0.456400      -0.247973       0.454894       0.326382      -0.649168
       4.807000      -0.456855       0.247647      -0.454079      -0.326825       0.456855      -0.247647       0.454079       0.326825      -0.649167
       4.808000      -0.457309       0.247320      -0.453265      -0.327266       0.457309      -0.247320       0.453265       0.327266      -0.649166
       4.809000      -0.457762       0.246993      -0.452452      -0.327706       0.457762      -0.246993       0.452452       0.327706      -0.649165
       4.810000      -0.458215       0.246665      -0.451639      -0.328145       0.458215      -0.246665       0.451639       0.328145      -0.649164
       4.811000      -0.458666       0.246337      -0.450826      -0.328582       0.458666      -0.246337       0.450826       0.328582      -0.649163
       4.812000      -0.459117       0.246009      -0.450013      -0.329019       0.459117      -0.246009       0.450013       0.329019      -0.649161
       4.813000      -0.459567       0.245680      -0.449201      -0.329454       0.459567      -0.245680       0.449201       0.329454      -0.649160
       4.814000      -0.460016       0.245350      -0.448389      -0.329888       0.460016      -0.245350       0.448389       0.329888      -0.649159
       4.815000      -0.460465       0.245020      -0.447578      -0.330321       0.460465      -0.245020       0.447578       0.330321      -0.649158
       4.816000      -0.460912       0.244690      -0.446766      -0.330752       0.460912      -0.244690       0.446766       0.330752      -0.649157
       4.817000      -0.461359       0.244359      -0.445956      -0.331183       0.461359      -0.244359       0.445956       0.331183      -0.649156
       4.818000      -0.461805       0.244028      -0.445145      -0.331612       0.461805      -0.244028       0.445145       0.331612      -0.649155
       4.819000      -0.462250       0.243696      -0.444335      -0.332040       0.462250      -0.243696       0.444335       0.332040      -0.649154
       4.820000      -0.462695       0.243364      -0.443525      -0.332467       0.462695      -0.243364       0.443525       0.332467      -0.649153
       4.821000      -0.463138       0.243032      -0.442715      -0.332893       0.463138      -0.243032       0.442715       0.332893      -0.649152
       4.822000      -0.463581       0.242699      -0.441906      -0.333318       0.463581      -0.242699       0.441906       0.333318      -0.649151
       4.823000      -0.464023       0.242366      -0.441097      -0.333741       0.464023      -0.242366       0.441097       0.333741      -0.649150
       4.824000      -0.464464       0.242032      -0.440289      -0.334164       0.464464      -0.242032       0.440289       0.334164      -0.649148
       4.825000      -0.464904       0.241698      -0.439480      -0.334585       0.464904      -0.241698       0.439480       0.334585      -0.649147
       4.826000      -0.465344       0.241363      -0.438673      -0.335005       0.465344      -0.241363       0.438673       0.335005      -0.649146
       4.827000      -0.465782       0.241028      -0.437865      -0.335424       0.465782      -0.241028       0.437865       0.335424      -0.649145
       4.828000      -0.466220       0.240693      -0.437058      -0.335841       0.466220      -0.240693       0.437058       0.335841      -0.649144
       4.829000      -0.466657       0.240357      -0.436251      -0.336258       0.466657      -0.240357       0.436251       0.336258      -0.649143
       4.830000      -0.467093       0.240021      -0.435444      -0.336673       0.467093      -0.240021       0.435444       0.336673      -0.649142
       4.831000      -0.467529       0.239684      -0.434638      -0.337088       0.467529      -0.239684       0.434638       0.337088      -0.649141
       4.832000      -0.467963       0.239347      -0.433832      -0.337501       0.467963      -0.239347       0.433832       0.337501      -0.649140
       4.833000      -0.468397       0.239009      -0.433026      -0.337913       0.468397      -0.239009       0.433026       0.337913      -0.649139
       4.834000      -0.468830       0.238671      -0.432221      -0.338324       0.468830      -0.238671       0.432221       0.338324      -0.649138
       4.835000      -0.469263       0.238333      -0.431416      -0.338734       0.469263      -0.238333       0.431416       0.338734      -0.649137
       4.836000      -0.469694       0.237994      -0.430611      -0.339142       0.469694      -0.237994       0.430611       0.339142      -0.649136
       4.837000      -0.470125       0.237655      -0.429807      -0.339550       0.470125      -0.237655       0.429807       0.339550      -0.649135
       4.838000      -0.470554       0.237316      -0.429003      -0.339956       0.470554      -0.237316       0.429003       0.339956      -0.649134
       4.839000      -0.470983       0.236976      -0.428199      -0.340362       0.470983      -0.236976       0.428199       0.340362      -0.649133
       4.840000      -0.471412       0.236635      -0.427396      -0.340766       0.471412      -0.236635       0.427396       0.340766      -0.649131
       4.841000      -0.471839       0.236295      -0.426593      -0.341169       0.471839      -0.236295       0.426593       0.341169      -0.649130
       4.842000      -0.472266       0.235953      -0.425790      -0.341571       0.472266      -0.235953       0.425790       0.341571      -0.649129
       4.843000      -0.472691       0.235612      -0.424988      -0.341972       0.472691      -0.235612       0.424988       0.341972      -0.649128
       4.844000      -0.473116       0.235270      -0.424186      -0.342372       0.473116      -0.235270       0.424186       0.342372      -0.649127
       4.845000      -0.473541       0.234927      -0.423384      -0.342770       0.473541      -0.234927       0.423384       0.342770      -0.649126
       4.846000      -0.473964       0.234585      -0.422582      -0.343168       0.473964      -0.234585       0.422582       0.343168      -0.649125
       4.847000      -0.474387       0.234242      -0.421781      -0.343565       0.474387      -0.234242       0.421781       0.343565      -0.649124
       4.848000      -0.474808       0.233898      -0.420980      -0.343960       0.474808      -0.233898       0.420980       0.343960      -0.649123
       4.849000      -0.475229       0.233554      -0.420180      -0.344354       0.475229      -0.233554       0.420180       0.344354      -0.649122
       4.850000      -0.475649       0.233210      -0.419380      -0.344748       0.475649      -0.233210       0.419380       0.344748      -0.649121
       4.851000      -0.476069       0.232865      -0.418580      -0.345140       0.476069      -0.232865       0.418580       0.345140      -0.649120
       4.852000      -0.476487       0.232520      -0.417780      -0.345531       0.476487      -0.232520       0.417780       0.345531      -0.649119
       4.853000      -0.476905       0.232174      -0.416981      -0.345921       0.476905      -0.232174       0.416981       0.345921      -0.649118
       4.854000      -0.477322       0.231828      -0.416182      -0.346310       0.477322      -0.231828       0.416182       0.346310      -0.649117
       4.855000      -0.477738       0.231482      -0.415383      -0.346698       0.477738      -0.231482       0.415383       0.346698      -0.649116
       4.856000      -0.478154       0.231135      -0.414585      -0.347085       0.478154      -0.231135       0.414585       0.347085      -0.649115
       4.857000      -0.478568       0.230788      -0.413787      -0.347470       0.478568      -0.230788       0.413787       0.347470      -0.649114
       4.858000      -0.478982       0.230441      -0.412989      -0.347855       0.478982      -0.230441       0.412989       0.347855      -0.649113
       4.859000      -0.479395       0.230093      -0.412192      -0.348239       0.479395      -0.230093       0.412192       0.348239      -0.649112
       4.860000      -0.479807       0.229745      -0.411395      -0.348621       0.479807      -0.229745       0.411395       0.348621      -0.649111
       4.861000      -0.480219       0.229396      -0.410598      -0.349003       0.480219      -0.229396       0.410598       0.349003      -0.649110
       4.862000      -0.480629       0.229047      -0.409802      -0.349383       0.480629      -0.229047       0.409802       0.349383      -0.649109
       4.863000      -0.481039       0.228698      -0.409006      -0.349763       0.481039      -0.228698       0.409006       0.349763      -0.649108
       4.864000      -0.481448       0.228348      -0.408210      -0.350141       0.481448      -0.228348       0.408210       0.350141      -0.649107
       4.865000      -0.481856       0.227998      -0.407414      -0.350518       0.481856      -0.227998       0.407414       0.350518      -0.649106
       4.866000      -0.482264       0.227647      -0.406619      -0.350895       0.482264      -0.227647       0.406619       0.350895      -0.649105
       4.867000      -0.482670       0.227296      -0.405824      -0.351270       0.482670      -0.227296       0.405824       0.351270      -0.649104
       4.868000      -0.483076       0.226945      -0.405029      -0.351644       0.483076      -0.226945       0.405029       0.351644      -0.649103
       4.869000      -0.483481       0.226593      -0.404235      -0.352017       0.483481      -0.226593       0.404235       0.352017      -0.649102
       4.870000      -0.483885       0.226241      -0.403441      -0.352389       0.483885      -0.226241       0.403441       0.352389      -0.649101
       4.871000      -0.484289       0.225889      -0.402647      -0.352760       0.484289      -0.225889       0.402647       0.352760      -0.649100
       4.872000      -0.484692       0.225536      -0.401854      -0.353131       0.484692      -0.225536       0.401854       0.353131      -0.649099
       4.873000      -0.485093       0.225183      -0.401061      -0.353500       0.485093      -0.225183       0.401061       0.353500      -0.649098
       4.874000      -0.485494       0.224830      -0.400268      -0.353868       0.485494      -0.224830       0.400268       0.353868      -0.649097
       4.875000      -0.485895       0.224476      -0.399476      -0.354235       0.485895      -0.224476       0.399476       0.354235      -0.649096
       4.876000      -0.486294       0.224122      -0.398683      -0.354601       0.486294      -0.224122       0.398683       0.354601      -0.649095
       4.877000      -0.486693       0.223767      -0.397891      -0.354966       0.486693      -0.223767       0.397891       0.354966      -0.649094
       4.878000      -0.487091       0.223412      -0.397100      -0.355329       0.487091      -0.223412       0.397100       0.355329      -0.649093
       4.879000      -0.487488       0.223057      -0.396309      -0.355692       0.487488      -0.223057       0.396309       0.355692      -0.649092
       4.880000      -0.487884       0.222701      -0.395518      -0.356054       0.487884      -0.222701       0.395518       0.356054      -0.649091
       4.881000      -0.488280       0.222345      -0.394727      -0.356415       0.488280      -0.222345       0.394727       0.356415      -0.649090
       4.882000      -0.488674       0.221988      -0.393936      -0.356775       0.488674      -0.221988       0.393936       0.356775      -0.649089
       4.883000      -0.489068       0.221632      -0.393146      -0.357134       0.489068      -0.221632       0.393146       0.357134      -0.649088
       4.884000      -0.489461       0.221275      -0.392357      -0.357492       0.489461      -0.221275       0.392357       0.357492      -0.649087
       4.885000      -0.489854       0.220917      -0.391567      -0.357849       0.489854      -0.220917       0.391567       0.357849      -0.649086
       4.886000      -0.490245       0.220559      -0.390778      -0.358205       0.490245      -0.220559       0.390778       0.358205      -0.649085
       4.887000      -0.490636       0.220201      -0.389989      -0.358560       0.490636      -0.220201       0.389989       0.358560      -0.649084
       4.888000      -0.491026       0.219842      -0.389200      -0.358914       0.491026      -0.219842       0.389200       0.358914      -0.649083
       4.889000      -0.491415       0.219484      -0.388412      -0.359267       0.491415      -0.219484       0.388412       0.359267      -0.649082
       4.890000      -0.491804       0.219124      -0.387624      -0.359619       0.491804      -0.219124       0.387624       0.359619      -0.649081
       4.891000      -0.492191       0.218765      -0.386836      -0.359970       0.492191      -0.218765       0.386836       0.359970      -0.649080
       4.892000      -0.492578       0.218405      -0.386049      -0.360320       0.492578      -0.218405       0.386049       0.360320      -0.649079
       4.893000      -0.492964       0.218044      -0.385261      -0.360669       0.492964      -0.218044       0.385261       0.360669      -0.649078
       4.894000      -0.493350       0.217684      -0.384475      -0.361017       0.493350      -0.217684       0.384475       0.361017      -0.649077
       4.895000      -0.493734       0.217323      -0.383688      -0.361364       0.493734      -0.217323       0.383688       0.361364      -0.649076
       4.896000      -0.494118       0.216961      -0.382902      -0.361710       0.494118      -0.216961       0.382902       0.361710      -0.649075
       4.897000      -0.494501       0.216600      -0.382116      -0.362055       0.494501      -0.216600       0.382116       0.362055      -0.649074
       4.898000      -0.494883       0.216238      -0.381330      -0.362399       0.494883      -0.216238       0.381330       0.362399      -0.649073
       4.899000      -0.495264       0.215875      -0.380545      -0.362742       0.495264      -0.215875       0.380545       0.362742      -0.649072
       4.900000      -0.495645       0.215512      -0.379759      -0.363085       0.495645      -0.215512       0.379759       0.363085      -0.649071
       4.901000      -0.496024       0.215149      -0.378975      -0.363426       0.496024      -0.215149       0.378975       0.363426      -0.649070
       4.902000      -0.496403       0.214786      -0.378190      -0.363766       0.496403      -0.214786       0.378190       0.363766      -0.649069
       4.903000      -0.496782       0.214422      -0.377406      -0.364106       0.496782      -0.214422       0.377406       0.364106      -0.649068
       4.904000      -0.497159       0.214058      -0.376622      -0.364444       0.497159      -0.214058       0.376622       0.364444      -0.649067
       4.905000      -0.497536       0.213694      -0.375838      -0.364781       0.497536      -0.213694       0.375838       0.364781      -0.649066
       4.906000      -0.497911       0.213329      -0.375054      -0.365118       0.497911      -0.213329       0.375054       0.365118      -0.649065
       4.907000      -0.498286       0.212964      -0.374271      -0.365453       0.498286      -0.212964       0.374271       0.365453      -0.649064
       4.908000      -0.498661       0.212598      -0.373488      -0.365788       0.498661      -0.212598       0.373488       0.365788      -0.649063
       4.909000      -0.499034       0.212232      -0.372706      -0.366122       0.499034      -0.212232       0.372706       0.366122      -0.649062
       4.910000      -0.499407       0.211866      -0.371924      -0.366454       0.499407      -0.211866       0.371924       0.366454      -0.649061
       4.911000      -0.499779       0.211500      -0.371142      -0.366786       0.499779      -0.211500       0.371142       0.366786      -0.649060
       4.912000      -0.500150       0.211133      -0.370360      -0.367117       0.500150      -0.211133       0.370360       0.367117      -0.649059
       4.913000      -0.500520       0.210766      -0.369578      -0.367447       0.500520      -0.210766       0.369578       0.367447      -0.649058
       4.914000      -0.500890       0.210399      -0.368797      -0.367776       0.500890      -0.210399       0.368797       0.367776      -0.649057
       4.915000      -0.501259       0.210031      -0.368016      -0.368104       0.501259      -0.210031       0.368016       0.368104      -0.649056
       4.916000      -0.501627       0.209663      -0.367236      -0.368431       0.501627      -0.209663       0.367236       0.368431      -0.649056
       4.917000      -0.501994       0.209294      -0.366455      -0.368757       0.501994      -0.209294       0.366455       0.368757      -0.649055
       4.918000      -0.502360       0.208925      -0.365675      -0.369082       0.502360      -0.208925       0.365675       0.369082      -0.649054
       4.919000      -0.502726       0.208556      -0.364895      -0.369407       0.502726      -0.208556       0.364895       0.369407      -0.649053
       4.920000      -0.503091       0.208187      -0.364116      -0.369730       0.503091      -0.208187       0.364116       0.369730      -0.649052
       4.921000      -0.503455       0.207817      -0.363337      -0.370052       0.503455      -0.207817       0.363337       0.370052      -0.649051
       4.922000      -0.503818       0.207447      -0.362558      -0.370374       0.503818      -0.207447       0.362558       0.370374      -0.649050
       4.923000      -0.504181       0.207077      -0.361779      -0.370695       0.504181      -0.207077       0.361779       0.370695      -0.649049
       4.924000      -0.504543       0.206706      -0.361001      -0.371014       0.504543      -0.206706       0.361001       0.371014      -0.649048
       4.925000      -0.504904       0.206335      -0.360222      -0.371333       0.504904      -0.206335       0.360222       0.371333      -0.649047
       4.926000      -0.505264       0.205964      -0.359444      -0.371651       0.505264      -0.205964       0.359444       0.371651      -0.649046
       4.927000      -0.505623       0.205592      -0.358667      -0.371968       0.505623      -0.205592       0.358667       0.371968      -0.649045
       4.928000      -0.505982       0.205220      -0.357890      -0.372284       0.505982      -0.205220       0.357890       0.372284      -0.649044
       4.929000      -0.506340       0.204848      -0.357112      -0.372599       0.506340      -0.204848       0.357112       0.372599      -0.649043
       4.930000      -0.506697       0.204475      -0.356336      -0.372914       0.506697      -0.204475       0.356336       0.372914      -0.649042
       4.931000      -0.507053       0.204102      -0.355559      -0.373227       0.507053      -0.204102       0.355559       0.373227      -0.649041
       4.932000      -0.507409       0.203729      -0.354783      -0.373539       0.507409      -0.203729       0.354783       0.373539      -0.649040
       4.933000      -0.507764       0.203356      -0.354007      -0.373851       0.507764      -0.203356       0.354007       0.373851      -0.649039
       4.934000      -0.508118       0.202982      -0.353231      -0.374162       0.508118      -0.202982       0.353231       0.374162      -0.649038
       4.935000      -0.508471       0.202608      -0.352456      -0.374471       0.508471      -0.202608       0.352456       0.374471      -0.649038
       4.936000      -0.508823       0.202233      -0.351680      -0.374780       0.508823      -0.202233       0.351680       0.374780      -0.649037
       4.937000      -0.509175       0.201858      -0.350906      -0.375088       0.509175      -0.201858       0.350906       0.375088      -0.649036
       4.938000      -0.509526       0.201483      -0.350131      -0.375395       0.509526      -0.201483       0.350131       0.375395      -0.649035
       4.939000      -0.509876       0.201108      -0.349357      -0.375702       0.509876      -0.201108       0.349357       0.375702      -0.649034
       4.940000      -0.510226       0.200732      -0.348582      -0.376007       0.510226      -0.200732       0.348582       0.376007      -0.649033
       4.941000      -0.510574       0.200356      -0.347809      -0.376311       0.510574      -0.200356       0.347809       0.376311      -0.649032
       4.942000      -0.510922       0.199980      -0.347035      -0.376615       0.510922      -0.199980       0.347035       0.376615      -0.649031
       4.943000      -0.511269       0.199603      -0.346262      -0.376918       0.511269      -0.199603       0.346262       0.376918      -0.649030
       4.944000      -0.511615       0.199226      -0.345488      -0.377219       0.511615      -0.199226       0.345488       0.377219      -0.649029
       4.945000      -0.511961       0.198849      -0.344716      -0.377520       0.511961      -0.198849       0.344716       0.377520      -0.649028
       4.946000      -0.512305       0.198472      -0.343943      -0.377820       0.512305      -0.198472       0.343943       0.377820      -0.649027
       4.947000      -0.512649       0.198094      -0.343171      -0.378120       0.512649      -0.198094       0.343171       0.378120      -0.649026
       4.948000      -0.512993       0.197716      -0.342399      -0.378418       0.512993      -0.197716       0.342399       0.378418      -0.649025
       4.949000      -0.513335       0.197337      -0.341627      -0.378715       0.513335      -0.197337       0.341627       0.378715      -0.649025
       4.950000      -0.513677       0.196958      -0.340855      -0.379012       0.513677      -0.196958       0.340855       0.379012      -0.649024
       4.951000      -0.514017       0.196579      -0.340084      -0.379308       0.514017      -0.196579       0.340084       0.379308      -0.649023
       4.952000      -0.514358       0.196200      -0.339313      -0.379603       0.514358      -0.196200       0.339313       0.379603      -0.649022
       4.953000      -0.514697       0.195821      -0.338542      -0.379897       0.514697      -0.195821       0.338542       0.379897      -0.649021
       4.954000      -0.515035       0.195441      -0.337772      -0.380190       0.515035      -0.195441       0.337772       0.380190      -0.649020
       4.955000      -0.515373       0.195060      -0.337002      -0.380482       0.515373      -0.195060       0.337002       0.380482      -0.649019
       4.956000      -0.515710       0.194680      -0.336232      -0.380774       0.515710      -0.194680       0.336232       0.380774      -0.649018
       4.957000      -0.516046       0.194299      -0.335462      -0.381064       0.516046      -0.194299       0.335462       0.381064      -0.649017
       4.958000      -0.516382       0.193918      -0.334692      -0.381354       0.516382      -0.193918       0.334692       0.381354      -0.649016
       4.959000      -0.516717       0.193537      -0.333923      -0.381643       0.516717      -0.193537       0.333923       0.381643      -0.649015
       4.960000      -0.517050       0.193155      -0.333154      -0.381931       0.517050      -0.193155       0.333154       0.381931      -0.649014
       4.961000      -0.517384       0.192773      -0.332386      -0.382218       0.517384      -0.192773       0.332386       0.382218      -0.649013
       4.962000      -0.517716       0.192391      -0.331617      -0.382504       0.517716      -0.192391       0.331617       0.382504      -0.649013
       4.963000      -0.518048       0.192008      -0.330849      -0.382790       0.518048      -0.192008       0.330849       0.382790      -0.649012
       4.964000      -0.518378       0.191626      -0.330081      -0.383074       0.518378      -0.191626       0.330081       0.383074      -0.649011
       4.965000      -0.518709       0.191243      -0.329313      -0.383358       0.518709      -0.191243       0.329313       0.383358      -0.649010
       4.966000      -0.519038       0.190859      -0.328546      -0.383641       0.519038      -0.190859       0.328546       0.383641      -0.649009
       4.967000      -0.519366       0.190476      -0.327778      -0.383923       0.519366      -0.190476       0.327778       0.383923      -0.649008
       4.968000      -0.519694       0.190092      -0.327011      -0.384204       0.519694      -0.190092       0.327011       0.384204      -0.649007
       4.969000      -0.520021       0.189708      -0.326245      -0.384485       0.520021      -0.189708       0.326245       0.384485      -0.649006
       4.970000      -0.520347       0.189323      -0.325478      -0.384765       0.520347      -0.189323       0.325478       0.384765      -0.649005
       4.971000      -0.520673       0.188938      -0.324712      -0.385043       0.520673      -0.188938       0.324712       0.385043      -0.649004
       4.972000      -0.520998       0.188553      -0.323946      -0.385321       0.520998      -0.188553       0.323946       0.385321      -0.649004
       4.973000      -0.521322       0.188168      -0.323180      -0.385598       0.521322      -0.188168       0.323180       0.385598      -0.649003
       4.974000      -0.521645       0.187782      -0.322415      -0.385875       0.521645      -0.187782       0.322415       0.385875      -0.649002
       4.975000      -0.521967       0.187396      -0.321649      -0.386150       0.521967      -0.187396       0.321649       0.386150      -0.649001
       4.976000      -0.522289       0.187010      -0.320884      -0.386425       0.522289      -0.187010       0.320884       0.386425      -0.649000
       4.977000      -0.522610       0.186624      -0.320120      -0.386699       0.522610      -0.186624       0.320120       0.386699      -0.648999
       4.978000      -0.522930       0.186237      -0.319355      -0.386972       0.522930      -0.186237       0.319355       0.386972      -0.648998
       4.979000      -0.523249       0.185850      -0.318591      -0.387244       0.523249      -0.185850       0.318591       0.387244      -0.648997
       4.980000      -0.523568       0.185463      -0.317827      -0.387515       0.523568      -0.185463       0.317827       0.387515      -0.648996
       4.981000      -0.523886       0.185075      -0.317063      -0.387786       0.523886      -0.185075       0.317063       0.387786      -0.648995
       4.982000      -0.524203       0.184688      -0.316299      -0.388056       0.524203      -0.184688       0.316299       0.388056      -0.648995
       4.983000      -0.524519       0.184300      -0.315536      -0.388325       0.524519      -0.184300       0.315536       0.388325      -0.648994
       4.984000      -0.524835       0.183911      -0.314773      -0.388593       0.524835      -0.183911       0.314773       0.388593      -0.648993
       4.985000      -0.525149       0.183523      -0.314010      -0.388860       0.525149      -0.183523       0.314010       0.388860      -0.648992
       4.986000      -0.525463       0.183134      -0.313247      -0.389127       0.525463      -0.183134       0.313247       0.389127      -0.648991
       4.987000      -0.525777       0.182745      -0.312485      -0.389392       0.525777      -0.182745       0.312485       0.389392      -0.648990
       4.988000      -0.526089       0.182355      -0.311723      -0.389657       0.526089      -0.182355       0.311723       0.389657      -0.648989
       4.989000      -0.526401       0.181966      -0.310961      -0.389921       0.526401      -0.181966       0.310961       0.389921      -0.648988
       4.990000      -0.526712       0.181576      -0.310199      -0.390185       0.526712      -0.181576       0.310199       0.390185      -0.648987
       4.991000      -0.527022       0.181186      -0.309438      -0.390447       0.527022      -0.181186       0.309438       0.390447      -0.648986
       4.992000      -0.527331       0.180795      -0.308677      -0.390709       0.527331      -0.180795       0.308677       0.390709      -0.648986
       4.993000      -0.527640       0.180404      -0.307916      -0.390970       0.527640      -0.180404       0.307916       0.390970      -0.648985
       4.994000      -0.527948       0.180013      -0.307155      -0.391230       0.527948      -0.180013       0.307155       0.391230      -0.648984
       4.995000      -0.528255       0.179622      -0.306394      -0.391489       0.528255      -0.179622       0.306394       0.391489      -0.648983
       4.996000      -0.528561       0.179231      -0.305634      -0.391748       0.528561      -0.179231       0.305634       0.391748      -0.648982
       4.997000      -0.528867       0.178839      -0.304874      -0.392005       0.528867      -0.178839       0.304874       0.392005      -0.648981
       4.998000      -0.529172       0.178447      -0.304114      -0.392262       0.529172      -0.178447       0.304114       0.392262      -0.648980
       4.999000      -0.529476       0.178055      -0.303355      -0.392518       0.529476      -0.178055       0.303355       0.392518      -0.648979
       5.000000      -0.529779       0.177662      -0.302595      -0.392774       0.529779      -0.177662       0.302595       0.392774      -0.648979
