       0.000000      -0.500000       0.000000       0.000000      -0.500000       0.500000       0.000000       0.000000       0.500000      -0.750000
       0.001000      -0.499999      -0.000500       0.001000      -0.499999       0.499999       0.000500      -0.001000       0.499999      -0.750000
       0.002000      -0.499998      -0.001000       0.002000      -0.499998       0.499998       0.001000      -0.002000       0.499998      -0.750000
       0.003000      -0.499995      -0.001500       0.003000      -0.499995       0.499995       0.001500      -0.003000       0.499995      -0.750000
       0.004000      -0.499992      -0.002000       0.004000      -0.499992       0.499992       0.002000      -0.004000       0.499992      -0.750000
       0.005000      -0.499987      -0.002500       0.005000      -0.499987       0.499987       0.002500      -0.005000       0.499987      -0.750000
       0.006000      -0.499982      -0.003000       0.006000      -0.499982       0.499982       0.003000      -0.006000       0.499982      -0.750000
       0.007000      -0.499975      -0.003500       0.007000      -0.499975       0.499975       0.003500      -0.007000       0.499975      -0.750000
       0.008000      -0.499968      -0.004000       0.008000      -0.499968       0.499968       0.004000      -0.008000       0.499968      -0.750000
       0.009000      -0.499959      -0.004500       0.009000      -0.499959       0.499959       0.004500      -0.009000       0.499959      -0.750000
       0.010000      -0.499950      -0.005000       0.010000      -0.499950       0.499950       0.005000      -0.010000       0.499950      -0.750000
       0.011000      -0.499939      -0.005500       0.011000      -0.499939       0.499939       0.005500      -0.011000       0.499939      -0.750000
       0.012000      -0.499928      -0.006000       0.012000      -0.499928       0.499928       0.006000      -0.012000       0.499928      -0.750000
       0.013000      -0.499915      -0.006500       0.013000      -0.499915       0.499915       0.006500      -0.013000       0.499915      -0.750000
       0.014000      -0.499902      -0.007000       0.014000      -0.499902       0.499902       0.007000      -0.014000       0.499902      -0.750000
       0.015000      -0.499887      -0.007499       0.015001      -0.499887       0.499887       0.007499      -0.015001       0.499887      -0.750000
       0.016000      -0.499872      -0.007999       0.016001      -0.499872       0.499872       0.007999      -0.016001       0.499872      -0.750000
       0.017000      -0.499855      -0.008499       0.017001      -0.499855       0.499855       0.008499      -0.017001       0.499855      -0.750000
       0.018000      -0.499838      -0.008999       0.018001      -0.499838       0.499838       0.008999      -0.018001       0.499838      -0.750000
       0.019000      -0.499819      -0.009499       0.019001      -0.499819       0.499819       0.009499      -0.019001       0.499819      -0.750000
       0.020000      -0.499800      -0.009999       0.020001      -0.499800       0.499800       0.009999      -0.020001       0.499800      -0.750000
       0.021000      -0.499779      -0.010498       0.021002      -0.499779       0.499779       0.010498      -0.021002       0.499779      -0.750000
       0.022000      -0.499758      -0.010998       0.022002      -0.499758       0.499758       0.010998      -0.022002       0.499758      -0.750000
       0.023000      -0.499735      -0.011498       0.023002      -0.499735       0.499735       0.011498      -0.023002       0.499735      -0.750000
       0.024000      -0.499712      -0.011998       0.024002      -0.499712       0.499712       0.011998      -0.024002       0.499712      -0.750000
       0.025000      -0.499687      -0.012497       0.025003      -0.499687       0.499687       0.012497      -0.025003       0.499687      -0.750000
       0.026000      -0.499662      -0.012997       0.026003      -0.499662       0.499662       0.012997      -0.026003       0.499662      -0.750000
       0.027000      -0.499635      -0.013497       0.027003      -0.499635       0.499635       0.013497      -0.027003       0.499635      -0.750000
       0.028000      -0.499608      -0.013996       0.028004      -0.499608       0.499608       0.013996      -0.028004       0.499608      -0.750000
       0.029000      -0.499579      -0.014496       0.029004      -0.499579       0.499579       0.014496      -0.029004       0.499579      -0.750000
       0.030000      -0.499550      -0.014996       0.030005      -0.499550       0.499550       0.014996      -0.030005       0.499550      -0.750000
       0.031000      -0.499519      -0.015495       0.031005      -0.499519       0.499519       0.015495      -0.031005       0.499519      -0.750000
       0.032000      -0.499488      -0.015995       0.032005      -0.499488       0.499488       0.015995      -0.032005       0.499488      -0.750000
       0.033000      -0.499455      -0.016494       0.033006      -0.499455       0.499455       0.016494      -0.033006       0.499455      -0.750000
       0.034000      -0.499422      -0.016993       0.034007      -0.499422       0.499422       0.016993      -0.034007       0.499422      -0.750000
       0.035000      -0.499387      -0.017493       0.035007      -0.499387       0.499387       0.017493      -0.035007       0.499387      -0.750000
       0.036000      -0.499352      -0.017992       0.036008      -0.499352       0.499352       0.017992      -0.036008       0.499352      -0.750000
       0.037000      -0.499315      -0.018492       0.037008      -0.499315       0.499315       0.018492      -0.037008       0.499315      -0.750000
       0.038000      -0.499278      -0.018991       0.038009      -0.499277       0.499278       0.018991      -0.038009       0.499277      -0.750000
       0.039000      -0.499239      -0.019490       0.039010      -0.499239       0.499239       0.019490      -0.039010       0.499239      -0.750000
       0.040000      -0.499200      -0.019989       0.040011      -0.499199       0.499200       0.019989      -0.040011       0.499199      -0.750000
       0.041000      -0.499159      -0.020489       0.041011      -0.499159       0.499159       0.020489      -0.041011       0.499159      -0.750000
       0.042000      -0.499118      -0.020988       0.042012      -0.499117       0.499118       0.020988      -0.042012       0.499117      -0.750000
       0.043000      -0.499075      -0.021487       0.043013      -0.499075       0.499075       0.021487      -0.043013       0.499075      -0.750000
       0.044000      -0.499032      -0.021986       0.044014      -0.499031       0.499032       0.021986      -0.044014       0.499031      -0.750000
       0.045000      -0.498987      -0.022485       0.045015      -0.498986       0.498987       0.022485      -0.045015       0.498986      -0.750000
       0.046000      -0.498942      -0.022984       0.046016      -0.498941       0.498942       0.022984      -0.046016       0.498941      -0.750000
       0.047000      -0.498895      -0.023483       0.047017      -0.498894       0.498895       0.023483      -0.047017       0.498894      -0.750000
       0.048000      -0.498848      -0.023982       0.048018      -0.498846       0.498848       0.023982      -0.048018       0.498846      -0.750000
       0.049000      -0.498799      -0.024480       0.049020      -0.498798       0.498799       0.024480      -0.049020       0.498798      -0.750000
       0.050000      -0.498750      -0.024979       0.050021      -0.498748       0.498750       0.024979      -0.050021       0.498748      -0.750000
       0.051000      -0.498699      -0.025478       0.051022      -0.498698       0.498699       0.025478      -0.051022       0.498698      -0.750000
       0.052000      -0.498648      -0.025977       0.052023      -0.498646       0.498648       0.025977      -0.052023       0.498646      -0.750000
       0.053000      -0.498595      -0.026475       0.053025      -0.498593       0.498595       0.026475      -0.053025       0.498593      -0.750000
       0.054000      -0.498542      -0.026974       0.054026      -0.498540       0.498542       0.026974      -0.054026       0.498540      -0.750000
       0.055000      -0.498487      -0.027472       0.055028      -0.498485       0.498487       0.027472      -0.055028       0.498485      -0.750000
       0.056000      -0.498432      -0.027971       0.056029      -0.498429       0.498432       0.027971      -0.056029       0.498429      -0.750000
       0.057000      -0.498375      -0.028469       0.057031      -0.498372       0.498375       0.028469      -0.057031       0.498372      -0.750000
       0.058000      -0.498318      -0.028967       0.058033      -0.498315       0.498318       0.028967      -0.058033       0.498315      -0.750000
       0.059000      -0.498259      -0.029466       0.059034      -0.498256       0.498259       0.029466      -0.059034       0.498256      -0.750000
       0.060000      -0.498199      -0.029964       0.060036      -0.498196       0.498199       0.029964      -0.060036       0.498196      -0.750000
       0.061000      -0.498139      -0.030462       0.061038      -0.498135       0.498139       0.030462      -0.061038       0.498135      -0.750000
       0.062000      -0.498077      -0.030960       0.062040      -0.498074       0.498077       0.030960      -0.062040       0.498074      -0.750000
       0.063000      -0.498015      -0.031458       0.063042      -0.498011       0.498015       0.031458      -0.063042       0.498011      -0.750000
       0.064000      -0.497951      -0.031956       0.064044      -0.497947       0.497951       0.031956      -0.064044       0.497947      -0.750000
       0.065000      -0.497887      -0.032454       0.065046      -0.497882       0.497887       0.032454      -0.065046       0.497882      -0.750000
       0.066000      -0.497821      -0.032952       0.066048      -0.497816       0.497821       0.032952      -0.066048       0.497816      -0.750000
       0.067000      -0.497755      -0.033450       0.067050      -0.497750       0.497755       0.033450      -0.067050       0.497750      -0.750000
       0.068000      -0.497687      -0.033948       0.068052      -0.497682       0.497687       0.033948      -0.068052       0.497682      -0.750000
       0.069000      -0.497619      -0.034445       0.069055      -0.497613       0.497619       0.034445      -0.069055       0.497613      -0.750000
       0.070000      -0.497549      -0.034943       0.070057      -0.497543       0.497549       0.034943      -0.070057       0.497543      -0.750000
       0.071000      -0.497478      -0.035440       0.071060      -0.497472       0.497478       0.035440      -0.071060       0.497472      -0.750000
       0.072000      -0.497407      -0.035938       0.072062      -0.497400       0.497407       0.035938      -0.072062       0.497400      -0.750000
       0.073000      -0.497334      -0.036435       0.073065      -0.497327       0.497334       0.036435      -0.073065       0.497327      -0.750000
       0.074000      -0.497261      -0.036932       0.074068      -0.497253       0.497261       0.036932      -0.074068       0.497253      -0.750000
       0.075000      -0.497186      -0.037430       0.075070      -0.497178       0.497186       0.037430      -0.075070       0.497178      -0.750000
       0.076000      -0.497111      -0.037927       0.076073      -0.497102       0.497111       0.037927      -0.076073       0.497102      -0.750000
       0.077000      -0.497034      -0.038424       0.077076      -0.497025       0.497034       0.038424      -0.077076       0.497025      -0.750000
       0.078000      -0.496956      -0.038921       0.078079      -0.496947       0.496956       0.038921      -0.078079       0.496947      -0.750000
       0.079000      -0.496878      -0.039418       0.079082      -0.496868       0.496878       0.039418      -0.079082       0.496868      -0.750000
       0.080000      -0.496798      -0.039914       0.080085      -0.496788       0.496798       0.039914      -0.080085       0.496788      -0.750000
       0.081000      -0.496718      -0.040411       0.081089      -0.496707       0.496718       0.040411      -0.081089       0.496707      -0.750000
       0.082000      -0.496636      -0.040908       0.082092      -0.496625       0.496636       0.040908      -0.082092       0.496625      -0.750000
       0.083000      -0.496554      -0.041404       0.083095      -0.496542       0.496554       0.041404      -0.083095       0.496542      -0.750000
       0.084000      -0.496470      -0.041901       0.084099      -0.496457       0.496470       0.041901      -0.084099       0.496457      -0.750000
       0.085000      -0.496385      -0.042397       0.085102      -0.496372       0.496385       0.042397      -0.085102       0.496372      -0.750000
       0.086000      -0.496300      -0.042894       0.086106      -0.496286       0.496300       0.042894      -0.086106       0.496286      -0.750000
       0.087000      -0.496213      -0.043390       0.087110      -0.496199       0.496213       0.043390      -0.087110       0.496199      -0.750000
       0.088000      -0.496126      -0.043886       0.088114      -0.496110       0.496126       0.043886      -0.088114       0.496110      -0.750000
       0.089000      -0.496037      -0.044382       0.089118      -0.496021       0.496037       0.044382      -0.089118       0.496021      -0.750000
       0.090000      -0.495947      -0.044878       0.090122      -0.495931       0.495947       0.044878      -0.090122       0.495931      -0.750000
       0.091000      -0.495857      -0.045374       0.091126      -0.495839       0.495857       0.045374      -0.091126       0.495839      -0.750000
       0.092000      -0.495765      -0.045870       0.092130      -0.495747       0.495765       0.045870      -0.092130       0.495747      -0.750000
       0.093000      -0.495672      -0.046366       0.093134      -0.495654       0.495672       0.046366      -0.093134       0.495654      -0.750000
       0.094000      -0.495579      -0.046861       0.094138      -0.495559       0.495579       0.046861      -0.094138       0.495559      -0.750000
       0.095000      -0.495484      -0.047357       0.095143      -0.495464       0.495484       0.047357      -0.095143       0.495464      -0.750000
       0.096000      -0.495388      -0.047852       0.096148      -0.495367       0.495388       0.047852      -0.096148       0.495367      -0.750000
       0.097000      -0.495292      -0.048347       0.097152      -0.495270       0.495292       0.048347      -0.097152       0.495270      -0.750000
       0.098000      -0.495194      -0.048843       0.098157      -0.495171       0.495194       0.048843      -0.098157       0.495171      -0.750000
       0.099000      -0.495095      -0.049338       0.099162      -0.495071       0.495095       0.049338      -0.099162       0.495071      -0.750000
       0.100000      -0.494996      -0.049833       0.100167      -0.494971       0.494996       0.049833      -0.100167       0.494971      -0.750000
       0.101000      -0.494895      -0.050328       0.101172      -0.494869       0.494895       0.050328      -0.101172       0.494869      -0.750000
       0.102000      -0.494793      -0.050823       0.102177      -0.494766       0.494793       0.050823      -0.102177       0.494766      -0.750000
       0.103000      -0.494691      -0.051317       0.103182      -0.494662       0.494691       0.051317      -0.103182       0.494662      -0.750000
       0.104000      -0.494587      -0.051812       0.104188      -0.494558       0.494587       0.051812      -0.104188       0.494558      -0.750000
       0.105000      -0.494482      -0.052306       0.105193      -0.494452       0.494482       0.052306      -0.105193       0.494452      -0.750000
       0.106000      -0.494377      -0.052801       0.106199      -0.494345       0.494377       0.052801      -0.106199       0.494345      -0.750000
       0.107000      -0.494270      -0.053295       0.107204      -0.494237       0.494270       0.053295      -0.107204       0.494237      -0.750000
       0.108000      -0.494162      -0.053789       0.108210      -0.494128       0.494162       0.053789      -0.108210       0.494128      -0.750000
       0.109000      -0.494054      -0.054283       0.109216      -0.494018       0.494054       0.054283      -0.109216       0.494018      -0.750000
       0.110000      -0.493944      -0.054777       0.110222      -0.493907       0.493944       0.054777      -0.110222       0.493907      -0.750000
       0.111000      -0.493833      -0.055271       0.111228      -0.493795       0.493833       0.055271      -0.111228       0.493795      -0.750000
       0.112000      -0.493721      -0.055765       0.112234      -0.493682       0.493721       0.055765      -0.112234       0.493682      -0.750000
       0.113000      -0.493609      -0.056258       0.113241      -0.493568       0.493609       0.056258      -0.113241       0.493568      -0.750000
       0.114000      -0.493495      -0.056752       0.114247      -0.493452       0.493495       0.056752      -0.114247       0.493452      -0.750000
       0.115000      -0.493380      -0.057245       0.115254      -0.493336       0.493380       0.057245      -0.115254       0.493336      -0.750000
       0.116000      -0.493264      -0.057739       0.116260      -0.493219       0.493264       0.057739      -0.116260       0.493219      -0.750000
       0.117000      -0.493148      -0.058232       0.117267      -0.493100       0.493148       0.058232      -0.117267       0.493100      -0.750000
       0.118000      -0.493030      -0.058725       0.118274      -0.492981       0.493030       0.058725      -0.118274       0.492981      -0.750000
       0.119000      -0.492911      -0.059218       0.119281      -0.492861       0.492911       0.059218      -0.119281       0.492861      -0.750000
       0.120000      -0.492791      -0.059711       0.120288      -0.492739       0.492791       0.059711      -0.120288       0.492739      -0.750000
       0.121000      -0.492671      -0.060203       0.121295      -0.492616       0.492671       0.060203      -0.121295       0.492616      -0.750000
       0.122000      -0.492549      -0.060696       0.122303      -0.492493       0.492549       0.060696      -0.122303       0.492493      -0.750000
       0.123000      -0.492426      -0.061188       0.123310      -0.492368       0.492426       0.061188      -0.123310       0.492368      -0.750000
       0.124000      -0.492302      -0.061681       0.124318      -0.492242       0.492302       0.061681      -0.124318       0.492242      -0.750000
       0.125000      -0.492177      -0.062173       0.125326      -0.492116       0.492177       0.062173      -0.125326       0.492116      -0.750000
       0.126000      -0.492051      -0.062665       0.126334      -0.491988       0.492051       0.062665      -0.126334       0.491988      -0.750000
       0.127000      -0.491925      -0.063157       0.127342      -0.491859       0.491925       0.063157      -0.127342       0.491859      -0.750000
       0.128000      -0.491797      -0.063648       0.128350      -0.491729       0.491797       0.063648      -0.128350       0.491729      -0.750000
       0.129000      -0.491668      -0.064140       0.129358      -0.491598       0.491668       0.064140      -0.129358       0.491598      -0.750000
       0.130000      -0.491538      -0.064632       0.130366      -0.491466       0.491538       0.064632      -0.130366       0.491466      -0.750000
       0.131000      -0.491407      -0.065123       0.131375      -0.491333       0.491407       0.065123      -0.131375       0.491333      -0.750000
       0.132000      -0.491275      -0.065614       0.132384      -0.491199       0.491275       0.065614      -0.132384       0.491199      -0.750000
       0.133000      -0.491142      -0.066105       0.133392      -0.491063       0.491142       0.066105      -0.133392       0.491063      -0.750000
       0.134000      -0.491009      -0.066596       0.134401      -0.490927       0.491009       0.066596      -0.134401       0.490927      -0.750000
       0.135000      -0.490874      -0.067087       0.135410      -0.490790       0.490874       0.067087      -0.135410       0.490790      -0.750000
       0.136000      -0.490738      -0.067578       0.136420      -0.490651       0.490738       0.067578      -0.136420       0.490651      -0.750000
       0.137000      -0.490601      -0.068069       0.137429      -0.490512       0.490601       0.068069      -0.137429       0.490512      -0.750000
       0.138000      -0.490463      -0.068559       0.138438      -0.490371       0.490463       0.068559      -0.138438       0.490371      -0.750000
       0.139000      -0.490324      -0.069049       0.139448      -0.490229       0.490324       0.069049      -0.139448       0.490229      -0.750000
       0.140000      -0.490184      -0.069540       0.140458      -0.490087       0.490184       0.069540      -0.140458       0.490087      -0.750000
       0.141000      -0.490043      -0.070030       0.141468      -0.489943       0.490043       0.070030      -0.141468       0.489943      -0.750000
       0.142000      -0.489901      -0.070519       0.142478      -0.489798       0.489901       0.070519      -0.142478       0.489798      -0.750000
       0.143000      -0.489758      -0.071009       0.143488      -0.489652       0.489758       0.071009      -0.143488       0.489652      -0.750000
       0.144000      -0.489614      -0.071499       0.144498      -0.489505       0.489614       0.071499      -0.144498       0.489505      -0.750000
       0.145000      -0.489469      -0.071988       0.145509      -0.489357       0.489469       0.071988      -0.145509       0.489357      -0.750000
       0.146000      -0.489323      -0.072477       0.146519      -0.489208       0.489323       0.072477      -0.146519       0.489208      -0.750000
       0.147000      -0.489176      -0.072967       0.147530      -0.489058       0.489176       0.072967      -0.147530       0.489058      -0.750000
       0.148000      -0.489028      -0.073456       0.148541      -0.488906       0.489028       0.073456      -0.148541       0.488906      -0.750000
       0.149000      -0.488879      -0.073944       0.149552      -0.488754       0.488879       0.073944      -0.149552       0.488754      -0.750000
       0.150000      -0.488729      -0.074433       0.150563      -0.488600       0.488729       0.074433      -0.150563       0.488600      -0.750000
       0.151000      -0.488578      -0.074922       0.151574      -0.488446       0.488578       0.074922      -0.151574       0.488446      -0.750000
       0.152000      -0.488426      -0.075410       0.152586      -0.488290       0.488426       0.075410      -0.152586       0.488290      -0.750000
       0.153000      -0.488273      -0.075898       0.153598      -0.488133       0.488273       0.075898      -0.153598       0.488133      -0.750000
       0.154000      -0.488119      -0.076386       0.154609      -0.487976       0.488119       0.076386      -0.154609       0.487976      -0.750000
       0.155000      -0.487963      -0.076874       0.155621      -0.487817       0.487963       0.076874      -0.155621       0.487817      -0.750000
       0.156000      -0.487807      -0.077362       0.156633      -0.487657       0.487807       0.077362      -0.156633       0.487657      -0.750000
       0.157000      -0.487650      -0.077849       0.157646      -0.487496       0.487650       0.077849      -0.157646       0.487496      -0.750000
       0.158000      -0.487492      -0.078337       0.158658      -0.487334       0.487492       0.078337      -0.158658       0.487334      -0.750000
       0.159000      -0.487333      -0.078824       0.159671      -0.487170       0.487333       0.078824      -0.159671       0.487170      -0.750000
       0.160000      -0.487173      -0.079311       0.160683      -0.487006       0.487173       0.079311      -0.160683       0.487006      -0.750000
       0.161000      -0.487011      -0.079798       0.161696      -0.486841       0.487011       0.079798      -0.161696       0.486841      -0.750000
       0.162000      -0.486849      -0.080285       0.162709      -0.486674       0.486849       0.080285      -0.162709       0.486674      -0.750000
       0.163000      -0.486686      -0.080771       0.163723      -0.486506       0.486686       0.080771      -0.163723       0.486506      -0.750000
       0.164000      -0.486522      -0.081258       0.164736      -0.486338       0.486522       0.081258      -0.164736       0.486338      -0.750000
       0.165000      -0.486357      -0.081744       0.165750      -0.486168       0.486357       0.081744      -0.165750       0.486168      -0.750000
       0.166000      -0.486190      -0.082230       0.166763      -0.485997       0.486190       0.082230      -0.166763       0.485997      -0.750000
       0.167000      -0.486023      -0.082716       0.167777      -0.485825       0.486023       0.082716      -0.167777       0.485825      -0.750000
       0.168000      -0.485855      -0.083202       0.168791      -0.485652       0.485855       0.083202      -0.168791       0.485652      -0.750000
       0.169000      -0.485685      -0.083687       0.169805      -0.485478       0.485685       0.083687      -0.169805       0.485478      -0.750000
       0.170000      -0.485515      -0.084173       0.170820      -0.485302       0.485515       0.084173      -0.170820       0.485302      -0.750000
       0.171000      -0.485344      -0.084658       0.171834      -0.485126       0.485344       0.084658      -0.171834       0.485126      -0.750000
       0.172000      -0.485172      -0.085143       0.172849      -0.484948       0.485172       0.085143      -0.172849       0.484948      -0.750000
       0.173000      -0.484998      -0.085628       0.173864      -0.484770       0.484998       0.085628      -0.173864       0.484770      -0.750000
       0.174000      -0.484824      -0.086113       0.174879      -0.484590       0.484824       0.086113      -0.174879       0.484590      -0.750000
       0.175000      -0.484648      -0.086597       0.175894      -0.484409       0.484648       0.086597      -0.175894       0.484409      -0.750000
       0.176000      -0.484472      -0.087081       0.176910      -0.484227       0.484472       0.087081      -0.176910       0.484227      -0.750000
       0.177000      -0.484295      -0.087566       0.177925      -0.484044       0.484295       0.087566      -0.177925       0.484044      -0.750000
       0.178000      -0.484116      -0.088050       0.178941      -0.483860       0.484116       0.088050      -0.178941       0.483860      -0.750000
       0.179000      -0.483937      -0.088533       0.179957      -0.483674       0.483937       0.088533      -0.179957       0.483674      -0.750000
       0.180000      -0.483756      -0.089017       0.180973      -0.483488       0.483756       0.089017      -0.180973       0.483488      -0.750000
       0.181000      -0.483575      -0.089500       0.181990      -0.483300       0.483575       0.089500      -0.181990       0.483300      -0.750000
       0.182000      -0.483392      -0.089983       0.183006      -0.483112       0.483392       0.089983      -0.183006       0.483112      -0.750000
       0.183000      -0.483209      -0.090466       0.184023      -0.482922       0.483209       0.090466      -0.184023       0.482922      -0.750000
       0.184000      -0.483024      -0.090949       0.185040      -0.482731       0.483024       0.090949      -0.185040       0.482731      -0.750000
       0.185000      -0.482839      -0.091432       0.186057      -0.482539       0.482839       0.091432      -0.186057       0.482539      -0.750000
       0.186000      -0.482652      -0.091914       0.187074      -0.482346       0.482652       0.091914      -0.187074       0.482346      -0.750000
       0.187000      -0.482464      -0.092397       0.188091      -0.482151       0.482464       0.092397      -0.188091       0.482151      -0.750000
       0.188000      -0.482276      -0.092879       0.189109      -0.481956       0.482276       0.092879      -0.189109       0.481956      -0.750000
       0.189000      -0.482086      -0.093361       0.190127      -0.481760       0.482086       0.093361      -0.190127       0.481760      -0.750000
       0.190000      -0.481896      -0.093842       0.191145      -0.481562       0.481896       0.093842      -0.191145       0.481562      -0.750000
       0.191000      -0.481704      -0.094324       0.192163      -0.481363       0.481704       0.094324      -0.192163       0.481363      -0.750000
       0.192000      -0.481511      -0.094805       0.193181      -0.481163       0.481511       0.094805      -0.193181       0.481163      -0.750000
       0.193000      -0.481318      -0.095286       0.194200      -0.480962       0.481318       0.095286      -0.194200       0.480962      -0.750000
       0.194000      -0.481123      -0.095767       0.195219      -0.480760       0.481123       0.095767      -0.195219       0.480760      -0.750000
       0.195000      -0.480927      -0.096248       0.196238      -0.480556       0.480927       0.096248      -0.196238       0.480556      -0.750000
       0.196000      -0.480730      -0.096728       0.197257      -0.480352       0.480730       0.096728      -0.197257       0.480352      -0.750000
       0.197000      -0.480533      -0.097208       0.198276      -0.480146       0.480533       0.097208      -0.198276       0.480146      -0.750000
       0.198000      -0.480334      -0.097688       0.199296      -0.479939       0.480334       0.097688      -0.199296       0.479939      -0.750000
       0.199000      -0.480134      -0.098168       0.200316      -0.479731       0.480134       0.098168      -0.200316       0.479731      -0.750000
       0.200000      -0.479933      -0.098648       0.201336      -0.479522       0.479933       0.098648      -0.201336       0.479522      -0.750000
       0.201000      -0.479731      -0.099127       0.202356      -0.479312       0.479731       0.099127      -0.202356       0.479312      -0.750000
       0.202000      -0.479529      -0.099606       0.203376      -0.479101       0.479529       0.099606      -0.203376       0.479101      -0.750000
       0.203000      -0.479325      -0.100085       0.204397      -0.478888       0.479325       0.100085      -0.204397       0.478888      -0.750000
       0.204000      -0.479120      -0.100564       0.205417      -0.478674       0.479120       0.100564      -0.205417       0.478674      -0.750000
       0.205000      -0.478914      -0.101043       0.206438      -0.478460       0.478914       0.101043      -0.206438       0.478460      -0.750000
       0.206000      -0.478707      -0.101521       0.207459      -0.478244       0.478707       0.101521      -0.207459       0.478244      -0.750000
       0.207000      -0.478499      -0.101999       0.208481      -0.478026       0.478499       0.101999      -0.208481       0.478026      -0.750000
       0.208000      -0.478290      -0.102477       0.209502      -0.477808       0.478290       0.102477      -0.209502       0.477808      -0.750000
       0.209000      -0.478080      -0.102955       0.210524      -0.477589       0.478080       0.102955      -0.210524       0.477589      -0.750000
       0.210000      -0.477869      -0.103432       0.211546      -0.477368       0.477869       0.103432      -0.211546       0.477368      -0.750000
       0.211000      -0.477657      -0.103910       0.212568      -0.477146       0.477657       0.103910      -0.212568       0.477146      -0.750000
       0.212000      -0.477444      -0.104387       0.213591      -0.476923       0.477444       0.104387      -0.213591       0.476923      -0.750000
       0.213000      -0.477230      -0.104863       0.214614      -0.476699       0.477230       0.104863      -0.214614       0.476699      -0.750000
       0.214000      -0.477015      -0.105340       0.215636      -0.476474       0.477015       0.105340      -0.215636       0.476474      -0.750000
       0.215000      -0.476798      -0.105816       0.216659      -0.476247       0.476798       0.105816      -0.216659       0.476247      -0.750000
       0.216000      -0.476581      -0.106292       0.217683      -0.476020       0.476581       0.106292      -0.217683       0.476020      -0.750000
       0.217000      -0.476363      -0.106768       0.218706      -0.475791       0.476363       0.106768      -0.218706       0.475791      -0.750000
       0.218000      -0.476144      -0.107244       0.219730      -0.475561       0.476144       0.107244      -0.219730       0.475561      -0.750000
       0.219000      -0.475924      -0.107719       0.220754      -0.475330       0.475924       0.107719      -0.220754       0.475330      -0.750000
       0.220000      -0.475702      -0.108195       0.221778      -0.475097       0.475702       0.108195      -0.221778       0.475097      -0.750000
       0.221000      -0.475480      -0.108670       0.222802      -0.474864       0.475480       0.108670      -0.222802       0.474864      -0.750000
       0.222000      -0.475257      -0.109144       0.223827      -0.474629       0.475257       0.109144      -0.223827       0.474629      -0.750000
       0.223000      -0.475032      -0.109619       0.224852      -0.474393       0.475032       0.109619      -0.224852       0.474393      -0.750000
       0.224000      -0.474807      -0.110093       0.225877      -0.474156       0.474807       0.110093      -0.225877       0.474156      -0.750000
       0.225000      -0.474581      -0.110567       0.226902      -0.473918       0.474581       0.110567      -0.226902       0.473918      -0.750000
       0.226000      -0.474353      -0.111041       0.227928      -0.473678       0.474353       0.111041      -0.227928       0.473678      -0.750000
       0.227000      -0.474125      -0.111515       0.228953      -0.473437       0.474125       0.111515      -0.228953       0.473437      -0.750000
       0.228000      -0.473895      -0.111988       0.229979      -0.473195       0.473895       0.111988      -0.229979       0.473195      -0.750000
       0.229000      -0.473665      -0.112461       0.231006      -0.472952       0.473665       0.112461      -0.231006       0.472952      -0.750000
       0.230000      -0.473433      -0.112934       0.232032      -0.472708       0.473433       0.112934      -0.232032       0.472708      -0.750000
       0.231000      -0.473201      -0.113406       0.233059      -0.472463       0.473201       0.113406      -0.233059       0.472463      -0.750000
       0.232000      -0.472967      -0.113879       0.234085      -0.472216       0.472967       0.113879      -0.234085       0.472216      -0.750000
       0.233000      -0.472733      -0.114351       0.235113      -0.471968       0.472733       0.114351      -0.235113       0.471968      -0.750000
       0.234000      -0.472497      -0.114823       0.236140      -0.471719       0.472497       0.114823      -0.236140       0.471719      -0.750000
       0.235000      -0.472260      -0.115294       0.237167      -0.471469       0.472260       0.115294      -0.237167       0.471469      -0.750000
       0.236000      -0.472023      -0.115766       0.238195      -0.471217       0.472023       0.115766      -0.238195       0.471217      -0.750000
       0.237000      -0.471784      -0.116237       0.239223      -0.470965       0.471784       0.116237      -0.239223       0.470965      -0.750000
       0.238000      -0.471544      -0.116708       0.240252      -0.470711       0.471544       0.116708      -0.240252       0.470711      -0.750000
       0.239000      -0.471303      -0.117178       0.241280      -0.470455       0.471303       0.117178      -0.241280       0.470455      -0.750000
       0.240000      -0.471062      -0.117648       0.242309      -0.470199       0.471062       0.117648      -0.242309       0.470199      -0.750000
       0.241000      -0.470819      -0.118119       0.243338      -0.469942       0.470819       0.118119      -0.243338       0.469942      -0.750000
       0.242000      -0.470575      -0.118588       0.244367      -0.469683       0.470575       0.118588      -0.244367       0.469683      -0.750000
       0.243000      -0.470330      -0.119058       0.245397      -0.469423       0.470330       0.119058      -0.245397       0.469423      -0.750000
       0.244000      -0.470084      -0.119527       0.246426      -0.469161       0.470084       0.119527      -0.246426       0.469161      -0.750000
       0.245000      -0.469837      -0.119996       0.247456      -0.468899       0.469837       0.119996      -0.247456       0.468899      -0.750000
       0.246000      -0.469589      -0.120465       0.248487      -0.468635       0.469589       0.120465      -0.248487       0.468635      -0.750000
       0.247000      -0.469340      -0.120933       0.249517      -0.468370       0.469340       0.120933      -0.249517       0.468370      -0.750000
       0.248000      -0.469090      -0.121402       0.250548      -0.468104       0.469090       0.121402      -0.250548       0.468104      -0.750000
       0.249000      -0.468839      -0.121870       0.251579      -0.467837       0.468839       0.121870      -0.251579       0.467837      -0.750000
       0.250000      -0.468587      -0.122337       0.252610      -0.467568       0.468587       0.122337      -0.252610       0.467568      -0.750000
       0.251000      -0.468334      -0.122805       0.253641      -0.467298       0.468334       0.122805      -0.253641       0.467298      -0.750000
       0.252000      -0.468080      -0.123272       0.254673      -0.467027       0.468080       0.123272      -0.254673       0.467027      -0.750000
       0.253000      -0.467825      -0.123739       0.255705      -0.466755       0.467825       0.123739      -0.255705       0.466755      -0.750000
       0.254000      -0.467568      -0.124206       0.256737      -0.466481       0.467568       0.124206      -0.256737       0.466481      -0.750000
       0.255000      -0.467311      -0.124672       0.257770      -0.466206       0.467311       0.124672      -0.257770       0.466206      -0.750000
       0.256000      -0.467053      -0.125138       0.258803      -0.465930       0.467053       0.125138      -0.258803       0.465930      -0.750000
       0.257000      -0.466793      -0.125604       0.259836      -0.465653       0.466793       0.125604      -0.259836       0.465653      -0.750000
       0.258000      -0.466533      -0.126069       0.260869      -0.465374       0.466533       0.126069      -0.260869       0.465374      -0.750000
       0.259000      -0.466272      -0.126534       0.261902      -0.465094       0.466272       0.126534      -0.261902       0.465094      -0.750000
       0.260000      -0.466009      -0.126999       0.262936      -0.464813       0.466009       0.126999      -0.262936       0.464813      -0.750000
       0.261000      -0.465746      -0.127464       0.263970      -0.464531       0.465746       0.127464      -0.263970       0.464531      -0.750000
       0.262000      -0.465481      -0.127928       0.265004      -0.464247       0.465481       0.127928      -0.265004       0.464247      -0.750000
       0.263000      -0.465216      -0.128393       0.266039      -0.463962       0.465216       0.128393      -0.266039       0.463962      -0.750000
       0.264000      -0.464949      -0.128856       0.267074      -0.463676       0.464949       0.128856      -0.267074       0.463676      -0.750000
       0.265000      -0.464682      -0.129320       0.268109      -0.463389       0.464682       0.129320      -0.268109       0.463389      -0.750000
       0.266000      -0.464413      -0.129783       0.269144      -0.463100       0.464413       0.129783      -0.269144       0.463100      -0.750000
       0.267000      -0.464143      -0.130246       0.270180      -0.462810       0.464143       0.130246      -0.270180       0.462810      -0.750000
       0.268000      -0.463873      -0.130709       0.271216      -0.462519       0.463873       0.130709      -0.271216       0.462519      -0.750000
       0.269000      -0.463601      -0.131171       0.272252      -0.462226       0.463601       0.131171      -0.272252       0.462226      -0.750000
       0.270000      -0.463328      -0.131633       0.273288      -0.461932       0.463328       0.131633      -0.273288       0.461932      -0.750000
       0.271000      -0.463054      -0.132095       0.274325      -0.461637       0.463054       0.132095      -0.274325       0.461637      -0.750000
       0.272000      -0.462780      -0.132557       0.275362      -0.461341       0.462780       0.132557      -0.275362       0.461341      -0.750000
       0.273000      -0.462504      -0.133018       0.276399      -0.461043       0.462504       0.133018      -0.276399       0.461043      -0.750000
       0.274000      -0.462227      -0.133479       0.277437      -0.460744       0.462227       0.133479      -0.277437       0.460744      -0.750000
       0.275000      -0.461949      -0.133939       0.278475      -0.460444       0.461949       0.133939      -0.278475       0.460444      -0.750000
       0.276000      -0.461670      -0.134399       0.279513      -0.460142       0.461670       0.134399      -0.279513       0.460142      -0.750000
       0.277000      -0.461390      -0.134859       0.280551      -0.459839       0.461390       0.134859      -0.280551       0.459839      -0.750000
       0.278000      -0.461109      -0.135319       0.281590      -0.459535       0.461109       0.135319      -0.281590       0.459535      -0.750000
       0.279000      -0.460827      -0.135779       0.282629      -0.459229       0.460827       0.135779      -0.282629       0.459229      -0.750000
       0.280000      -0.460543      -0.136238       0.283668      -0.458923       0.460543       0.136238      -0.283668       0.458923      -0.750000
       0.281000      -0.460259      -0.136696       0.284707      -0.458614       0.460259       0.136696      -0.284707       0.458614      -0.750000
       0.282000      -0.459974      -0.137155       0.285747      -0.458305       0.459974       0.137155      -0.285747       0.458305      -0.750000
       0.283000      -0.459688      -0.137613       0.286787      -0.457994       0.459688       0.137613      -0.286787       0.457994      -0.750000
       0.284000      -0.459400      -0.138071       0.287827      -0.457682       0.459400       0.138071      -0.287827       0.457682      -0.750000
       0.285000      -0.459112      -0.138528       0.288868      -0.457369       0.459112       0.138528      -0.288868       0.457369      -0.750000
       0.286000      -0.458823      -0.138986       0.289909      -0.457054       0.458823       0.138986      -0.289909       0.457054      -0.750000
       0.287000      -0.458532      -0.139442       0.290950      -0.456738       0.458532       0.139442      -0.290950       0.456738      -0.750000
       0.288000      -0.458241      -0.139899       0.291991      -0.456421       0.458241       0.139899      -0.291991       0.456421      -0.750000
       0.289000      -0.457948      -0.140355       0.293033      -0.456102       0.457948       0.140355      -0.293033       0.456102      -0.750000
       0.290000      -0.457655      -0.140811       0.294075      -0.455782       0.457655       0.140811      -0.294075       0.455782      -0.750000
       0.291000      -0.457360      -0.141267       0.295117      -0.455461       0.457360       0.141267      -0.295117       0.455461      -0.750000
       0.292000      -0.457064      -0.141722       0.296160      -0.455138       0.457064       0.141722      -0.296160       0.455138      -0.750000
       0.293000      -0.456768      -0.142177       0.297203      -0.454814       0.456768       0.142177      -0.297203       0.454814      -0.750000
       0.294000      -0.456470      -0.142632       0.298246      -0.454489       0.456470       0.142632      -0.298246       0.454489      -0.750000
       0.295000      -0.456171      -0.143086       0.299290      -0.454162       0.456171       0.143086      -0.299290       0.454162      -0.750000
       0.296000      -0.455871      -0.143540       0.300333      -0.453834       0.455871       0.143540      -0.300333       0.453834      -0.750000
       0.297000      -0.455571      -0.143994       0.301378      -0.453505       0.455571       0.143994      -0.301378       0.453505      -0.750000
       0.298000      -0.455269      -0.144447       0.302422      -0.453174       0.455269       0.144447      -0.302422       0.453174      -0.750000
       0.299000      -0.454966      -0.144900       0.303467      -0.452842       0.454966       0.144900      -0.303467       0.452842      -0.750000
       0.300000      -0.454662      -0.145353       0.304512      -0.452509       0.454662       0.145353      -0.304512       0.452509      -0.750000
       0.301000      -0.454357      -0.145805       0.305557      -0.452174       0.454357       0.145805      -0.305557       0.452174      -0.750000
       0.302000      -0.454051      -0.146257       0.306602      -0.451838       0.454051       0.146257      -0.306602       0.451838      -0.750000
       0.303000      -0.453744      -0.146709       0.307648      -0.451500       0.453744       0.146709      -0.307648       0.451500      -0.750000
       0.304000      -0.453435      -0.147160       0.308695      -0.451161       0.453435       0.147160      -0.308695       0.451161      -0.750000
       0.305000      -0.453126      -0.147611       0.309741      -0.450821       0.453126       0.147611      -0.309741       0.450821      -0.750000
       0.306000      -0.452816      -0.148062       0.310788      -0.450479       0.452816       0.148062      -0.310788       0.450479      -0.750000
       0.307000      -0.452505      -0.148512       0.311835      -0.450136       0.452505       0.148512      -0.311835       0.450136      -0.750000
       0.308000      -0.452192      -0.148962       0.312882      -0.449792       0.452192       0.148962      -0.312882       0.449792      -0.750000
       0.309000      -0.451879      -0.149412       0.313930      -0.449446       0.451879       0.149412      -0.313930       0.449446      -0.750000
       0.310000      -0.451564      -0.149861       0.314978      -0.449099       0.451564       0.149861      -0.314978       0.449099      -0.750000
       0.311000      -0.451249      -0.150310       0.316026      -0.448750       0.451249       0.150310      -0.316026       0.448750      -0.750000
       0.312000      -0.450932      -0.150758       0.317075      -0.448400       0.450932       0.150758      -0.317075       0.448400      -0.750000
       0.313000      -0.450615      -0.151207       0.318124      -0.448049       0.450615       0.151207      -0.318124       0.448049      -0.750000
       0.314000      -0.450296      -0.151655       0.319173      -0.447696       0.450296       0.151655      -0.319173       0.447696      -0.750000
       0.315000      -0.449976      -0.152102       0.320223      -0.447342       0.449976       0.152102      -0.320223       0.447342      -0.750000
       0.316000      -0.449656      -0.152549       0.321273      -0.446987       0.449656       0.152549      -0.321273       0.446987      -0.750000
       0.317000      -0.449334      -0.152996       0.322323      -0.446630       0.449334       0.152996      -0.322323       0.446630      -0.750000
       0.318000      -0.449011      -0.153443       0.323373      -0.446271       0.449011       0.153443      -0.323373       0.446271      -0.750000
       0.319000      -0.448687      -0.153889       0.324424      -0.445912       0.448687       0.153889      -0.324424       0.445912      -0.750000
       0.320000      -0.448362      -0.154334       0.325475      -0.445550       0.448362       0.154334      -0.325475       0.445550      -0.750000
       0.321000      -0.448036      -0.154780       0.326527      -0.445188       0.448036       0.154780      -0.326527       0.445188      -0.750000
       0.322000      -0.447709      -0.155225       0.327579      -0.444824       0.447709       0.155225      -0.327579       0.444824      -0.750000
       0.323000      -0.447381      -0.155669       0.328631      -0.444458       0.447381       0.155669      -0.328631       0.444458      -0.750000
       0.324000      -0.447052      -0.156114       0.329683      -0.444092       0.447052       0.156114      -0.329683       0.444092      -0.750000
       0.325000      -0.446722      -0.156558       0.330736      -0.443723       0.446722       0.156558      -0.330736       0.443723      -0.750000
       0.326000      -0.446390      -0.157001       0.331789      -0.443354       0.446390       0.157001      -0.331789       0.443354      -0.750000
       0.327000      -0.446058      -0.157444       0.332843      -0.442982       0.446058       0.157444      -0.332843       0.442982      -0.750000
       0.328000      -0.445725      -0.157887       0.333896      -0.442610       0.445725       0.157887      -0.333896       0.442610      -0.750000
       0.329000      -0.445390      -0.158329       0.334950      -0.442236       0.445390       0.158329      -0.334950       0.442236      -0.750000
       0.330000      -0.445055      -0.158772       0.336005      -0.441860       0.445055       0.158772      -0.336005       0.441860      -0.750000
       0.331000      -0.444718      -0.159213       0.337060      -0.441483       0.444718       0.159213      -0.337060       0.441483      -0.750000
       0.332000      -0.444381      -0.159655       0.338115      -0.441105       0.444381       0.159655      -0.338115       0.441105      -0.750000
       0.333000      -0.444042      -0.160095       0.339170      -0.440725       0.444042       0.160095      -0.339170       0.440725      -0.750000
       0.334000      -0.443702      -0.160536       0.340226      -0.440344       0.443702       0.160536      -0.340226       0.440344      -0.750000
       0.335000      -0.443362      -0.160976       0.341282      -0.439961       0.443362       0.160976      -0.341282       0.439961      -0.750000
       0.336000      -0.443020      -0.161416       0.342338      -0.439577       0.443020       0.161416      -0.342338       0.439577      -0.750000
       0.337000      -0.442677      -0.161855       0.343395      -0.439191       0.442677       0.161855      -0.343395       0.439191      -0.750000
       0.338000      -0.442333      -0.162294       0.344452      -0.438804       0.442333       0.162294      -0.344452       0.438804      -0.750000
       0.339000      -0.441988      -0.162733       0.345509      -0.438415       0.441988       0.162733      -0.345509       0.438415      -0.750000
       0.340000      -0.441642      -0.163171       0.346567      -0.438025       0.441642       0.163171      -0.346567       0.438025      -0.750000
       0.341000      -0.441295      -0.163609       0.347625      -0.437634       0.441295       0.163609      -0.347625       0.437634      -0.750000
       0.342000      -0.440947      -0.164046       0.348684      -0.437240       0.440947       0.164046      -0.348684       0.437240      -0.750000
       0.343000      -0.440597      -0.164483       0.349742      -0.436846       0.440597       0.164483      -0.349742       0.436846      -0.750000
       0.344000      -0.440247      -0.164920       0.350801      -0.436450       0.440247       0.164920      -0.350801       0.436450      -0.750000
       0.345000      -0.439896      -0.165356       0.351861      -0.436052       0.439896       0.165356      -0.351861       0.436052      -0.750000
       0.346000      -0.439543      -0.165792       0.352921      -0.435653       0.439543       0.165792      -0.352921       0.435653      -0.750000
       0.347000      -0.439190      -0.166228       0.353981      -0.435253       0.439190       0.166228      -0.353981       0.435253      -0.750000
       0.348000      -0.438836      -0.166663       0.355041      -0.434851       0.438836       0.166663      -0.355041       0.434851      -0.750000
       0.349000      -0.438480      -0.167097       0.356102      -0.434447       0.438480       0.167097      -0.356102       0.434447      -0.750000
       0.350000      -0.438123      -0.167532       0.357163      -0.434042       0.438123       0.167532      -0.357163       0.434042      -0.750000
       0.351000      -0.437766      -0.167965       0.358225      -0.433635       0.437766       0.167965      -0.358225       0.433635      -0.750000
       0.352000      -0.437407      -0.168399       0.359286      -0.433227       0.437407       0.168399      -0.359286       0.433227      -0.750000
       0.353000      -0.437047      -0.168832       0.360349      -0.432818       0.437047       0.168832      -0.360349       0.432818      -0.750000
       0.354000      -0.436686      -0.169264       0.361411      -0.432407       0.436686       0.169264      -0.361411       0.432407      -0.750000
       0.355000      -0.436324      -0.169697       0.362474      -0.431994       0.436324       0.169697      -0.362474       0.431994      -0.750000
       0.356000      -0.435961      -0.170128       0.363537      -0.431580       0.435961       0.170128      -0.363537       0.431580      -0.750000
       0.357000      -0.435597      -0.170560       0.364601      -0.431164       0.435597       0.170560      -0.364601       0.431164      -0.750000
       0.358000      -0.435232      -0.170991       0.365665      -0.430747       0.435232       0.170991      -0.365665       0.430747      -0.750000
       0.359000      -0.434866      -0.171421       0.366729      -0.430328       0.434866       0.171421      -0.366729       0.430328      -0.750000
       0.360000      -0.434499      -0.171851       0.367794      -0.429907       0.434499       0.171851      -0.367794       0.429907      -0.750000
       0.361000      -0.434130      -0.172281       0.368859      -0.429485       0.434130       0.172281      -0.368859       0.429485      -0.750000
       0.362000      -0.433761      -0.172710       0.369924      -0.429062       0.433761       0.172710      -0.369924       0.429062      -0.750000
       0.363000      -0.433390      -0.173139       0.370990      -0.428637       0.433390       0.173139      -0.370990       0.428637      -0.750000
       0.364000      -0.433019      -0.173568       0.372056      -0.428210       0.433019       0.173568      -0.372056       0.428210      -0.750000
       0.365000      -0.432646      -0.173996       0.373122      -0.427782       0.432646       0.173996      -0.373122       0.427782      -0.750000
       0.366000      -0.432273      -0.174423       0.374189      -0.427352       0.432273       0.174423      -0.374189       0.427352      -0.750000
       0.367000      -0.431898      -0.174850       0.375256      -0.426921       0.431898       0.174850      -0.375256       0.426921      -0.750000
       0.368000      -0.431522      -0.175277       0.376324      -0.426488       0.431522       0.175277      -0.376324       0.426488      -0.750000
       0.369000      -0.431145      -0.175703       0.377392      -0.426054       0.431145       0.175703      -0.377392       0.426054      -0.750000
       0.370000      -0.430767      -0.176129       0.378460      -0.425618       0.430767       0.176129      -0.378460       0.425618      -0.750000
       0.371000      -0.430388      -0.176555       0.379529      -0.425180       0.430388       0.176555      -0.379529       0.425180      -0.750000
       0.372000      -0.430008      -0.176980       0.380598      -0.424741       0.430008       0.176980      -0.380598       0.424741      -0.750000
       0.373000      -0.429627      -0.177404       0.381667      -0.424300       0.429627       0.177404      -0.381667       0.424300      -0.750000
       0.374000      -0.429245      -0.177828       0.382737      -0.423857       0.429245       0.177828      -0.382737       0.423857      -0.750000
       0.375000      -0.428862      -0.178252       0.383807      -0.423413       0.428862       0.178252      -0.383807       0.423413      -0.750000
       0.376000      -0.428477      -0.178675       0.384877      -0.422968       0.428477       0.178675      -0.384877       0.422968      -0.750000
       0.377000      -0.428092      -0.179098       0.385948      -0.422520       0.428092       0.179098      -0.385948       0.422520      -0.750000
       0.378000      -0.427705      -0.179520       0.387019      -0.422072       0.427705       0.179520      -0.387019       0.422072      -0.750000
       0.379000      -0.427318      -0.179942       0.388091      -0.421621       0.427318       0.179942      -0.388091       0.421621      -0.750000
       0.380000      -0.426929      -0.180363       0.389163      -0.421169       0.426929       0.180363      -0.389163       0.421169      -0.750000
       0.381000      -0.426540      -0.180784       0.390235      -0.420715       0.426540       0.180784      -0.390235       0.420715      -0.750000
       0.382000      -0.426149      -0.181205       0.391308      -0.420260       0.426149       0.181205      -0.391308       0.420260      -0.750000
       0.383000      -0.425757      -0.181625       0.392381      -0.419803       0.425757       0.181625      -0.392381       0.419803      -0.750000
       0.384000      -0.425364      -0.182044       0.393454      -0.419344       0.425364       0.182044      -0.393454       0.419344      -0.750000
       0.385000      -0.424970      -0.182463       0.394528      -0.418884       0.424970       0.182463      -0.394528       0.418884      -0.750000
       0.386000      -0.424575      -0.182882       0.395602      -0.418422       0.424575       0.182882      -0.395602       0.418422      -0.750000
       0.387000      -0.424179      -0.183300       0.396677      -0.417958       0.424179       0.183300      -0.396677       0.417958      -0.750000
       0.388000      -0.423782      -0.183718       0.397752      -0.417493       0.423782       0.183718      -0.397752       0.417493      -0.750000
       0.389000      -0.423383      -0.184135       0.398827      -0.417026       0.423383       0.184135      -0.398827       0.417026      -0.750000
       0.390000      -0.422984      -0.184552       0.399903      -0.416557       0.422984       0.184552      -0.399903       0.416557      -0.750000
       0.391000      -0.422584      -0.184968       0.400979      -0.416087       0.422584       0.184968      -0.400979       0.416087      -0.750000
       0.392000      -0.422182      -0.185384       0.402055      -0.415615       0.422182       0.185384      -0.402055       0.415615      -0.750000
       0.393000      -0.421779      -0.185800       0.403132      -0.415142       0.421779       0.185800      -0.403132       0.415142      -0.750000
       0.394000      -0.421376      -0.186214       0.404210      -0.414666       0.421376       0.186214      -0.404210       0.414666      -0.750000
       0.395000      -0.420971      -0.186629       0.405287      -0.414189       0.420971       0.186629      -0.405287       0.414189      -0.750000
       0.396000      -0.420565      -0.187043       0.406365      -0.413711       0.420565       0.187043      -0.406365       0.413711      -0.750000
       0.397000      -0.420158      -0.187456       0.407444      -0.413230       0.420158       0.187456      -0.407444       0.413230      -0.750000
       0.398000      -0.419750      -0.187869       0.408522      -0.412748       0.419750       0.187869      -0.408522       0.412748      -0.750000
       0.399000      -0.419341      -0.188282       0.409601      -0.412264       0.419341       0.188282      -0.409601       0.412264      -0.750000
       0.400000      -0.418931      -0.188694       0.410681      -0.411779       0.418931       0.188694      -0.410681       0.411779      -0.750000
       0.401000      -0.418520      -0.189105       0.411761      -0.411292       0.418520       0.189105      -0.411761       0.411292      -0.750000
       0.402000      -0.418108      -0.189516       0.412841      -0.410803       0.418108       0.189516      -0.412841       0.410803      -0.750000
       0.403000      -0.417694      -0.189927       0.413922      -0.410312       0.417694       0.189927      -0.413922       0.410312      -0.750000
       0.404000      -0.417280      -0.190337       0.415003      -0.409820       0.417280       0.190337      -0.415003       0.409820      -0.750000
       0.405000      -0.416864      -0.190747       0.416085      -0.409326       0.416864       0.190747      -0.416085       0.409326      -0.750000
       0.406000      -0.416448      -0.191156       0.417167      -0.408830       0.416448       0.191156      -0.417167       0.408830      -0.750000
       0.407000      -0.416030      -0.191564       0.418249      -0.408332       0.416030       0.191564      -0.418249       0.408332      -0.750000
       0.408000      -0.415611      -0.191972       0.419332      -0.407833       0.415611       0.191972      -0.419332       0.407833      -0.750000
       0.409000      -0.415191      -0.192380       0.420415      -0.407332       0.415191       0.192380      -0.420415       0.407332      -0.750000
       0.410000      -0.414770      -0.192787       0.421498      -0.406829       0.414770       0.192787      -0.421498       0.406829      -0.750000
       0.411000      -0.414348      -0.193194       0.422582      -0.406325       0.414348       0.193194      -0.422582       0.406325      -0.750000
       0.412000      -0.413925      -0.193600       0.423666      -0.405818       0.413925       0.193600      -0.423666       0.405818      -0.750000
       0.413000      -0.413501      -0.194005       0.424751      -0.405310       0.413501       0.194005      -0.424751       0.405310      -0.750000
       0.414000      -0.413076      -0.194410       0.425836      -0.404800       0.413076       0.194410      -0.425836       0.404800      -0.750000
       0.415000      -0.412649      -0.194815       0.426922      -0.404289       0.412649       0.194815      -0.426922       0.404289      -0.750000
       0.416000      -0.412222      -0.195219       0.428007      -0.403775       0.412222       0.195219      -0.428007       0.403775      -0.750000
       0.417000      -0.411793      -0.195622       0.429094      -0.403260       0.411793       0.195622      -0.429094       0.403260      -0.750000
       0.418000      -0.411364      -0.196025       0.430180      -0.402743       0.411364       0.196025      -0.430180       0.402743      -0.750000
       0.419000      -0.410933      -0.196428       0.431267      -0.402224       0.410933       0.196428      -0.431267       0.402224      -0.750000
       0.420000      -0.410501      -0.196830       0.432355      -0.401703       0.410501       0.196830      -0.432355       0.401703      -0.750000
       0.421000      -0.410068      -0.197231       0.433443      -0.401181       0.410068       0.197231      -0.433443       0.401181      -0.750000
       0.422000      -0.409634      -0.197632       0.434531      -0.400657       0.409634       0.197632      -0.434531       0.400657      -0.750000
       0.423000      -0.409199      -0.198033       0.435620      -0.400131       0.409199       0.198033      -0.435620       0.400131      -0.750000
       0.424000      -0.408763      -0.198432       0.436709      -0.399603       0.408763       0.198432      -0.436709       0.399603      -0.750000
       0.425000      -0.408326      -0.198832       0.437798      -0.399073       0.408326       0.198832      -0.437798       0.399073      -0.750000
       0.426000      -0.407887      -0.199231       0.438888      -0.398542       0.407887       0.199231      -0.438888       0.398542      -0.750000
       0.427000      -0.407448      -0.199629       0.439979      -0.398008       0.407448       0.199629      -0.439979       0.398008      -0.750000
       0.428000      -0.407007      -0.200027       0.441069      -0.397473       0.407007       0.200027      -0.441069       0.397473      -0.750000
       0.429000      -0.406566      -0.200424       0.442161      -0.396936       0.406566       0.200424      -0.442161       0.396936      -0.750000
       0.430000      -0.406123      -0.200821       0.443252      -0.396397       0.406123       0.200821      -0.443252       0.396397      -0.750000
       0.431000      -0.405679      -0.201217       0.444344      -0.395856       0.405679       0.201217      -0.444344       0.395856      -0.750000
       0.432000      -0.405234      -0.201612       0.445436      -0.395313       0.405234       0.201612      -0.445436       0.395313      -0.750000
       0.433000      -0.404788      -0.202007       0.446529      -0.394769       0.404788       0.202007      -0.446529       0.394769      -0.750000
       0.434000      -0.404341      -0.202402       0.447622      -0.394223       0.404341       0.202402      -0.447622       0.394223      -0.750000
       0.435000      -0.403893      -0.202796       0.448716      -0.393674       0.403893       0.202796      -0.448716       0.393674      -0.750000
       0.436000      -0.403444      -0.203189       0.449810      -0.393124       0.403444       0.203189      -0.449810       0.393124      -0.750000
       0.437000      -0.402993      -0.203582       0.450904      -0.392572       0.402993       0.203582      -0.450904       0.392572      -0.750000
       0.438000      -0.402542      -0.203974       0.451999      -0.392018       0.402542       0.203974      -0.451999       0.392018      -0.750000
       0.439000      -0.402089      -0.204366       0.453095      -0.391462       0.402089       0.204366      -0.453095       0.391462      -0.750000
       0.440000      -0.401636      -0.204757       0.454190      -0.390905       0.401636       0.204757      -0.454190       0.390905      -0.750000
       0.441000      -0.401181      -0.205148       0.455286      -0.390345       0.401181       0.205148      -0.455286       0.390345      -0.750000
       0.442000      -0.400725      -0.205538       0.456383      -0.389783       0.400725       0.205538      -0.456383       0.389783      -0.750000
       0.443000      -0.400268      -0.205927       0.457480      -0.389220       0.400268       0.205927      -0.457480       0.389220      -0.750000
       0.444000      -0.399810      -0.206316       0.458577      -0.388654       0.399810       0.206316      -0.458577       0.388654      -0.750000
       0.445000      -0.399351      -0.206705       0.459675      -0.388087       0.399351       0.206705      -0.459675       0.388087      -0.750000
       0.446000      -0.398891      -0.207092       0.460773      -0.387518       0.398891       0.207092      -0.460773       0.387518      -0.750000
       0.447000      -0.398430      -0.207480       0.461872      -0.386947       0.398430       0.207480      -0.461872       0.386947      -0.750000
       0.448000      -0.397967      -0.207866       0.462971      -0.386373       0.397967       0.207866      -0.462971       0.386373      -0.750000
       0.449000      -0.397504      -0.208252       0.464070      -0.385798       0.397504       0.208252      -0.464070       0.385798      -0.750000
       0.450000      -0.397039      -0.208638       0.465170      -0.385221       0.397039       0.208638      -0.465170       0.385221      -0.750000
       0.451000      -0.396573      -0.209023       0.466270      -0.384642       0.396573       0.209023      -0.466270       0.384642      -0.750000
       0.452000      -0.396106      -0.209407       0.467371      -0.384061       0.396106       0.209407      -0.467371       0.384061      -0.750000
       0.453000      -0.395639      -0.209791       0.468472      -0.383478       0.395639       0.209791      -0.468472       0.383478      -0.750000
       0.454000      -0.395170      -0.210174       0.469574      -0.382893       0.395170       0.210174      -0.469574       0.382893      -0.750000
       0.455000      -0.394699      -0.210557       0.470676      -0.382306       0.394699       0.210557      -0.470676       0.382306      -0.750000
       0.456000      -0.394228      -0.210939       0.471778      -0.381717       0.394228       0.210939      -0.471778       0.381717      -0.750000
       0.457000      -0.393756      -0.211320       0.472881      -0.381126       0.393756       0.211320      -0.472881       0.381126      -0.750000
       0.458000      -0.393282      -0.211701       0.473984      -0.380533       0.393282       0.211701      -0.473984       0.380533      -0.750000
       0.459000      -0.392808      -0.212081       0.475088      -0.379938       0.392808       0.212081      -0.475088       0.379938      -0.750000
       0.460000      -0.392332      -0.212461       0.476192      -0.379341       0.392332       0.212461      -0.476192       0.379341      -0.750000
       0.461000      -0.391856      -0.212840       0.477297      -0.378742       0.391856       0.212840      -0.477297       0.378742      -0.750000
       0.462000      -0.391378      -0.213218       0.478402      -0.378141       0.391378       0.213218      -0.478402       0.378141      -0.750000
       0.463000      -0.390899      -0.213596       0.479507      -0.377538       0.390899       0.213596      -0.479507       0.377538      -0.750000
       0.464000      -0.390419      -0.213974       0.480613      -0.376933       0.390419       0.213974      -0.480613       0.376933      -0.750000
       0.465000      -0.389937      -0.214350       0.481719      -0.376325       0.389937       0.214350      -0.481719       0.376325      -0.750000
       0.466000      -0.389455      -0.214726       0.482826      -0.375716       0.389455       0.214726      -0.482826       0.375716      -0.750000
       0.467000      -0.388972      -0.215102       0.483933      -0.375105       0.388972       0.215102      -0.483933       0.375105      -0.750000
       0.468000      -0.388487      -0.215476       0.485041      -0.374491       0.388487       0.215476      -0.485041       0.374491      -0.750000
       0.469000      -0.388002      -0.215851       0.486149      -0.373876       0.388002       0.215851      -0.486149       0.373876      -0.750000
       0.470000      -0.387515      -0.216224       0.487257      -0.373258       0.387515       0.216224      -0.487257       0.373258      -0.750000
       0.471000      -0.387027      -0.216597       0.488366      -0.372639       0.387027       0.216597      -0.488366       0.372639      -0.750000
       0.472000      -0.386538      -0.216969       0.489475      -0.372017       0.386538       0.216969      -0.489475       0.372017      -0.750000
       0.473000      -0.386048      -0.217341       0.490585      -0.371393       0.386048       0.217341      -0.490585       0.371393      -0.750000
       0.474000      -0.385557      -0.217712       0.491695      -0.370767       0.385557       0.217712      -0.491695       0.370767      -0.750000
       0.475000      -0.385065      -0.218083       0.492806      -0.370139       0.385065       0.218083      -0.492806       0.370139      -0.750000
       0.476000      -0.384572      -0.218452       0.493917      -0.369509       0.384572       0.218452      -0.493917       0.369509      -0.750000
       0.477000      -0.384077      -0.218822       0.495028      -0.368877       0.384077       0.218822      -0.495028       0.368877      -0.750000
       0.478000      -0.383581      -0.219190       0.496140      -0.368242       0.383581       0.219190      -0.496140       0.368242      -0.750000
       0.479000      -0.383085      -0.219558       0.497253      -0.367606       0.383085       0.219558      -0.497253       0.367606      -0.750000
       0.480000      -0.382587      -0.219925       0.498365      -0.366967       0.382587       0.219925      -0.498365       0.366967      -0.750000
       0.481000      -0.382088      -0.220292       0.499478      -0.366326       0.382088       0.220292      -0.499478       0.366326      -0.750000
       0.482000      -0.381588      -0.220658       0.500592      -0.365683       0.381588       0.220658      -0.500592       0.365683      -0.750000
       0.483000      -0.381087      -0.221023       0.501706      -0.365038       0.381087       0.221023      -0.501706       0.365038      -0.750000
       0.484000      -0.380585      -0.221388       0.502821      -0.364391       0.380585       0.221388      -0.502821       0.364391      -0.750000
       0.485000      -0.380081      -0.221752       0.503936      -0.363741       0.380081       0.221752      -0.503936       0.363741      -0.750000
       0.486000      -0.379577      -0.222116       0.505051      -0.363089       0.379577       0.222116      -0.505051       0.363089      -0.750000
       0.487000      -0.379071      -0.222478       0.506167      -0.362435       0.379071       0.222478      -0.506167       0.362435      -0.750000
       0.488000      -0.378564      -0.222841       0.507283      -0.361779       0.378564       0.222841      -0.507283       0.361779      -0.750000
       0.489000      -0.378057      -0.223202       0.508400      -0.361121       0.378057       0.223202      -0.508400       0.361121      -0.750000
       0.490000      -0.377548      -0.223563       0.509517      -0.360461       0.377548       0.223563      -0.509517       0.360461      -0.750000
       0.491000      -0.377038      -0.223923       0.510634      -0.359798       0.377038       0.223923      -0.510634       0.359798      -0.750000
       0.492000      -0.376526      -0.224282       0.511752      -0.359133       0.376526       0.224282      -0.511752       0.359133      -0.750000
       0.493000      -0.376014      -0.224641       0.512871      -0.358466       0.376014       0.224641      -0.512871       0.358466      -0.750000
       0.494000      -0.375501      -0.224999       0.513990      -0.357796       0.375501       0.224999      -0.513990       0.357796      -0.750000
       0.495000      -0.374986      -0.225357       0.515109      -0.357124       0.374986       0.225357      -0.515109       0.357124      -0.750000
       0.496000      -0.374470      -0.225714       0.516229      -0.356451       0.374470       0.225714      -0.516229       0.356451      -0.750000
       0.497000      -0.373954      -0.226070       0.517349      -0.355774       0.373954       0.226070      -0.517349       0.355774      -0.750000
       0.498000      -0.373436      -0.226425       0.518470      -0.355096       0.373436       0.226425      -0.518470       0.355096      -0.750000
       0.499000      -0.372917      -0.226780       0.519591      -0.354415       0.372917       0.226780      -0.519591       0.354415      -0.750000
       0.500000      -0.372396      -0.227134       0.520712      -0.353732       0.372396       0.227134      -0.520712       0.353732      -0.750000
       0.501000      -0.371875      -0.227487       0.521834      -0.353047       0.371875       0.227487      -0.521834       0.353047      -0.750000
       0.502000      -0.371353      -0.227840       0.522957      -0.352359       0.371353       0.227840      -0.522957       0.352359      -0.750000
       0.503000      -0.370829      -0.228192       0.524080      -0.351669       0.370829       0.228192      -0.524080       0.351669      -0.750000
       0.504000      -0.370305      -0.228543       0.525203      -0.350977       0.370305       0.228543      -0.525203       0.350977      -0.750000
       0.505000      -0.369779      -0.228894       0.526327      -0.350282       0.369779       0.228894      -0.526327       0.350282      -0.750000
       0.506000      -0.369252      -0.229244       0.527451      -0.349585       0.369252       0.229244      -0.527451       0.349585      -0.750000
       0.507000      -0.368724      -0.229593       0.528575      -0.348886       0.368724       0.229593      -0.528575       0.348886      -0.750000
       0.508000      -0.368195      -0.229942       0.529700      -0.348185       0.368195       0.229942      -0.529700       0.348185      -0.750000
       0.509000      -0.367665      -0.230290       0.530826      -0.347481       0.367665       0.230290      -0.530826       0.347481      -0.750000
       0.510000      -0.367133      -0.230637       0.531952      -0.346774       0.367133       0.230637      -0.531952       0.346774      -0.750000
       0.511000      -0.366601      -0.230983       0.533078      -0.346066       0.366601       0.230983      -0.533078       0.346066      -0.750000
       0.512000      -0.366067      -0.231329       0.534205      -0.345355       0.366067       0.231329      -0.534205       0.345355      -0.750000
       0.513000      -0.365532      -0.231674       0.535332      -0.344641       0.365532       0.231674      -0.535332       0.344641      -0.750000
       0.514000      -0.364996      -0.232018       0.536460      -0.343926       0.364996       0.232018      -0.536460       0.343926      -0.750000
       0.515000      -0.364459      -0.232362       0.537588      -0.343207       0.364459       0.232362      -0.537588       0.343207      -0.750000
       0.516000      -0.363921      -0.232704       0.538717      -0.342487       0.363921       0.232704      -0.538717       0.342487      -0.750000
       0.517000      -0.363382      -0.233047       0.539846      -0.341764       0.363382       0.233047      -0.539846       0.341764      -0.750000
       0.518000      -0.362842      -0.233388       0.540975      -0.341038       0.362842       0.233388      -0.540975       0.341038      -0.750000
       0.519000      -0.362300      -0.233729       0.542105      -0.340311       0.362300       0.233729      -0.542105       0.340311      -0.750000
       0.520000      -0.361757      -0.234069       0.543235      -0.339580       0.361757       0.234069      -0.543235       0.339580      -0.750000
       0.521000      -0.361213      -0.234408       0.544366      -0.338848       0.361213       0.234408      -0.544366       0.338848      -0.750000
       0.522000      -0.360669      -0.234746       0.545497      -0.338112       0.360669       0.234746      -0.545497       0.338112      -0.750000
       0.523000      -0.360123      -0.235084       0.546629      -0.337375       0.360123       0.235084      -0.546629       0.337375      -0.750000
       0.524000      -0.359575      -0.235421       0.547761      -0.336635       0.359575       0.235421      -0.547761       0.336635      -0.750000
       0.525000      -0.359027      -0.235757       0.548894      -0.335892       0.359027       0.235757      -0.548894       0.335892      -0.750000
       0.526000      -0.358478      -0.236093       0.550027      -0.335147       0.358478       0.236093      -0.550027       0.335147      -0.750000
       0.527000      -0.357927      -0.236428       0.551160      -0.334399       0.357927       0.236428      -0.551160       0.334399      -0.750000
       0.528000      -0.357375      -0.236762       0.552294      -0.333649       0.357375       0.236762      -0.552294       0.333649      -0.750000
       0.529000      -0.356822      -0.237095       0.553428      -0.332897       0.356822       0.237095      -0.553428       0.332897      -0.750000
       0.530000      -0.356268      -0.237427       0.554563      -0.332142       0.356268       0.237427      -0.554563       0.332142      -0.750000
       0.531000      -0.355713      -0.237759       0.555698      -0.331384       0.355713       0.237759      -0.555698       0.331384      -0.750000
       0.532000      -0.355157      -0.238090       0.556834      -0.330624       0.355157       0.238090      -0.556834       0.330624      -0.750000
       0.533000      -0.354600      -0.238420       0.557970      -0.329861       0.354600       0.238420      -0.557970       0.329861      -0.750000
       0.534000      -0.354041      -0.238750       0.559106      -0.329096       0.354041       0.238750      -0.559106       0.329096      -0.750000
       0.535000      -0.353481      -0.239079       0.560243      -0.328328       0.353481       0.239079      -0.560243       0.328328      -0.750000
       0.536000      -0.352921      -0.239407       0.561380      -0.327558       0.352921       0.239407      -0.561380       0.327558      -0.750000
       0.537000      -0.352359      -0.239734       0.562518      -0.326785       0.352359       0.239734      -0.562518       0.326785      -0.750000
       0.538000      -0.351795      -0.240060       0.563657      -0.326009       0.351795       0.240060      -0.563657       0.326009      -0.750000
       0.539000      -0.351231      -0.240386       0.564795      -0.325231       0.351231       0.240386      -0.564795       0.325231      -0.750000
       0.540000      -0.350666      -0.240711       0.565934      -0.324450       0.350666       0.240711      -0.565934       0.324450      -0.750000
       0.541000      -0.350099      -0.241035       0.567074      -0.323667       0.350099       0.241035      -0.567074       0.323667      -0.750000
       0.542000      -0.349532      -0.241358       0.568214      -0.322881       0.349532       0.241358      -0.568214       0.322881      -0.750000
       0.543000      -0.348963      -0.241680       0.569354      -0.322092       0.348963       0.241680      -0.569354       0.322092      -0.750000
       0.544000      -0.348393      -0.242002       0.570495      -0.321301       0.348393       0.242002      -0.570495       0.321301      -0.750000
       0.545000      -0.347822      -0.242323       0.571636      -0.320507       0.347822       0.242323      -0.571636       0.320507      -0.750000
       0.546000      -0.347250      -0.242643       0.572778      -0.319710       0.347250       0.242643      -0.572778       0.319710      -0.750000
       0.547000      -0.346676      -0.242962       0.573920      -0.318911       0.346676       0.242962      -0.573920       0.318911      -0.750000
       0.548000      -0.346102      -0.243281       0.575063      -0.318109       0.346102       0.243281      -0.575063       0.318109      -0.750000
       0.549000      -0.345526      -0.243599       0.576206      -0.317304       0.345526       0.243599      -0.576206       0.317304      -0.750000
       0.550000      -0.344950      -0.243916       0.577349      -0.316497       0.344950       0.243916      -0.577349       0.316497      -0.750000
       0.551000      -0.344372      -0.244232       0.578493      -0.315687       0.344372       0.244232      -0.578493       0.315687      -0.750000
       0.552000      -0.343793      -0.244547       0.579637      -0.314874       0.343793       0.244547      -0.579637       0.314874      -0.750000
       0.553000      -0.343212      -0.244861       0.580782      -0.314059       0.343212       0.244861      -0.580782       0.314059      -0.750000
       0.554000      -0.342631      -0.245175       0.581927      -0.313241       0.342631       0.245175      -0.581927       0.313241      -0.750000
       0.555000      -0.342048      -0.245488       0.583073      -0.312420       0.342048       0.245488      -0.583073       0.312420      -0.750000
       0.556000      -0.341465      -0.245800       0.584219      -0.311596       0.341465       0.245800      -0.584219       0.311596      -0.750000
       0.557000      -0.340880      -0.246111       0.585365      -0.310770       0.340880       0.246111      -0.585365       0.310770      -0.750000
       0.558000      -0.340294      -0.246421       0.586512      -0.309940       0.340294       0.246421      -0.586512       0.309940      -0.750000
       0.559000      -0.339707      -0.246731       0.587659      -0.309108       0.339707       0.246731      -0.587659       0.309108      -0.750000
       0.560000      -0.339119      -0.247040       0.588807      -0.308273       0.339119       0.247040      -0.588807       0.308273      -0.750000
       0.561000      -0.338529      -0.247348       0.589955      -0.307436       0.338529       0.247348      -0.589955       0.307436      -0.750000
       0.562000      -0.337939      -0.247655       0.591104      -0.306595       0.337939       0.247655      -0.591104       0.306595      -0.750000
       0.563000      -0.337347      -0.247961       0.592253      -0.305752       0.337347       0.247961      -0.592253       0.305752      -0.750000
       0.564000      -0.336754      -0.248266       0.593402      -0.304906       0.336754       0.248266      -0.593402       0.304906      -0.750000
       0.565000      -0.336160      -0.248571       0.594552      -0.304057       0.336160       0.248571      -0.594552       0.304057      -0.750000
       0.566000      -0.335565      -0.248874       0.595702      -0.303205       0.335565       0.248874      -0.595702       0.303205      -0.750000
       0.567000      -0.334969      -0.249177       0.596853      -0.302350       0.334969       0.249177      -0.596853       0.302350      -0.750000
       0.568000      -0.334372      -0.249479       0.598004      -0.301493       0.334372       0.249479      -0.598004       0.301493      -0.750000
       0.569000      -0.333773      -0.249780       0.599155      -0.300633       0.333773       0.249780      -0.599155       0.300633      -0.750000
       0.570000      -0.333173      -0.250080       0.600307      -0.299769       0.333173       0.250080      -0.600307       0.299769      -0.750000
       0.571000      -0.332572      -0.250379       0.601460      -0.298903       0.332572       0.250379      -0.601460       0.298903      -0.750000
       0.572000      -0.331970      -0.250678       0.602612      -0.298034       0.331970       0.250678      -0.602612       0.298034      -0.750000
       0.573000      -0.331367      -0.250976       0.603766      -0.297162       0.331367       0.250976      -0.603766       0.297162      -0.750000
       0.574000      -0.330763      -0.251272       0.604919      -0.296287       0.330763       0.251272      -0.604919       0.296287      -0.750000
       0.575000      -0.330157      -0.251568       0.606073      -0.295409       0.330157       0.251568      -0.606073       0.295409      -0.750000
       0.576000      -0.329551      -0.251863       0.607227      -0.294528       0.329551       0.251863      -0.607227       0.294528      -0.750000
       0.577000      -0.328943      -0.252157       0.608382      -0.293644       0.328943       0.252157      -0.608382       0.293644      -0.750000
       0.578000      -0.328334      -0.252450       0.609537      -0.292757       0.328334       0.252450      -0.609537       0.292757      -0.750000
       0.579000      -0.327724      -0.252743       0.610693      -0.291867       0.327724       0.252743      -0.610693       0.291867      -0.750000
       0.580000      -0.327112      -0.253034       0.611849      -0.290974       0.327112       0.253034      -0.611849       0.290974      -0.750000
       0.581000      -0.326500      -0.253325       0.613005      -0.290079       0.326500       0.253325      -0.613005       0.290079      -0.750000
       0.582000      -0.325886      -0.253614       0.614162      -0.289180       0.325886       0.253614      -0.614162       0.289180      -0.750000
       0.583000      -0.325272      -0.253903       0.615319      -0.288278       0.325272       0.253903      -0.615319       0.288278      -0.750000
       0.584000      -0.324656      -0.254191       0.616477      -0.287373       0.324656       0.254191      -0.616477       0.287373      -0.750000
       0.585000      -0.324039      -0.254478       0.617635      -0.286465       0.324039       0.254478      -0.617635       0.286465      -0.750000
       0.586000      -0.323421      -0.254764       0.618793      -0.285554       0.323421       0.254764      -0.618793       0.285554      -0.750000
       0.587000      -0.322801      -0.255049       0.619952      -0.284639       0.322801       0.255049      -0.619952       0.284639      -0.750000
       0.588000      -0.322181      -0.255333       0.621111      -0.283722       0.322181       0.255333      -0.621111       0.283722      -0.750000
       0.589000      -0.321559      -0.255616       0.622271      -0.282802       0.321559       0.255616      -0.622271       0.282802      -0.750000
       0.590000      -0.320936      -0.255899       0.623431      -0.281878       0.320936       0.255899      -0.623431       0.281878      -0.750000
       0.591000      -0.320312      -0.256180       0.624591      -0.280952       0.320312       0.256180      -0.624591       0.280952      -0.750000
       0.592000      -0.319687      -0.256461       0.625752      -0.280022       0.319687       0.256461      -0.625752       0.280022      -0.750000
       0.593000      -0.319061      -0.256740       0.626913      -0.279089       0.319061       0.256740      -0.626913       0.279089      -0.750000
       0.594000      -0.318433      -0.257019       0.628075      -0.278153       0.318433       0.257019      -0.628075       0.278153      -0.750000
       0.595000      -0.317804      -0.257296       0.629237      -0.277214       0.317804       0.257296      -0.629237       0.277214      -0.750000
       0.596000      -0.317175      -0.257573       0.630399      -0.276271       0.317175       0.257573      -0.630399       0.276271      -0.750000
       0.597000      -0.316544      -0.257849       0.631562      -0.275326       0.316544       0.257849      -0.631562       0.275326      -0.750000
       0.598000      -0.315912      -0.258124       0.632725      -0.274377       0.315912       0.258124      -0.632725       0.274377      -0.750000
       0.599000      -0.315278      -0.258398       0.633888      -0.273425       0.315278       0.258398      -0.633888       0.273425      -0.750000
       0.600000      -0.314644      -0.258671       0.635052      -0.272469       0.314644       0.258671      -0.635052       0.272469      -0.750000
       0.601000      -0.314008      -0.258943       0.636216      -0.271511       0.314008       0.258943      -0.636216       0.271511      -0.750000
       0.602000      -0.313371      -0.259214       0.637380      -0.270549       0.313371       0.259214      -0.637380       0.270549      -0.750000
       0.603000      -0.312733      -0.259484       0.638545      -0.269584       0.312733       0.259484      -0.638545       0.269584      -0.750000
       0.604000      -0.312094      -0.259753       0.639711      -0.268616       0.312094       0.259753      -0.639711       0.268616      -0.750000
       0.605000      -0.311454      -0.260021       0.640876      -0.267644       0.311454       0.260021      -0.640876       0.267644      -0.750000
       0.606000      -0.310812      -0.260288       0.642042      -0.266669       0.310812       0.260288      -0.642042       0.266669      -0.750000
       0.607000      -0.310170      -0.260554       0.643209      -0.265691       0.310170       0.260554      -0.643209       0.265691      -0.750000
       0.608000      -0.309526      -0.260819       0.644375      -0.264709       0.309526       0.260819      -0.644375       0.264709      -0.750000
       0.609000      -0.308881      -0.261084       0.645542      -0.263724       0.308881       0.261084      -0.645542       0.263724      -0.750000
       0.610000      -0.308235      -0.261347       0.646710      -0.262736       0.308235       0.261347      -0.646710       0.262736      -0.750000
       0.611000      -0.307588      -0.261609       0.647878      -0.261744       0.307588       0.261609      -0.647878       0.261744      -0.750000
       0.612000      -0.306939      -0.261870       0.649046      -0.260749       0.306939       0.261870      -0.649046       0.260749      -0.750000
       0.613000      -0.306290      -0.262131       0.650214      -0.259751       0.306290       0.262131      -0.650214       0.259751      -0.750000
       0.614000      -0.305639      -0.262390       0.651383      -0.258749       0.305639       0.262390      -0.651383       0.258749      -0.750000
       0.615000      -0.304987      -0.262648       0.652552      -0.257743       0.304987       0.262648      -0.652552       0.257743      -0.750000
       0.616000      -0.304334      -0.262905       0.653722      -0.256735       0.304334       0.262905      -0.653722       0.256735      -0.750000
       0.617000      -0.303679      -0.263162       0.654892      -0.255722       0.303679       0.263162      -0.654892       0.255722      -0.750000
       0.618000      -0.303024      -0.263417       0.656062      -0.254707       0.303024       0.263417      -0.656062       0.254707      -0.750000
       0.619000      -0.302367      -0.263671       0.657232      -0.253688       0.302367       0.263671      -0.657232       0.253688      -0.750000
       0.620000      -0.301709      -0.263924       0.658403      -0.252665       0.301709       0.263924      -0.658403       0.252665      -0.750000
       0.621000      -0.301050      -0.264176       0.659574      -0.251639       0.301050       0.264176      -0.659574       0.251639      -0.750000
       0.622000      -0.300390      -0.264428       0.660746      -0.250609       0.300390       0.264428      -0.660746       0.250609      -0.750000
       0.623000      -0.299729      -0.264678       0.661918      -0.249576       0.299729       0.264678      -0.661918       0.249576      -0.750000
       0.624000      -0.299066      -0.264927       0.663090      -0.248539       0.299066       0.264927      -0.663090       0.248539      -0.750000
       0.625000      -0.298403      -0.265175       0.664263      -0.247499       0.298403       0.265175      -0.664263       0.247499      -0.750000
       0.626000      -0.297738      -0.265422       0.665435      -0.246455       0.297738       0.265422      -0.665435       0.246455      -0.750000
       0.627000      -0.297072      -0.265668       0.666608      -0.245408       0.297072       0.265668      -0.666608       0.245408      -0.750000
       0.628000      -0.296405      -0.265912       0.667782      -0.244357       0.296405       0.265912      -0.667782       0.244357      -0.750000
       0.629000      -0.295736      -0.266156       0.668956      -0.243302       0.295736       0.266156      -0.668956       0.243302      -0.750000
       0.630000      -0.295067      -0.266399       0.670130      -0.242244       0.295067       0.266399      -0.670130       0.242244      -0.750000
       0.631000      -0.294396      -0.266641       0.671304      -0.241182       0.294396       0.266641      -0.671304       0.241182      -0.750000
       0.632000      -0.293724      -0.266881       0.672479      -0.240116       0.293724       0.266881      -0.672479       0.240116      -0.750000
       0.633000      -0.293051      -0.267121       0.673654      -0.239047       0.293051       0.267121      -0.673654       0.239047      -0.750000
       0.634000      -0.292377      -0.267360       0.674829      -0.237974       0.292377       0.267360      -0.674829       0.237974      -0.750000
       0.635000      -0.291701      -0.267597       0.676004      -0.236897       0.291701       0.267597      -0.676004       0.236897      -0.750000
       0.636000      -0.291025      -0.267833       0.677180      -0.235817       0.291025       0.267833      -0.677180       0.235817      -0.750000
       0.637000      -0.290347      -0.268069       0.678356      -0.234733       0.290347       0.268069      -0.678356       0.234733      -0.750000
       0.638000      -0.289668      -0.268303       0.679533      -0.233645       0.289668       0.268303      -0.679533       0.233645      -0.750000
       0.639000      -0.288988      -0.268536       0.680709      -0.232553       0.288988       0.268536      -0.680709       0.232553      -0.750000
       0.640000      -0.288307      -0.268768       0.681886      -0.231458       0.288307       0.268768      -0.681886       0.231458      -0.750000
       0.641000      -0.287624      -0.268999       0.683063      -0.230359       0.287624       0.268999      -0.683063       0.230359      -0.750000
       0.642000      -0.286941      -0.269229       0.684241      -0.229256       0.286941       0.269229      -0.684241       0.229256      -0.750000
       0.643000      -0.286256      -0.269457       0.685419      -0.228149       0.286256       0.269457      -0.685419       0.228149      -0.750000
       0.644000      -0.285570      -0.269685       0.686597      -0.227038       0.285570       0.269685      -0.686597       0.227038      -0.750000
       0.645000      -0.284883      -0.269911       0.687775      -0.225924       0.284883       0.269911      -0.687775       0.225924      -0.750000
       0.646000      -0.284194      -0.270137       0.688953      -0.224805       0.284194       0.270137      -0.688953       0.224805      -0.750000
       0.647000      -0.283505      -0.270361       0.690132      -0.223683       0.283505       0.270361      -0.690132       0.223683      -0.750000
       0.648000      -0.282814      -0.270584       0.691311      -0.222557       0.282814       0.270584      -0.691311       0.222557      -0.750000
       0.649000      -0.282122      -0.270806       0.692490      -0.221427       0.282122       0.270806      -0.692490       0.221427      -0.750000
       0.650000      -0.281429      -0.271027       0.693670      -0.220293       0.281429       0.271027      -0.693670       0.220293      -0.750000
       0.651000      -0.280735      -0.271247       0.694849      -0.219155       0.280735       0.271247      -0.694849       0.219155      -0.750000
       0.652000      -0.280039      -0.271465       0.696029      -0.218013       0.280039       0.271465      -0.696029       0.218013      -0.750000
       0.653000      -0.279343      -0.271683       0.697209      -0.216867       0.279343       0.271683      -0.697209       0.216867      -0.750000
       0.654000      -0.278645      -0.271899       0.698390      -0.215717       0.278645       0.271899      -0.698390       0.215717      -0.750000
       0.655000      -0.277946      -0.272114       0.699570      -0.214563       0.277946       0.272114      -0.699570       0.214563      -0.750000
       0.656000      -0.277246      -0.272328       0.700751      -0.213405       0.277246       0.272328      -0.700751       0.213405      -0.750000
       0.657000      -0.276544      -0.272541       0.701932      -0.212243       0.276544       0.272541      -0.701932       0.212243      -0.750000
       0.658000      -0.275842      -0.272753       0.703114      -0.211077       0.275842       0.272753      -0.703114       0.211077      -0.750000
       0.659000      -0.275138      -0.272963       0.704295      -0.209907       0.275138       0.272963      -0.704295       0.209907      -0.750000
       0.660000      -0.274433      -0.273172       0.705477      -0.208733       0.274433       0.273172      -0.705477       0.208733      -0.750000
       0.661000      -0.273727      -0.273381       0.706658      -0.207554       0.273727       0.273381      -0.706658       0.207554      -0.750000
       0.662000      -0.273020      -0.273588       0.707840      -0.206372       0.273020       0.273588      -0.707840       0.206372      -0.750000
       0.663000      -0.272312      -0.273793       0.709023      -0.205185       0.272312       0.273793      -0.709023       0.205185      -0.750000
       0.664000      -0.271602      -0.273998       0.710205      -0.203995       0.271602       0.273998      -0.710205       0.203995      -0.750000
       0.665000      -0.270891      -0.274201       0.711387      -0.202800       0.270891       0.274201      -0.711387       0.202800      -0.750000
       0.666000      -0.270179      -0.274404       0.712570      -0.201600       0.270179       0.274404      -0.712570       0.201600      -0.750000
       0.667000      -0.269466      -0.274605       0.713753      -0.200397       0.269466       0.274605      -0.713753       0.200397      -0.750000
       0.668000      -0.268752      -0.274804       0.714936      -0.199189       0.268752       0.274804      -0.714936       0.199189      -0.750000
       0.669000      -0.268036      -0.275003       0.716119      -0.197978       0.268036       0.275003      -0.716119       0.197978      -0.750000
       0.670000      -0.267319      -0.275200       0.717303      -0.196761       0.267319       0.275200      -0.717303       0.196761      -0.750000
       0.671000      -0.266601      -0.275396       0.718486      -0.195541       0.266601       0.275396      -0.718486       0.195541      -0.750000
       0.672000      -0.265882      -0.275591       0.719670      -0.194316       0.265882       0.275591      -0.719670       0.194316      -0.750000
       0.673000      -0.265162      -0.275785       0.720853      -0.193087       0.265162       0.275785      -0.720853       0.193087      -0.750000
       0.674000      -0.264441      -0.275978       0.722037      -0.191854       0.264441       0.275978      -0.722037       0.191854      -0.750000
       0.675000      -0.263718      -0.276169       0.723221      -0.190616       0.263718       0.276169      -0.723221       0.190616      -0.750000
       0.676000      -0.262994      -0.276359       0.724405      -0.189374       0.262994       0.276359      -0.724405       0.189374      -0.750000
       0.677000      -0.262269      -0.276548       0.725590      -0.188127       0.262269       0.276548      -0.725590       0.188127      -0.750000
       0.678000      -0.261543      -0.276735       0.726774      -0.186876       0.261543       0.276735      -0.726774       0.186876      -0.750000
       0.679000      -0.260816      -0.276921       0.727958      -0.185621       0.260816       0.276921      -0.727958       0.185621      -0.750000
       0.680000      -0.260087      -0.277106       0.729143      -0.184361       0.260087       0.277106      -0.729143       0.184361      -0.750000
       0.681000      -0.259357      -0.277290       0.730327      -0.183097       0.259357       0.277290      -0.730327       0.183097      -0.750000
       0.682000      -0.258627      -0.277472       0.731512      -0.181828       0.258627       0.277472      -0.731512       0.181828      -0.750000
       0.683000      -0.257894      -0.277654       0.732697      -0.180555       0.257894       0.277654      -0.732697       0.180555      -0.750000
       0.684000      -0.257161      -0.277834       0.733882      -0.179277       0.257161       0.277834      -0.733882       0.179277      -0.750000
       0.685000      -0.256427      -0.278012       0.735067      -0.177994       0.256427       0.278012      -0.735067       0.177994      -0.750000
       0.686000      -0.255691      -0.278190       0.736252      -0.176707       0.255691       0.278190      -0.736252       0.176707      -0.750000
       0.687000      -0.254954      -0.278366       0.737437      -0.175416       0.254954       0.278366      -0.737437       0.175416      -0.750000
       0.688000      -0.254216      -0.278540       0.738622      -0.174120       0.254216       0.278540      -0.738622       0.174120      -0.750000
       0.689000      -0.253477      -0.278714       0.739807      -0.172819       0.253477       0.278714      -0.739807       0.172819      -0.750000
       0.690000      -0.252736      -0.278886       0.740992      -0.171514       0.252736       0.278886      -0.740992       0.171514      -0.750000
       0.691000      -0.251995      -0.279057       0.742177      -0.170203       0.251995       0.279057      -0.742177       0.170203      -0.750000
       0.692000      -0.251252      -0.279226       0.743362      -0.168889       0.251252       0.279226      -0.743362       0.168889      -0.750000
       0.693000      -0.250508      -0.279395       0.744547      -0.167569       0.250508       0.279395      -0.744547       0.167569      -0.750000
       0.694000      -0.249763      -0.279562       0.745733      -0.166245       0.249763       0.279562      -0.745733       0.166245      -0.750000
       0.695000      -0.249017      -0.279727       0.746918      -0.164916       0.249017       0.279727      -0.746918       0.164916      -0.750000
       0.696000      -0.248269      -0.279891       0.748103      -0.163582       0.248269       0.279891      -0.748103       0.163582      -0.750000
       0.697000      -0.247521      -0.280054       0.749288      -0.162244       0.247521       0.280054      -0.749288       0.162244      -0.750000
       0.698000      -0.246771      -0.280216       0.750473      -0.160900       0.246771       0.280216      -0.750473       0.160900      -0.750000
       0.699000      -0.246020      -0.280376       0.751658      -0.159552       0.246020       0.280376      -0.751658       0.159552      -0.750000
       0.700000      -0.245267      -0.280535       0.752843      -0.158199       0.245267       0.280535      -0.752843       0.158199      -0.750000
       0.701000      -0.244514      -0.280693       0.754028      -0.156841       0.244514       0.280693      -0.754028       0.156841      -0.750000
       0.702000      -0.243759      -0.280849       0.755213      -0.155479       0.243759       0.280849      -0.755213       0.155479      -0.750000
       0.703000      -0.243003      -0.281003       0.756398      -0.154111       0.243003       0.281003      -0.756398       0.154111      -0.750000
       0.704000      -0.242246      -0.281157       0.757583      -0.152738       0.242246       0.281157      -0.757583       0.152738      -0.750000
       0.705000      -0.241488      -0.281309       0.758768      -0.151361       0.241488       0.281309      -0.758768       0.151361      -0.750000
       0.706000      -0.240729      -0.281460       0.759952      -0.149978       0.240729       0.281460      -0.759952       0.149978      -0.750000
       0.707000      -0.239968      -0.281609       0.761137      -0.148591       0.239968       0.281609      -0.761137       0.148591      -0.750000
       0.708000      -0.239207      -0.281757       0.762322      -0.147198       0.239207       0.281757      -0.762322       0.147198      -0.750000
       0.709000      -0.238444      -0.281903       0.763506      -0.145800       0.238444       0.281903      -0.763506       0.145800      -0.750000
       0.710000      -0.237680      -0.282048       0.764690      -0.144398       0.237680       0.282048      -0.764690       0.144398      -0.750000
       0.711000      -0.236914      -0.282192       0.765874      -0.142990       0.236914       0.282192      -0.765874       0.142990      -0.750000
       0.712000      -0.236148      -0.282334       0.767058      -0.141577       0.236148       0.282334      -0.767058       0.141577      -0.750000
       0.713000      -0.235380      -0.282475       0.768242      -0.140159       0.235380       0.282475      -0.768242       0.140159      -0.750000
       0.714000      -0.234611      -0.282615       0.769426      -0.138736       0.234611       0.282615      -0.769426       0.138736      -0.750000
       0.715000      -0.233841      -0.282753       0.770609      -0.137307       0.233841       0.282753      -0.770609       0.137307      -0.750000
       0.716000      -0.233070      -0.282889       0.771793      -0.135874       0.233070       0.282889      -0.771793       0.135874      -0.750000
       0.717000      -0.232298      -0.283024       0.772976      -0.134435       0.232298       0.283024      -0.772976       0.134435      -0.750000
       0.718000      -0.231524      -0.283158       0.774159      -0.132991       0.231524       0.283158      -0.774159       0.132991      -0.750000
       0.719000      -0.230749      -0.283290       0.775342      -0.131542       0.230749       0.283290      -0.775342       0.131542      -0.750000
       0.720000      -0.229974      -0.283421       0.776524      -0.130087       0.229974       0.283421      -0.776524       0.130087      -0.750000
       0.721000      -0.229196      -0.283551       0.777706      -0.128627       0.229196       0.283551      -0.777706       0.128627      -0.750000
       0.722000      -0.228418      -0.283679       0.778889      -0.127162       0.228418       0.283679      -0.778889       0.127162      -0.750000
       0.723000      -0.227639      -0.283805       0.780070      -0.125691       0.227639       0.283805      -0.780070       0.125691      -0.750000
       0.724000      -0.226858      -0.283930       0.781252      -0.124215       0.226858       0.283930      -0.781252       0.124215      -0.750000
       0.725000      -0.226076      -0.284053       0.782433      -0.122734       0.226076       0.284053      -0.782433       0.122734      -0.750000
       0.726000      -0.225293      -0.284175       0.783615      -0.121247       0.225293       0.284175      -0.783615       0.121247      -0.750000
       0.727000      -0.224509      -0.284296       0.784795      -0.119754       0.224509       0.284296      -0.784795       0.119754      -0.750000
       0.728000      -0.223724      -0.284415       0.785976      -0.118257       0.223724       0.284415      -0.785976       0.118257      -0.750000
       0.729000      -0.222937      -0.284532       0.787156      -0.116753       0.222937       0.284532      -0.787156       0.116753      -0.750000
       0.730000      -0.222149      -0.284648       0.788336      -0.115244       0.222149       0.284648      -0.788336       0.115244      -0.750000
       0.731000      -0.221360      -0.284763       0.789516      -0.113730       0.221360       0.284763      -0.789516       0.113730      -0.750000
       0.732000      -0.220570      -0.284876       0.790695      -0.112210       0.220570       0.284876      -0.790695       0.112210      -0.750000
       0.733000      -0.219779      -0.284987       0.791874      -0.110684       0.219779       0.284987      -0.791874       0.110684      -0.750000
       0.734000      -0.218986      -0.285097       0.793052      -0.109153       0.218986       0.285097      -0.793052       0.109153      -0.750000
       0.735000      -0.218193      -0.285206       0.794231      -0.107616       0.218193       0.285206      -0.794231       0.107616      -0.750000
       0.736000      -0.217398      -0.285312       0.795408      -0.106073       0.217398       0.285312      -0.795408       0.106073      -0.750000
       0.737000      -0.216602      -0.285418       0.796586      -0.104525       0.216602       0.285418      -0.796586       0.104525      -0.750000
       0.738000      -0.215805      -0.285521       0.797763      -0.102971       0.215805       0.285521      -0.797763       0.102971      -0.750000
       0.739000      -0.215006      -0.285624       0.798939      -0.101411       0.215006       0.285624      -0.798939       0.101411      -0.750000
       0.740000      -0.214207      -0.285724       0.800116      -0.099845       0.214207       0.285724      -0.800116       0.099845      -0.750000
       0.741000      -0.213406      -0.285823       0.801291      -0.098274       0.213406       0.285823      -0.801291       0.098274      -0.750000
       0.742000      -0.212604      -0.285921       0.802467      -0.096696       0.212604       0.285921      -0.802467       0.096696      -0.750000
       0.743000      -0.211801      -0.286017       0.803641      -0.095113       0.211801       0.286017      -0.803641       0.095113      -0.750000
       0.744000      -0.210997      -0.286111       0.804816      -0.093524       0.210997       0.286111      -0.804816       0.093524      -0.750000
       0.745000      -0.210192      -0.286204       0.805990      -0.091929       0.210192       0.286204      -0.805990       0.091929      -0.750000
       0.746000      -0.209385      -0.286295       0.807163      -0.090328       0.209385       0.286295      -0.807163       0.090328      -0.750000
       0.747000      -0.208577      -0.286384       0.808336      -0.088721       0.208577       0.286384      -0.808336       0.088721      -0.750000
       0.748000      -0.207768      -0.286472       0.809508      -0.087108       0.207768       0.286472      -0.809508       0.087108      -0.750000
       0.749000      -0.206958      -0.286559       0.810680      -0.085489       0.206958       0.286559      -0.810680       0.085489      -0.750000
       0.750000      -0.206147      -0.286643       0.811851      -0.083864       0.206147       0.286643      -0.811851       0.083864      -0.750000
       0.751000      -0.205335      -0.286726       0.813022      -0.082233       0.205335       0.286726      -0.813022       0.082233      -0.750000
       0.752000      -0.204521      -0.286808       0.814192      -0.080596       0.204521       0.286808      -0.814192       0.080596      -0.750000
       0.753000      -0.203706      -0.286888       0.815361      -0.078952       0.203706       0.286888      -0.815361       0.078952      -0.750000
       0.754000      -0.202890      -0.286966       0.816530      -0.077302       0.202890       0.286966      -0.816530       0.077302      -0.750000
       0.755000      -0.202073      -0.287042       0.817698      -0.075647       0.202073       0.287042      -0.817698       0.075647      -0.750000
       0.756000      -0.201255      -0.287117       0.818866      -0.073985       0.201255       0.287117      -0.818866       0.073985      -0.750000
       0.757000      -0.200435      -0.287190       0.820032      -0.072316       0.200435       0.287190      -0.820032       0.072316      -0.750000
       0.758000      -0.199615      -0.287262       0.821199      -0.070642       0.199615       0.287262      -0.821199       0.070642      -0.750000
       0.759000      -0.198793      -0.287331       0.822364      -0.068961       0.198793       0.287331      -0.822364       0.068961      -0.750000
       0.760000      -0.197970      -0.287400       0.823529      -0.067273       0.197970       0.287400      -0.823529       0.067273      -0.750000
       0.761000      -0.197146      -0.287466       0.824693      -0.065580       0.197146       0.287466      -0.824693       0.065580      -0.750000
       0.762000      -0.196321      -0.287531       0.825856      -0.063880       0.196321       0.287531      -0.825856       0.063880      -0.750000
       0.763000      -0.195494      -0.287594       0.827019      -0.062173       0.195494       0.287594      -0.827019       0.062173      -0.750000
       0.764000      -0.194667      -0.287655       0.828181      -0.060460       0.194667       0.287655      -0.828181       0.060460      -0.750000
       0.765000      -0.193838      -0.287715       0.829342      -0.058741       0.193838       0.287715      -0.829342       0.058741      -0.750000
       0.766000      -0.193008      -0.287773       0.830502      -0.057015       0.193008       0.287773      -0.830502       0.057015      -0.750000
       0.767000      -0.192177      -0.287829       0.831661      -0.055282       0.192177       0.287829      -0.831661       0.055282      -0.750000
       0.768000      -0.191345      -0.287883       0.832820      -0.053543       0.191345       0.287883      -0.832820       0.053543      -0.750000
       0.769000      -0.190511      -0.287936       0.833978      -0.051797       0.190511       0.287936      -0.833978       0.051797      -0.750000
       0.770000      -0.189677      -0.287987       0.835134      -0.050045       0.189677       0.287987      -0.835134       0.050045      -0.750000
       0.771000      -0.188841      -0.288036       0.836290      -0.048286       0.188841       0.288036      -0.836290       0.048286      -0.750000
       0.772000      -0.188004      -0.288083       0.837445      -0.046520       0.188004       0.288083      -0.837445       0.046520      -0.750000
       0.773000      -0.187166      -0.288129       0.838600      -0.044747       0.187166       0.288129      -0.838600       0.044747      -0.750000
       0.774000      -0.186327      -0.288173       0.839753      -0.042968       0.186327       0.288173      -0.839753       0.042968      -0.750000
       0.775000      -0.185487      -0.288215       0.840905      -0.041182       0.185487       0.288215      -0.840905       0.041182      -0.750000
       0.776000      -0.184645      -0.288255       0.842056      -0.039389       0.184645       0.288255      -0.842056       0.039389      -0.750000
       0.777000      -0.183803      -0.288294       0.843206      -0.037589       0.183803       0.288294      -0.843206       0.037589      -0.750000
       0.778000      -0.182959      -0.288330       0.844356      -0.035782       0.182959       0.288330      -0.844356       0.035782      -0.750000
       0.779000      -0.182114      -0.288365       0.845504      -0.033968       0.182114       0.288365      -0.845504       0.033968      -0.750000
       0.780000      -0.181268      -0.288398       0.846651      -0.032148       0.181268       0.288398      -0.846651       0.032148      -0.750000
       0.781000      -0.180420      -0.288430       0.847797      -0.030320       0.180420       0.288430      -0.847797       0.030320      -0.750000
       0.782000      -0.179572      -0.288459       0.848942      -0.028485       0.179572       0.288459      -0.848942       0.028485      -0.750000
       0.783000      -0.178723      -0.288486       0.850086      -0.026644       0.178723       0.288486      -0.850086       0.026644      -0.750000
       0.784000      -0.177872      -0.288512       0.851228      -0.024795       0.177872       0.288512      -0.851228       0.024795      -0.750000
       0.785000      -0.177020      -0.288536       0.852370      -0.022939       0.177020       0.288536      -0.852370       0.022939      -0.750000
       0.786000      -0.176167      -0.288558       0.853510      -0.021075       0.176167       0.288558      -0.853510       0.021075      -0.750000
       0.787000      -0.175313      -0.288578       0.854649      -0.019205       0.175313       0.288578      -0.854649       0.019205      -0.750000
       0.788000      -0.174458      -0.288596       0.855787      -0.017327       0.174458       0.288596      -0.855787       0.017327      -0.750000
       0.789000      -0.173602      -0.288613       0.856924      -0.015442       0.173602       0.288613      -0.856924       0.015442      -0.750000
       0.790000      -0.172744      -0.288627       0.858059      -0.013550       0.172744       0.288627      -0.858059       0.013550      -0.750000
       0.791000      -0.171885      -0.288640       0.859193      -0.011651       0.171885       0.288640      -0.859193       0.011651      -0.750000
       0.792000      -0.171026      -0.288651       0.860326      -0.009744       0.171026       0.288651      -0.860326       0.009744      -0.750000
       0.793000      -0.170165      -0.288659       0.861457      -0.007829       0.170165       0.288659      -0.861457       0.007829      -0.750000
       0.794000      -0.169303      -0.288666       0.862587      -0.005907       0.169303       0.288666      -0.862587       0.005907      -0.750000
       0.795000      -0.168440      -0.288671       0.863716      -0.003978       0.168440       0.288671      -0.863716       0.003978      -0.750000
       0.796000      -0.167575      -0.288674       0.864843      -0.002041       0.167575       0.288674      -0.864843       0.002041      -0.750000
       0.797000      -0.166710      -0.288675       0.865969      -0.000097       0.166710       0.288675      -0.865969       0.000097      -0.750000
       0.798000      -0.165843      -0.288674       0.867093       0.001855       0.165843       0.288674      -0.867093      -0.001855      -0.750000
       0.799000      -0.164976      -0.288672       0.868216       0.003815       0.164976       0.288672      -0.868216      -0.003815      -0.750000
       0.800000      -0.164107      -0.288667       0.869337       0.005782       0.164107       0.288667      -0.869337      -0.005782      -0.750000
       0.801000      -0.163237      -0.288660       0.870457       0.007757       0.163237       0.288660      -0.870457      -0.007757      -0.750000
       0.802000      -0.162366      -0.288651       0.871575       0.009740       0.162366       0.288651      -0.871575      -0.009740      -0.750000
       0.803000      -0.161494      -0.288641       0.872692       0.011730       0.161494       0.288641      -0.872692      -0.011730      -0.750000
       0.804000      -0.160621      -0.288628       0.873807       0.013729       0.160621       0.288628      -0.873807      -0.013729      -0.750000
       0.805000      -0.159746      -0.288613       0.874920       0.015735       0.159746       0.288613      -0.874920      -0.015735      -0.750000
       0.806000      -0.158871      -0.288596       0.876032       0.017749       0.158871       0.288596      -0.876032      -0.017749      -0.750000
       0.807000      -0.157994      -0.288578       0.877142       0.019771       0.157994       0.288578      -0.877142      -0.019771      -0.750000
       0.808000      -0.157117      -0.288557       0.878251       0.021801       0.157117       0.288557      -0.878251      -0.021801      -0.750000
       0.809000      -0.156238      -0.288534       0.879357       0.023839       0.156238       0.288534      -0.879357      -0.023839      -0.750000
       0.810000      -0.155358      -0.288509       0.880462       0.025884       0.155358       0.288509      -0.880462      -0.025884      -0.750000
       0.811000      -0.154477      -0.288482       0.881565       0.027939       0.154477       0.288482      -0.881565      -0.027939      -0.750000
       0.812000      -0.153595      -0.288453       0.882666       0.030001       0.153595       0.288453      -0.882666      -0.030001      -0.750000
       0.813000      -0.152711      -0.288422       0.883765       0.032071       0.152711       0.288422      -0.883765      -0.032071      -0.750000
       0.814000      -0.151827      -0.288389       0.884863       0.034150       0.151827       0.288389      -0.884863      -0.034150      -0.750000
       0.815000      -0.150942      -0.288354       0.885958       0.036236       0.150942       0.288354      -0.885958      -0.036236      -0.750000
       0.816000      -0.150055      -0.288317       0.887052       0.038331       0.150055       0.288317      -0.887052      -0.038331      -0.750000
       0.817000      -0.149168      -0.288277       0.888143       0.040435       0.149168       0.288277      -0.888143      -0.040435      -0.750000
       0.818000      -0.148279      -0.288236       0.889233       0.042546       0.148279       0.288236      -0.889233      -0.042546      -0.750000
       0.819000      -0.147389      -0.288192       0.890320       0.044666       0.147389       0.288192      -0.890320      -0.044666      -0.750000
       0.820000      -0.146498      -0.288147       0.891406       0.046795       0.146498       0.288147      -0.891406      -0.046795      -0.750000
       0.821000      -0.145606      -0.288099       0.892489       0.048932       0.145606       0.288099      -0.892489      -0.048932      -0.750000
       0.822000      -0.144713      -0.288049       0.893570       0.051077       0.144713       0.288049      -0.893570      -0.051077      -0.750000
       0.823000      -0.143819      -0.287996       0.894649       0.053232       0.143819       0.287996      -0.894649      -0.053232      -0.750000
       0.824000      -0.142924      -0.287942       0.895726       0.055394       0.142924       0.287942      -0.895726      -0.055394      -0.750000
       0.825000      -0.142028      -0.287886       0.896800       0.057566       0.142028       0.287886      -0.896800      -0.057566      -0.750000
       0.826000      -0.141130      -0.287827       0.897872       0.059746       0.141130       0.287827      -0.897872      -0.059746      -0.750000
       0.827000      -0.140232      -0.287766       0.898942       0.061934       0.140232       0.287766      -0.898942      -0.061934      -0.750000
       0.828000      -0.139333      -0.287703       0.900010       0.064132       0.139333       0.287703      -0.900010      -0.064132      -0.750000
       0.829000      -0.138432      -0.287638       0.901075       0.066338       0.138432       0.287638      -0.901075      -0.066338      -0.750000
       0.830000      -0.137530      -0.287570       0.902138       0.068553       0.137530       0.287570      -0.902138      -0.068553      -0.750000
       0.831000      -0.136628      -0.287501       0.903198       0.070777       0.136628       0.287501      -0.903198      -0.070777      -0.750000
       0.832000      -0.135724      -0.287429       0.904256       0.073010       0.135724       0.287429      -0.904256      -0.073010      -0.750000
       0.833000      -0.134819      -0.287355       0.905311       0.075252       0.134819       0.287355      -0.905311      -0.075252      -0.750000
       0.834000      -0.133913      -0.287278       0.906364       0.077503       0.133913       0.287278      -0.906364      -0.077503      -0.750000
       0.835000      -0.133007      -0.287200       0.907414       0.079763       0.133007       0.287200      -0.907414      -0.079763      -0.750000
       0.836000      -0.132099      -0.287119       0.908461       0.082032       0.132099       0.287119      -0.908461      -0.082032      -0.750000
       0.837000      -0.131190      -0.287036       0.909506       0.084311       0.131190       0.287036      -0.909506      -0.084311      -0.750000
       0.838000      -0.130280      -0.286950       0.910548       0.086598       0.130280       0.286950      -0.910548      -0.086598      -0.750000
       0.839000      -0.129368      -0.286863       0.911587       0.088895       0.129368       0.286863      -0.911587      -0.088895      -0.750000
       0.840000      -0.128456      -0.286773       0.912624       0.091201       0.128456       0.286773      -0.912624      -0.091201      -0.750000
       0.841000      -0.127543      -0.286680       0.913657       0.093516       0.127543       0.286680      -0.913657      -0.093516      -0.750000
       0.842000      -0.126629      -0.286585       0.914688       0.095841       0.126629       0.286585      -0.914688      -0.095841      -0.750000
       0.843000      -0.125714      -0.286488       0.915716       0.098175       0.125714       0.286488      -0.915716      -0.098175      -0.750000
       0.844000      -0.124798      -0.286389       0.916740       0.100519       0.124798       0.286389      -0.916740      -0.100519      -0.750000
       0.845000      -0.123880      -0.286287       0.917762       0.102872       0.123880       0.286287      -0.917762      -0.102872      -0.750000
       0.846000      -0.122962      -0.286183       0.918781       0.105235       0.122962       0.286183      -0.918781      -0.105235      -0.750000
       0.847000      -0.122043      -0.286077       0.919797       0.107607       0.122043       0.286077      -0.919797      -0.107607      -0.750000
       0.848000      -0.121123      -0.285968       0.920809       0.109989       0.121123       0.285968      -0.920809      -0.109989      -0.750000
       0.849000      -0.120201      -0.285857       0.921819       0.112381       0.120201       0.285857      -0.921819      -0.112381      -0.750000
       0.850000      -0.119279      -0.285743       0.922825       0.114782       0.119279       0.285743      -0.922825      -0.114782      -0.750000
       0.851000      -0.118356      -0.285627       0.923827       0.117193       0.118356       0.285627      -0.923827      -0.117193      -0.750000
       0.852000      -0.117431      -0.285509       0.924827       0.119614       0.117431       0.285509      -0.924827      -0.119614      -0.750000
       0.853000      -0.116506      -0.285388       0.925823       0.122045       0.116506       0.285388      -0.925823      -0.122045      -0.750000
       0.854000      -0.115580      -0.285265       0.926816       0.124486       0.115580       0.285265      -0.926816      -0.124486      -0.750000
       0.855000      -0.114652      -0.285139       0.927805       0.126937       0.114652       0.285139      -0.927805      -0.126937      -0.750000
       0.856000      -0.113724      -0.285011       0.928791       0.129398       0.113724       0.285011      -0.928791      -0.129398      -0.750000
       0.857000      -0.112795      -0.284880       0.929773       0.131868       0.112795       0.284880      -0.929773      -0.131868      -0.750000
       0.858000      -0.111864      -0.284747       0.930751       0.134350       0.111864       0.284747      -0.930751      -0.134350      -0.750000
       0.859000      -0.110933      -0.284612       0.931726       0.136841       0.110933       0.284612      -0.931726      -0.136841      -0.750000
       0.860000      -0.110001      -0.284474       0.932697       0.139342       0.110001       0.284474      -0.932697      -0.139342      -0.750000
       0.861000      -0.109068      -0.284333       0.933665       0.141854       0.109068       0.284333      -0.933665      -0.141854      -0.750000
       0.862000      -0.108134      -0.284190       0.934628       0.144376       0.108134       0.284190      -0.934628      -0.144376      -0.750000
       0.863000      -0.107199      -0.284044       0.935588       0.146908       0.107199       0.284044      -0.935588      -0.146908      -0.750000
       0.864000      -0.106262      -0.283896       0.936543       0.149451       0.106262       0.283896      -0.936543      -0.149451      -0.750000
       0.865000      -0.105325      -0.283745       0.937495       0.152004       0.105325       0.283745      -0.937495      -0.152004      -0.750000
       0.866000      -0.104387      -0.283592       0.938443       0.154568       0.104387       0.283592      -0.938443      -0.154568      -0.750000
       0.867000      -0.103449      -0.283436       0.939386       0.157143       0.103449       0.283436      -0.939386      -0.157143      -0.750000
       0.868000      -0.102509      -0.283278       0.940326       0.159728       0.102509       0.283278      -0.940326      -0.159728      -0.750000
       0.869000      -0.101568      -0.283117       0.941261       0.162323       0.101568       0.283117      -0.941261      -0.162323      -0.750000
       0.870000      -0.100626      -0.282953       0.942192       0.164930       0.100626       0.282953      -0.942192      -0.164930      -0.750000
       0.871000      -0.099684      -0.282787       0.943119       0.167547       0.099684       0.282787      -0.943119      -0.167547      -0.750000
       0.872000      -0.098740      -0.282618       0.944041       0.170175       0.098740       0.282618      -0.944041      -0.170175      -0.750000
       0.873000      -0.097795      -0.282447       0.944959       0.172814       0.097795       0.282447      -0.944959      -0.172814      -0.750000
       0.874000      -0.096850      -0.282272       0.945872       0.175463       0.096850       0.282272      -0.945872      -0.175463      -0.750000
       0.875000      -0.095904      -0.282096       0.946781       0.178124       0.095904       0.282096      -0.946781      -0.178124      -0.750000
       0.876000      -0.094956      -0.281916       0.947685       0.180796       0.094956       0.281916      -0.947685      -0.180796      -0.750000
       0.877000      -0.094008      -0.281734       0.948584       0.183479       0.094008       0.281734      -0.948584      -0.183479      -0.750000
       0.878000      -0.093059      -0.281549       0.949479       0.186173       0.093059       0.281549      -0.949479      -0.186173      -0.750000
       0.879000      -0.092109      -0.281362       0.950369       0.188878       0.092109       0.281362      -0.950369      -0.188878      -0.750000
       0.880000      -0.091159      -0.281171       0.951254       0.191594       0.091159       0.281171      -0.951254      -0.191594      -0.750000
       0.881000      -0.090207      -0.280979       0.952134       0.194322       0.090207       0.280979      -0.952134      -0.194322      -0.750000
       0.882000      -0.089254      -0.280783       0.953009       0.197061       0.089254       0.280783      -0.953009      -0.197061      -0.750000
       0.883000      -0.088301      -0.280584       0.953879       0.199811       0.088301       0.280584      -0.953879      -0.199811      -0.750000
       0.884000      -0.087347      -0.280383       0.954743       0.202573       0.087347       0.280383      -0.954743      -0.202573      -0.750000
       0.885000      -0.086391      -0.280179       0.955603       0.205346       0.086391       0.280179      -0.955603      -0.205346      -0.750000
       0.886000      -0.085435      -0.279973       0.956457       0.208131       0.085435       0.279973      -0.956457      -0.208131      -0.750000
       0.887000      -0.084478      -0.279763       0.957306       0.210928       0.084478       0.279763      -0.957306      -0.210928      -0.750000
       0.888000      -0.083521      -0.279551       0.958150       0.213736       0.083521       0.279551      -0.958150      -0.213736      -0.750000
       0.889000      -0.082562      -0.279336       0.958988       0.216556       0.082562       0.279336      -0.958988      -0.216556      -0.750000
       0.890000      -0.081603      -0.279118       0.959820       0.219387       0.081603       0.279118      -0.959820      -0.219387      -0.750000
       0.891000      -0.080643      -0.278897       0.960647       0.222231       0.080643       0.278897      -0.960647      -0.222231      -0.750000
       0.892000      -0.079681      -0.278673       0.961468       0.225086       0.079681       0.278673      -0.961468      -0.225086      -0.750000
       0.893000      -0.078720      -0.278447       0.962283       0.227953       0.078720       0.278447      -0.962283      -0.227953      -0.750000
       0.894000      -0.077757      -0.278217       0.963092       0.230832       0.077757       0.278217      -0.963092      -0.230832      -0.750000
       0.895000      -0.076793      -0.277985       0.963896       0.233724       0.076793       0.277985      -0.963896      -0.233724      -0.750000
       0.896000      -0.075829      -0.277750       0.964693       0.236627       0.075829       0.277750      -0.964693      -0.236627      -0.750000
       0.897000      -0.074864      -0.277512       0.965484       0.239542       0.074864       0.277512      -0.965484      -0.239542      -0.750000
       0.898000      -0.073898      -0.277271       0.966269       0.242470       0.073898       0.277271      -0.966269      -0.242470      -0.750000
       0.899000      -0.072931      -0.277027       0.967048       0.245410       0.072931       0.277027      -0.967048      -0.245410      -0.750000
       0.900000      -0.071964      -0.276780       0.967820       0.248362       0.071964       0.276780      -0.967820      -0.248362      -0.750000
       0.901000      -0.070996      -0.276530       0.968586       0.251327       0.070996       0.276530      -0.968586      -0.251327      -0.750000
       0.902000      -0.070027      -0.276277       0.969346       0.254304       0.070027       0.276277      -0.969346      -0.254304      -0.750000
       0.903000      -0.069057      -0.276021       0.970099       0.257293       0.069057       0.276021      -0.970099      -0.257293      -0.750000
       0.904000      -0.068087      -0.275763       0.970845       0.260295       0.068087       0.275763      -0.970845      -0.260295      -0.750000
       0.905000      -0.067115      -0.275501       0.971584       0.263310       0.067115       0.275501      -0.971584      -0.263310      -0.750000
       0.906000      -0.066143      -0.275236       0.972316       0.266337       0.066143       0.275236      -0.972316      -0.266337      -0.750000
       0.907000      -0.065171      -0.274968       0.973042       0.269377       0.065171       0.274968      -0.973042      -0.269377      -0.750000
       0.908000      -0.064197      -0.274697       0.973760       0.272430       0.064197       0.274697      -0.973760      -0.272430      -0.750000
       0.909000      -0.063223      -0.274423       0.974472       0.275495       0.063223       0.274423      -0.974472      -0.275495      -0.750000
       0.910000      -0.062248      -0.274146       0.975176       0.278574       0.062248       0.274146      -0.975176      -0.278574      -0.750000
       0.911000      -0.061273      -0.273866       0.975873       0.281665       0.061273       0.273866      -0.975873      -0.281665      -0.750000
       0.912000      -0.060297      -0.273583       0.976562       0.284769       0.060297       0.273583      -0.976562      -0.284769      -0.750000
       0.913000      -0.059320      -0.273297       0.977244       0.287886       0.059320       0.273297      -0.977244      -0.287886      -0.750000
       0.914000      -0.058342      -0.273007       0.977918       0.291017       0.058342       0.273007      -0.977918      -0.291017      -0.750000
       0.915000      -0.057364      -0.272715       0.978584       0.294160       0.057364       0.272715      -0.978584      -0.294160      -0.750000
       0.916000      -0.056385      -0.272419       0.979243       0.297317       0.056385       0.272419      -0.979243      -0.297317      -0.750000
       0.917000      -0.055405      -0.272120       0.979894       0.300487       0.055405       0.272120      -0.979894      -0.300487      -0.750000
       0.918000      -0.054425      -0.271818       0.980537       0.303670       0.054425       0.271818      -0.980537      -0.303670      -0.750000
       0.919000      -0.053444      -0.271513       0.981171       0.306867       0.053444       0.271513      -0.981171      -0.306867      -0.750000
       0.920000      -0.052463      -0.271204       0.981798       0.310077       0.052463       0.271204      -0.981798      -0.310077      -0.750000
       0.921000      -0.051481      -0.270892       0.982416       0.313300       0.051481       0.270892      -0.982416      -0.313300      -0.750000
       0.922000      -0.050498      -0.270578       0.983025       0.316537       0.050498       0.270578      -0.983025      -0.316537      -0.750000
       0.923000      -0.049515      -0.270259       0.983626       0.319788       0.049515       0.270259      -0.983626      -0.319788      -0.750000
       0.924000      -0.048531      -0.269938       0.984219       0.323052       0.048531       0.269938      -0.984219      -0.323052      -0.750000
       0.925000      -0.047546      -0.269613       0.984802       0.326330       0.047546       0.269613      -0.984802      -0.326330      -0.750000
       0.926000      -0.046561      -0.269285       0.985377       0.329622       0.046561       0.269285      -0.985377      -0.329622      -0.750000
       0.927000      -0.045576      -0.268954       0.985943       0.332927       0.045576       0.268954      -0.985943      -0.332927      -0.750000
       0.928000      -0.044589      -0.268619       0.986500       0.336246       0.044589       0.268619      -0.986500      -0.336246      -0.750000
       0.929000      -0.043603      -0.268282       0.987047       0.339580       0.043603       0.268282      -0.987047      -0.339580      -0.750000
       0.930000      -0.042615      -0.267940       0.987586       0.342927       0.042615       0.267940      -0.987586      -0.342927      -0.750000
       0.931000      -0.041627      -0.267596       0.988114       0.346288       0.041627       0.267596      -0.988114      -0.346288      -0.750000
       0.932000      -0.040639      -0.267248       0.988633       0.349663       0.040639       0.267248      -0.988633      -0.349663      -0.750000
       0.933000      -0.039650      -0.266896       0.989143       0.353053       0.039650       0.266896      -0.989143      -0.353053      -0.750000
       0.934000      -0.038661      -0.266542       0.989643       0.356456       0.038661       0.266542      -0.989643      -0.356456      -0.750000
       0.935000      -0.037671      -0.266183       0.990132       0.359874       0.037671       0.266183      -0.990132      -0.359874      -0.750000
       0.936000      -0.036680      -0.265822       0.990612       0.363306       0.036680       0.265822      -0.990612      -0.363306      -0.750000
       0.937000      -0.035690      -0.265457       0.991081       0.366753       0.035690       0.265457      -0.991081      -0.366753      -0.750000
       0.938000      -0.034698      -0.265088       0.991540       0.370214       0.034698       0.265088      -0.991540      -0.370214      -0.750000
       0.939000      -0.033707      -0.264716       0.991989       0.373689       0.033707       0.264716      -0.991989      -0.373689      -0.750000
       0.940000      -0.032714      -0.264341       0.992427       0.377179       0.032714       0.264341      -0.992427      -0.377179      -0.750000
       0.941000      -0.031722      -0.263962       0.992855       0.380683       0.031722       0.263962      -0.992855      -0.380683      -0.750000
       0.942000      -0.030729      -0.263580       0.993271       0.384202       0.030729       0.263580      -0.993271      -0.384202      -0.750000
       0.943000      -0.029735      -0.263194       0.993677       0.387736       0.029735       0.263194      -0.993677      -0.387736      -0.750000
       0.944000      -0.028741      -0.262804       0.994071       0.391284       0.028741       0.262804      -0.994071      -0.391284      -0.750000
       0.945000      -0.027747      -0.262411       0.994455       0.394848       0.027747       0.262411      -0.994455      -0.394848      -0.750000
       0.946000      -0.026752      -0.262014       0.994826       0.398426       0.026752       0.262014      -0.994826      -0.398426      -0.750000
       0.947000      -0.025757      -0.261614       0.995187       0.402018       0.025757       0.261614      -0.995187      -0.402018      -0.750000
       0.948000      -0.024762      -0.261210       0.995535       0.405626       0.024762       0.261210      -0.995535      -0.405626      -0.750000
       0.949000      -0.023766      -0.260803       0.995872       0.409249       0.023766       0.260803      -0.995872      -0.409249      -0.750000
       0.950000      -0.022770      -0.260392       0.996197       0.412886       0.022770       0.260392      -0.996197      -0.412886      -0.750000
       0.951000      -0.021774      -0.259977       0.996509       0.416539       0.021774       0.259977      -0.996509      -0.416539      -0.750000
       0.952000      -0.020777      -0.259559       0.996810       0.420207       0.020777       0.259559      -0.996810      -0.420207      -0.750000
       0.953000      -0.019780      -0.259137       0.997098       0.423890       0.019780       0.259137      -0.997098      -0.423890      -0.750000
       0.954000      -0.018783      -0.258711       0.997373       0.427588       0.018783       0.258711      -0.997373      -0.427588      -0.750000
       0.955000      -0.017786      -0.258282       0.997636       0.431302       0.017786       0.258282      -0.997636      -0.431302      -0.750000
       0.956000      -0.016788      -0.257848       0.997886       0.435031       0.016788       0.257848      -0.997886      -0.435031      -0.750000
       0.957000      -0.015790      -0.257412       0.998122       0.438775       0.015790       0.257412      -0.998122      -0.438775      -0.750000
       0.958000      -0.014792      -0.256971       0.998346       0.442534       0.014792       0.256971      -0.998346      -0.442534      -0.750000
       0.959000      -0.013793      -0.256526       0.998556       0.446309       0.013793       0.256526      -0.998556      -0.446309      -0.750000
       0.960000      -0.012794      -0.256078       0.998752       0.450099       0.012794       0.256078      -0.998752      -0.450099      -0.750000
       0.961000      -0.011796      -0.255626       0.998935       0.453905       0.011796       0.255626      -0.998935      -0.453905      -0.750000
       0.962000      -0.010797      -0.255170       0.999104       0.457727       0.010797       0.255170      -0.999104      -0.457727      -0.750000
       0.963000      -0.009797      -0.254711       0.999259       0.461564       0.009797       0.254711      -0.999259      -0.461564      -0.750000
       0.964000      -0.008798      -0.254247       0.999400       0.465417       0.008798       0.254247      -0.999400      -0.465417      -0.750000
       0.965000      -0.007799      -0.253780       0.999526       0.469285       0.007799       0.253780      -0.999526      -0.469285      -0.750000
       0.966000      -0.006799      -0.253309       0.999638       0.473169       0.006799       0.253309      -0.999638      -0.473169      -0.750000
       0.967000      -0.005799      -0.252834       0.999735       0.477069       0.005799       0.252834      -0.999735      -0.477069      -0.750000
       0.968000      -0.004800      -0.252355       0.999817       0.480985       0.004800       0.252355      -0.999817      -0.480985      -0.750000
       0.969000      -0.003800      -0.251872       0.999884       0.484916       0.003800       0.251872      -0.999884      -0.484916      -0.750000
       0.970000      -0.002800      -0.251385       0.999936       0.488863       0.002800       0.251385      -0.999936      -0.488863      -0.750000
       0.971000      -0.001800      -0.250894       0.999972       0.492827       0.001800       0.250894      -0.999972      -0.492827      -0.750000
       0.972000      -0.000800      -0.250399       0.999993       0.496806       0.000800       0.250399      -0.999993      -0.496806      -0.750000
       0.973000       0.000200      -0.249900       0.999998       0.500801      -0.000200       0.249900      -0.999998      -0.500801      -0.750000
       0.974000       0.001200      -0.249398       0.999986       0.504812      -0.001200       0.249398      -0.999986      -0.504812      -0.750000
       0.975000       0.002200      -0.248891       0.999959       0.508840      -0.002200       0.248891      -0.999959      -0.508840      -0.750000
       0.976000       0.003200      -0.248380       0.999915       0.512883      -0.003200       0.248380      -0.999915      -0.512883      -0.750000
       0.977000       0.004200      -0.247865       0.999854       0.516942      -0.004200       0.247865      -0.999854      -0.516942      -0.750000
       0.978000       0.005200      -0.247346       0.999777       0.521018      -0.005200       0.247346      -0.999777      -0.521018      -0.750000
       0.979000       0.006200      -0.246823       0.999683       0.525109      -0.006200       0.246823      -0.999683      -0.525109      -0.750000
       0.980000       0.007199      -0.246296       0.999571       0.529217      -0.007199       0.246296      -0.999571      -0.529217      -0.750000
       0.981000       0.008199      -0.245764       0.999442       0.533341      -0.008199       0.245764      -0.999442      -0.533341      -0.750000
       0.982000       0.009198      -0.245229       0.999295       0.537482      -0.009198       0.245229      -0.999295      -0.537482      -0.750000
       0.983000       0.010197      -0.244689       0.999131       0.541638      -0.010197       0.244689      -0.999131      -0.541638      -0.750000
       0.984000       0.011196      -0.244146       0.998948       0.545811      -0.011196       0.244146      -0.998948      -0.545811      -0.750000
       0.985000       0.012195      -0.243598       0.998747       0.550000      -0.012195       0.243598      -0.998747      -0.550000      -0.750000
       0.986000       0.013194      -0.243046       0.998528       0.554205      -0.013194       0.243046      -0.998528      -0.554205      -0.750000
       0.987000       0.014192      -0.242489       0.998289       0.558427      -0.014192       0.242489      -0.998289      -0.558427      -0.750000
       0.988000       0.015190      -0.241929       0.998032       0.562665      -0.015190       0.241929      -0.998032      -0.562665      -0.750000
       0.989000       0.016188      -0.241364       0.997756       0.566920      -0.016188       0.241364      -0.997756      -0.566920      -0.750000
       0.990000       0.017186      -0.240795       0.997460       0.571190      -0.017186       0.240795      -0.997460      -0.571190      -0.750000
       0.991000       0.018183      -0.240222       0.997145       0.575477      -0.018183       0.240222      -0.997145      -0.575477      -0.750000
       0.992000       0.019180      -0.239644       0.996810       0.579781      -0.019180       0.239644      -0.996810      -0.579781      -0.750000
       0.993000       0.020177      -0.239062       0.996455       0.584101      -0.020177       0.239062      -0.996455      -0.584101      -0.750000
       0.994000       0.021173      -0.238476       0.996079       0.588437      -0.021173       0.238476      -0.996079      -0.588437      -0.750000
       0.995000       0.022169      -0.237885       0.995683       0.592790      -0.022169       0.237885      -0.995683      -0.592790      -0.750000
       0.996000       0.023164      -0.237290       0.995266       0.597159      -0.023164       0.237290      -0.995266      -0.597159      -0.750000
       0.997000       0.024160      -0.236691       0.994829       0.601544      -0.024160       0.236691      -0.994829      -0.601544      -0.750000
       0.998000       0.025154      -0.236087       0.994369       0.605946      -0.025154       0.236087      -0.994369      -0.605946      -0.750000
       0.999000       0.026148      -0.235479       0.993889       0.610364      -0.026148       0.235479      -0.993889      -0.610364      -0.750000
       1.000000       0.027142      -0.234867       0.993386       0.614799      -0.027142       0.234867      -0.993386      -0.614799      -0.750000
       1.001000       0.028135      -0.234250       0.992862       0.619250      -0.028135       0.234250      -0.992862      -0.619250      -0.750000
       1.002000       0.029128      -0.233628       0.992315       0.623717      -0.029128       0.233628      -0.992315      -0.623717      -0.750000
       1.003000       0.030120      -0.233002       0.991746       0.628201      -0.030120       0.233002      -0.991746      -0.628201      -0.750000
       1.004000       0.031111      -0.232372       0.991154       0.632701      -0.031111       0.232372      -0.991154      -0.632701      -0.750000
       1.005000       0.032102      -0.231737       0.990538       0.637217      -0.032102       0.231737      -0.990538      -0.637217      -0.750000
       1.006000       0.033092      -0.231097       0.989900       0.641750      -0.033092       0.231097      -0.989900      -0.641750      -0.750000
       1.007000       0.034082      -0.230453       0.989238       0.646299      -0.034082       0.230453      -0.989238      -0.646299      -0.750000
       1.008000       0.035071      -0.229805       0.988552       0.650864      -0.035071       0.229805      -0.988552      -0.650864      -0.750000
       1.009000       0.036059      -0.229151       0.987842       0.655445      -0.036059       0.229151      -0.987842      -0.655445      -0.750000
       1.010000       0.037046      -0.228494       0.987107       0.660043      -0.037046       0.228494      -0.987107      -0.660043      -0.750000
       1.011000       0.038033      -0.227831       0.986348       0.664656      -0.038033       0.227831      -0.986348      -0.664656      -0.750000
       1.012000       0.039019      -0.227164       0.985564       0.669286      -0.039019       0.227164      -0.985564      -0.669286      -0.750001
       1.013000       0.040004      -0.226493       0.984755       0.673932      -0.040004       0.226493      -0.984755      -0.673932      -0.750001
       1.014000       0.040989      -0.225817       0.983920       0.678594      -0.040989       0.225817      -0.983920      -0.678594      -0.750001
       1.015000       0.041972      -0.225136       0.983059       0.683272      -0.041972       0.225136      -0.983059      -0.683272      -0.750001
       1.016000       0.042955      -0.224450       0.982173       0.687966      -0.042955       0.224450      -0.982173      -0.687966      -0.750001
       1.017000       0.043936      -0.223760       0.981260       0.692676      -0.043936       0.223760      -0.981260      -0.692676      -0.750001
       1.018000       0.044917      -0.223065       0.980320       0.697401      -0.044917       0.223065      -0.980320      -0.697401      -0.750001
       1.019000       0.045897      -0.222365       0.979353       0.702143      -0.045897       0.222365      -0.979353      -0.702143      -0.750001
       1.020000       0.046876      -0.221660       0.978359       0.706900      -0.046876       0.221660      -0.978359      -0.706900      -0.750001
       1.021000       0.047854      -0.220951       0.977338       0.711673      -0.047854       0.220951      -0.977338      -0.711673      -0.750001
       1.022000       0.048831      -0.220237       0.976288       0.716461      -0.048831       0.220237      -0.976288      -0.716461      -0.750001
       1.023000       0.049806      -0.219518       0.975211       0.721265      -0.049806       0.219518      -0.975211      -0.721265      -0.750001
       1.024000       0.050781      -0.218794       0.974105       0.726084      -0.050781       0.218794      -0.974105      -0.726084      -0.750001
       1.025000       0.051755      -0.218066       0.972970       0.730919      -0.051755       0.218066      -0.972970      -0.730919      -0.750001
       1.026000       0.052727      -0.217333       0.971806       0.735769      -0.052727       0.217333      -0.971806      -0.735769      -0.750001
       1.027000       0.053698      -0.216594       0.970613       0.740635      -0.053698       0.216594      -0.970613      -0.740635      -0.750001
       1.028000       0.054668      -0.215851       0.969390       0.745515      -0.054668       0.215851      -0.969390      -0.745515      -0.750001
       1.029000       0.055637      -0.215103       0.968136       0.750410      -0.055637       0.215103      -0.968136      -0.750410      -0.750001
       1.030000       0.056604      -0.214351       0.966853       0.755321      -0.056604       0.214351      -0.966853      -0.755321      -0.750001
       1.031000       0.057571      -0.213593       0.965539       0.760246      -0.057571       0.213593      -0.965539      -0.760246      -0.750001
       1.032000       0.058536      -0.212830       0.964194       0.765186      -0.058536       0.212830      -0.964194      -0.765186      -0.750001
       1.033000       0.059499      -0.212062       0.962817       0.770141      -0.059499       0.212062      -0.962817      -0.770141      -0.750001
       1.034000       0.060461      -0.211290       0.961409       0.775110      -0.060461       0.211290      -0.961409      -0.775110      -0.750001
       1.035000       0.061422      -0.210512       0.959969       0.780093      -0.061422       0.210512      -0.959969      -0.780093      -0.750001
       1.036000       0.062381      -0.209730       0.958497       0.785091      -0.062381       0.209730      -0.958497      -0.785091      -0.750001
       1.037000       0.063339      -0.208942       0.956992       0.790103      -0.063339       0.208942      -0.956992      -0.790103      -0.750001
       1.038000       0.064295      -0.208149       0.955454       0.795129      -0.064295       0.208149      -0.955454      -0.795129      -0.750001
       1.039000       0.065250      -0.207352       0.953882       0.800169      -0.065250       0.207352      -0.953882      -0.800169      -0.750001
       1.040000       0.066203      -0.206549       0.952277       0.805223      -0.066203       0.206549      -0.952277      -0.805223      -0.750001
       1.041000       0.067154      -0.205741       0.950638       0.810290      -0.067154       0.205741      -0.950638      -0.810290      -0.750001
       1.042000       0.068104      -0.204928       0.948965       0.815371      -0.068104       0.204928      -0.948965      -0.815371      -0.750001
       1.043000       0.069052      -0.204111       0.947257       0.820464      -0.069052       0.204111      -0.947257      -0.820464      -0.750001
       1.044000       0.069999      -0.203288       0.945514       0.825572      -0.069999       0.203288      -0.945514      -0.825572      -0.750001
       1.045000       0.070943      -0.202459       0.943735       0.830692      -0.070943       0.202459      -0.943735      -0.830692      -0.750001
       1.046000       0.071886      -0.201626       0.941921       0.835824      -0.071886       0.201626      -0.941921      -0.835824      -0.750001
       1.047000       0.072827      -0.200788       0.940070       0.840970      -0.072827       0.200788      -0.940070      -0.840970      -0.750001
       1.048000       0.073766      -0.199944       0.938183       0.846128      -0.073766       0.199944      -0.938183      -0.846128      -0.750002
       1.049000       0.074703      -0.199095       0.936260       0.851298      -0.074703       0.199095      -0.936260      -0.851298      -0.750002
       1.050000       0.075639      -0.198242       0.934299       0.856480      -0.075639       0.198242      -0.934299      -0.856480      -0.750002
       1.051000       0.076572      -0.197383       0.932300       0.861674      -0.076572       0.197383      -0.932300      -0.861674      -0.750002
       1.052000       0.077503      -0.196518       0.930264       0.866880      -0.077503       0.196518      -0.930264      -0.866880      -0.750002
       1.053000       0.078433      -0.195649       0.928190       0.872097      -0.078433       0.195649      -0.928190      -0.872097      -0.750002
       1.054000       0.079360      -0.194774       0.926076       0.877325      -0.079360       0.194774      -0.926076      -0.877325      -0.750002
       1.055000       0.080285      -0.193894       0.923924       0.882564      -0.080285       0.193894      -0.923924      -0.882564      -0.750002
       1.056000       0.081208      -0.193009       0.921733       0.887815      -0.081208       0.193009      -0.921733      -0.887815      -0.750002
       1.057000       0.082128      -0.192118       0.919502       0.893075      -0.082128       0.192118      -0.919502      -0.893075      -0.750002
       1.058000       0.083047      -0.191223       0.917231       0.898346      -0.083047       0.191223      -0.917231      -0.898346      -0.750002
       1.059000       0.083963      -0.190322       0.914919       0.903627      -0.083963       0.190322      -0.914919      -0.903627      -0.750002
       1.060000       0.084876      -0.189416       0.912567       0.908918      -0.084876       0.189416      -0.912567      -0.908918      -0.750002
       1.061000       0.085788      -0.188504       0.910173       0.914218      -0.085788       0.188504      -0.910173      -0.914218      -0.750002
       1.062000       0.086697      -0.187587       0.907738       0.919527      -0.086697       0.187587      -0.907738      -0.919527      -0.750002
       1.063000       0.087603      -0.186665       0.905261       0.924846      -0.087603       0.186665      -0.905261      -0.924846      -0.750002
       1.064000       0.088507      -0.185737       0.902742       0.930173      -0.088507       0.185737      -0.902742      -0.930173      -0.750002
       1.065000       0.089409      -0.184805       0.900180       0.935508      -0.089409       0.184805      -0.900180      -0.935508      -0.750002
       1.066000       0.090308      -0.183866       0.897575       0.940852      -0.090308       0.183866      -0.897575      -0.940852      -0.750002
       1.067000       0.091204      -0.182923       0.894927       0.946203      -0.091204       0.182923      -0.894927      -0.946203      -0.750002
       1.068000       0.092098      -0.181974       0.892235       0.951562      -0.092098       0.181974      -0.892235      -0.951562      -0.750002
       1.069000       0.092988      -0.181020       0.889499       0.956928      -0.092988       0.181020      -0.889499      -0.956928      -0.750002
       1.070000       0.093877      -0.180060       0.886718       0.962301      -0.093877       0.180060      -0.886718      -0.962301      -0.750003
       1.071000       0.094762      -0.179095       0.883893       0.967680      -0.094762       0.179095      -0.883893      -0.967680      -0.750003
       1.072000       0.095644      -0.178125       0.881022       0.973065      -0.095644       0.178125      -0.881022      -0.973065      -0.750003
       1.073000       0.096524      -0.177149       0.878106       0.978457      -0.096524       0.177149      -0.878106      -0.978457      -0.750003
       1.074000       0.097401      -0.176168       0.875144       0.983853      -0.097401       0.176168      -0.875144      -0.983853      -0.750003
       1.075000       0.098274      -0.175181       0.872135       0.989255      -0.098274       0.175181      -0.872135      -0.989255      -0.750003
       1.076000       0.099145      -0.174189       0.869080       0.994661      -0.099145       0.174189      -0.869080      -0.994661      -0.750003
       1.077000       0.100012      -0.173192       0.865978       1.000072      -0.100012       0.173192      -0.865978      -1.000072      -0.750003
       1.078000       0.100877      -0.172189       0.862829       1.005486      -0.100877       0.172189      -0.862829      -1.005486      -0.750003
       1.079000       0.101738      -0.171181       0.859632       1.010904      -0.101738       0.171181      -0.859632      -1.010904      -0.750003
       1.080000       0.102596      -0.170167       0.856387       1.016325      -0.102596       0.170167      -0.856387      -1.016325      -0.750003
       1.081000       0.103451      -0.169148       0.853093       1.021749      -0.103451       0.169148      -0.853093      -1.021749      -0.750003
       1.082000       0.104302      -0.168124       0.849751       1.027175      -0.104302       0.168124      -0.849751      -1.027175      -0.750003
       1.083000       0.105150      -0.167094       0.846359       1.032603      -0.105150       0.167094      -0.846359      -1.032603      -0.750003
       1.084000       0.105995      -0.166059       0.842918       1.038032      -0.105995       0.166059      -0.842918      -1.038032      -0.750003
       1.085000       0.106836      -0.165018       0.839427       1.043462      -0.106836       0.165018      -0.839427      -1.043462      -0.750003
       1.086000       0.107674      -0.163972       0.835886       1.048893      -0.107674       0.163972      -0.835886      -1.048893      -0.750004
       1.087000       0.108508      -0.162920       0.832295       1.054323      -0.108508       0.162920      -0.832295      -1.054323      -0.750004
       1.088000       0.109338      -0.161863       0.828653       1.059753      -0.109338       0.161863      -0.828653      -1.059753      -0.750004
       1.089000       0.110165      -0.160801       0.824959       1.065182      -0.110165       0.160801      -0.824959      -1.065182      -0.750004
       1.090000       0.110988      -0.159733       0.821215       1.070610      -0.110988       0.159733      -0.821215      -1.070610      -0.750004
       1.091000       0.111808      -0.158659       0.817418       1.076035      -0.111808       0.158659      -0.817418      -1.076035      -0.750004
       1.092000       0.112623      -0.157581       0.813569       1.081458      -0.112623       0.157581      -0.813569      -1.081458      -0.750004
       1.093000       0.113435      -0.156497       0.809668       1.086878      -0.113435       0.156497      -0.809668      -1.086878      -0.750004
       1.094000       0.114242      -0.155407       0.805714       1.092294      -0.114242       0.155407      -0.805714      -1.092294      -0.750004
       1.095000       0.115046      -0.154312       0.801708       1.097707      -0.115046       0.154312      -0.801708      -1.097707      -0.750004
       1.096000       0.115846      -0.153212       0.797648       1.103114      -0.115846       0.153212      -0.797648      -1.103114      -0.750004
       1.097000       0.116641      -0.152106       0.793534       1.108516      -0.116641       0.152106      -0.793534      -1.108516      -0.750004
       1.098000       0.117433      -0.150994       0.789366       1.113913      -0.117433       0.150994      -0.789366      -1.113913      -0.750004
       1.099000       0.118220      -0.149878       0.785145       1.119303      -0.118220       0.149878      -0.785145      -1.119303      -0.750005
       1.100000       0.119003      -0.148756       0.780868       1.124686      -0.119003       0.148756      -0.780868      -1.124686      -0.750005
       1.101000       0.119782      -0.147628       0.776538       1.130061      -0.119782       0.147628      -0.776538      -1.130061      -0.750005
       1.102000       0.120556      -0.146496       0.772152       1.135428      -0.120556       0.146496      -0.772152      -1.135428      -0.750005
       1.103000       0.121326      -0.145358       0.767711       1.140787      -0.121326       0.145358      -0.767711      -1.140787      -0.750005
       1.104000       0.122092      -0.144214       0.763214       1.146136      -0.122092       0.144214      -0.763214      -1.146136      -0.750005
       1.105000       0.122853      -0.143065       0.758662       1.151475      -0.122853       0.143065      -0.758662      -1.151475      -0.750005
       1.106000       0.123609      -0.141911       0.754054       1.156803      -0.123609       0.141911      -0.754054      -1.156803      -0.750005
       1.107000       0.124361      -0.140752       0.749390       1.162119      -0.124361       0.140752      -0.749390      -1.162119      -0.750005
       1.108000       0.125108      -0.139587       0.744669       1.167424      -0.125108       0.139587      -0.744669      -1.167424      -0.750005
       1.109000       0.125850      -0.138417       0.739892       1.172716      -0.125850       0.138417      -0.739892      -1.172716      -0.750005
       1.110000       0.126588      -0.137242       0.735058       1.177994      -0.126588       0.137242      -0.735058      -1.177994      -0.750005
       1.111000       0.127320      -0.136061       0.730167       1.183259      -0.127320       0.136061      -0.730167      -1.183259      -0.750006
       1.112000       0.128048      -0.134875       0.725219       1.188508      -0.128048       0.134875      -0.725219      -1.188508      -0.750006
       1.113000       0.128771      -0.133684       0.720214       1.193742      -0.128771       0.133684      -0.720214      -1.193742      -0.750006
       1.114000       0.129488      -0.132488       0.715151       1.198960      -0.129488       0.132488      -0.715151      -1.198960      -0.750006
       1.115000       0.130201      -0.131286       0.710031       1.204161      -0.130201       0.131286      -0.710031      -1.204161      -0.750006
       1.116000       0.130908      -0.130079       0.704853       1.209344      -0.130908       0.130079      -0.704853      -1.209344      -0.750006
       1.117000       0.131611      -0.128867       0.699617       1.214508      -0.131611       0.128867      -0.699617      -1.214508      -0.750006
       1.118000       0.132308      -0.127650       0.694323       1.219654      -0.132308       0.127650      -0.694323      -1.219654      -0.750006
       1.119000       0.132999      -0.126428       0.688971       1.224779      -0.132999       0.126428      -0.688971      -1.224779      -0.750006
       1.120000       0.133686      -0.125201       0.683561       1.229884      -0.133686       0.125201      -0.683561      -1.229884      -0.750006
       1.121000       0.134366      -0.123968       0.678092       1.234967      -0.134366       0.123968      -0.678092      -1.234967      -0.750007
       1.122000       0.135042      -0.122731       0.672565       1.240028      -0.135042       0.122731      -0.672565      -1.240028      -0.750007
       1.123000       0.135712      -0.121488       0.666980       1.245065      -0.135712       0.121488      -0.666980      -1.245065      -0.750007
       1.124000       0.136376      -0.120241       0.661337       1.250079      -0.136376       0.120241      -0.661337      -1.250079      -0.750007
       1.125000       0.137034      -0.118988       0.655635       1.255068      -0.137034       0.118988      -0.655635      -1.255068      -0.750007
       1.126000       0.137687      -0.117730       0.649874       1.260032      -0.137687       0.117730      -0.649874      -1.260032      -0.750007
       1.127000       0.138334      -0.116468       0.644055       1.264969      -0.138334       0.116468      -0.644055      -1.264969      -0.750007
       1.128000       0.138975      -0.115201       0.638178       1.269879      -0.138975       0.115201      -0.638178      -1.269879      -0.750007
       1.129000       0.139610      -0.113928       0.632242       1.274761      -0.139610       0.113928      -0.632242      -1.274761      -0.750007
       1.130000       0.140240      -0.112651       0.626247       1.279614      -0.140240       0.112651      -0.626247      -1.279614      -0.750007
       1.131000       0.140863      -0.111369       0.620195       1.284438      -0.140863       0.111369      -0.620195      -1.284438      -0.750008
       1.132000       0.141480      -0.110082       0.614084       1.289231      -0.141480       0.110082      -0.614084      -1.289231      -0.750008
       1.133000       0.142091      -0.108791       0.607914       1.293992      -0.142091       0.108791      -0.607914      -1.293992      -0.750008
       1.134000       0.142696      -0.107494       0.601687       1.298721      -0.142696       0.107494      -0.601687      -1.298721      -0.750008
       1.135000       0.143294      -0.106193       0.595402       1.303418      -0.143294       0.106193      -0.595402      -1.303418      -0.750008
       1.136000       0.143887      -0.104887       0.589059       1.308080      -0.143887       0.104887      -0.589059      -1.308080      -0.750008
       1.137000       0.144473      -0.103577       0.582658       1.312707      -0.144473       0.103577      -0.582658      -1.312707      -0.750008
       1.138000       0.145052      -0.102262       0.576200       1.317298      -0.145052       0.102262      -0.576200      -1.317298      -0.750008
       1.139000       0.145625      -0.100942       0.569684       1.321853      -0.145625       0.100942      -0.569684      -1.321853      -0.750008
       1.140000       0.146191      -0.099618       0.563111       1.326371      -0.146191       0.099618      -0.563111      -1.326371      -0.750009
       1.141000       0.146751      -0.098290       0.556481       1.330850      -0.146751       0.098290      -0.556481      -1.330850      -0.750009
       1.142000       0.147304      -0.096956       0.549795       1.335289      -0.147304       0.096956      -0.549795      -1.335289      -0.750009
       1.143000       0.147851      -0.095619       0.543052       1.339689      -0.147851       0.095619      -0.543052      -1.339689      -0.750009
       1.144000       0.148390      -0.094277       0.536253       1.344047      -0.148390       0.094277      -0.536253      -1.344047      -0.750009
       1.145000       0.148923      -0.092931       0.529398       1.348363      -0.148923       0.092931      -0.529398      -1.348363      -0.750009
       1.146000       0.149449      -0.091580       0.522487       1.352637      -0.149449       0.091580      -0.522487      -1.352637      -0.750009
       1.147000       0.149968      -0.090226       0.515521       1.356866      -0.149968       0.090226      -0.515521      -1.356866      -0.750009
       1.148000       0.150480      -0.088867       0.508500       1.361051      -0.150480       0.088867      -0.508500      -1.361051      -0.750009
       1.149000       0.150985      -0.087504       0.501425       1.365191      -0.150985       0.087504      -0.501425      -1.365191      -0.750009
       1.150000       0.151483      -0.086136       0.494295       1.369283      -0.151483       0.086136      -0.494295      -1.369283      -0.750010
       1.151000       0.151974      -0.084765       0.487112       1.373329      -0.151974       0.084765      -0.487112      -1.373329      -0.750010
       1.152000       0.152457      -0.083390       0.479875       1.377326      -0.152457       0.083390      -0.479875      -1.377326      -0.750010
       1.153000       0.152934      -0.082010       0.472585       1.381274      -0.152934       0.082010      -0.472585      -1.381274      -0.750010
       1.154000       0.153402      -0.080627       0.465243       1.385172      -0.153402       0.080627      -0.465243      -1.385172      -0.750010
       1.155000       0.153864      -0.079240       0.457848       1.389019      -0.153864       0.079240      -0.457848      -1.389019      -0.750010
       1.156000       0.154318      -0.077849       0.450403       1.392815      -0.154318       0.077849      -0.450403      -1.392815      -0.750010
       1.157000       0.154765      -0.076454       0.442906       1.396557      -0.154765       0.076454      -0.442906      -1.396557      -0.750010
       1.158000       0.155204      -0.075056       0.435359       1.400246      -0.155204       0.075056      -0.435359      -1.400246      -0.750010
       1.159000       0.155636      -0.073654       0.427761       1.403881      -0.155636       0.073654      -0.427761      -1.403881      -0.750011
       1.160000       0.156060      -0.072248       0.420115       1.407460      -0.156060       0.072248      -0.420115      -1.407460      -0.750011
       1.161000       0.156476      -0.070839       0.412419       1.410983      -0.156476       0.070839      -0.412419      -1.410983      -0.750011
       1.162000       0.156884      -0.069426       0.404676       1.414449      -0.156884       0.069426      -0.404676      -1.414449      -0.750011
       1.163000       0.157285      -0.068010       0.396885       1.417857      -0.157285       0.068010      -0.396885      -1.417857      -0.750011
       1.164000       0.157678      -0.066590       0.389047       1.421207      -0.157678       0.066590      -0.389047      -1.421207      -0.750011
       1.165000       0.158063      -0.065168       0.381163       1.424496      -0.158063       0.065168      -0.381163      -1.424496      -0.750011
       1.166000       0.158440      -0.063741       0.373234       1.427726      -0.158440       0.063741      -0.373234      -1.427726      -0.750011
       1.167000       0.158810      -0.062312       0.365259       1.430894      -0.158810       0.062312      -0.365259      -1.430894      -0.750011
       1.168000       0.159171      -0.060880       0.357241       1.434001      -0.159171       0.060880      -0.357241      -1.434001      -0.750011
       1.169000       0.159524      -0.059444       0.349179       1.437045      -0.159524       0.059444      -0.349179      -1.437045      -0.750011
       1.170000       0.159869      -0.058006       0.341075       1.440025      -0.159869       0.058006      -0.341075      -1.440025      -0.750012
       1.171000       0.160206      -0.056564       0.332929       1.442940      -0.160206       0.056564      -0.332929      -1.442940      -0.750012
       1.172000       0.160535      -0.055120       0.324742       1.445791      -0.160535       0.055120      -0.324742      -1.445791      -0.750012
       1.173000       0.160856      -0.053673       0.316514       1.448576      -0.160856       0.053673      -0.316514      -1.448576      -0.750012
       1.174000       0.161168      -0.052223       0.308248       1.451294      -0.161168       0.052223      -0.308248      -1.451294      -0.750012
       1.175000       0.161472      -0.050770       0.299943       1.453945      -0.161472       0.050770      -0.299943      -1.453945      -0.750012
       1.176000       0.161768      -0.049315       0.291600       1.456528      -0.161768       0.049315      -0.291600      -1.456528      -0.750012
       1.177000       0.162056      -0.047857       0.283221       1.459043      -0.162056       0.047857      -0.283221      -1.459043      -0.750012
       1.178000       0.162335      -0.046397       0.274806       1.461488      -0.162335       0.046397      -0.274806      -1.461488      -0.750012
       1.179000       0.162605      -0.044934       0.266356       1.463863      -0.162605       0.044934      -0.266356      -1.463863      -0.750012
       1.180000       0.162867      -0.043469       0.257873       1.466167      -0.162867       0.043469      -0.257873      -1.466167      -0.750012
       1.181000       0.163121      -0.042002       0.249356       1.468400      -0.163121       0.042002      -0.249356      -1.468400      -0.750012
       1.182000       0.163366      -0.040532       0.240807       1.470561      -0.163366       0.040532      -0.240807      -1.470561      -0.750013
       1.183000       0.163602      -0.039060       0.232227       1.472649      -0.163602       0.039060      -0.232227      -1.472649      -0.750013
       1.184000       0.163830      -0.037587       0.223617       1.474665      -0.163830       0.037587      -0.223617      -1.474665      -0.750013
       1.185000       0.164050      -0.036111       0.214979       1.476607      -0.164050       0.036111      -0.214979      -1.476607      -0.750013
       1.186000       0.164260      -0.034634       0.206312       1.478474      -0.164260       0.034634      -0.206312      -1.478474      -0.750013
       1.187000       0.164462      -0.033154       0.197618       1.480267      -0.164462       0.033154      -0.197618      -1.480267      -0.750013
       1.188000       0.164656      -0.031673       0.188899       1.481984      -0.164656       0.031673      -0.188899      -1.481984      -0.750013
       1.189000       0.164840      -0.030190       0.180155       1.483626      -0.164840       0.030190      -0.180155      -1.483626      -0.750013
       1.190000       0.165016      -0.028706       0.171387       1.485191      -0.165016       0.028706      -0.171387      -1.485191      -0.750013
       1.191000       0.165183      -0.027220       0.162597       1.486680      -0.165183       0.027220      -0.162597      -1.486680      -0.750013
       1.192000       0.165341      -0.025732       0.153785       1.488092      -0.165341       0.025732      -0.153785      -1.488092      -0.750013
       1.193000       0.165490      -0.024244       0.144952       1.489426      -0.165490       0.024244      -0.144952      -1.489426      -0.750013
       1.194000       0.165631      -0.022754       0.136101       1.490682      -0.165631       0.022754      -0.136101      -1.490682      -0.750013
       1.195000       0.165763      -0.021262       0.127231       1.491860      -0.165763       0.021262      -0.127231      -1.491860      -0.750013
       1.196000       0.165885      -0.019770       0.118344       1.492960      -0.165885       0.019770      -0.118344      -1.492960      -0.750013
       1.197000       0.165999      -0.018276       0.109442       1.493980      -0.165999       0.018276      -0.109442      -1.493980      -0.750013
       1.198000       0.166104      -0.016782       0.100525       1.494922      -0.166104       0.016782      -0.100525      -1.494922      -0.750013
       1.199000       0.166200      -0.015286       0.091595       1.495783      -0.166200       0.015286      -0.091595      -1.495783      -0.750013
       1.200000       0.166288      -0.013790       0.082652       1.496566      -0.166288       0.013790      -0.082652      -1.496566      -0.750013
       1.201000       0.166366      -0.012293       0.073698       1.497268      -0.166366       0.012293      -0.073698      -1.497268      -0.750013
       1.202000       0.166435      -0.010796       0.064734       1.497889      -0.166435       0.010796      -0.064734      -1.497889      -0.750013
       1.203000       0.166495      -0.009298       0.055762       1.498431      -0.166495       0.009298      -0.055762      -1.498431      -0.750013
       1.204000       0.166546      -0.007799       0.046782       1.498892      -0.166546       0.007799      -0.046782      -1.498892      -0.750013
       1.205000       0.166589      -0.006300       0.037795       1.499272      -0.166589       0.006300      -0.037795      -1.499272      -0.750013
       1.206000       0.166622      -0.004800       0.028804       1.499572      -0.166622       0.004800      -0.028804      -1.499572      -0.750013
       1.207000       0.166646      -0.003301       0.019809       1.499790      -0.166646       0.003301      -0.019809      -1.499790      -0.750013
       1.208000       0.166662      -0.001801       0.010811       1.499928      -0.166662       0.001801      -0.010811      -1.499928      -0.750013
       1.209000       0.166668      -0.000301       0.001811       1.499985      -0.166668       0.000301      -0.001811      -1.499985      -0.750013
       1.210000       0.166665       0.001199      -0.007188       1.499961      -0.166665      -0.001199       0.007188      -1.499961      -0.750013
       1.211000       0.166654       0.002699      -0.016187       1.499855      -0.166654      -0.002699       0.016187      -1.499855      -0.750013
       1.212000       0.166633       0.004199      -0.025183       1.499669      -0.166633      -0.004199       0.025183      -1.499669      -0.750013
       1.213000       0.166603       0.005698      -0.034176       1.499402      -0.166603      -0.005698       0.034176      -1.499402      -0.750013
       1.214000       0.166565       0.007198      -0.043165       1.499054      -0.166565      -0.007198       0.043165      -1.499054      -0.750013
       1.215000       0.166517       0.008697      -0.052147       1.498626      -0.166517      -0.008697       0.052147      -1.498626      -0.750013
       1.216000       0.166460       0.010195      -0.061123       1.498116      -0.166460      -0.010195       0.061123      -1.498116      -0.750013
       1.217000       0.166395       0.011693      -0.070091       1.497527      -0.166395      -0.011693       0.070091      -1.497527      -0.750013
       1.218000       0.166320       0.013190      -0.079048       1.496857      -0.166320      -0.013190       0.079048      -1.496857      -0.750013
       1.219000       0.166237       0.014687      -0.087996       1.496107      -0.166237      -0.014687       0.087996      -1.496107      -0.750013
       1.220000       0.166144       0.016182      -0.096931       1.495277      -0.166144      -0.016182       0.096931      -1.495277      -0.750013
       1.221000       0.166043       0.017677      -0.105854       1.494367      -0.166043      -0.017677       0.105854      -1.494367      -0.750013
       1.222000       0.165932       0.019171      -0.114762       1.493379      -0.165932      -0.019171       0.114762      -1.493379      -0.750013
       1.223000       0.165813       0.020664      -0.123655       1.492311      -0.165813      -0.020664       0.123655      -1.492311      -0.750013
       1.224000       0.165685       0.022156      -0.132532       1.491164      -0.165685      -0.022156       0.132532      -1.491164      -0.750013
       1.225000       0.165548       0.023646      -0.141391       1.489939      -0.165548      -0.023646       0.141391      -1.489939      -0.750013
       1.226000       0.165402       0.025135      -0.150231       1.488636      -0.165402      -0.025135       0.150231      -1.488636      -0.750013
       1.227000       0.165248       0.026623      -0.159051       1.487256      -0.165248      -0.026623       0.159051      -1.487256      -0.750013
       1.228000       0.165084       0.028110      -0.167850       1.485798      -0.165084      -0.028110       0.167850      -1.485798      -0.750013
       1.229000       0.164912       0.029595      -0.176627       1.484263      -0.164912      -0.029595       0.176627      -1.484263      -0.750013
       1.230000       0.164731       0.031078      -0.185381       1.482652      -0.164731      -0.031078       0.185381      -1.482652      -0.750013
       1.231000       0.164541       0.032560      -0.194111       1.480965      -0.164541      -0.032560       0.194111      -1.480965      -0.750013
       1.232000       0.164343       0.034040      -0.202815       1.479202      -0.164343      -0.034040       0.202815      -1.479202      -0.750013
       1.233000       0.164136       0.035519      -0.211492       1.477365      -0.164136      -0.035519       0.211492      -1.477365      -0.750013
       1.234000       0.163920       0.036995      -0.220142       1.475453      -0.163920      -0.036995       0.220142      -1.475453      -0.750013
       1.235000       0.163695       0.038470      -0.228764       1.473467      -0.163695      -0.038470       0.228764      -1.473467      -0.750013
       1.236000       0.163462       0.039942      -0.237356       1.471407      -0.163462      -0.039942       0.237356      -1.471407      -0.750013
       1.237000       0.163221       0.041412      -0.245917       1.469275      -0.163221      -0.041412       0.245917      -1.469275      -0.750012
       1.238000       0.162970       0.042881      -0.254447       1.467071      -0.162970      -0.042881       0.254447      -1.467071      -0.750012
       1.239000       0.162712       0.044347      -0.262944       1.464796      -0.162712      -0.044347       0.262944      -1.464796      -0.750012
       1.240000       0.162444       0.045810      -0.271407       1.462449      -0.162444      -0.045810       0.271407      -1.462449      -0.750012
       1.241000       0.162169       0.047271      -0.279836       1.460032      -0.162169      -0.047271       0.279836      -1.460032      -0.750012
       1.242000       0.161885       0.048730      -0.288230       1.457545      -0.161885      -0.048730       0.288230      -1.457545      -0.750012
       1.243000       0.161592       0.050187      -0.296587       1.454990      -0.161592      -0.050187       0.296587      -1.454990      -0.750012
       1.244000       0.161292       0.051640      -0.304908       1.452366      -0.161292      -0.051640       0.304908      -1.452366      -0.750012
       1.245000       0.160983       0.053091      -0.313189       1.449675      -0.160983      -0.053091       0.313189      -1.449675      -0.750012
       1.246000       0.160665       0.054540      -0.321433       1.446916      -0.160665      -0.054540       0.321433      -1.446916      -0.750012
       1.247000       0.160340       0.055985      -0.329636       1.444092      -0.160340      -0.055985       0.329636      -1.444092      -0.750012
       1.248000       0.160006       0.057428      -0.337798       1.441202      -0.160006      -0.057428       0.337798      -1.441202      -0.750012
       1.249000       0.159664       0.058868      -0.345919       1.438248      -0.159664      -0.058868       0.345919      -1.438248      -0.750012
       1.250000       0.159314       0.060304      -0.353998       1.435230      -0.159314      -0.060304       0.353998      -1.435230      -0.750011
       1.251000       0.158956       0.061738      -0.362034       1.432148      -0.158956      -0.061738       0.362034      -1.432148      -0.750011
       1.252000       0.158590       0.063169      -0.370026       1.429005      -0.158590      -0.063169       0.370026      -1.429005      -0.750011
       1.253000       0.158216       0.064596      -0.377974       1.425800      -0.158216      -0.064596       0.377974      -1.425800      -0.750011
       1.254000       0.157834       0.066020      -0.385876       1.422534      -0.157834      -0.066020       0.385876      -1.422534      -0.750011
       1.255000       0.157444       0.067441      -0.393732       1.419208      -0.157444      -0.067441       0.393732      -1.419208      -0.750011
       1.256000       0.157047       0.068859      -0.401542       1.415823      -0.157047      -0.068859       0.401542      -1.415823      -0.750011
       1.257000       0.156641       0.070273      -0.409305       1.412381      -0.156641      -0.070273       0.409305      -1.412381      -0.750011
       1.258000       0.156228       0.071683      -0.417019       1.408880      -0.156228      -0.071683       0.417019      -1.408880      -0.750011
       1.259000       0.155807       0.073090      -0.424686       1.405324      -0.155807      -0.073090       0.424686      -1.405324      -0.750011
       1.260000       0.155379       0.074494      -0.432303       1.401711      -0.155379      -0.074494       0.432303      -1.401711      -0.750010
       1.261000       0.154943       0.075894      -0.439870       1.398044      -0.154943      -0.075894       0.439870      -1.398044      -0.750010
       1.262000       0.154499       0.077290      -0.447387       1.394323      -0.154499      -0.077290       0.447387      -1.394323      -0.750010
       1.263000       0.154048       0.078683      -0.454853       1.390549      -0.154048      -0.078683       0.454853      -1.390549      -0.750010
       1.264000       0.153589       0.080071      -0.462268       1.386722      -0.153589      -0.080071       0.462268      -1.386722      -0.750010
       1.265000       0.153123       0.081456      -0.469631       1.382845      -0.153123      -0.081456       0.469631      -1.382845      -0.750010
       1.266000       0.152650       0.082837      -0.476942       1.378917      -0.152650      -0.082837       0.476942      -1.378917      -0.750010
       1.267000       0.152169       0.084214      -0.484200       1.374939      -0.152169      -0.084214       0.484200      -1.374939      -0.750010
       1.268000       0.151682       0.085587      -0.491405       1.370913      -0.151682      -0.085587       0.491405      -1.370913      -0.750010
       1.269000       0.151187       0.086956      -0.498556       1.366839      -0.151187      -0.086956       0.498556      -1.366839      -0.750010
       1.270000       0.150684       0.088320      -0.505654       1.362718      -0.150684      -0.088320       0.505654      -1.362718      -0.750009
       1.271000       0.150175       0.089681      -0.512696       1.358551      -0.150175      -0.089681       0.512696      -1.358551      -0.750009
       1.272000       0.149659       0.091038      -0.519684       1.354340      -0.149659      -0.091038       0.519684      -1.354340      -0.750009
       1.273000       0.149136       0.092390      -0.526617       1.350084      -0.149136      -0.092390       0.526617      -1.350084      -0.750009
       1.274000       0.148606       0.093738      -0.533494       1.345785      -0.148606      -0.093738       0.533494      -1.345785      -0.750009
       1.275000       0.148069       0.095081      -0.540316       1.341443      -0.148069      -0.095081       0.540316      -1.341443      -0.750009
       1.276000       0.147525       0.096421      -0.547082       1.337060      -0.147525      -0.096421       0.547082      -1.337060      -0.750009
       1.277000       0.146975       0.097755      -0.553791       1.332637      -0.146975      -0.097755       0.553791      -1.332637      -0.750009
       1.278000       0.146418       0.099086      -0.560443       1.328173      -0.146418      -0.099086       0.560443      -1.328173      -0.750009
       1.279000       0.145854       0.100412      -0.567039       1.323671      -0.145854      -0.100412       0.567039      -1.323671      -0.750008
       1.280000       0.145284       0.101733      -0.573577       1.319132      -0.145284      -0.101733       0.573577      -1.319132      -0.750008
       1.281000       0.144707       0.103050      -0.580059       1.314555      -0.144707      -0.103050       0.580059      -1.314555      -0.750008
       1.282000       0.144123       0.104362      -0.586483       1.309942      -0.144123      -0.104362       0.586483      -1.309942      -0.750008
       1.283000       0.143534       0.105670      -0.592849       1.305294      -0.143534      -0.105670       0.592849      -1.305294      -0.750008
       1.284000       0.142938       0.106973      -0.599157       1.300611      -0.142938      -0.106973       0.599157      -1.300611      -0.750008
       1.285000       0.142335       0.108271      -0.605408       1.295895      -0.142335      -0.108271       0.605408      -1.295895      -0.750008
       1.286000       0.141727       0.109565      -0.611600       1.291146      -0.141727      -0.109565       0.611600      -1.291146      -0.750008
       1.287000       0.141112       0.110853      -0.617734       1.286366      -0.141112      -0.110853       0.617734      -1.286366      -0.750008
       1.288000       0.140491       0.112137      -0.623810       1.281555      -0.140491      -0.112137       0.623810      -1.281555      -0.750007
       1.289000       0.139865       0.113417      -0.629828       1.276713      -0.139865      -0.113417       0.629828      -1.276713      -0.750007
       1.290000       0.139232       0.114691      -0.635787       1.271843      -0.139232      -0.114691       0.635787      -1.271843      -0.750007
       1.291000       0.138593       0.115960      -0.641688       1.266944      -0.138593      -0.115960       0.641688      -1.266944      -0.750007
       1.292000       0.137948       0.117225      -0.647531       1.262018      -0.137948      -0.117225       0.647531      -1.262018      -0.750007
       1.293000       0.137298       0.118484      -0.653315       1.257065      -0.137298      -0.118484       0.653315      -1.257065      -0.750007
       1.294000       0.136642       0.119739      -0.659040       1.252086      -0.136642      -0.119739       0.659040      -1.252086      -0.750007
       1.295000       0.135980       0.120988      -0.664707       1.247082      -0.135980      -0.120988       0.664707      -1.247082      -0.750007
       1.296000       0.135312       0.122233      -0.670316       1.242054      -0.135312      -0.122233       0.670316      -1.242054      -0.750007
       1.297000       0.134639       0.123473      -0.675866       1.237002      -0.134639      -0.123473       0.675866      -1.237002      -0.750007
       1.298000       0.133961       0.124707      -0.681358       1.231928      -0.133961      -0.124707       0.681358      -1.231928      -0.750006
       1.299000       0.133277       0.125936      -0.686791       1.226832      -0.133277      -0.125936       0.686791      -1.226832      -0.750006
       1.300000       0.132587       0.127161      -0.692166       1.221715      -0.132587      -0.127161       0.692166      -1.221715      -0.750006
       1.301000       0.131892       0.128380      -0.697484       1.216578      -0.131892      -0.128380       0.697484      -1.216578      -0.750006
       1.302000       0.131192       0.129594      -0.702743       1.211421      -0.131192      -0.129594       0.702743      -1.211421      -0.750006
       1.303000       0.130487       0.130803      -0.707944       1.206245      -0.130487      -0.130803       0.707944      -1.206245      -0.750006
       1.304000       0.129776       0.132006      -0.713088       1.201052      -0.129776      -0.132006       0.713088      -1.201052      -0.750006
       1.305000       0.129061       0.133205      -0.718173       1.195841      -0.129061      -0.133205       0.718173      -1.195841      -0.750006
       1.306000       0.128340       0.134398      -0.723202       1.190613      -0.128340      -0.134398       0.723202      -1.190613      -0.750006
       1.307000       0.127614       0.135586      -0.728173       1.185370      -0.127614      -0.135586       0.728173      -1.185370      -0.750006
       1.308000       0.126884       0.136769      -0.733086       1.180111      -0.126884      -0.136769       0.733086      -1.180111      -0.750005
       1.309000       0.126148       0.137946      -0.737943       1.174839      -0.126148      -0.137946       0.737943      -1.174839      -0.750005
       1.310000       0.125408       0.139118      -0.742743       1.169552      -0.125408      -0.139118       0.742743      -1.169552      -0.750005
       1.311000       0.124662       0.140285      -0.747486       1.164253      -0.124662      -0.140285       0.747486      -1.164253      -0.750005
       1.312000       0.123913       0.141447      -0.752173       1.158941      -0.123913      -0.141447       0.752173      -1.158941      -0.750005
       1.313000       0.123158       0.142603      -0.756803       1.153617      -0.123158      -0.142603       0.756803      -1.153617      -0.750005
       1.314000       0.122399       0.143754      -0.761378       1.148283      -0.122399      -0.143754       0.761378      -1.148283      -0.750005
       1.315000       0.121635       0.144900      -0.765897       1.142938      -0.121635      -0.144900       0.765897      -1.142938      -0.750005
       1.316000       0.120867       0.146040      -0.770360       1.137583      -0.120867      -0.146040       0.770360      -1.137583      -0.750005
       1.317000       0.120095       0.147175      -0.774768       1.132220      -0.120095      -0.147175       0.774768      -1.132220      -0.750005
       1.318000       0.119318       0.148305      -0.779121       1.126847      -0.119318      -0.148305       0.779121      -1.126847      -0.750005
       1.319000       0.118536       0.149429      -0.783419       1.121468      -0.118536      -0.149429       0.783419      -1.121468      -0.750005
       1.320000       0.117751       0.150547      -0.787662       1.116080      -0.117751      -0.150547       0.787662      -1.116080      -0.750004
       1.321000       0.116961       0.151661      -0.791852       1.110686      -0.116961      -0.151661       0.791852      -1.110686      -0.750004
       1.322000       0.116167       0.152769      -0.795987       1.105287      -0.116167      -0.152769       0.795987      -1.105287      -0.750004
       1.323000       0.115369       0.153871      -0.800068       1.099881      -0.115369      -0.153871       0.800068      -1.099881      -0.750004
       1.324000       0.114567       0.154969      -0.804097       1.094471      -0.114567      -0.154969       0.804097      -1.094471      -0.750004
       1.325000       0.113761       0.156060      -0.808072       1.089056      -0.113761      -0.156060       0.808072      -1.089056      -0.750004
       1.326000       0.112951       0.157147      -0.811994       1.083638      -0.112951      -0.157147       0.811994      -1.083638      -0.750004
       1.327000       0.112137       0.158228      -0.815863       1.078216      -0.112137      -0.158228       0.815863      -1.078216      -0.750004
       1.328000       0.111319       0.159303      -0.819681       1.072792      -0.111319      -0.159303       0.819681      -1.072792      -0.750004
       1.329000       0.110498       0.160373      -0.823446       1.067365      -0.110498      -0.160373       0.823446      -1.067365      -0.750004
       1.330000       0.109672       0.161438      -0.827160       1.061937      -0.109672      -0.161438       0.827160      -1.061937      -0.750004
       1.331000       0.108843       0.162497      -0.830823       1.056507      -0.108843      -0.162497       0.830823      -1.056507      -0.750004
       1.332000       0.108011       0.163551      -0.834435       1.051077      -0.108011      -0.163551       0.834435      -1.051077      -0.750004
       1.333000       0.107174       0.164599      -0.837996       1.045646      -0.107174      -0.164599       0.837996      -1.045646      -0.750003
       1.334000       0.106335       0.165642      -0.841507       1.040216      -0.106335      -0.165642       0.841507      -1.040216      -0.750003
       1.335000       0.105491       0.166680      -0.844967       1.034787      -0.105491      -0.166680       0.844967      -1.034787      -0.750003
       1.336000       0.104645       0.167712      -0.848379       1.029358      -0.104645      -0.167712       0.848379      -1.029358      -0.750003
       1.337000       0.103795       0.168738      -0.851741       1.023932      -0.103795      -0.168738       0.851741      -1.023932      -0.750003
       1.338000       0.102941       0.169760      -0.855054       1.018507      -0.102941      -0.169760       0.855054      -1.018507      -0.750003
       1.339000       0.102085       0.170775      -0.858319       1.013085      -0.102085      -0.170775       0.858319      -1.013085      -0.750003
       1.340000       0.101225       0.171786      -0.861535       1.007666      -0.101225      -0.171786       0.861535      -1.007666      -0.750003
       1.341000       0.100361       0.172791      -0.864703       1.002250      -0.100361      -0.172791       0.864703      -1.002250      -0.750003
       1.342000       0.099495       0.173790      -0.867824       0.996838      -0.099495      -0.173790       0.867824      -0.996838      -0.750003
       1.343000       0.098626       0.174784      -0.870898       0.991430      -0.098626      -0.174784       0.870898      -0.991430      -0.750003
       1.344000       0.097753       0.175773      -0.873925       0.986026      -0.097753      -0.175773       0.873925      -0.986026      -0.750003
       1.345000       0.096878       0.176756      -0.876906       0.980628      -0.096878      -0.176756       0.876906      -0.980628      -0.750003
       1.346000       0.096000       0.177734      -0.879840       0.975234      -0.096000      -0.177734       0.879840      -0.975234      -0.750003
       1.347000       0.095118       0.178707      -0.882729       0.969847      -0.095118      -0.178707       0.882729      -0.969847      -0.750003
       1.348000       0.094234       0.179674      -0.885573       0.964465      -0.094234      -0.179674       0.885573      -0.964465      -0.750003
       1.349000       0.093347       0.180636      -0.888371       0.959090      -0.093347      -0.180636       0.888371      -0.959090      -0.750002
       1.350000       0.092457       0.181592      -0.891125       0.953721      -0.092457      -0.181592       0.891125      -0.953721      -0.750002
       1.351000       0.091565       0.182543      -0.893835       0.948360      -0.091565      -0.182543       0.893835      -0.948360      -0.750002
       1.352000       0.090670       0.183489      -0.896501       0.943005      -0.090670      -0.183489       0.896501      -0.943005      -0.750002
       1.353000       0.089772       0.184429      -0.899123       0.937659      -0.089772      -0.184429       0.899123      -0.937659      -0.750002
       1.354000       0.088871       0.185364      -0.901702       0.932320      -0.088871      -0.185364       0.901702      -0.932320      -0.750002
       1.355000       0.087968       0.186294      -0.904238       0.926990      -0.087968      -0.186294       0.904238      -0.926990      -0.750002
       1.356000       0.087063       0.187218      -0.906732       0.921668      -0.087063      -0.187218       0.906732      -0.921668      -0.750002
       1.357000       0.086155       0.188137      -0.909184       0.916355      -0.086155      -0.188137       0.909184      -0.916355      -0.750002
       1.358000       0.085245       0.189051      -0.911594       0.911051      -0.085245      -0.189051       0.911594      -0.911051      -0.750002
       1.359000       0.084332       0.189959      -0.913963       0.905756      -0.084332      -0.189959       0.913963      -0.905756      -0.750002
       1.360000       0.083417       0.190863      -0.916291       0.900472      -0.083417      -0.190863       0.916291      -0.900472      -0.750002
       1.361000       0.082499       0.191760      -0.918579       0.895197      -0.082499      -0.191760       0.918579      -0.895197      -0.750002
       1.362000       0.081580       0.192653      -0.920826       0.889932      -0.081580      -0.192653       0.920826      -0.889932      -0.750002
       1.363000       0.080658       0.193540      -0.923033       0.884678      -0.080658      -0.193540       0.923033      -0.884678      -0.750002
       1.364000       0.079733       0.194422      -0.925201       0.879434      -0.079733      -0.194422       0.925201      -0.879434      -0.750002
       1.365000       0.078807       0.195299      -0.927330       0.874202      -0.078807      -0.195299       0.927330      -0.874202      -0.750002
       1.366000       0.077879       0.196171      -0.929420       0.868980      -0.077879      -0.196171       0.929420      -0.868980      -0.750002
       1.367000       0.076948       0.197037      -0.931471       0.863770      -0.076948      -0.197037       0.931471      -0.863770      -0.750002
       1.368000       0.076016       0.197898      -0.933485       0.858571      -0.076016      -0.197898       0.933485      -0.858571      -0.750002
       1.369000       0.075081       0.198754      -0.935461       0.853384      -0.075081      -0.198754       0.935461      -0.853384      -0.750002
       1.370000       0.074145       0.199605      -0.937399       0.848210      -0.074145      -0.199605       0.937399      -0.848210      -0.750002
       1.371000       0.073207       0.200451      -0.939301       0.843047      -0.073207      -0.200451       0.939301      -0.843047      -0.750001
       1.372000       0.072266       0.201291      -0.941166       0.837896      -0.072266      -0.201291       0.941166      -0.837896      -0.750001
       1.373000       0.071324       0.202126      -0.942995       0.832759      -0.071324      -0.202126       0.942995      -0.832759      -0.750001
       1.374000       0.070380       0.202957      -0.944788       0.827634      -0.070380      -0.202957       0.944788      -0.827634      -0.750001
       1.375000       0.069435       0.203782      -0.946545       0.822521      -0.069435      -0.203782       0.946545      -0.822521      -0.750001
       1.376000       0.068487       0.204602      -0.948267       0.817422      -0.068487      -0.204602       0.948267      -0.817422      -0.750001
       1.377000       0.067538       0.205416      -0.949954       0.812336      -0.067538      -0.205416       0.949954      -0.812336      -0.750001
       1.378000       0.066587       0.206226      -0.951607       0.807264      -0.066587      -0.206226       0.951607      -0.807264      -0.750001
       1.379000       0.065635       0.207031      -0.953226       0.802205      -0.065635      -0.207031       0.953226      -0.802205      -0.750001
       1.380000       0.064681       0.207831      -0.954811       0.797159      -0.064681      -0.207831       0.954811      -0.797159      -0.750001
       1.381000       0.063725       0.208625      -0.956362       0.792128      -0.063725      -0.208625       0.956362      -0.792128      -0.750001
       1.382000       0.062768       0.209415      -0.957881       0.787110      -0.062768      -0.209415       0.957881      -0.787110      -0.750001
       1.383000       0.061810       0.210200      -0.959366       0.782107      -0.061810      -0.210200       0.959366      -0.782107      -0.750001
       1.384000       0.060849       0.210979      -0.960819       0.777118      -0.060849      -0.210979       0.960819      -0.777118      -0.750001
       1.385000       0.059888       0.211754      -0.962240       0.772143      -0.059888      -0.211754       0.962240      -0.772143      -0.750001
       1.386000       0.058925       0.212523      -0.963629       0.767183      -0.058925      -0.212523       0.963629      -0.767183      -0.750001
       1.387000       0.057961       0.213288      -0.964987       0.762237      -0.057961      -0.213288       0.964987      -0.762237      -0.750001
       1.388000       0.056995       0.214048      -0.966313       0.757306      -0.056995      -0.214048       0.966313      -0.757306      -0.750001
       1.389000       0.056028       0.214803      -0.967609       0.752389      -0.056028      -0.214803       0.967609      -0.752389      -0.750001
       1.390000       0.055060       0.215553      -0.968874       0.747488      -0.055060      -0.215553       0.968874      -0.747488      -0.750001
       1.391000       0.054090       0.216298      -0.970109       0.742602      -0.054090      -0.216298       0.970109      -0.742602      -0.750001
       1.392000       0.053120       0.217038      -0.971315       0.737730      -0.053120      -0.217038       0.971315      -0.737730      -0.750001
       1.393000       0.052148       0.217773      -0.972490       0.732874      -0.052148      -0.217773       0.972490      -0.732874      -0.750001
       1.394000       0.051175       0.218504      -0.973637       0.728033      -0.051175      -0.218504       0.973637      -0.728033      -0.750001
       1.395000       0.050200       0.219229      -0.974754       0.723208      -0.050200      -0.219229       0.974754      -0.723208      -0.750001
       1.396000       0.049225       0.219950      -0.975843       0.718398      -0.049225      -0.219950       0.975843      -0.718398      -0.750001
       1.397000       0.048249       0.220666      -0.976904       0.713603      -0.048249      -0.220666       0.976904      -0.713603      -0.750001
       1.398000       0.047271       0.221377      -0.977937       0.708824      -0.047271      -0.221377       0.977937      -0.708824      -0.750001
       1.399000       0.046293       0.222084      -0.978942       0.704061      -0.046293      -0.222084       0.978942      -0.704061      -0.750001
       1.400000       0.045313       0.222785      -0.979920       0.699313      -0.045313      -0.222785       0.979920      -0.699313      -0.750001
       1.401000       0.044333       0.223482      -0.980870       0.694581      -0.044333      -0.223482       0.980870      -0.694581      -0.750001
       1.402000       0.043352       0.224175      -0.981794       0.689865      -0.043352      -0.224175       0.981794      -0.689865      -0.750001
       1.403000       0.042369       0.224862      -0.982691       0.685165      -0.042369      -0.224862       0.982691      -0.685165      -0.750001
       1.404000       0.041386       0.225545      -0.983562       0.680481      -0.041386      -0.225545       0.983562      -0.680481      -0.750001
       1.405000       0.040402       0.226223      -0.984407       0.675812      -0.040402      -0.226223       0.984407      -0.675812      -0.750001
       1.406000       0.039417       0.226897      -0.985227       0.671160      -0.039417      -0.226897       0.985227      -0.671160      -0.750001
       1.407000       0.038432       0.227565      -0.986021       0.666524      -0.038432      -0.227565       0.986021      -0.666524      -0.750000
       1.408000       0.037445       0.228230      -0.986790       0.661904      -0.037445      -0.228230       0.986790      -0.661904      -0.750000
       1.409000       0.036458       0.228889      -0.987535       0.657300      -0.036458      -0.228889       0.987535      -0.657300      -0.750000
       1.410000       0.035470       0.229544      -0.988255       0.652712      -0.035470      -0.229544       0.988255      -0.652712      -0.750000
       1.411000       0.034482       0.230195      -0.988950       0.648141      -0.034482      -0.230195       0.988950      -0.648141      -0.750000
       1.412000       0.033492       0.230840      -0.989622       0.643585      -0.033492      -0.230840       0.989622      -0.643585      -0.750000
       1.413000       0.032502       0.231482      -0.990270       0.639046      -0.032502      -0.231482       0.990270      -0.639046      -0.750000
       1.414000       0.031512       0.232119      -0.990894       0.634523      -0.031512      -0.232119       0.990894      -0.634523      -0.750000
       1.415000       0.030521       0.232751      -0.991496       0.630017      -0.030521      -0.232751       0.991496      -0.630017      -0.750000
       1.416000       0.029529       0.233379      -0.992074       0.625527      -0.029529      -0.233379       0.992074      -0.625527      -0.750000
       1.417000       0.028537       0.234002      -0.992630       0.621053      -0.028537      -0.234002       0.992630      -0.621053      -0.750000
       1.418000       0.027544       0.234621      -0.993164       0.616595      -0.027544      -0.234621       0.993164      -0.616595      -0.750000
       1.419000       0.026550       0.235235      -0.993675       0.612154      -0.026550      -0.235235       0.993675      -0.612154      -0.750000
       1.420000       0.025556       0.235845      -0.994164       0.607730      -0.025556      -0.235845       0.994164      -0.607730      -0.750000
       1.421000       0.024562       0.236451      -0.994632       0.603321      -0.024562      -0.236451       0.994632      -0.603321      -0.750000
       1.422000       0.023567       0.237052      -0.995079       0.598929      -0.023567      -0.237052       0.995079      -0.598929      -0.750000
       1.423000       0.022572       0.237648      -0.995504       0.594554      -0.022572      -0.237648       0.995504      -0.594554      -0.750000
       1.424000       0.021576       0.238241      -0.995908       0.590195      -0.021576      -0.238241       0.995908      -0.590195      -0.750000
       1.425000       0.020580       0.238829      -0.996292       0.585852      -0.020580      -0.238829       0.996292      -0.585852      -0.750000
       1.426000       0.019583       0.239412      -0.996656       0.581525      -0.019583      -0.239412       0.996656      -0.581525      -0.750000
       1.427000       0.018587       0.239992      -0.996999       0.577215      -0.018587      -0.239992       0.996999      -0.577215      -0.750000
       1.428000       0.017589       0.240567      -0.997322       0.572922      -0.017589      -0.240567       0.997322      -0.572922      -0.750000
       1.429000       0.016592       0.241138      -0.997626       0.568644      -0.016592      -0.241138       0.997626      -0.568644      -0.750000
       1.430000       0.015594       0.241704      -0.997910       0.564384      -0.015594      -0.241704       0.997910      -0.564384      -0.750000
       1.431000       0.014596       0.242266      -0.998174       0.560139      -0.014596      -0.242266       0.998174      -0.560139      -0.750000
       1.432000       0.013598       0.242824      -0.998420       0.555911      -0.013598      -0.242824       0.998420      -0.555911      -0.750000
       1.433000       0.012599       0.243378      -0.998647       0.551699      -0.012599      -0.243378       0.998647      -0.551699      -0.750000
       1.434000       0.011601       0.243928      -0.998856       0.547503      -0.011601      -0.243928       0.998856      -0.547503      -0.750000
       1.435000       0.010602       0.244473      -0.999046       0.543324      -0.010602      -0.244473       0.999046      -0.543324      -0.750000
       1.436000       0.009602       0.245014      -0.999217       0.539161      -0.009602      -0.245014       0.999217      -0.539161      -0.750000
       1.437000       0.008603       0.245552      -0.999371       0.535014      -0.008603      -0.245552       0.999371      -0.535014      -0.750000
       1.438000       0.007604       0.246085      -0.999508       0.530884      -0.007604      -0.246085       0.999508      -0.530884      -0.750000
       1.439000       0.006604       0.246613      -0.999626       0.526770      -0.006604      -0.246613       0.999626      -0.526770      -0.750000
       1.440000       0.005604       0.247138      -0.999728       0.522671      -0.005604      -0.247138       0.999728      -0.522671      -0.750000
       1.441000       0.004605       0.247659      -0.999812       0.518590      -0.004605      -0.247659       0.999812      -0.518590      -0.750000
       1.442000       0.003605       0.248175      -0.999879       0.514524      -0.003605      -0.248175       0.999879      -0.514524      -0.750000
       1.443000       0.002605       0.248688      -0.999930       0.510474      -0.002605      -0.248688       0.999930      -0.510474      -0.750000
       1.444000       0.001605       0.249196      -0.999964       0.506440      -0.001605      -0.249196       0.999964      -0.506440      -0.750000
       1.445000       0.000605       0.249701      -0.999982       0.502423      -0.000605      -0.249701       0.999982      -0.502423      -0.750000
       1.446000      -0.000395       0.250201      -0.999983       0.498421       0.000395      -0.250201       0.999983      -0.498421      -0.750000
       1.447000      -0.001395       0.250697      -0.999969       0.494436       0.001395      -0.250697       0.999969      -0.494436      -0.750000
       1.448000      -0.002395       0.251190      -0.999939       0.490466       0.002395      -0.251190       0.999939      -0.490466      -0.750000
       1.449000      -0.003395       0.251678      -0.999894       0.486512       0.003395      -0.251678       0.999894      -0.486512      -0.750000
       1.450000      -0.004395       0.252163      -0.999833       0.482575       0.004395      -0.252163       0.999833      -0.482575      -0.750000
       1.451000      -0.005395       0.252644      -0.999757       0.478653       0.005395      -0.252644       0.999757      -0.478653      -0.750000
       1.452000      -0.006394       0.253120      -0.999666       0.474746       0.006394      -0.253120       0.999666      -0.474746      -0.750000
       1.453000      -0.007394       0.253593      -0.999560       0.470856       0.007394      -0.253593       0.999560      -0.470856      -0.750000
       1.454000      -0.008393       0.254062      -0.999440       0.466981       0.008393      -0.254062       0.999440      -0.466981      -0.750000
       1.455000      -0.009393       0.254527      -0.999305       0.463122       0.009393      -0.254527       0.999305      -0.463122      -0.750000
       1.456000      -0.010392       0.254988      -0.999155       0.459279       0.010392      -0.254988       0.999155      -0.459279      -0.750000
       1.457000      -0.011391       0.255446      -0.998992       0.455451       0.011391      -0.255446       0.998992      -0.455451      -0.750000
       1.458000      -0.012390       0.255899      -0.998815       0.451639       0.012390      -0.255899       0.998815      -0.451639      -0.750000
       1.459000      -0.013389       0.256349      -0.998624       0.447843       0.013389      -0.256349       0.998624      -0.447843      -0.750000
       1.460000      -0.014387       0.256795      -0.998419       0.444062       0.014387      -0.256795       0.998419      -0.444062      -0.750000
       1.461000      -0.015386       0.257237      -0.998201       0.440296       0.015386      -0.257237       0.998201      -0.440296      -0.750000
       1.462000      -0.016384       0.257675      -0.997970       0.436546       0.016384      -0.257675       0.997970      -0.436546      -0.750000
       1.463000      -0.017381       0.258110      -0.997725       0.432811       0.017381      -0.258110       0.997725      -0.432811      -0.750000
       1.464000      -0.018379       0.258541      -0.997468       0.429091       0.018379      -0.258541       0.997468      -0.429091      -0.750000
       1.465000      -0.019376       0.258968      -0.997198       0.425387       0.019376      -0.258968       0.997198      -0.425387      -0.750000
       1.466000      -0.020373       0.259392      -0.996915       0.421698       0.020373      -0.259392       0.996915      -0.421698      -0.750000
       1.467000      -0.021370       0.259812      -0.996619       0.418024       0.021370      -0.259812       0.996619      -0.418024      -0.750000
       1.468000      -0.022367       0.260228      -0.996312       0.414365       0.022367      -0.260228       0.996312      -0.414365      -0.750000
       1.469000      -0.023363       0.260640      -0.995992       0.410722       0.023363      -0.260640       0.995992      -0.410722      -0.750000
       1.470000      -0.024359       0.261049      -0.995660       0.407093       0.024359      -0.261049       0.995660      -0.407093      -0.750000
       1.471000      -0.025354       0.261455      -0.995316       0.403479       0.025354      -0.261455       0.995316      -0.403479      -0.750000
       1.472000      -0.026349       0.261856      -0.994960       0.399881       0.026349      -0.261856       0.994960      -0.399881      -0.750000
       1.473000      -0.027344       0.262254      -0.994593       0.396297       0.027344      -0.262254       0.994593      -0.396297      -0.750000
       1.474000      -0.028338       0.262649      -0.994215       0.392728       0.028338      -0.262649       0.994215      -0.392728      -0.750000
       1.475000      -0.029333       0.263040      -0.993825       0.389173       0.029333      -0.263040       0.993825      -0.389173      -0.750000
       1.476000      -0.030326       0.263427      -0.993424       0.385634       0.030326      -0.263427       0.993424      -0.385634      -0.750000
       1.477000      -0.031319       0.263811      -0.993012       0.382109       0.031319      -0.263811       0.993012      -0.382109      -0.750000
       1.478000      -0.032312       0.264191      -0.992589       0.378599       0.032312      -0.264191       0.992589      -0.378599      -0.750000
       1.479000      -0.033305       0.264568      -0.992155       0.375103       0.033305      -0.264568       0.992155      -0.375103      -0.750000
       1.480000      -0.034296       0.264942      -0.991710       0.371622       0.034296      -0.264942       0.991710      -0.371622      -0.750000
       1.481000      -0.035288       0.265311      -0.991256       0.368155       0.035288      -0.265311       0.991256      -0.368155      -0.750000
       1.482000      -0.036279       0.265678      -0.990790       0.364703       0.036279      -0.265678       0.990790      -0.364703      -0.750000
       1.483000      -0.037270       0.266041      -0.990315       0.361265       0.037270      -0.266041       0.990315      -0.361265      -0.750000
       1.484000      -0.038260       0.266400      -0.989829       0.357842       0.038260      -0.266400       0.989829      -0.357842      -0.750000
       1.485000      -0.039249       0.266757      -0.989333       0.354433       0.039249      -0.266757       0.989333      -0.354433      -0.750000
       1.486000      -0.040238       0.267109      -0.988828       0.351037       0.040238      -0.267109       0.988828      -0.351037      -0.750000
       1.487000      -0.041227       0.267459      -0.988313       0.347656       0.041227      -0.267459       0.988313      -0.347656      -0.750000
       1.488000      -0.042215       0.267805      -0.987788       0.344290       0.042215      -0.267805       0.987788      -0.344290      -0.750000
       1.489000      -0.043202       0.268147      -0.987254       0.340937       0.043202      -0.268147       0.987254      -0.340937      -0.750000
       1.490000      -0.044189       0.268486      -0.986710       0.337598       0.044189      -0.268486       0.986710      -0.337598      -0.750000
       1.491000      -0.045176       0.268822      -0.986157       0.334273       0.045176      -0.268822       0.986157      -0.334273      -0.750000
       1.492000      -0.046162       0.269155      -0.985595       0.330962       0.046162      -0.269155       0.985595      -0.330962      -0.750000
       1.493000      -0.047147       0.269484      -0.985024       0.327665       0.047147      -0.269484       0.985024      -0.327665      -0.750000
       1.494000      -0.048132       0.269810      -0.984444       0.324382       0.048132      -0.269810       0.984444      -0.324382      -0.750000
       1.495000      -0.049116       0.270133      -0.983855       0.321112       0.049116      -0.270133       0.983855      -0.321112      -0.750000
       1.496000      -0.050099       0.270453      -0.983257       0.317856       0.050099      -0.270453       0.983257      -0.317856      -0.750000
       1.497000      -0.051082       0.270769      -0.982651       0.314613       0.051082      -0.270769       0.982651      -0.314613      -0.750000
       1.498000      -0.052065       0.271082      -0.982036       0.311385       0.052065      -0.271082       0.982036      -0.311385      -0.750000
       1.499000      -0.053047       0.271392      -0.981413       0.308169       0.053047      -0.271392       0.981413      -0.308169      -0.750000
       1.500000      -0.054028       0.271698      -0.980782       0.304967       0.054028      -0.271698       0.980782      -0.304967      -0.750000
       1.501000      -0.055008       0.272002      -0.980143       0.301779       0.055008      -0.272002       0.980143      -0.301779      -0.750000
       1.502000      -0.055988       0.272302      -0.979495       0.298603       0.055988      -0.272302       0.979495      -0.298603      -0.750000
       1.503000      -0.056967       0.272599      -0.978840       0.295441       0.056967      -0.272599       0.978840      -0.295441      -0.750000
       1.504000      -0.057946       0.272893      -0.978176       0.292293       0.057946      -0.272893       0.978176      -0.292293      -0.750000
       1.505000      -0.058923       0.273183      -0.977505       0.289157       0.058923      -0.273183       0.977505      -0.289157      -0.750000
       1.506000      -0.059901       0.273471      -0.976827       0.286035       0.059901      -0.273471       0.976827      -0.286035      -0.750000
       1.507000      -0.060877       0.273755      -0.976140       0.282925       0.060877      -0.273755       0.976140      -0.282925      -0.750000
       1.508000      -0.061853       0.274037      -0.975447       0.279829       0.061853      -0.274037       0.975447      -0.279829      -0.750000
       1.509000      -0.062828       0.274315      -0.974746       0.276745       0.062828      -0.274315       0.974746      -0.276745      -0.750000
       1.510000      -0.063802       0.274590      -0.974037       0.273675       0.063802      -0.274590       0.974037      -0.273675      -0.750000
       1.511000      -0.064776       0.274862      -0.973322       0.270617       0.064776      -0.274862       0.973322      -0.270617      -0.750000
       1.512000      -0.065749       0.275131      -0.972599       0.267572       0.065749      -0.275131       0.972599      -0.267572      -0.750000
       1.513000      -0.066721       0.275398      -0.971869       0.264540       0.066721      -0.275398       0.971869      -0.264540      -0.750000
       1.514000      -0.067693       0.275661      -0.971133       0.261520       0.067693      -0.275661       0.971133      -0.261520      -0.750000
       1.515000      -0.068664       0.275921      -0.970389       0.258513       0.068664      -0.275921       0.970389      -0.258513      -0.750000
       1.516000      -0.069634       0.276178      -0.969639       0.255518       0.069634      -0.276178       0.969639      -0.255518      -0.750000
       1.517000      -0.070603       0.276432      -0.968883       0.252536       0.070603      -0.276432       0.968883      -0.252536      -0.750000
       1.518000      -0.071571       0.276683      -0.968119       0.249567       0.071571      -0.276683       0.968119      -0.249567      -0.750000
       1.519000      -0.072539       0.276931      -0.967350       0.246610       0.072539      -0.276931       0.967350      -0.246610      -0.750000
       1.520000      -0.073506       0.277176      -0.966573       0.243665       0.073506      -0.277176       0.966573      -0.243665      -0.750000
       1.521000      -0.074472       0.277418      -0.965791       0.240732       0.074472      -0.277418       0.965791      -0.240732      -0.750000
       1.522000      -0.075438       0.277657      -0.965002       0.237812       0.075438      -0.277657       0.965002      -0.237812      -0.750000
       1.523000      -0.076402       0.277894      -0.964207       0.234904       0.076402      -0.277894       0.964207      -0.234904      -0.750000
       1.524000      -0.077366       0.278127      -0.963407       0.232008       0.077366      -0.278127       0.963407      -0.232008      -0.750000
       1.525000      -0.078329       0.278358      -0.962600       0.229124       0.078329      -0.278358       0.962600      -0.229124      -0.750000
       1.526000      -0.079291       0.278585      -0.961787       0.226252       0.079291      -0.278585       0.961787      -0.226252      -0.750000
       1.527000      -0.080253       0.278810      -0.960968       0.223392       0.080253      -0.278810       0.960968      -0.223392      -0.750000
       1.528000      -0.081213       0.279032      -0.960144       0.220543       0.081213      -0.279032       0.960144      -0.220543      -0.750000
       1.529000      -0.082173       0.279251      -0.959314       0.217707       0.082173      -0.279251       0.959314      -0.217707      -0.750000
       1.530000      -0.083132       0.279468      -0.958478       0.214883       0.083132      -0.279468       0.958478      -0.214883      -0.750000
       1.531000      -0.084090       0.279681      -0.957637       0.212070       0.084090      -0.279681       0.957637      -0.212070      -0.750000
       1.532000      -0.085047       0.279892      -0.956790       0.209269       0.085047      -0.279892       0.956790      -0.209269      -0.750000
       1.533000      -0.086003       0.280100      -0.955938       0.206479       0.086003      -0.280100       0.955938      -0.206479      -0.750000
       1.534000      -0.086959       0.280305      -0.955081       0.203701       0.086959      -0.280305       0.955081      -0.203701      -0.750000
       1.535000      -0.087914       0.280507      -0.954218       0.200935       0.087914      -0.280507       0.954218      -0.200935      -0.750000
       1.536000      -0.088867       0.280707      -0.953350       0.198180       0.088867      -0.280707       0.953350      -0.198180      -0.750000
       1.537000      -0.089820       0.280903      -0.952478       0.195436       0.089820      -0.280903       0.952478      -0.195436      -0.750000
       1.538000      -0.090772       0.281097      -0.951600       0.192704       0.090772      -0.281097       0.951600      -0.192704      -0.750000
       1.539000      -0.091723       0.281289      -0.950717       0.189983       0.091723      -0.281289       0.950717      -0.189983      -0.750000
       1.540000      -0.092674       0.281477      -0.949829       0.187274       0.092674      -0.281477       0.949829      -0.187274      -0.750000
       1.541000      -0.093623       0.281663      -0.948936       0.184575       0.093623      -0.281663       0.948936      -0.184575      -0.750000
       1.542000      -0.094572       0.281847      -0.948039       0.181888       0.094572      -0.281847       0.948039      -0.181888      -0.750000
       1.543000      -0.095519       0.282027      -0.947137       0.179212       0.095519      -0.282027       0.947137      -0.179212      -0.750000
       1.544000      -0.096466       0.282205      -0.946230       0.176547       0.096466      -0.282205       0.946230      -0.176547      -0.750000
       1.545000      -0.097412       0.282380      -0.945318       0.173892       0.097412      -0.282380       0.945318      -0.173892      -0.750000
       1.546000      -0.098357       0.282553      -0.944402       0.171249       0.098357      -0.282553       0.944402      -0.171249      -0.750000
       1.547000      -0.099300       0.282723      -0.943482       0.168617       0.099300      -0.282723       0.943482      -0.168617      -0.750000
       1.548000      -0.100243       0.282890      -0.942557       0.165995       0.100243      -0.282890       0.942557      -0.165995      -0.750000
       1.549000      -0.101186       0.283055      -0.941628       0.163385       0.101186      -0.283055       0.941628      -0.163385      -0.750000
       1.550000      -0.102127       0.283217      -0.940694       0.160785       0.102127      -0.283217       0.940694      -0.160785      -0.750000
       1.551000      -0.103067       0.283376      -0.939757       0.158196       0.103067      -0.283376       0.939757      -0.158196      -0.750000
       1.552000      -0.104006       0.283533      -0.938815       0.155617       0.104006      -0.283533       0.938815      -0.155617      -0.750000
       1.553000      -0.104945       0.283687      -0.937869       0.153049       0.104945      -0.283687       0.937869      -0.153049      -0.750000
       1.554000      -0.105882       0.283839      -0.936919       0.150491       0.105882      -0.283839       0.936919      -0.150491      -0.750000
       1.555000      -0.106818       0.283988      -0.935965       0.147944       0.106818      -0.283988       0.935965      -0.147944      -0.750000
       1.556000      -0.107754       0.284135      -0.935007       0.145408       0.107754      -0.284135       0.935007      -0.145408      -0.750000
       1.557000      -0.108688       0.284279      -0.934045       0.142882       0.108688      -0.284279       0.934045      -0.142882      -0.750000
       1.558000      -0.109622       0.284421      -0.933079       0.140366       0.109622      -0.284421       0.933079      -0.140366      -0.750000
       1.559000      -0.110555       0.284560      -0.932110       0.137860       0.110555      -0.284560       0.932110      -0.137860      -0.750000
       1.560000      -0.111486       0.284697      -0.931136       0.135365       0.111486      -0.284697       0.931136      -0.135365      -0.750000
       1.561000      -0.112417       0.284831      -0.930159       0.132880       0.112417      -0.284831       0.930159      -0.132880      -0.750000
       1.562000      -0.113347       0.284962      -0.929179       0.130405       0.113347      -0.284962       0.929179      -0.130405      -0.750000
       1.563000      -0.114275       0.285092      -0.928194       0.127940       0.114275      -0.285092       0.928194      -0.127940      -0.750000
       1.564000      -0.115203       0.285218      -0.927207       0.125485       0.115203      -0.285218       0.927207      -0.125485      -0.750000
       1.565000      -0.116130       0.285343      -0.926215       0.123040       0.116130      -0.285343       0.926215      -0.123040      -0.750000
       1.566000      -0.117055       0.285464      -0.925221       0.120605       0.117055      -0.285464       0.925221      -0.120605      -0.750000
       1.567000      -0.117980       0.285584      -0.924223       0.118180       0.117980      -0.285584       0.924223      -0.118180      -0.750000
       1.568000      -0.118904       0.285701      -0.923221       0.115765       0.118904      -0.285701       0.923221      -0.115765      -0.750000
       1.569000      -0.119827       0.285815      -0.922216       0.113360       0.119827      -0.285815       0.922216      -0.113360      -0.750000
       1.570000      -0.120748       0.285927      -0.921208       0.110964       0.120748      -0.285927       0.921208      -0.110964      -0.750000
       1.571000      -0.121669       0.286037      -0.920197       0.108579       0.121669      -0.286037       0.920197      -0.108579      -0.750000
       1.572000      -0.122589       0.286145      -0.919183       0.106202       0.122589      -0.286145       0.919183      -0.106202      -0.750000
       1.573000      -0.123507       0.286250      -0.918165       0.103836       0.123507      -0.286250       0.918165      -0.103836      -0.750000
       1.574000      -0.124425       0.286352      -0.917145       0.101479       0.124425      -0.286352       0.917145      -0.101479      -0.750000
       1.575000      -0.125342       0.286453      -0.916121       0.099131       0.125342      -0.286453       0.916121      -0.099131      -0.750000
       1.576000      -0.126257       0.286551      -0.915095       0.096794       0.126257      -0.286551       0.915095      -0.096794      -0.750000
       1.577000      -0.127172       0.286646      -0.914065       0.094465       0.127172      -0.286646       0.914065      -0.094465      -0.750000
       1.578000      -0.128085       0.286739      -0.913033       0.092146       0.128085      -0.286739       0.913033      -0.092146      -0.750000
       1.579000      -0.128998       0.286830      -0.911998       0.089836       0.128998      -0.286830       0.911998      -0.089836      -0.750000
       1.580000      -0.129909       0.286919      -0.910960       0.087536       0.129909      -0.286919       0.910960      -0.087536      -0.750000
       1.581000      -0.130820       0.287005      -0.909919       0.085244       0.130820      -0.287005       0.909919      -0.085244      -0.750000
       1.582000      -0.131729       0.287090      -0.908875       0.082962       0.131729      -0.287090       0.908875      -0.082962      -0.750000
       1.583000      -0.132638       0.287171      -0.907829       0.080690       0.132638      -0.287171       0.907829      -0.080690      -0.750000
       1.584000      -0.133545       0.287251      -0.906780       0.078426       0.133545      -0.287251       0.906780      -0.078426      -0.750000
       1.585000      -0.134451       0.287328      -0.905728       0.076171       0.134451      -0.287328       0.905728      -0.076171      -0.750000
       1.586000      -0.135356       0.287403      -0.904674       0.073926       0.135356      -0.287403       0.904674      -0.073926      -0.750000
       1.587000      -0.136260       0.287476      -0.903617       0.071689       0.136260      -0.287476       0.903617      -0.071689      -0.750000
       1.588000      -0.137164       0.287547      -0.902558       0.069462       0.137164      -0.287547       0.902558      -0.069462      -0.750000
       1.589000      -0.138066       0.287615      -0.901496       0.067243       0.138066      -0.287615       0.901496      -0.067243      -0.750000
       1.590000      -0.138967       0.287681      -0.900432       0.065033       0.138967      -0.287681       0.900432      -0.065033      -0.750000
       1.591000      -0.139866       0.287745      -0.899366       0.062832       0.139866      -0.287745       0.899366      -0.062832      -0.750000
       1.592000      -0.140765       0.287807      -0.898297       0.060640       0.140765      -0.287807       0.898297      -0.060640      -0.750000
       1.593000      -0.141663       0.287866      -0.897226       0.058456       0.141663      -0.287866       0.897226      -0.058456      -0.750000
       1.594000      -0.142560       0.287924      -0.896152       0.056282       0.142560      -0.287924       0.896152      -0.056282      -0.750000
       1.595000      -0.143455       0.287979      -0.895076       0.054115       0.143455      -0.287979       0.895076      -0.054115      -0.750000
       1.596000      -0.144350       0.288032      -0.893998       0.051958       0.144350      -0.288032       0.893998      -0.051958      -0.750000
       1.597000      -0.145243       0.288083      -0.892918       0.049809       0.145243      -0.288083       0.892918      -0.049809      -0.750000
       1.598000      -0.146136       0.288132      -0.891836       0.047669       0.146136      -0.288132       0.891836      -0.047669      -0.750000
       1.599000      -0.147027       0.288178      -0.890751       0.045537       0.147027      -0.288178       0.890751      -0.045537      -0.750000
       1.600000      -0.147917       0.288223      -0.889665       0.043413       0.147917      -0.288223       0.889665      -0.043413      -0.750000
       1.601000      -0.148806       0.288265      -0.888576       0.041298       0.148806      -0.288265       0.888576      -0.041298      -0.750000
       1.602000      -0.149694       0.288305      -0.887485       0.039191       0.149694      -0.288305       0.887485      -0.039191      -0.750000
       1.603000      -0.150581       0.288343      -0.886393       0.037093       0.150581      -0.288343       0.886393      -0.037093      -0.750000
       1.604000      -0.151467       0.288379      -0.885298       0.035003       0.151467      -0.288379       0.885298      -0.035003      -0.750000
       1.605000      -0.152352       0.288413      -0.884202       0.032921       0.152352      -0.288413       0.884202      -0.032921      -0.750000
       1.606000      -0.153236       0.288445      -0.883103       0.030848       0.153236      -0.288445       0.883103      -0.030848      -0.750000
       1.607000      -0.154118       0.288475      -0.882003       0.028782       0.154118      -0.288475       0.882003      -0.028782      -0.750000
       1.608000      -0.155000       0.288503      -0.880901       0.026725       0.155000      -0.288503       0.880901      -0.026725      -0.750000
       1.609000      -0.155880       0.288529      -0.879797       0.024676       0.155880      -0.288529       0.879797      -0.024676      -0.750000
       1.610000      -0.156759       0.288552      -0.878691       0.022634       0.156759      -0.288552       0.878691      -0.022634      -0.750000
       1.611000      -0.157637       0.288574      -0.877583       0.020601       0.157637      -0.288574       0.877583      -0.020601      -0.750000
       1.612000      -0.158514       0.288593      -0.876474       0.018576       0.158514      -0.288593       0.876474      -0.018576      -0.750000
       1.613000      -0.159390       0.288611      -0.875363       0.016559       0.159390      -0.288611       0.875363      -0.016559      -0.750000
       1.614000      -0.160265       0.288627      -0.874250       0.014550       0.160265      -0.288627       0.874250      -0.014550      -0.750000
       1.615000      -0.161139       0.288640      -0.873136       0.012548       0.161139      -0.288640       0.873136      -0.012548      -0.750000
       1.616000      -0.162011       0.288652      -0.872020       0.010555       0.162011      -0.288652       0.872020      -0.010555      -0.750000
       1.617000      -0.162883       0.288661      -0.870902       0.008569       0.162883      -0.288661       0.870902      -0.008569      -0.750000
       1.618000      -0.163753       0.288669      -0.869783       0.006591       0.163753      -0.288669       0.869783      -0.006591      -0.750000
       1.619000      -0.164622       0.288674      -0.868662       0.004620       0.164622      -0.288674       0.868662      -0.004620      -0.750000
       1.620000      -0.165490       0.288678      -0.867540       0.002658       0.165490      -0.288678       0.867540      -0.002658      -0.750000
       1.621000      -0.166357       0.288680      -0.866417       0.000702       0.166357      -0.288680       0.866417      -0.000702      -0.750000
       1.622000      -0.167223       0.288679      -0.865291      -0.001245       0.167223      -0.288679       0.865291       0.001245      -0.750000
       1.623000      -0.168088       0.288677      -0.864165      -0.003185       0.168088      -0.288677       0.864165       0.003185      -0.750000
       1.624000      -0.168952       0.288673      -0.863037      -0.005117       0.168952      -0.288673       0.863037       0.005117      -0.750000
       1.625000      -0.169814       0.288667      -0.861907      -0.007042       0.169814      -0.288667       0.861907       0.007042      -0.750000
       1.626000      -0.170675       0.288659      -0.860777      -0.008959       0.170675      -0.288659       0.860777       0.008959      -0.750000
       1.627000      -0.171536       0.288649      -0.859644      -0.010869       0.171536      -0.288649       0.859644       0.010869      -0.750000
       1.628000      -0.172395       0.288637      -0.858511      -0.012772       0.172395      -0.288637       0.858511       0.012772      -0.750000
       1.629000      -0.173253       0.288624      -0.857376      -0.014667       0.173253      -0.288624       0.857376       0.014667      -0.750000
       1.630000      -0.174109       0.288608      -0.856240      -0.016555       0.174109      -0.288608       0.856240       0.016555      -0.750000
       1.631000      -0.174965       0.288590      -0.855103      -0.018435       0.174965      -0.288590       0.855103       0.018435      -0.750000
       1.632000      -0.175820       0.288571      -0.853964      -0.020309       0.175820      -0.288571       0.853964       0.020309      -0.750000
       1.633000      -0.176673       0.288550      -0.852824      -0.022175       0.176673      -0.288550       0.852824       0.022175      -0.750000
       1.634000      -0.177525       0.288527      -0.851683      -0.024034       0.177525      -0.288527       0.851683       0.024034      -0.750000
       1.635000      -0.178376       0.288502      -0.850541      -0.025886       0.178376      -0.288502       0.850541       0.025886      -0.750000
       1.636000      -0.179226       0.288475      -0.849398      -0.027730       0.179226      -0.288475       0.849398       0.027730      -0.750000
       1.637000      -0.180075       0.288446      -0.848254      -0.029568       0.180075      -0.288446       0.848254       0.029568      -0.750000
       1.638000      -0.180923       0.288416      -0.847108      -0.031398       0.180923      -0.288416       0.847108       0.031398      -0.750000
       1.639000      -0.181769       0.288383      -0.845961      -0.033222       0.181769      -0.288383       0.845961       0.033222      -0.750000
       1.640000      -0.182615       0.288349      -0.844814      -0.035038       0.182615      -0.288349       0.844814       0.035038      -0.750000
       1.641000      -0.183459       0.288313      -0.843665      -0.036848       0.183459      -0.288313       0.843665       0.036848      -0.750000
       1.642000      -0.184302       0.288276      -0.842515      -0.038651       0.184302      -0.288276       0.842515       0.038651      -0.750000
       1.643000      -0.185144       0.288236      -0.841364      -0.040446       0.185144      -0.288236       0.841364       0.040446      -0.750000
       1.644000      -0.185985       0.288195      -0.840213      -0.042235       0.185985      -0.288195       0.840213       0.042235      -0.750000
       1.645000      -0.186824       0.288152      -0.839060      -0.044017       0.186824      -0.288152       0.839060       0.044017      -0.750000
       1.646000      -0.187663       0.288107      -0.837906      -0.045793       0.187663      -0.288107       0.837906       0.045793      -0.750000
       1.647000      -0.188500       0.288060      -0.836752      -0.047561       0.188500      -0.288060       0.836752       0.047561      -0.750000
       1.648000      -0.189336       0.288012      -0.835596      -0.049323       0.189336      -0.288012       0.835596       0.049323      -0.750000
       1.649000      -0.190171       0.287961      -0.834440      -0.051078       0.190171      -0.287961       0.834440       0.051078      -0.750000
       1.650000      -0.191005       0.287909      -0.833282      -0.052827       0.191005      -0.287909       0.833282       0.052827      -0.750000
       1.651000      -0.191838       0.287856      -0.832124      -0.054568       0.191838      -0.287856       0.832124       0.054568      -0.750000
       1.652000      -0.192670       0.287800      -0.830965      -0.056304       0.192670      -0.287800       0.830965       0.056304      -0.750000
       1.653000      -0.193500       0.287743      -0.829805      -0.058032       0.193500      -0.287743       0.829805       0.058032      -0.750000
       1.654000      -0.194329       0.287684      -0.828645      -0.059754       0.194329      -0.287684       0.828645       0.059754      -0.750000
       1.655000      -0.195157       0.287624      -0.827483      -0.061470       0.195157      -0.287624       0.827483       0.061470      -0.750000
       1.656000      -0.195984       0.287561      -0.826321      -0.063179       0.195984      -0.287561       0.826321       0.063179      -0.750000
       1.657000      -0.196810       0.287497      -0.825158      -0.064882       0.196810      -0.287497       0.825158       0.064882      -0.750000
       1.658000      -0.197634       0.287432      -0.823994      -0.066578       0.197634      -0.287432       0.823994       0.066578      -0.750000
       1.659000      -0.198458       0.287364      -0.822830      -0.068268       0.198458      -0.287364       0.822830       0.068268      -0.750000
       1.660000      -0.199280       0.287295      -0.821665      -0.069951       0.199280      -0.287295       0.821665       0.069951      -0.750000
       1.661000      -0.200101       0.287224      -0.820499      -0.071628       0.200101      -0.287224       0.820499       0.071628      -0.750000
       1.662000      -0.200921       0.287152      -0.819332      -0.073299       0.200921      -0.287152       0.819332       0.073299      -0.750000
       1.663000      -0.201740       0.287078      -0.818165      -0.074964       0.201740      -0.287078       0.818165       0.074964      -0.750000
       1.664000      -0.202557       0.287002      -0.816997      -0.076622       0.202557      -0.287002       0.816997       0.076622      -0.750000
       1.665000      -0.203374       0.286924      -0.815828      -0.078274       0.203374      -0.286924       0.815828       0.078274      -0.750000
       1.666000      -0.204189       0.286845      -0.814659      -0.079920       0.204189      -0.286845       0.814659       0.079920      -0.750000
       1.667000      -0.205003       0.286765      -0.813490      -0.081560       0.205003      -0.286765       0.813490       0.081560      -0.750000
       1.668000      -0.205816       0.286682      -0.812319      -0.083194       0.205816      -0.286682       0.812319       0.083194      -0.750000
       1.669000      -0.206628       0.286598      -0.811148      -0.084821       0.206628      -0.286598       0.811148       0.084821      -0.750000
       1.670000      -0.207438       0.286512      -0.809977      -0.086443       0.207438      -0.286512       0.809977       0.086443      -0.750000
       1.671000      -0.208248       0.286425      -0.808805      -0.088058       0.208248      -0.286425       0.808805       0.088058      -0.750000
       1.672000      -0.209056       0.286336      -0.807632      -0.089667       0.209056      -0.286336       0.807632       0.089667      -0.750000
       1.673000      -0.209863       0.286246      -0.806459      -0.091271       0.209863      -0.286246       0.806459       0.091271      -0.750000
       1.674000      -0.210669       0.286154      -0.805286      -0.092868       0.210669      -0.286154       0.805286       0.092868      -0.750000
       1.675000      -0.211474       0.286060      -0.804111      -0.094460       0.211474      -0.286060       0.804111       0.094460      -0.750000
       1.676000      -0.212277       0.285965      -0.802937      -0.096045       0.212277      -0.285965       0.802937       0.096045      -0.750000
       1.677000      -0.213080       0.285868      -0.801762      -0.097625       0.213080      -0.285868       0.801762       0.097625      -0.750000
       1.678000      -0.213881       0.285770      -0.800586      -0.099199       0.213881      -0.285770       0.800586       0.099199      -0.750000
       1.679000      -0.214681       0.285670      -0.799410      -0.100767       0.214681      -0.285670       0.799410       0.100767      -0.750000
       1.680000      -0.215480       0.285568      -0.798234      -0.102329       0.215480      -0.285568       0.798234       0.102329      -0.750000
       1.681000      -0.216277       0.285465      -0.797057      -0.103886       0.216277      -0.285465       0.797057       0.103886      -0.750000
       1.682000      -0.217074       0.285360      -0.795880      -0.105436       0.217074      -0.285360       0.795880       0.105436      -0.750000
       1.683000      -0.217869       0.285254      -0.794702      -0.106981       0.217869      -0.285254       0.794702       0.106981      -0.750000
       1.684000      -0.218663       0.285146      -0.793524      -0.108520       0.218663      -0.285146       0.793524       0.108520      -0.750000
       1.685000      -0.219456       0.285037      -0.792346      -0.110054       0.219456      -0.285037       0.792346       0.110054      -0.750000
       1.686000      -0.220248       0.284926      -0.791167      -0.111582       0.220248      -0.284926       0.791167       0.111582      -0.750000
       1.687000      -0.221038       0.284814      -0.789988      -0.113104       0.221038      -0.284814       0.789988       0.113104      -0.750000
       1.688000      -0.221828       0.284700      -0.788809      -0.114621       0.221828      -0.284700       0.788809       0.114621      -0.750000
       1.689000      -0.222616       0.284585      -0.787629      -0.116132       0.222616      -0.284585       0.787629       0.116132      -0.750000
       1.690000      -0.223403       0.284468      -0.786449      -0.117638       0.223403      -0.284468       0.786449       0.117638      -0.750000
       1.691000      -0.224189       0.284349      -0.785269      -0.119138       0.224189      -0.284349       0.785269       0.119138      -0.750000
       1.692000      -0.224973       0.284230      -0.784088      -0.120632       0.224973      -0.284230       0.784088       0.120632      -0.750000
       1.693000      -0.225757       0.284108      -0.782907      -0.122121       0.225757      -0.284108       0.782907       0.122121      -0.750000
       1.694000      -0.226539       0.283985      -0.781726      -0.123605       0.226539      -0.283985       0.781726       0.123605      -0.750000
       1.695000      -0.227320       0.283861      -0.780544      -0.125083       0.227320      -0.283861       0.780544       0.125083      -0.750000
       1.696000      -0.228100       0.283735      -0.779362      -0.126556       0.228100      -0.283735       0.779362       0.126556      -0.750000
       1.697000      -0.228879       0.283608      -0.778180      -0.128024       0.228879      -0.283608       0.778180       0.128024      -0.750000
       1.698000      -0.229657       0.283479      -0.776998      -0.129486       0.229657      -0.283479       0.776998       0.129486      -0.750000
       1.699000      -0.230433       0.283349      -0.775816      -0.130942       0.230433      -0.283349       0.775816       0.130942      -0.750000
       1.700000      -0.231208       0.283217      -0.774633      -0.132394       0.231208      -0.283217       0.774633       0.132394      -0.750000
       1.701000      -0.231982       0.283084      -0.773450      -0.133840       0.231982      -0.283084       0.773450       0.133840      -0.750000
       1.702000      -0.232755       0.282950      -0.772267      -0.135281       0.232755      -0.282950       0.772267       0.135281      -0.750000
       1.703000      -0.233527       0.282814      -0.771084      -0.136717       0.233527      -0.282814       0.771084       0.136717      -0.750000
       1.704000      -0.234297       0.282676      -0.769901      -0.138147       0.234297      -0.282676       0.769901       0.138147      -0.750000
       1.705000      -0.235067       0.282537      -0.768717      -0.139572       0.235067      -0.282537       0.768717       0.139572      -0.750000
       1.706000      -0.235835       0.282397      -0.767533      -0.140993       0.235835      -0.282397       0.767533       0.140993      -0.750000
       1.707000      -0.236602       0.282255      -0.766349      -0.142407       0.236602      -0.282255       0.766349       0.142407      -0.750000
       1.708000      -0.237368       0.282112      -0.765165      -0.143817       0.237368      -0.282112       0.765165       0.143817      -0.750000
       1.709000      -0.238132       0.281968      -0.763981      -0.145222       0.238132      -0.281968       0.763981       0.145222      -0.750000
       1.710000      -0.238896       0.281822      -0.762797      -0.146622       0.238896      -0.281822       0.762797       0.146622      -0.750000
       1.711000      -0.239658       0.281674      -0.761613      -0.148016       0.239658      -0.281674       0.761613       0.148016      -0.750000
       1.712000      -0.240419       0.281526      -0.760428      -0.149406       0.240419      -0.281526       0.760428       0.149406      -0.750000
       1.713000      -0.241179       0.281376      -0.759243      -0.150791       0.241179      -0.281376       0.759243       0.150791      -0.750000
       1.714000      -0.241937       0.281224      -0.758059      -0.152170       0.241937      -0.281224       0.758059       0.152170      -0.750000
       1.715000      -0.242695       0.281071      -0.756874      -0.153545       0.242695      -0.281071       0.756874       0.153545      -0.750000
       1.716000      -0.243451       0.280917      -0.755689      -0.154914       0.243451      -0.280917       0.755689       0.154914      -0.750000
       1.717000      -0.244206       0.280761      -0.754504      -0.156279       0.244206      -0.280761       0.754504       0.156279      -0.750000
       1.718000      -0.244960       0.280604      -0.753319      -0.157639       0.244960      -0.280604       0.753319       0.157639      -0.750000
       1.719000      -0.245713       0.280446      -0.752134      -0.158994       0.245713      -0.280446       0.752134       0.158994      -0.750000
       1.720000      -0.246464       0.280286      -0.750949      -0.160344       0.246464      -0.280286       0.750949       0.160344      -0.750000
       1.721000      -0.247215       0.280125      -0.749764      -0.161689       0.247215      -0.280125       0.749764       0.161689      -0.750000
       1.722000      -0.247964       0.279963      -0.748579      -0.163030       0.247964      -0.279963       0.748579       0.163030      -0.750000
       1.723000      -0.248712       0.279799      -0.747394      -0.164366       0.248712      -0.279799       0.747394       0.164366      -0.750000
       1.724000      -0.249459       0.279634      -0.746209      -0.165696       0.249459      -0.279634       0.746209       0.165696      -0.750000
       1.725000      -0.250204       0.279468      -0.745024      -0.167023       0.250204      -0.279468       0.745024       0.167023      -0.750000
       1.726000      -0.250949       0.279300      -0.743838      -0.168344       0.250949      -0.279300       0.743838       0.168344      -0.750000
       1.727000      -0.251692       0.279131      -0.742653      -0.169661       0.251692      -0.279131       0.742653       0.169661      -0.750000
       1.728000      -0.252434       0.278961      -0.741468      -0.170973       0.252434      -0.278961       0.741468       0.170973      -0.750000
       1.729000      -0.253175       0.278789      -0.740283      -0.172280       0.253175      -0.278789       0.740283       0.172280      -0.750000
       1.730000      -0.253915       0.278616      -0.739098      -0.173583       0.253915      -0.278616       0.739098       0.173583      -0.750000
       1.731000      -0.254653       0.278442      -0.737913      -0.174881       0.254653      -0.278442       0.737913       0.174881      -0.750000
       1.732000      -0.255390       0.278267      -0.736728      -0.176174       0.255390      -0.278267       0.736728       0.176174      -0.750000
       1.733000      -0.256126       0.278090      -0.735543      -0.177463       0.256126      -0.278090       0.735543       0.177463      -0.750000
       1.734000      -0.256861       0.277912      -0.734358      -0.178747       0.256861      -0.277912       0.734358       0.178747      -0.750000
       1.735000      -0.257595       0.277732      -0.733173      -0.180027       0.257595      -0.277732       0.733173       0.180027      -0.750000
       1.736000      -0.258328       0.277552      -0.731989      -0.181302       0.258328      -0.277552       0.731989       0.181302      -0.750000
       1.737000      -0.259059       0.277370      -0.730804      -0.182573       0.259059      -0.277370       0.730804       0.182573      -0.750000
       1.738000      -0.259789       0.277186      -0.729619      -0.183839       0.259789      -0.277186       0.729619       0.183839      -0.750000
       1.739000      -0.260518       0.277002      -0.728435      -0.185100       0.260518      -0.277002       0.728435       0.185100      -0.750000
       1.740000      -0.261246       0.276816      -0.727250      -0.186358       0.261246      -0.276816       0.727250       0.186358      -0.750000
       1.741000      -0.261973       0.276629      -0.726066      -0.187610       0.261973      -0.276629       0.726066       0.187610      -0.750000
       1.742000      -0.262698       0.276441      -0.724882      -0.188859       0.262698      -0.276441       0.724882       0.188859      -0.750000
       1.743000      -0.263423       0.276252      -0.723698      -0.190103       0.263423      -0.276252       0.723698       0.190103      -0.750000
       1.744000      -0.264146       0.276061      -0.722514      -0.191342       0.264146      -0.276061       0.722514       0.191342      -0.750000
       1.745000      -0.264868       0.275869      -0.721330      -0.192577       0.264868      -0.275869       0.721330       0.192577      -0.750000
       1.746000      -0.265588       0.275676      -0.720146      -0.193808       0.265588      -0.275676       0.720146       0.193808      -0.750000
       1.747000      -0.266308       0.275481      -0.718962      -0.195035       0.266308      -0.275481       0.718962       0.195035      -0.750000
       1.748000      -0.267026       0.275286      -0.717779      -0.196257       0.267026      -0.275286       0.717779       0.196257      -0.750000
       1.749000      -0.267744       0.275089      -0.716596      -0.197475       0.267744      -0.275089       0.716596       0.197475      -0.750000
       1.750000      -0.268460       0.274891      -0.715412      -0.198688       0.268460      -0.274891       0.715412       0.198688      -0.750000
       1.751000      -0.269174       0.274691      -0.714229      -0.199898       0.269174      -0.274691       0.714229       0.199898      -0.750000
       1.752000      -0.269888       0.274491      -0.713046      -0.201103       0.269888      -0.274491       0.713046       0.201103      -0.750000
       1.753000      -0.270600       0.274289      -0.711864      -0.202304       0.270600      -0.274289       0.711864       0.202304      -0.750000
       1.754000      -0.271312       0.274086      -0.710681      -0.203500       0.271312      -0.274086       0.710681       0.203500      -0.750000
       1.755000      -0.272022       0.273882      -0.709499      -0.204693       0.272022      -0.273882       0.709499       0.204693      -0.750000
       1.756000      -0.272731       0.273677      -0.708316      -0.205881       0.272731      -0.273677       0.708316       0.205881      -0.750000
       1.757000      -0.273438       0.273470      -0.707134      -0.207065       0.273438      -0.273470       0.707134       0.207065      -0.750000
       1.758000      -0.274145       0.273263      -0.705953      -0.208245       0.274145      -0.273263       0.705953       0.208245      -0.750000
       1.759000      -0.274850       0.273054      -0.704771      -0.209421       0.274850      -0.273054       0.704771       0.209421      -0.750000
       1.760000      -0.275555       0.272844      -0.703589      -0.210593       0.275555      -0.272844       0.703589       0.210593      -0.750000
       1.761000      -0.276258       0.272633      -0.702408      -0.211761       0.276258      -0.272633       0.702408       0.211761      -0.750000
       1.762000      -0.276959       0.272420      -0.701227      -0.212924       0.276959      -0.272420       0.701227       0.212924      -0.750000
       1.763000      -0.277660       0.272207      -0.700046      -0.214084       0.277660      -0.272207       0.700046       0.214084      -0.750000
       1.764000      -0.278359       0.271992      -0.698866      -0.215240       0.278359      -0.271992       0.698866       0.215240      -0.750000
       1.765000      -0.279058       0.271776      -0.697685      -0.216391       0.279058      -0.271776       0.697685       0.216391      -0.750000
       1.766000      -0.279755       0.271559      -0.696505      -0.217539       0.279755      -0.271559       0.696505       0.217539      -0.750000
       1.767000      -0.280451       0.271341      -0.695325      -0.218682       0.280451      -0.271341       0.695325       0.218682      -0.750000
       1.768000      -0.281145       0.271122      -0.694145      -0.219822       0.281145      -0.271122       0.694145       0.219822      -0.750000
       1.769000      -0.281839       0.270902      -0.692966      -0.220957       0.281839      -0.270902       0.692966       0.220957      -0.750000
       1.770000      -0.282531       0.270680      -0.691786      -0.222089       0.282531      -0.270680       0.691786       0.222089      -0.750000
       1.771000      -0.283223       0.270458      -0.690607      -0.223217       0.283223      -0.270458       0.690607       0.223217      -0.750000
       1.772000      -0.283913       0.270234      -0.689428      -0.224341       0.283913      -0.270234       0.689428       0.224341      -0.750000
       1.773000      -0.284601       0.270009      -0.688250      -0.225461       0.284601      -0.270009       0.688250       0.225461      -0.750000
       1.774000      -0.285289       0.269783      -0.687072      -0.226577       0.285289      -0.269783       0.687072       0.226577      -0.750000
       1.775000      -0.285976       0.269556      -0.685894      -0.227689       0.285976      -0.269556       0.685894       0.227689      -0.750000
       1.776000      -0.286661       0.269327      -0.684716      -0.228797       0.286661      -0.269327       0.684716       0.228797      -0.750000
       1.777000      -0.287345       0.269098      -0.683538      -0.229902       0.287345      -0.269098       0.683538       0.229902      -0.750000
       1.778000      -0.288028       0.268868      -0.682361      -0.231003       0.288028      -0.268868       0.682361       0.231003      -0.750000
       1.779000      -0.288710       0.268636      -0.681184      -0.232100       0.288710      -0.268636       0.681184       0.232100      -0.750000
       1.780000      -0.289390       0.268403      -0.680007      -0.233193       0.289390      -0.268403       0.680007       0.233193      -0.750000
       1.781000      -0.290070       0.268170      -0.678831      -0.234282       0.290070      -0.268170       0.678831       0.234282      -0.750000
       1.782000      -0.290748       0.267935      -0.677655      -0.235368       0.290748      -0.267935       0.677655       0.235368      -0.750000
       1.783000      -0.291425       0.267699      -0.676479      -0.236450       0.291425      -0.267699       0.676479       0.236450      -0.750000
       1.784000      -0.292101       0.267462      -0.675303      -0.237528       0.292101      -0.267462       0.675303       0.237528      -0.750000
       1.785000      -0.292776       0.267224      -0.674128      -0.238602       0.292776      -0.267224       0.674128       0.238602      -0.750000
       1.786000      -0.293449       0.266985      -0.672953      -0.239673       0.293449      -0.266985       0.672953       0.239673      -0.750000
       1.787000      -0.294122       0.266745      -0.671778      -0.240740       0.294122      -0.266745       0.671778       0.240740      -0.750000
       1.788000      -0.294793       0.266503      -0.670604      -0.241804       0.294793      -0.266503       0.670604       0.241804      -0.750000
       1.789000      -0.295463       0.266261      -0.669429      -0.242863       0.295463      -0.266261       0.669429       0.242863      -0.750000
       1.790000      -0.296132       0.266018      -0.668256      -0.243919       0.296132      -0.266018       0.668256       0.243919      -0.750000
       1.791000      -0.296799       0.265773      -0.667082      -0.244972       0.296799      -0.265773       0.667082       0.244972      -0.750000
       1.792000      -0.297466       0.265528      -0.665909      -0.246021       0.297466      -0.265528       0.665909       0.246021      -0.750000
       1.793000      -0.298131       0.265281      -0.664736      -0.247066       0.298131      -0.265281       0.664736       0.247066      -0.750000
       1.794000      -0.298795       0.265033      -0.663563      -0.248108       0.298795      -0.265033       0.663563       0.248108      -0.750000
       1.795000      -0.299458       0.264785      -0.662391      -0.249146       0.299458      -0.264785       0.662391       0.249146      -0.750000
       1.796000      -0.300120       0.264535      -0.661219      -0.250181       0.300120      -0.264535       0.661219       0.250181      -0.750000
       1.797000      -0.300781       0.264285      -0.660048      -0.251212       0.300781      -0.264285       0.660048       0.251212      -0.750000
       1.798000      -0.301440       0.264033      -0.658876      -0.252239       0.301440      -0.264033       0.658876       0.252239      -0.750000
       1.799000      -0.302098       0.263780      -0.657705      -0.253263       0.302098      -0.263780       0.657705       0.253263      -0.750000
       1.800000      -0.302756       0.263526      -0.656535      -0.254284       0.302756      -0.263526       0.656535       0.254284      -0.750000
       1.801000      -0.303412       0.263271      -0.655364      -0.255301       0.303412      -0.263271       0.655364       0.255301      -0.750000
       1.802000      -0.304066       0.263016      -0.654194      -0.256315       0.304066      -0.263016       0.654194       0.256315      -0.750000
       1.803000      -0.304720       0.262759      -0.653025      -0.257325       0.304720      -0.262759       0.653025       0.257325      -0.750000
       1.804000      -0.305372       0.262501      -0.651855      -0.258331       0.305372      -0.262501       0.651855       0.258331      -0.750000
       1.805000      -0.306024       0.262242      -0.650687      -0.259335       0.306024      -0.262242       0.650687       0.259335      -0.750000
       1.806000      -0.306674       0.261982      -0.649518      -0.260335       0.306674      -0.261982       0.649518       0.260335      -0.750000
       1.807000      -0.307323       0.261722      -0.648350      -0.261331       0.307323      -0.261722       0.648350       0.261331      -0.750000
       1.808000      -0.307970       0.261460      -0.647182      -0.262324       0.307970      -0.261460       0.647182       0.262324      -0.750000
       1.809000      -0.308617       0.261197      -0.646014      -0.263314       0.308617      -0.261197       0.646014       0.263314      -0.750000
       1.810000      -0.309262       0.260933      -0.644847      -0.264300       0.309262      -0.260933       0.644847       0.264300      -0.750000
       1.811000      -0.309907       0.260668      -0.643680      -0.265283       0.309907      -0.260668       0.643680       0.265283      -0.750000
       1.812000      -0.310550       0.260402      -0.642514      -0.266263       0.310550      -0.260402       0.642514       0.266263      -0.750000
       1.813000      -0.311192       0.260136      -0.641348      -0.267239       0.311192      -0.260136       0.641348       0.267239      -0.750000
       1.814000      -0.311833       0.259868      -0.640182      -0.268212       0.311833      -0.259868       0.640182       0.268212      -0.750000
       1.815000      -0.312472       0.259599      -0.639016      -0.269182       0.312472      -0.259599       0.639016       0.269182      -0.750000
       1.816000      -0.313111       0.259330      -0.637851      -0.270148       0.313111      -0.259330       0.637851       0.270148      -0.750000
       1.817000      -0.313748       0.259059      -0.636687      -0.271111       0.313748      -0.259059       0.636687       0.271111      -0.750000
       1.818000      -0.314384       0.258787      -0.635522      -0.272071       0.314384      -0.258787       0.635522       0.272071      -0.750000
       1.819000      -0.315019       0.258515      -0.634359      -0.273028       0.315019      -0.258515       0.634359       0.273028      -0.750000
       1.820000      -0.315653       0.258241      -0.633195      -0.273981       0.315653      -0.258241       0.633195       0.273981      -0.750000
       1.821000      -0.316285       0.257967      -0.632032      -0.274931       0.316285      -0.257967       0.632032       0.274931      -0.750000
       1.822000      -0.316917       0.257691      -0.630869      -0.275878       0.316917      -0.257691       0.630869       0.275878      -0.750000
       1.823000      -0.317547       0.257415      -0.629707      -0.276822       0.317547      -0.257415       0.629707       0.276822      -0.750000
       1.824000      -0.318176       0.257138      -0.628545      -0.277762       0.318176      -0.257138       0.628545       0.277762      -0.750000
       1.825000      -0.318804       0.256860      -0.627383      -0.278700       0.318804      -0.256860       0.627383       0.278700      -0.750000
       1.826000      -0.319431       0.256580      -0.626222      -0.279634       0.319431      -0.256580       0.626222       0.279634      -0.750000
       1.827000      -0.320057       0.256300      -0.625061      -0.280565       0.320057      -0.256300       0.625061       0.280565      -0.750000
       1.828000      -0.320681       0.256019      -0.623900      -0.281493       0.320681      -0.256019       0.623900       0.281493      -0.750000
       1.829000      -0.321304       0.255737      -0.622740      -0.282418       0.321304      -0.255737       0.622740       0.282418      -0.750000
       1.830000      -0.321926       0.255454      -0.621581      -0.283339       0.321926      -0.255454       0.621581       0.283339      -0.750000
       1.831000      -0.322547       0.255171      -0.620421      -0.284258       0.322547      -0.255171       0.620421       0.284258      -0.750000
       1.832000      -0.323167       0.254886      -0.619262      -0.285173       0.323167      -0.254886       0.619262       0.285173      -0.750000
       1.833000      -0.323786       0.254600      -0.618104      -0.286086       0.323786      -0.254600       0.618104       0.286086      -0.750000
       1.834000      -0.324404       0.254314      -0.616946      -0.286995       0.324404      -0.254314       0.616946       0.286995      -0.750000
       1.835000      -0.325020       0.254026      -0.615788      -0.287901       0.325020      -0.254026       0.615788       0.287901      -0.750000
       1.836000      -0.325635       0.253738      -0.614631      -0.288804       0.325635      -0.253738       0.614631       0.288804      -0.750000
       1.837000      -0.326249       0.253449      -0.613474      -0.289705       0.326249      -0.253449       0.613474       0.289705      -0.750000
       1.838000      -0.326862       0.253159      -0.612317      -0.290602       0.326862      -0.253159       0.612317       0.290602      -0.750000
       1.839000      -0.327474       0.252868      -0.611161      -0.291496       0.327474      -0.252868       0.611161       0.291496      -0.750000
       1.840000      -0.328084       0.252576      -0.610005      -0.292387       0.328084      -0.252576       0.610005       0.292387      -0.750000
       1.841000      -0.328694       0.252283      -0.608850      -0.293275       0.328694      -0.252283       0.608850       0.293275      -0.750000
       1.842000      -0.329302       0.251989      -0.607695      -0.294160       0.329302      -0.251989       0.607695       0.294160      -0.750000
       1.843000      -0.329909       0.251694      -0.606540      -0.295042       0.329909      -0.251694       0.606540       0.295042      -0.750000
       1.844000      -0.330515       0.251399      -0.605386      -0.295921       0.330515      -0.251399       0.605386       0.295921      -0.750000
       1.845000      -0.331120       0.251103      -0.604233      -0.296798       0.331120      -0.251103       0.604233       0.296798      -0.750000
       1.846000      -0.331724       0.250805      -0.603079      -0.297671       0.331724      -0.250805       0.603079       0.297671      -0.750000
       1.847000      -0.332326       0.250507      -0.601926      -0.298541       0.332326      -0.250507       0.601926       0.298541      -0.750000
       1.848000      -0.332927       0.250208      -0.600774      -0.299409       0.332927      -0.250208       0.600774       0.299409      -0.750000
       1.849000      -0.333528       0.249908      -0.599622      -0.300273       0.333528      -0.249908       0.599622       0.300273      -0.750000
       1.850000      -0.334127       0.249608      -0.598470      -0.301135       0.334127      -0.249608       0.598470       0.301135      -0.750000
       1.851000      -0.334725       0.249306      -0.597319      -0.301993       0.334725      -0.249306       0.597319       0.301993      -0.750000
       1.852000      -0.335321       0.249004      -0.596168      -0.302849       0.335321      -0.249004       0.596168       0.302849      -0.750000
       1.853000      -0.335917       0.248700      -0.595018      -0.303702       0.335917      -0.248700       0.595018       0.303702      -0.750000
       1.854000      -0.336511       0.248396      -0.593868      -0.304552       0.336511      -0.248396       0.593868       0.304552      -0.750000
       1.855000      -0.337105       0.248091      -0.592718      -0.305400       0.337105      -0.248091       0.592718       0.305400      -0.750000
       1.856000      -0.337697       0.247786      -0.591569      -0.306244       0.337697      -0.247786       0.591569       0.306244      -0.750000
       1.857000      -0.338288       0.247479      -0.590421      -0.307086       0.338288      -0.247479       0.590421       0.307086      -0.750000
       1.858000      -0.338878       0.247171      -0.589272      -0.307925       0.338878      -0.247171       0.589272       0.307925      -0.750000
       1.859000      -0.339466       0.246863      -0.588124      -0.308760       0.339466      -0.246863       0.588124       0.308760      -0.750000
       1.860000      -0.340054       0.246554      -0.586977      -0.309594       0.340054      -0.246554       0.586977       0.309594      -0.750000
       1.861000      -0.340640       0.246244      -0.585830      -0.310424       0.340640      -0.246244       0.585830       0.310424      -0.750000
       1.862000      -0.341226       0.245933      -0.584683      -0.311252       0.341226      -0.245933       0.584683       0.311252      -0.750000
       1.863000      -0.341810       0.245621      -0.583537      -0.312077       0.341810      -0.245621       0.583537       0.312077      -0.750000
       1.864000      -0.342393       0.245309      -0.582392      -0.312899       0.342393      -0.245309       0.582392       0.312899      -0.750000
       1.865000      -0.342974       0.244996      -0.581246      -0.313718       0.342974      -0.244996       0.581246       0.313718      -0.750000
       1.866000      -0.343555       0.244681      -0.580101      -0.314535       0.343555      -0.244681       0.580101       0.314535      -0.750000
       1.867000      -0.344135       0.244366      -0.578957      -0.315348       0.344135      -0.244366       0.578957       0.315348      -0.750000
       1.868000      -0.344713       0.244051      -0.577813      -0.316160       0.344713      -0.244051       0.577813       0.316160      -0.750000
       1.869000      -0.345290       0.243734      -0.576669      -0.316968       0.345290      -0.243734       0.576669       0.316968      -0.750000
       1.870000      -0.345866       0.243417      -0.575526      -0.317774       0.345866      -0.243417       0.575526       0.317774      -0.750000
       1.871000      -0.346441       0.243099      -0.574384      -0.318577       0.346441      -0.243099       0.574384       0.318577      -0.750000
       1.872000      -0.347015       0.242780      -0.573241      -0.319377       0.347015      -0.242780       0.573241       0.319377      -0.750000
       1.873000      -0.347588       0.242460      -0.572099      -0.320175       0.347588      -0.242460       0.572099       0.320175      -0.750000
       1.874000      -0.348159       0.242139      -0.570958      -0.320970       0.348159      -0.242139       0.570958       0.320970      -0.750000
       1.875000      -0.348730       0.241818      -0.569817      -0.321762       0.348730      -0.241818       0.569817       0.321762      -0.750000
       1.876000      -0.349299       0.241496      -0.568676      -0.322552       0.349299      -0.241496       0.568676       0.322552      -0.750000
       1.877000      -0.349867       0.241173      -0.567536      -0.323339       0.349867      -0.241173       0.567536       0.323339      -0.750000
       1.878000      -0.350434       0.240849      -0.566397      -0.324123       0.350434      -0.240849       0.566397       0.324123      -0.750000
       1.879000      -0.351000       0.240525      -0.565257      -0.324905       0.351000      -0.240525       0.565257       0.324905      -0.750000
       1.880000      -0.351565       0.240199      -0.564118      -0.325685       0.351565      -0.240199       0.564118       0.325685      -0.750000
       1.881000      -0.352128       0.239873      -0.562980      -0.326461       0.352128      -0.239873       0.562980       0.326461      -0.750000
       1.882000      -0.352691       0.239546      -0.561842      -0.327235       0.352691      -0.239546       0.561842       0.327235      -0.750000
       1.883000      -0.353252       0.239219      -0.560705      -0.328007       0.353252      -0.239219       0.560705       0.328007      -0.750000
       1.884000      -0.353812       0.238890      -0.559568      -0.328776       0.353812      -0.238890       0.559568       0.328776      -0.750000
       1.885000      -0.354371       0.238561      -0.558431      -0.329542       0.354371      -0.238561       0.558431       0.329542      -0.750000
       1.886000      -0.354929       0.238231      -0.557295      -0.330306       0.354929      -0.238231       0.557295       0.330306      -0.750000
       1.887000      -0.355486       0.237901      -0.556159      -0.331067       0.355486      -0.237901       0.556159       0.331067      -0.750000
       1.888000      -0.356041       0.237569      -0.555024      -0.331825       0.356041      -0.237569       0.555024       0.331825      -0.750000
       1.889000      -0.356596       0.237237      -0.553889      -0.332582       0.356596      -0.237237       0.553889       0.332582      -0.750000
       1.890000      -0.357149       0.236904      -0.552754      -0.333335       0.357149      -0.236904       0.552754       0.333335      -0.750000
       1.891000      -0.357701       0.236570      -0.551620      -0.334086       0.357701      -0.236570       0.551620       0.334086      -0.750000
       1.892000      -0.358252       0.236236      -0.550487      -0.334835       0.358252      -0.236236       0.550487       0.334835      -0.750000
       1.893000      -0.358802       0.235901      -0.549354      -0.335581       0.358802      -0.235901       0.549354       0.335581      -0.750000
       1.894000      -0.359351       0.235565      -0.548221      -0.336325       0.359351      -0.235565       0.548221       0.336325      -0.750000
       1.895000      -0.359899       0.235228      -0.547089      -0.337066       0.359899      -0.235228       0.547089       0.337066      -0.750000
       1.896000      -0.360445       0.234890      -0.545957      -0.337804       0.360445      -0.234890       0.545957       0.337804      -0.750000
       1.897000      -0.360990       0.234552      -0.544825      -0.338541       0.360990      -0.234552       0.544825       0.338541      -0.750000
       1.898000      -0.361535       0.234213      -0.543695      -0.339274       0.361535      -0.234213       0.543695       0.339274      -0.750000
       1.899000      -0.362078       0.233874      -0.542564      -0.340006       0.362078      -0.233874       0.542564       0.340006      -0.750000
       1.900000      -0.362620       0.233533      -0.541434      -0.340735       0.362620      -0.233533       0.541434       0.340735      -0.750000
       1.901000      -0.363161       0.233192      -0.540304      -0.341461       0.363161      -0.233192       0.540304       0.341461      -0.750000
       1.902000      -0.363700       0.232850      -0.539175      -0.342185       0.363700      -0.232850       0.539175       0.342185      -0.750000
       1.903000      -0.364239       0.232508      -0.538046      -0.342906       0.364239      -0.232508       0.538046       0.342906      -0.750000
       1.904000      -0.364777       0.232165      -0.536918      -0.343626       0.364777      -0.232165       0.536918       0.343626      -0.750000
       1.905000      -0.365313       0.231821      -0.535790      -0.344342       0.365313      -0.231821       0.535790       0.344342      -0.750000
       1.906000      -0.365848       0.231476      -0.534663      -0.345057       0.365848      -0.231476       0.534663       0.345057      -0.750000
       1.907000      -0.366382       0.231131      -0.533536      -0.345769       0.366382      -0.231131       0.533536       0.345769      -0.750000
       1.908000      -0.366915       0.230784      -0.532409      -0.346478       0.366915      -0.230784       0.532409       0.346478      -0.750000
       1.909000      -0.367447       0.230438      -0.531283      -0.347186       0.367447      -0.230438       0.531283       0.347186      -0.750000
       1.910000      -0.367978       0.230090      -0.530158      -0.347891       0.367978      -0.230090       0.530158       0.347891      -0.750000
       1.911000      -0.368507       0.229742      -0.529032      -0.348593       0.368507      -0.229742       0.529032       0.348593      -0.750000
       1.912000      -0.369036       0.229393      -0.527908      -0.349293       0.369036      -0.229393       0.527908       0.349293      -0.750000
       1.913000      -0.369563       0.229043      -0.526783      -0.349991       0.369563      -0.229043       0.526783       0.349991      -0.750000
       1.914000      -0.370089       0.228693      -0.525660      -0.350687       0.370089      -0.228693       0.525660       0.350687      -0.750000
       1.915000      -0.370614       0.228342      -0.524536      -0.351380       0.370614      -0.228342       0.524536       0.351380      -0.750000
       1.916000      -0.371138       0.227990      -0.523413      -0.352071       0.371138      -0.227990       0.523413       0.352071      -0.750000
       1.917000      -0.371661       0.227638      -0.522291      -0.352759       0.371661      -0.227638       0.522291       0.352759      -0.750000
       1.918000      -0.372183       0.227285      -0.521168      -0.353446       0.372183      -0.227285       0.521168       0.353446      -0.750000
       1.919000      -0.372704       0.226931      -0.520047      -0.354130       0.372704      -0.226931       0.520047       0.354130      -0.750000
       1.920000      -0.373223       0.226576      -0.518925      -0.354811       0.373223      -0.226576       0.518925       0.354811      -0.750000
       1.921000      -0.373741       0.226221      -0.517805      -0.355491       0.373741      -0.226221       0.517805       0.355491      -0.750000
       1.922000      -0.374259       0.225865      -0.516684      -0.356168       0.374259      -0.225865       0.516684       0.356168      -0.750000
       1.923000      -0.374775       0.225509      -0.515564      -0.356843       0.374775      -0.225509       0.515564       0.356843      -0.750000
       1.924000      -0.375290       0.225152      -0.514445      -0.357515       0.375290      -0.225152       0.514445       0.357515      -0.750000
       1.925000      -0.375804       0.224794      -0.513326      -0.358186       0.375804      -0.224794       0.513326       0.358186      -0.750000
       1.926000      -0.376317       0.224435      -0.512207      -0.358854       0.376317      -0.224435       0.512207       0.358854      -0.750000
       1.927000      -0.376828       0.224076      -0.511089      -0.359520       0.376828      -0.224076       0.511089       0.359520      -0.750000
       1.928000      -0.377339       0.223716      -0.509971      -0.360183       0.377339      -0.223716       0.509971       0.360183      -0.750000
       1.929000      -0.377848       0.223356      -0.508854      -0.360845       0.377848      -0.223356       0.508854       0.360845      -0.750000
       1.930000      -0.378356       0.222995      -0.507737      -0.361504       0.378356      -0.222995       0.507737       0.361504      -0.750000
       1.931000      -0.378864       0.222633      -0.506621      -0.362161       0.378864      -0.222633       0.506621       0.362161      -0.750000
       1.932000      -0.379370       0.222270      -0.505505      -0.362816       0.379370      -0.222270       0.505505       0.362816      -0.750000
       1.933000      -0.379875       0.221907      -0.504389      -0.363468       0.379875      -0.221907       0.504389       0.363468      -0.750000
       1.934000      -0.380378       0.221543      -0.503274      -0.364119       0.380378      -0.221543       0.503274       0.364119      -0.750000
       1.935000      -0.380881       0.221179      -0.502160      -0.364767       0.380881      -0.221179       0.502160       0.364767      -0.750000
       1.936000      -0.381383       0.220814      -0.501045      -0.365413       0.381383      -0.220814       0.501045       0.365413      -0.750000
       1.937000      -0.381883       0.220448      -0.499932      -0.366057       0.381883      -0.220448       0.499932       0.366057      -0.750000
       1.938000      -0.382383       0.220082      -0.498818      -0.366699       0.382383      -0.220082       0.498818       0.366699      -0.750000
       1.939000      -0.382881       0.219715      -0.497705      -0.367338       0.382881      -0.219715       0.497705       0.367338      -0.750000
       1.940000      -0.383378       0.219347      -0.496593      -0.367976       0.383378      -0.219347       0.496593       0.367976      -0.750000
       1.941000      -0.383874       0.218979      -0.495481      -0.368611       0.383874      -0.218979       0.495481       0.368611      -0.750000
       1.942000      -0.384369       0.218610      -0.494369      -0.369244       0.384369      -0.218610       0.494369       0.369244      -0.750000
       1.943000      -0.384863       0.218240      -0.493258      -0.369875       0.384863      -0.218240       0.493258       0.369875      -0.750000
       1.944000      -0.385355       0.217870      -0.492147      -0.370504       0.385355      -0.217870       0.492147       0.370504      -0.750000
       1.945000      -0.385847       0.217499      -0.491037      -0.371131       0.385847      -0.217499       0.491037       0.371131      -0.750000
       1.946000      -0.386338       0.217128      -0.489927      -0.371756       0.386338      -0.217128       0.489927       0.371756      -0.750000
       1.947000      -0.386827       0.216756      -0.488818      -0.372378       0.386827      -0.216756       0.488818       0.372378      -0.750000
       1.948000      -0.387315       0.216383      -0.487709      -0.372999       0.387315      -0.216383       0.487709       0.372999      -0.750000
       1.949000      -0.387802       0.216010      -0.486600      -0.373617       0.387802      -0.216010       0.486600       0.373617      -0.750000
       1.950000      -0.388288       0.215636      -0.485492      -0.374234       0.388288      -0.215636       0.485492       0.374234      -0.750000
       1.951000      -0.388773       0.215261      -0.484384      -0.374848       0.388773      -0.215261       0.484384       0.374848      -0.750000
       1.952000      -0.389257       0.214886      -0.483277      -0.375460       0.389257      -0.214886       0.483277       0.375460      -0.750000
       1.953000      -0.389740       0.214510      -0.482170      -0.376070       0.389740      -0.214510       0.482170       0.376070      -0.750000
       1.954000      -0.390222       0.214134      -0.481064      -0.376678       0.390222      -0.214134       0.481064       0.376678      -0.750000
       1.955000      -0.390702       0.213757      -0.479958      -0.377284       0.390702      -0.213757       0.479958       0.377284      -0.750000
       1.956000      -0.391181       0.213379      -0.478852      -0.377888       0.391181      -0.213379       0.478852       0.377888      -0.750000
       1.957000      -0.391660       0.213001      -0.477747      -0.378490       0.391660      -0.213001       0.477747       0.378490      -0.750000
       1.958000      -0.392137       0.212622      -0.476642      -0.379090       0.392137      -0.212622       0.476642       0.379090      -0.750000
       1.959000      -0.392613       0.212243      -0.475538      -0.379688       0.392613      -0.212243       0.475538       0.379688      -0.750000
       1.960000      -0.393088       0.211863      -0.474434      -0.380284       0.393088      -0.211863       0.474434       0.380284      -0.750000
       1.961000      -0.393562       0.211482      -0.473331      -0.380878       0.393562      -0.211482       0.473331       0.380878      -0.750000
       1.962000      -0.394035       0.211101      -0.472228      -0.381469       0.394035      -0.211101       0.472228       0.381469      -0.750000
       1.963000      -0.394506       0.210720      -0.471125      -0.382059       0.394506      -0.210720       0.471125       0.382059      -0.750000
       1.964000      -0.394977       0.210337      -0.470023      -0.382647       0.394977      -0.210337       0.470023       0.382647      -0.750000
       1.965000      -0.395446       0.209954      -0.468921      -0.383233       0.395446      -0.209954       0.468921       0.383233      -0.750000
       1.966000      -0.395915       0.209571      -0.467820      -0.383817       0.395915      -0.209571       0.467820       0.383817      -0.750000
       1.967000      -0.396382       0.209187      -0.466719      -0.384399       0.396382      -0.209187       0.466719       0.384399      -0.750000
       1.968000      -0.396848       0.208802      -0.465618      -0.384978       0.396848      -0.208802       0.465618       0.384978      -0.750000
       1.969000      -0.397313       0.208417      -0.464518      -0.385556       0.397313      -0.208417       0.464518       0.385556      -0.750000
       1.970000      -0.397777       0.208031      -0.463419      -0.386132       0.397777      -0.208031       0.463419       0.386132      -0.750000
       1.971000      -0.398240       0.207644      -0.462320      -0.386706       0.398240      -0.207644       0.462320       0.386706      -0.750000
       1.972000      -0.398702       0.207257      -0.461221      -0.387278       0.398702      -0.207257       0.461221       0.387278      -0.750000
       1.973000      -0.399163       0.206870      -0.460122      -0.387848       0.399163      -0.206870       0.460122       0.387848      -0.750000
       1.974000      -0.399622       0.206482      -0.459025      -0.388417       0.399622      -0.206482       0.459025       0.388417      -0.750000
       1.975000      -0.400081       0.206093      -0.457927      -0.388983       0.400081      -0.206093       0.457927       0.388983      -0.750000
       1.976000      -0.400538       0.205704      -0.456830      -0.389547       0.400538      -0.205704       0.456830       0.389547      -0.750000
       1.977000      -0.400994       0.205314      -0.455733      -0.390109       0.400994      -0.205314       0.455733       0.390109      -0.750000
       1.978000      -0.401449       0.204923      -0.454637      -0.390670       0.401449      -0.204923       0.454637       0.390670      -0.750000
       1.979000      -0.401904       0.204533      -0.453541      -0.391228       0.401904      -0.204533       0.453541       0.391228      -0.750000
       1.980000      -0.402356       0.204141      -0.452446      -0.391785       0.402356      -0.204141       0.452446       0.391785      -0.750000
       1.981000      -0.402808       0.203749      -0.451351      -0.392340       0.402808      -0.203749       0.451351       0.392340      -0.750000
       1.982000      -0.403259       0.203356      -0.450256      -0.392893       0.403259      -0.203356       0.450256       0.392893      -0.750000
       1.983000      -0.403709       0.202963      -0.449162      -0.393444       0.403709      -0.202963       0.449162       0.393444      -0.750000
       1.984000      -0.404158       0.202569      -0.448068      -0.393993       0.404158      -0.202569       0.448068       0.393993      -0.750000
       1.985000      -0.404605       0.202175      -0.446975      -0.394540       0.404605      -0.202175       0.446975       0.394540      -0.750000
       1.986000      -0.405051       0.201780      -0.445882      -0.395085       0.405051      -0.201780       0.445882       0.395085      -0.750000
       1.987000      -0.405497       0.201385      -0.444789      -0.395628       0.405497      -0.201385       0.444789       0.395628      -0.750000
       1.988000      -0.405941       0.200989      -0.443697      -0.396170       0.405941      -0.200989       0.443697       0.396170      -0.750000
       1.989000      -0.406384       0.200593      -0.442606      -0.396710       0.406384      -0.200593       0.442606       0.396710      -0.750000
       1.990000      -0.406826       0.200196      -0.441514      -0.397248       0.406826      -0.200196       0.441514       0.397248      -0.750000
       1.991000      -0.407267       0.199798      -0.440423      -0.397784       0.407267      -0.199798       0.440423       0.397784      -0.750000
       1.992000      -0.407707       0.199400      -0.439333      -0.398318       0.407707      -0.199400       0.439333       0.398318      -0.750000
       1.993000      -0.408146       0.199002      -0.438243      -0.398850       0.408146      -0.199002       0.438243       0.398850      -0.750000
       1.994000      -0.408584       0.198602      -0.437153      -0.399380       0.408584      -0.198602       0.437153       0.399380      -0.750000
       1.995000      -0.409020       0.198203      -0.436064      -0.399909       0.409020      -0.198203       0.436064       0.399909      -0.750000
       1.996000      -0.409456       0.197803      -0.434975      -0.400436       0.409456      -0.197803       0.434975       0.400436      -0.750000
       1.997000      -0.409890       0.197402      -0.433887      -0.400961       0.409890      -0.197402       0.433887       0.400961      -0.750000
       1.998000      -0.410323       0.197001      -0.432799      -0.401484       0.410323      -0.197001       0.432799       0.401484      -0.750000
       1.999000      -0.410756       0.196599      -0.431711      -0.402005       0.410756      -0.196599       0.431711       0.402005      -0.750000
       2.000000      -0.411187       0.196197      -0.430624      -0.402525       0.411187      -0.196197       0.430624       0.402525      -0.750000
       2.001000      -0.411617       0.195794      -0.429537      -0.403043       0.411617      -0.195794       0.429537       0.403043      -0.750000
       2.002000      -0.412046       0.195391      -0.428451      -0.403559       0.412046      -0.195391       0.428451       0.403559      -0.750000
       2.003000      -0.412474       0.194987      -0.427365      -0.404073       0.412474      -0.194987       0.427365       0.404073      -0.750000
       2.004000      -0.412901       0.194582      -0.426279      -0.404585       0.412901      -0.194582       0.426279       0.404585      -0.750000
       2.005000      -0.413326       0.194178      -0.425194      -0.405096       0.413326      -0.194178       0.425194       0.405096      -0.750000
       2.006000      -0.413751       0.193772      -0.424109      -0.405605       0.413751      -0.193772       0.424109       0.405605      -0.750000
       2.007000      -0.414175       0.193366      -0.423024      -0.406112       0.414175      -0.193366       0.423024       0.406112      -0.750000
       2.008000      -0.414597       0.192960      -0.421940      -0.406617       0.414597      -0.192960       0.421940       0.406617      -0.750000
       2.009000      -0.415019       0.192553      -0.420857      -0.407121       0.415019      -0.192553       0.420857       0.407121      -0.750000
       2.010000      -0.415439       0.192146      -0.419774      -0.407623       0.415439      -0.192146       0.419774       0.407623      -0.750000
       2.011000      -0.415858       0.191738      -0.418691      -0.408123       0.415858      -0.191738       0.418691       0.408123      -0.750000
       2.012000      -0.416276       0.191330      -0.417608      -0.408621       0.416276      -0.191330       0.417608       0.408621      -0.750000
       2.013000      -0.416693       0.190921      -0.416526      -0.409117       0.416693      -0.190921       0.416526       0.409117      -0.750000
       2.014000      -0.417109       0.190511      -0.415445      -0.409612       0.417109      -0.190511       0.415445       0.409612      -0.750000
       2.015000      -0.417524       0.190101      -0.414363      -0.410105       0.417524      -0.190101       0.414363       0.410105      -0.750000
       2.016000      -0.417938       0.189691      -0.413282      -0.410597       0.417938      -0.189691       0.413282       0.410597      -0.750000
       2.017000      -0.418351       0.189280      -0.412202      -0.411086       0.418351      -0.189280       0.412202       0.411086      -0.750000
       2.018000      -0.418762       0.188869      -0.411122      -0.411574       0.418762      -0.188869       0.411122       0.411574      -0.750000
       2.019000      -0.419173       0.188457      -0.410042      -0.412060       0.419173      -0.188457       0.410042       0.412060      -0.750000
       2.020000      -0.419583       0.188045      -0.408963      -0.412545       0.419583      -0.188045       0.408963       0.412545      -0.750000
       2.021000      -0.419991       0.187632      -0.407884      -0.413028       0.419991      -0.187632       0.407884       0.413028      -0.750000
       2.022000      -0.420398       0.187219      -0.406805      -0.413509       0.420398      -0.187219       0.406805       0.413509      -0.750000
       2.023000      -0.420805       0.186805      -0.405727      -0.413988       0.420805      -0.186805       0.405727       0.413988      -0.750000
       2.024000      -0.421210       0.186391      -0.404650      -0.414466       0.421210      -0.186391       0.404650       0.414466      -0.750000
       2.025000      -0.421614       0.185976      -0.403572      -0.414942       0.421614      -0.185976       0.403572       0.414942      -0.750000
       2.026000      -0.422017       0.185561      -0.402495      -0.415416       0.422017      -0.185561       0.402495       0.415416      -0.750000
       2.027000      -0.422419       0.185145      -0.401419      -0.415889       0.422419      -0.185145       0.401419       0.415889      -0.750000
       2.028000      -0.422820       0.184729      -0.400342      -0.416360       0.422820      -0.184729       0.400342       0.416360      -0.750000
       2.029000      -0.423220       0.184313      -0.399266      -0.416829       0.423220      -0.184313       0.399266       0.416829      -0.750000
       2.030000      -0.423618       0.183895      -0.398191      -0.417297       0.423618      -0.183895       0.398191       0.417297      -0.750000
       2.031000      -0.424016       0.183478      -0.397116      -0.417763       0.424016      -0.183478       0.397116       0.417763      -0.750000
       2.032000      -0.424412       0.183060      -0.396041      -0.418227       0.424412      -0.183060       0.396041       0.418227      -0.750000
       2.033000      -0.424808       0.182641      -0.394967      -0.418690       0.424808      -0.182641       0.394967       0.418690      -0.750000
       2.034000      -0.425202       0.182223      -0.393893      -0.419151       0.425202      -0.182223       0.393893       0.419151      -0.750000
       2.035000      -0.425596       0.181803      -0.392819      -0.419610       0.425596      -0.181803       0.392819       0.419610      -0.750000
       2.036000      -0.425988       0.181383      -0.391746      -0.420068       0.425988      -0.181383       0.391746       0.420068      -0.750000
       2.037000      -0.426379       0.180963      -0.390673      -0.420524       0.426379      -0.180963       0.390673       0.420524      -0.750000
       2.038000      -0.426769       0.180542      -0.389601      -0.420978       0.426769      -0.180542       0.389601       0.420978      -0.750000
       2.039000      -0.427158       0.180121      -0.388529      -0.421431       0.427158      -0.180121       0.388529       0.421431      -0.750000
       2.040000      -0.427546       0.179699      -0.387457      -0.421882       0.427546      -0.179699       0.387457       0.421882      -0.750000
       2.041000      -0.427933       0.179277      -0.386386      -0.422332       0.427933      -0.179277       0.386386       0.422332      -0.750000
       2.042000      -0.428319       0.178855      -0.385315      -0.422780       0.428319      -0.178855       0.385315       0.422780      -0.750000
       2.043000      -0.428704       0.178432      -0.384244      -0.423226       0.428704      -0.178432       0.384244       0.423226      -0.750000
       2.044000      -0.429088       0.178008      -0.383174      -0.423671       0.429088      -0.178008       0.383174       0.423671      -0.750000
       2.045000      -0.429470       0.177584      -0.382104      -0.424114       0.429470      -0.177584       0.382104       0.424114      -0.750000
       2.046000      -0.429852       0.177160      -0.381035      -0.424555       0.429852      -0.177160       0.381035       0.424555      -0.750000
       2.047000      -0.430232       0.176735      -0.379966      -0.424995       0.430232      -0.176735       0.379966       0.424995      -0.750000
       2.048000      -0.430612       0.176310      -0.378897      -0.425433       0.430612      -0.176310       0.378897       0.425433      -0.750000
       2.049000      -0.430990       0.175884      -0.377828      -0.425870       0.430990      -0.175884       0.377828       0.425870      -0.750000
       2.050000      -0.431368       0.175458      -0.376760      -0.426305       0.431368      -0.175458       0.376760       0.426305      -0.750000
       2.051000      -0.431744       0.175032      -0.375693      -0.426739       0.431744      -0.175032       0.375693       0.426739      -0.750000
       2.052000      -0.432119       0.174605      -0.374625      -0.427171       0.432119      -0.174605       0.374625       0.427171      -0.750000
       2.053000      -0.432493       0.174177      -0.373558      -0.427601       0.432493      -0.174177       0.373558       0.427601      -0.750000
       2.054000      -0.432866       0.173750      -0.372492      -0.428030       0.432866      -0.173750       0.372492       0.428030      -0.750000
       2.055000      -0.433238       0.173321      -0.371426      -0.428457       0.433238      -0.173321       0.371426       0.428457      -0.750000
       2.056000      -0.433609       0.172893      -0.370360      -0.428883       0.433609      -0.172893       0.370360       0.428883      -0.750000
       2.057000      -0.433979       0.172464      -0.369294      -0.429307       0.433979      -0.172464       0.369294       0.429307      -0.750000
       2.058000      -0.434347       0.172034      -0.368229      -0.429730       0.434347      -0.172034       0.368229       0.429730      -0.750000
       2.059000      -0.434715       0.171604      -0.367164      -0.430151       0.434715      -0.171604       0.367164       0.430151      -0.750000
       2.060000      -0.435082       0.171174      -0.366100      -0.430570       0.435082      -0.171174       0.366100       0.430570      -0.750000
       2.061000      -0.435447       0.170743      -0.365036      -0.430988       0.435447      -0.170743       0.365036       0.430988      -0.750000
       2.062000      -0.435812       0.170312      -0.363972      -0.431405       0.435812      -0.170312       0.363972       0.431405      -0.750000
       2.063000      -0.436175       0.169880      -0.362909      -0.431819       0.436175      -0.169880       0.362909       0.431819      -0.750000
       2.064000      -0.436538       0.169448      -0.361846      -0.432233       0.436538      -0.169448       0.361846       0.432233      -0.750000
       2.065000      -0.436899       0.169016      -0.360783      -0.432645       0.436899      -0.169016       0.360783       0.432645      -0.750000
       2.066000      -0.437259       0.168583      -0.359721      -0.433055       0.437259      -0.168583       0.359721       0.433055      -0.750000
       2.067000      -0.437618       0.168150      -0.358659      -0.433464       0.437618      -0.168150       0.358659       0.433464      -0.750000
       2.068000      -0.437977       0.167716      -0.357597      -0.433871       0.437977      -0.167716       0.357597       0.433871      -0.750000
       2.069000      -0.438334       0.167282      -0.356536      -0.434276       0.438334      -0.167282       0.356536       0.434276      -0.750000
       2.070000      -0.438690       0.166847      -0.355475      -0.434681       0.438690      -0.166847       0.355475       0.434681      -0.750000
       2.071000      -0.439045       0.166413      -0.354414      -0.435083       0.439045      -0.166413       0.354414       0.435083      -0.750000
       2.072000      -0.439398       0.165977      -0.353354      -0.435485       0.439398      -0.165977       0.353354       0.435485      -0.750000
       2.073000      -0.439751       0.165542      -0.352294      -0.435884       0.439751      -0.165542       0.352294       0.435884      -0.750000
       2.074000      -0.440103       0.165106      -0.351235      -0.436282       0.440103      -0.165106       0.351235       0.436282      -0.750000
       2.075000      -0.440454       0.164669      -0.350176      -0.436679       0.440454      -0.164669       0.350176       0.436679      -0.750000
       2.076000      -0.440803       0.164232      -0.349117      -0.437074       0.440803      -0.164232       0.349117       0.437074      -0.750000
       2.077000      -0.441152       0.163795      -0.348058      -0.437468       0.441152      -0.163795       0.348058       0.437468      -0.750000
       2.078000      -0.441500       0.163357      -0.347000      -0.437860       0.441500      -0.163357       0.347000       0.437860      -0.750000
       2.079000      -0.441846       0.162919      -0.345942      -0.438251       0.441846      -0.162919       0.345942       0.438251      -0.750000
       2.080000      -0.442191       0.162481      -0.344885      -0.438640       0.442191      -0.162481       0.344885       0.438640      -0.750000
       2.081000      -0.442536       0.162042      -0.343827      -0.439028       0.442536      -0.162042       0.343827       0.439028      -0.750000
       2.082000      -0.442879       0.161603      -0.342771      -0.439414       0.442879      -0.161603       0.342771       0.439414      -0.750000
       2.083000      -0.443221       0.161163      -0.341714      -0.439799       0.443221      -0.161163       0.341714       0.439799      -0.750000
       2.084000      -0.443562       0.160723      -0.340658      -0.440182       0.443562      -0.160723       0.340658       0.440182      -0.750000
       2.085000      -0.443903       0.160283      -0.339602      -0.440564       0.443903      -0.160283       0.339602       0.440564      -0.750000
       2.086000      -0.444242       0.159842      -0.338547      -0.440945       0.444242      -0.159842       0.338547       0.440945      -0.750000
       2.087000      -0.444580       0.159401      -0.337491      -0.441324       0.444580      -0.159401       0.337491       0.441324      -0.750000
       2.088000      -0.444917       0.158959      -0.336436      -0.441701       0.444917      -0.158959       0.336436       0.441701      -0.750000
       2.089000      -0.445253       0.158517      -0.335382      -0.442077       0.445253      -0.158517       0.335382       0.442077      -0.750000
       2.090000      -0.445587       0.158075      -0.334328      -0.442452       0.445587      -0.158075       0.334328       0.442452      -0.750000
       2.091000      -0.445921       0.157632      -0.333274      -0.442825       0.445921      -0.157632       0.333274       0.442825      -0.750000
       2.092000      -0.446254       0.157189      -0.332220      -0.443197       0.446254      -0.157189       0.332220       0.443197      -0.750000
       2.093000      -0.446586       0.156746      -0.331167      -0.443567       0.446586      -0.156746       0.331167       0.443567      -0.750000
       2.094000      -0.446916       0.156302      -0.330114      -0.443936       0.446916      -0.156302       0.330114       0.443936      -0.750000
       2.095000      -0.447246       0.155858      -0.329062      -0.444304       0.447246      -0.155858       0.329062       0.444304      -0.750000
       2.096000      -0.447574       0.155414      -0.328009      -0.444670       0.447574      -0.155414       0.328009       0.444670      -0.750000
       2.097000      -0.447902       0.154969      -0.326958      -0.445034       0.447902      -0.154969       0.326958       0.445034      -0.750000
       2.098000      -0.448228       0.154524      -0.325906      -0.445398       0.448228      -0.154524       0.325906       0.445398      -0.750000
       2.099000      -0.448554       0.154078      -0.324855      -0.445759       0.448554      -0.154078       0.324855       0.445759      -0.750000
       2.100000      -0.448878       0.153632      -0.323804      -0.446120       0.448878      -0.153632       0.323804       0.446120      -0.750000
       2.101000      -0.449201       0.153186      -0.322753      -0.446479       0.449201      -0.153186       0.322753       0.446479      -0.750000
       2.102000      -0.449524       0.152739      -0.321703      -0.446836       0.449524      -0.152739       0.321703       0.446836      -0.750000
       2.103000      -0.449845       0.152292      -0.320653      -0.447192       0.449845      -0.152292       0.320653       0.447192      -0.750000
       2.104000      -0.450165       0.151845      -0.319603      -0.447547       0.450165      -0.151845       0.319603       0.447547      -0.750000
       2.105000      -0.450484       0.151397      -0.318554      -0.447900       0.450484      -0.151397       0.318554       0.447900      -0.750000
       2.106000      -0.450802       0.150949      -0.317505      -0.448252       0.450802      -0.150949       0.317505       0.448252      -0.750000
       2.107000      -0.451119       0.150501      -0.316456      -0.448603       0.451119      -0.150501       0.316456       0.448603      -0.750000
       2.108000      -0.451435       0.150052      -0.315407      -0.448952       0.451435      -0.150052       0.315407       0.448952      -0.750000
       2.109000      -0.451750       0.149603      -0.314359      -0.449300       0.451750      -0.149603       0.314359       0.449300      -0.750000
       2.110000      -0.452064       0.149153      -0.313311      -0.449646       0.452064      -0.149153       0.313311       0.449646      -0.750000
       2.111000      -0.452376       0.148703      -0.312264      -0.449991       0.452376      -0.148703       0.312264       0.449991      -0.750000
       2.112000      -0.452688       0.148253      -0.311217      -0.450335       0.452688      -0.148253       0.311217       0.450335      -0.750000
       2.113000      -0.452999       0.147803      -0.310170      -0.450677       0.452999      -0.147803       0.310170       0.450677      -0.750000
       2.114000      -0.453308       0.147352      -0.309123      -0.451018       0.453308      -0.147352       0.309123       0.451018      -0.750000
       2.115000      -0.453617       0.146901      -0.308077      -0.451357       0.453617      -0.146901       0.308077       0.451357      -0.750000
       2.116000      -0.453925       0.146449      -0.307031      -0.451695       0.453925      -0.146449       0.307031       0.451695      -0.750000
       2.117000      -0.454231       0.145997      -0.305985      -0.452032       0.454231      -0.145997       0.305985       0.452032      -0.750000
       2.118000      -0.454537       0.145545      -0.304940      -0.452367       0.454537      -0.145545       0.304940       0.452367      -0.750000
       2.119000      -0.454841       0.145093      -0.303895      -0.452701       0.454841      -0.145093       0.303895       0.452701      -0.750000
       2.120000      -0.455144       0.144640      -0.302850      -0.453034       0.455144      -0.144640       0.302850       0.453034      -0.750000
       2.121000      -0.455447       0.144186      -0.301805      -0.453365       0.455447      -0.144186       0.301805       0.453365      -0.750000
       2.122000      -0.455748       0.143733      -0.300761      -0.453695       0.455748      -0.143733       0.300761       0.453695      -0.750000
       2.123000      -0.456048       0.143279      -0.299717      -0.454024       0.456048      -0.143279       0.299717       0.454024      -0.750000
       2.124000      -0.456347       0.142825      -0.298674      -0.454351       0.456347      -0.142825       0.298674       0.454351      -0.750000
       2.125000      -0.456646       0.142370      -0.297630      -0.454677       0.456646      -0.142370       0.297630       0.454677      -0.750000
       2.126000      -0.456943       0.141916      -0.296587      -0.455002       0.456943      -0.141916       0.296587       0.455002      -0.750000
       2.127000      -0.457239       0.141460      -0.295545      -0.455325       0.457239      -0.141460       0.295545       0.455325      -0.750000
       2.128000      -0.457534       0.141005      -0.294502      -0.455647       0.457534      -0.141005       0.294502       0.455647      -0.750000
       2.129000      -0.457828       0.140549      -0.293460      -0.455967       0.457828      -0.140549       0.293460       0.455967      -0.750000
       2.130000      -0.458121       0.140093      -0.292418      -0.456286       0.458121      -0.140093       0.292418       0.456286      -0.750000
       2.131000      -0.458413       0.139637      -0.291377      -0.456604       0.458413      -0.139637       0.291377       0.456604      -0.750000
       2.132000      -0.458703       0.139180      -0.290335      -0.456921       0.458703      -0.139180       0.290335       0.456921      -0.750000
       2.133000      -0.458993       0.138723      -0.289294      -0.457236       0.458993      -0.138723       0.289294       0.457236      -0.750000
       2.134000      -0.459282       0.138265      -0.288254      -0.457550       0.459282      -0.138265       0.288254       0.457550      -0.750000
       2.135000      -0.459570       0.137808      -0.287213      -0.457863       0.459570      -0.137808       0.287213       0.457863      -0.750000
       2.136000      -0.459856       0.137350      -0.286173      -0.458174       0.459856      -0.137350       0.286173       0.458174      -0.750000
       2.137000      -0.460142       0.136891      -0.285133      -0.458484       0.460142      -0.136891       0.285133       0.458484      -0.750000
       2.138000      -0.460427       0.136433      -0.284094      -0.458793       0.460427      -0.136433       0.284094       0.458793      -0.750000
       2.139000      -0.460710       0.135974      -0.283055      -0.459100       0.460710      -0.135974       0.283055       0.459100      -0.750000
       2.140000      -0.460993       0.135514      -0.282015      -0.459406       0.460993      -0.135514       0.282015       0.459406      -0.750000
       2.141000      -0.461274       0.135055      -0.280977      -0.459711       0.461274      -0.135055       0.280977       0.459711      -0.750000
       2.142000      -0.461555       0.134595      -0.279938      -0.460014       0.461555      -0.134595       0.279938       0.460014      -0.750000
       2.143000      -0.461834       0.134135      -0.278900      -0.460316       0.461834      -0.134135       0.278900       0.460316      -0.750000
       2.144000      -0.462113       0.133674      -0.277862      -0.460617       0.462113      -0.133674       0.277862       0.460617      -0.750000
       2.145000      -0.462390       0.133214      -0.276825      -0.460917       0.462390      -0.133214       0.276825       0.460917      -0.750000
       2.146000      -0.462666       0.132753      -0.275787      -0.461215       0.462666      -0.132753       0.275787       0.461215      -0.750000
       2.147000      -0.462942       0.132291      -0.274750      -0.461512       0.462942      -0.132291       0.274750       0.461512      -0.750000
       2.148000      -0.463216       0.131829      -0.273713      -0.461807       0.463216      -0.131829       0.273713       0.461807      -0.750000
       2.149000      -0.463489       0.131368      -0.272677      -0.462102       0.463489      -0.131368       0.272677       0.462102      -0.750000
       2.150000      -0.463761       0.130905      -0.271641      -0.462395       0.463761      -0.130905       0.271641       0.462395      -0.750000
       2.151000      -0.464032       0.130443      -0.270605      -0.462687       0.464032      -0.130443       0.270605       0.462687      -0.750000
       2.152000      -0.464302       0.129980      -0.269569      -0.462977       0.464302      -0.129980       0.269569       0.462977      -0.750000
       2.153000      -0.464571       0.129517      -0.268533      -0.463267       0.464571      -0.129517       0.268533       0.463267      -0.750000
       2.154000      -0.464839       0.129053      -0.267498      -0.463555       0.464839      -0.129053       0.267498       0.463555      -0.750000
       2.155000      -0.465106       0.128590      -0.266463      -0.463841       0.465106      -0.128590       0.266463       0.463841      -0.750000
       2.156000      -0.465372       0.128126      -0.265429      -0.464127       0.465372      -0.128126       0.265429       0.464127      -0.750000
       2.157000      -0.465637       0.127661      -0.264394      -0.464411       0.465637      -0.127661       0.264394       0.464411      -0.750000
       2.158000      -0.465901       0.127197      -0.263360      -0.464694       0.465901      -0.127197       0.263360       0.464694      -0.750000
       2.159000      -0.466164       0.126732      -0.262326      -0.464976       0.466164      -0.126732       0.262326       0.464976      -0.750000
       2.160000      -0.466426       0.126267      -0.261293      -0.465256       0.466426      -0.126267       0.261293       0.465256      -0.750000
       2.161000      -0.466687       0.125802      -0.260259      -0.465535       0.466687      -0.125802       0.260259       0.465535      -0.750000
       2.162000      -0.466946       0.125336      -0.259226      -0.465813       0.466946      -0.125336       0.259226       0.465813      -0.750000
       2.163000      -0.467205       0.124870      -0.258193      -0.466090       0.467205      -0.124870       0.258193       0.466090      -0.750000
       2.164000      -0.467463       0.124404      -0.257161      -0.466365       0.467463      -0.124404       0.257161       0.466365      -0.750000
       2.165000      -0.467719       0.123937      -0.256129      -0.466639       0.467719      -0.123937       0.256129       0.466639      -0.750000
       2.166000      -0.467975       0.123470      -0.255096      -0.466912       0.467975      -0.123470       0.255096       0.466912      -0.750000
       2.167000      -0.468230       0.123003      -0.254065      -0.467184       0.468230      -0.123003       0.254065       0.467184      -0.750000
       2.168000      -0.468483       0.122536      -0.253033      -0.467454       0.468483      -0.122536       0.253033       0.467454      -0.750000
       2.169000      -0.468736       0.122068      -0.252002      -0.467723       0.468736      -0.122068       0.252002       0.467723      -0.750000
       2.170000      -0.468987       0.121601      -0.250971      -0.467991       0.468987      -0.121601       0.250971       0.467991      -0.750000
       2.171000      -0.469238       0.121132      -0.249940      -0.468258       0.469238      -0.121132       0.249940       0.468258      -0.750000
       2.172000      -0.469487       0.120664      -0.248909      -0.468523       0.469487      -0.120664       0.248909       0.468523      -0.750000
       2.173000      -0.469735       0.120195      -0.247879      -0.468788       0.469735      -0.120195       0.247879       0.468788      -0.750000
       2.174000      -0.469983       0.119726      -0.246849      -0.469051       0.469983      -0.119726       0.246849       0.469051      -0.750000
       2.175000      -0.470229       0.119257      -0.245819      -0.469312       0.470229      -0.119257       0.245819       0.469312      -0.750000
       2.176000      -0.470474       0.118788      -0.244790      -0.469573       0.470474      -0.118788       0.244790       0.469573      -0.750000
       2.177000      -0.470719       0.118318      -0.243760      -0.469832       0.470719      -0.118318       0.243760       0.469832      -0.750000
       2.178000      -0.470962       0.117848      -0.242731      -0.470090       0.470962      -0.117848       0.242731       0.470090      -0.750000
       2.179000      -0.471204       0.117378      -0.241702      -0.470347       0.471204      -0.117378       0.241702       0.470347      -0.750000
       2.180000      -0.471445       0.116908      -0.240674      -0.470603       0.471445      -0.116908       0.240674       0.470603      -0.750000
       2.181000      -0.471685       0.116437      -0.239645      -0.470857       0.471685      -0.116437       0.239645       0.470857      -0.750000
       2.182000      -0.471925       0.115966      -0.238617      -0.471110       0.471925      -0.115966       0.238617       0.471110      -0.750000
       2.183000      -0.472163       0.115495      -0.237589      -0.471362       0.472163      -0.115495       0.237589       0.471362      -0.750000
       2.184000      -0.472400       0.115023      -0.236562      -0.471613       0.472400      -0.115023       0.236562       0.471613      -0.750000
       2.185000      -0.472636       0.114551      -0.235534      -0.471863       0.472636      -0.114551       0.235534       0.471863      -0.750000
       2.186000      -0.472871       0.114079      -0.234507      -0.472111       0.472871      -0.114079       0.234507       0.472111      -0.750000
       2.187000      -0.473105       0.113607      -0.233480      -0.472358       0.473105      -0.113607       0.233480       0.472358      -0.750000
       2.188000      -0.473338       0.113135      -0.232453      -0.472604       0.473338      -0.113135       0.232453       0.472604      -0.750000
       2.189000      -0.473570       0.112662      -0.231427      -0.472849       0.473570      -0.112662       0.231427       0.472849      -0.750000
       2.190000      -0.473801       0.112189      -0.230400      -0.473093       0.473801      -0.112189       0.230400       0.473093      -0.750000
       2.191000      -0.474030       0.111716      -0.229374      -0.473335       0.474030      -0.111716       0.229374       0.473335      -0.750000
       2.192000      -0.474259       0.111242      -0.228349      -0.473576       0.474259      -0.111242       0.228349       0.473576      -0.750000
       2.193000      -0.474487       0.110769      -0.227323      -0.473816       0.474487      -0.110769       0.227323       0.473816      -0.750000
       2.194000      -0.474714       0.110295      -0.226298      -0.474055       0.474714      -0.110295       0.226298       0.474055      -0.750000
       2.195000      -0.474940       0.109820      -0.225273      -0.474293       0.474940      -0.109820       0.225273       0.474293      -0.750000
       2.196000      -0.475165       0.109346      -0.224248      -0.474529       0.475165      -0.109346       0.224248       0.474529      -0.750000
       2.197000      -0.475388       0.108871      -0.223223      -0.474764       0.475388      -0.108871       0.223223       0.474764      -0.750000
       2.198000      -0.475611       0.108397      -0.222199      -0.474998       0.475611      -0.108397       0.222199       0.474998      -0.750000
       2.199000      -0.475833       0.107921      -0.221174      -0.475231       0.475833      -0.107921       0.221174       0.475231      -0.750000
       2.200000      -0.476053       0.107446      -0.220150      -0.475463       0.476053      -0.107446       0.220150       0.475463      -0.750000
       2.201000      -0.476273       0.106970      -0.219126      -0.475693       0.476273      -0.106970       0.219126       0.475693      -0.750000
       2.202000      -0.476492       0.106495      -0.218103      -0.475923       0.476492      -0.106495       0.218103       0.475923      -0.750000
       2.203000      -0.476709       0.106019      -0.217080      -0.476151       0.476709      -0.106019       0.217080       0.476151      -0.750000
       2.204000      -0.476926       0.105542      -0.216056      -0.476378       0.476926      -0.105542       0.216056       0.476378      -0.750000
       2.205000      -0.477141       0.105066      -0.215033      -0.476604       0.477141      -0.105066       0.215033       0.476604      -0.750000
       2.206000      -0.477356       0.104589      -0.214011      -0.476828       0.477356      -0.104589       0.214011       0.476828      -0.750000
       2.207000      -0.477569       0.104112      -0.212988      -0.477052       0.477569      -0.104112       0.212988       0.477052      -0.750000
       2.208000      -0.477782       0.103635      -0.211966      -0.477274       0.477782      -0.103635       0.211966       0.477274      -0.750000
       2.209000      -0.477993       0.103158      -0.210944      -0.477495       0.477993      -0.103158       0.210944       0.477495      -0.750000
       2.210000      -0.478204       0.102680      -0.209922      -0.477715       0.478204      -0.102680       0.209922       0.477715      -0.750000
       2.211000      -0.478413       0.102202      -0.208900      -0.477934       0.478413      -0.102202       0.208900       0.477934      -0.750000
       2.212000      -0.478621       0.101724      -0.207879      -0.478152       0.478621      -0.101724       0.207879       0.478152      -0.750000
       2.213000      -0.478829       0.101246      -0.206858      -0.478368       0.478829      -0.101246       0.206858       0.478368      -0.750000
       2.214000      -0.479035       0.100767      -0.205837      -0.478584       0.479035      -0.100767       0.205837       0.478584      -0.750000
       2.215000      -0.479241       0.100289      -0.204816      -0.478798       0.479241      -0.100289       0.204816       0.478798      -0.750000
       2.216000      -0.479445       0.099810      -0.203795      -0.479011       0.479445      -0.099810       0.203795       0.479011      -0.750000
       2.217000      -0.479648       0.099331      -0.202775      -0.479223       0.479648      -0.099331       0.202775       0.479223      -0.750000
       2.218000      -0.479850       0.098851      -0.201754      -0.479433       0.479850      -0.098851       0.201754       0.479433      -0.750000
       2.219000      -0.480052       0.098372      -0.200734      -0.479643       0.480052      -0.098372       0.200734       0.479643      -0.750000
       2.220000      -0.480252       0.097892      -0.199715      -0.479851       0.480252      -0.097892       0.199715       0.479851      -0.750000
       2.221000      -0.480451       0.097412      -0.198695      -0.480059       0.480451      -0.097412       0.198695       0.480059      -0.750000
       2.222000      -0.480649       0.096932      -0.197676      -0.480265       0.480649      -0.096932       0.197676       0.480265      -0.750000
       2.223000      -0.480846       0.096452      -0.196656      -0.480470       0.480846      -0.096452       0.196656       0.480470      -0.750000
       2.224000      -0.481043       0.095971      -0.195637      -0.480674       0.481043      -0.095971       0.195637       0.480674      -0.750000
       2.225000      -0.481238       0.095490      -0.194618      -0.480876       0.481238      -0.095490       0.194618       0.480876      -0.750000
       2.226000      -0.481432       0.095009      -0.193600      -0.481078       0.481432      -0.095009       0.193600       0.481078      -0.750000
       2.227000      -0.481625       0.094528      -0.192581      -0.481278       0.481625      -0.094528       0.192581       0.481278      -0.750000
       2.228000      -0.481817       0.094047      -0.191563      -0.481478       0.481817      -0.094047       0.191563       0.481478      -0.750000
       2.229000      -0.482008       0.093565      -0.190545      -0.481676       0.482008      -0.093565       0.190545       0.481676      -0.750000
       2.230000      -0.482198       0.093083      -0.189527      -0.481873       0.482198      -0.093083       0.189527       0.481873      -0.750000
       2.231000      -0.482387       0.092601      -0.188509      -0.482069       0.482387      -0.092601       0.188509       0.482069      -0.750000
       2.232000      -0.482575       0.092119      -0.187492      -0.482264       0.482575      -0.092119       0.187492       0.482264      -0.750000
       2.233000      -0.482762       0.091637      -0.186475      -0.482457       0.482762      -0.091637       0.186475       0.482457      -0.750000
       2.234000      -0.482948       0.091154      -0.185458      -0.482650       0.482948      -0.091154       0.185458       0.482650      -0.750000
       2.235000      -0.483133       0.090672      -0.184441      -0.482841       0.483133      -0.090672       0.184441       0.482841      -0.750000
       2.236000      -0.483317       0.090189      -0.183424      -0.483031       0.483317      -0.090189       0.183424       0.483031      -0.750000
       2.237000      -0.483500       0.089706      -0.182407      -0.483221       0.483500      -0.089706       0.182407       0.483221      -0.750000
       2.238000      -0.483682       0.089222      -0.181391      -0.483409       0.483682      -0.089222       0.181391       0.483409      -0.750000
       2.239000      -0.483863       0.088739      -0.180375      -0.483596       0.483863      -0.088739       0.180375       0.483596      -0.750000
       2.240000      -0.484042       0.088255      -0.179359      -0.483781       0.484042      -0.088255       0.179359       0.483781      -0.750000
       2.241000      -0.484221       0.087771      -0.178343      -0.483966       0.484221      -0.087771       0.178343       0.483966      -0.750000
       2.242000      -0.484399       0.087287      -0.177327      -0.484150       0.484399      -0.087287       0.177327       0.484150      -0.750000
       2.243000      -0.484576       0.086803      -0.176312      -0.484332       0.484576      -0.086803       0.176312       0.484332      -0.750000
       2.244000      -0.484752       0.086318      -0.175296      -0.484513       0.484752      -0.086318       0.175296       0.484513      -0.750000
       2.245000      -0.484927       0.085834      -0.174281      -0.484694       0.484927      -0.085834       0.174281       0.484694      -0.750000
       2.246000      -0.485100       0.085349      -0.173266      -0.484873       0.485100      -0.085349       0.173266       0.484873      -0.750000
       2.247000      -0.485273       0.084864      -0.172251      -0.485051       0.485273      -0.084864       0.172251       0.485051      -0.750000
       2.248000      -0.485445       0.084379      -0.171237      -0.485228       0.485445      -0.084379       0.171237       0.485228      -0.750000
       2.249000      -0.485616       0.083894      -0.170222      -0.485403       0.485616      -0.083894       0.170222       0.485403      -0.750000
       2.250000      -0.485785       0.083408      -0.169208      -0.485578       0.485785      -0.083408       0.169208       0.485578      -0.750000
       2.251000      -0.485954       0.082922      -0.168194      -0.485752       0.485954      -0.082922       0.168194       0.485752      -0.750000
       2.252000      -0.486122       0.082437      -0.167180      -0.485924       0.486122      -0.082437       0.167180       0.485924      -0.750000
       2.253000      -0.486288       0.081951      -0.166166      -0.486096       0.486288      -0.081951       0.166166       0.486096      -0.750000
       2.254000      -0.486454       0.081464      -0.165153      -0.486266       0.486454      -0.081464       0.165153       0.486266      -0.750000
       2.255000      -0.486619       0.080978      -0.164139      -0.486435       0.486619      -0.080978       0.164139       0.486435      -0.750000
       2.256000      -0.486782       0.080492      -0.163126      -0.486603       0.486782      -0.080492       0.163126       0.486603      -0.750000
       2.257000      -0.486945       0.080005      -0.162113      -0.486770       0.486945      -0.080005       0.162113       0.486770      -0.750000
       2.258000      -0.487107       0.079518      -0.161100      -0.486936       0.487107      -0.079518       0.161100       0.486936      -0.750000
       2.259000      -0.487267       0.079031      -0.160087      -0.487101       0.487267      -0.079031       0.160087       0.487101      -0.750000
       2.260000      -0.487427       0.078544      -0.159074      -0.487264       0.487427      -0.078544       0.159074       0.487264      -0.750000
       2.261000      -0.487585       0.078057      -0.158062      -0.487427       0.487585      -0.078057       0.158062       0.487427      -0.750000
       2.262000      -0.487743       0.077569      -0.157049      -0.487589       0.487743      -0.077569       0.157049       0.487589      -0.750000
       2.263000      -0.487899       0.077081      -0.156037      -0.487749       0.487899      -0.077081       0.156037       0.487749      -0.750000
       2.264000      -0.488055       0.076593      -0.155025      -0.487908       0.488055      -0.076593       0.155025       0.487908      -0.750000
       2.265000      -0.488209       0.076106      -0.154013      -0.488067       0.488209      -0.076106       0.154013       0.488067      -0.750000
       2.266000      -0.488363       0.075617      -0.153002      -0.488224       0.488363      -0.075617       0.153002       0.488224      -0.750000
       2.267000      -0.488515       0.075129      -0.151990      -0.488380       0.488515      -0.075129       0.151990       0.488380      -0.750000
       2.268000      -0.488667       0.074641      -0.150979      -0.488535       0.488667      -0.074641       0.150979       0.488535      -0.750000
       2.269000      -0.488817       0.074152      -0.149967      -0.488689       0.488817      -0.074152       0.149967       0.488689      -0.750000
       2.270000      -0.488967       0.073663      -0.148956      -0.488842       0.488967      -0.073663       0.148956       0.488842      -0.750000
       2.271000      -0.489115       0.073174      -0.147945      -0.488994       0.489115      -0.073174       0.147945       0.488994      -0.750000
       2.272000      -0.489263       0.072685      -0.146935      -0.489144       0.489263      -0.072685       0.146935       0.489144      -0.750000
       2.273000      -0.489409       0.072196      -0.145924      -0.489294       0.489409      -0.072196       0.145924       0.489294      -0.750000
       2.274000      -0.489555       0.071707      -0.144913      -0.489442       0.489555      -0.071707       0.144913       0.489442      -0.750000
       2.275000      -0.489699       0.071217      -0.143903      -0.489590       0.489699      -0.071217       0.143903       0.489590      -0.750000
       2.276000      -0.489842       0.070727      -0.142893      -0.489736       0.489842      -0.070727       0.142893       0.489736      -0.750000
       2.277000      -0.489985       0.070238      -0.141883      -0.489882       0.489985      -0.070238       0.141883       0.489882      -0.750000
       2.278000      -0.490126       0.069748      -0.140873      -0.490026       0.490126      -0.069748       0.140873       0.490026      -0.750000
       2.279000      -0.490266       0.069258      -0.139863      -0.490169       0.490266      -0.069258       0.139863       0.490169      -0.750000
       2.280000      -0.490406       0.068767      -0.138853      -0.490311       0.490406      -0.068767       0.138853       0.490311      -0.750000
       2.281000      -0.490544       0.068277      -0.137844      -0.490452       0.490544      -0.068277       0.137844       0.490452      -0.750000
       2.282000      -0.490682       0.067786      -0.136835      -0.490592       0.490682      -0.067786       0.136835       0.490592      -0.750000
       2.283000      -0.490818       0.067296      -0.135825      -0.490731       0.490818      -0.067296       0.135825       0.490731      -0.750000
       2.284000      -0.490953       0.066805      -0.134816      -0.490869       0.490953      -0.066805       0.134816       0.490869      -0.750000
       2.285000      -0.491088       0.066314      -0.133807      -0.491006       0.491088      -0.066314       0.133807       0.491006      -0.750000
       2.286000      -0.491221       0.065823      -0.132798      -0.491141       0.491221      -0.065823       0.132798       0.491141      -0.750000
       2.287000      -0.491353       0.065332      -0.131790      -0.491276       0.491353      -0.065332       0.131790       0.491276      -0.750000
       2.288000      -0.491484       0.064840      -0.130781      -0.491410       0.491484      -0.064840       0.130781       0.491410      -0.750000
       2.289000      -0.491615       0.064349      -0.129773      -0.491542       0.491615      -0.064349       0.129773       0.491542      -0.750000
       2.290000      -0.491744       0.063857      -0.128764      -0.491673       0.491744      -0.063857       0.128764       0.491673      -0.750000
       2.291000      -0.491872       0.063366      -0.127756      -0.491804       0.491872      -0.063366       0.127756       0.491804      -0.750000
       2.292000      -0.491999       0.062874      -0.126748      -0.491933       0.491999      -0.062874       0.126748       0.491933      -0.750000
       2.293000      -0.492126       0.062382      -0.125740      -0.492062       0.492126      -0.062382       0.125740       0.492062      -0.750000
       2.294000      -0.492251       0.061890      -0.124732      -0.492189       0.492251      -0.061890       0.124732       0.492189      -0.750000
       2.295000      -0.492375       0.061397      -0.123725      -0.492315       0.492375      -0.061397       0.123725       0.492315      -0.750000
       2.296000      -0.492498       0.060905      -0.122717      -0.492440       0.492498      -0.060905       0.122717       0.492440      -0.750000
       2.297000      -0.492621       0.060412      -0.121710      -0.492564       0.492621      -0.060412       0.121710       0.492564      -0.750000
       2.298000      -0.492742       0.059920      -0.120702      -0.492687       0.492742      -0.059920       0.120702       0.492687      -0.750000
       2.299000      -0.492862       0.059427      -0.119695      -0.492809       0.492862      -0.059427       0.119695       0.492809      -0.750000
       2.300000      -0.492981       0.058934      -0.118688      -0.492930       0.492981      -0.058934       0.118688       0.492930      -0.750000
       2.301000      -0.493099       0.058441      -0.117681      -0.493050       0.493099      -0.058441       0.117681       0.493050      -0.750000
       2.302000      -0.493217       0.057948      -0.116674      -0.493169       0.493217      -0.057948       0.116674       0.493169      -0.750000
       2.303000      -0.493333       0.057455      -0.115668      -0.493286       0.493333      -0.057455       0.115668       0.493286      -0.750000
       2.304000      -0.493448       0.056962      -0.114661      -0.493403       0.493448      -0.056962       0.114661       0.493403      -0.750000
       2.305000      -0.493562       0.056468      -0.113654      -0.493519       0.493562      -0.056468       0.113654       0.493519      -0.750000
       2.306000      -0.493675       0.055975      -0.112648      -0.493633       0.493675      -0.055975       0.112648       0.493633      -0.750000
       2.307000      -0.493787       0.055481      -0.111642      -0.493747       0.493787      -0.055481       0.111642       0.493747      -0.750000
       2.308000      -0.493898       0.054987      -0.110636      -0.493860       0.493898      -0.054987       0.110636       0.493860      -0.750000
       2.309000      -0.494009       0.054493      -0.109630      -0.493971       0.494009      -0.054493       0.109630       0.493971      -0.750000
       2.310000      -0.494118       0.053999      -0.108624      -0.494081       0.494118      -0.053999       0.108624       0.494081      -0.750000
       2.311000      -0.494226       0.053505      -0.107618      -0.494191       0.494226      -0.053505       0.107618       0.494191      -0.750000
       2.312000      -0.494333       0.053011      -0.106612      -0.494299       0.494333      -0.053011       0.106612       0.494299      -0.750000
       2.313000      -0.494439       0.052516      -0.105607      -0.494407       0.494439      -0.052516       0.105607       0.494407      -0.750000
       2.314000      -0.494544       0.052022      -0.104601      -0.494513       0.494544      -0.052022       0.104601       0.494513      -0.750000
       2.315000      -0.494648       0.051527      -0.103596      -0.494618       0.494648      -0.051527       0.103596       0.494618      -0.750000
       2.316000      -0.494751       0.051033      -0.102590      -0.494722       0.494751      -0.051033       0.102590       0.494722      -0.750000
       2.317000      -0.494853       0.050538      -0.101585      -0.494825       0.494853      -0.050538       0.101585       0.494825      -0.750000
       2.318000      -0.494955       0.050043      -0.100580      -0.494928       0.494955      -0.050043       0.100580       0.494928      -0.750000
       2.319000      -0.495055       0.049548      -0.099575      -0.495029       0.495055      -0.049548       0.099575       0.495029      -0.750000
       2.320000      -0.495154       0.049053      -0.098570      -0.495129       0.495154      -0.049053       0.098570       0.495129      -0.750000
       2.321000      -0.495252       0.048558      -0.097565      -0.495228       0.495252      -0.048558       0.097565       0.495228      -0.750000
       2.322000      -0.495349       0.048063      -0.096561      -0.495326       0.495349      -0.048063       0.096561       0.495326      -0.750000
       2.323000      -0.495445       0.047567      -0.095556      -0.495423       0.495445      -0.047567       0.095556       0.495423      -0.750000
       2.324000      -0.495540       0.047072      -0.094552      -0.495519       0.495540      -0.047072       0.094552       0.495519      -0.750000
       2.325000      -0.495634       0.046576      -0.093547      -0.495614       0.495634      -0.046576       0.093547       0.495614      -0.750000
       2.326000      -0.495727       0.046080      -0.092543      -0.495707       0.495727      -0.046080       0.092543       0.495707      -0.750000
       2.327000      -0.495819       0.045585      -0.091539      -0.495800       0.495819      -0.045585       0.091539       0.495800      -0.750000
       2.328000      -0.495910       0.045089      -0.090535      -0.495892       0.495910      -0.045089       0.090535       0.495892      -0.750000
       2.329000      -0.496000       0.044593      -0.089530      -0.495983       0.496000      -0.044593       0.089530       0.495983      -0.750000
       2.330000      -0.496089       0.044097      -0.088527      -0.496073       0.496089      -0.044097       0.088527       0.496073      -0.750000
       2.331000      -0.496177       0.043601      -0.087523      -0.496161       0.496177      -0.043601       0.087523       0.496161      -0.750000
       2.332000      -0.496264       0.043105      -0.086519      -0.496249       0.496264      -0.043105       0.086519       0.496249      -0.750000
       2.333000      -0.496350       0.042608      -0.085515      -0.496336       0.496350      -0.042608       0.085515       0.496336      -0.750000
       2.334000      -0.496435       0.042112      -0.084512      -0.496421       0.496435      -0.042112       0.084512       0.496421      -0.750000
       2.335000      -0.496519       0.041615      -0.083508      -0.496506       0.496519      -0.041615       0.083508       0.496506      -0.750000
       2.336000      -0.496602       0.041119      -0.082505      -0.496590       0.496602      -0.041119       0.082505       0.496590      -0.750000
       2.337000      -0.496684       0.040622      -0.081501      -0.496672       0.496684      -0.040622       0.081501       0.496672      -0.750000
       2.338000      -0.496765       0.040126      -0.080498      -0.496754       0.496765      -0.040126       0.080498       0.496754      -0.750000
       2.339000      -0.496845       0.039629      -0.079495      -0.496834       0.496845      -0.039629       0.079495       0.496834      -0.750000
       2.340000      -0.496924       0.039132      -0.078492      -0.496914       0.496924      -0.039132       0.078492       0.496914      -0.750000
       2.341000      -0.497002       0.038635      -0.077489      -0.496992       0.497002      -0.038635       0.077489       0.496992      -0.750000
       2.342000      -0.497079       0.038138      -0.076486      -0.497070       0.497079      -0.038138       0.076486       0.497070      -0.750000
       2.343000      -0.497155       0.037641      -0.075483      -0.497146       0.497155      -0.037641       0.075483       0.497146      -0.750000
       2.344000      -0.497230       0.037144      -0.074480      -0.497222       0.497230      -0.037144       0.074480       0.497222      -0.750000
       2.345000      -0.497304       0.036646      -0.073477      -0.497296       0.497304      -0.036646       0.073477       0.497296      -0.750000
       2.346000      -0.497377       0.036149      -0.072475      -0.497369       0.497377      -0.036149       0.072475       0.497369      -0.750000
       2.347000      -0.497449       0.035652      -0.071472      -0.497442       0.497449      -0.035652       0.071472       0.497442      -0.750000
       2.348000      -0.497520       0.035154      -0.070470      -0.497513       0.497520      -0.035154       0.070470       0.497513      -0.750000
       2.349000      -0.497590       0.034657      -0.069467      -0.497583       0.497590      -0.034657       0.069467       0.497583      -0.750000
       2.350000      -0.497659       0.034159      -0.068465      -0.497653       0.497659      -0.034159       0.068465       0.497653      -0.750000
       2.351000      -0.497727       0.033661      -0.067462      -0.497721       0.497727      -0.033661       0.067462       0.497721      -0.750000
       2.352000      -0.497794       0.033163      -0.066460      -0.497788       0.497794      -0.033163       0.066460       0.497788      -0.750000
       2.353000      -0.497860       0.032666      -0.065458      -0.497854       0.497860      -0.032666       0.065458       0.497854      -0.750000
       2.354000      -0.497925       0.032168      -0.064456      -0.497920       0.497925      -0.032168       0.064456       0.497920      -0.750000
       2.355000      -0.497989       0.031670      -0.063454      -0.497984       0.497989      -0.031670       0.063454       0.497984      -0.750000
       2.356000      -0.498052       0.031172      -0.062452      -0.498047       0.498052      -0.031172       0.062452       0.498047      -0.750000
       2.357000      -0.498114       0.030674      -0.061450      -0.498109       0.498114      -0.030674       0.061450       0.498109      -0.750000
       2.358000      -0.498175       0.030176      -0.060448      -0.498171       0.498175      -0.030176       0.060448       0.498171      -0.750000
       2.359000      -0.498235       0.029677      -0.059446      -0.498231       0.498235      -0.029677       0.059446       0.498231      -0.750000
       2.360000      -0.498294       0.029179      -0.058445      -0.498290       0.498294      -0.029179       0.058445       0.498290      -0.750000
       2.361000      -0.498352       0.028681      -0.057443      -0.498348       0.498352      -0.028681       0.057443       0.498348      -0.750000
       2.362000      -0.498408       0.028182      -0.056441      -0.498405       0.498408      -0.028182       0.056441       0.498405      -0.750000
       2.363000      -0.498464       0.027684      -0.055440      -0.498461       0.498464      -0.027684       0.055440       0.498461      -0.750000
       2.364000      -0.498519       0.027186      -0.054438      -0.498516       0.498519      -0.027186       0.054438       0.498516      -0.750000
       2.365000      -0.498573       0.026687      -0.053437      -0.498571       0.498573      -0.026687       0.053437       0.498571      -0.750000
       2.366000      -0.498626       0.026188      -0.052435      -0.498624       0.498626      -0.026188       0.052435       0.498624      -0.750000
       2.367000      -0.498678       0.025690      -0.051434      -0.498676       0.498678      -0.025690       0.051434       0.498676      -0.750000
       2.368000      -0.498729       0.025191      -0.050433      -0.498727       0.498729      -0.025191       0.050433       0.498727      -0.750000
       2.369000      -0.498779       0.024692      -0.049432      -0.498777       0.498779      -0.024692       0.049432       0.498777      -0.750000
       2.370000      -0.498828       0.024193      -0.048430      -0.498826       0.498828      -0.024193       0.048430       0.498826      -0.750000
       2.371000      -0.498876       0.023695      -0.047429      -0.498874       0.498876      -0.023695       0.047429       0.498874      -0.750000
       2.372000      -0.498923       0.023196      -0.046428      -0.498921       0.498923      -0.023196       0.046428       0.498921      -0.750000
       2.373000      -0.498969       0.022697      -0.045427      -0.498967       0.498969      -0.022697       0.045427       0.498967      -0.750000
       2.374000      -0.499014       0.022198      -0.044426      -0.499012       0.499014      -0.022198       0.044426       0.499012      -0.750000
       2.375000      -0.499058       0.021699      -0.043425      -0.499056       0.499058      -0.021699       0.043425       0.499056      -0.750000
       2.376000      -0.499100       0.021200      -0.042424      -0.499099       0.499100      -0.021200       0.042424       0.499099      -0.750000
       2.377000      -0.499142       0.020701      -0.041423      -0.499141       0.499142      -0.020701       0.041423       0.499141      -0.750000
       2.378000      -0.499183       0.020201      -0.040422      -0.499182       0.499183      -0.020201       0.040422       0.499182      -0.750000
       2.379000      -0.499223       0.019702      -0.039422      -0.499222       0.499223      -0.019702       0.039422       0.499222      -0.750000
       2.380000      -0.499262       0.019203      -0.038421      -0.499261       0.499262      -0.019203       0.038421       0.499261      -0.750000
       2.381000      -0.499300       0.018704      -0.037420      -0.499299       0.499300      -0.018704       0.037420       0.499299      -0.750000
       2.382000      -0.499337       0.018204      -0.036419      -0.499336       0.499337      -0.018204       0.036419       0.499336      -0.750000
       2.383000      -0.499373       0.017705      -0.035419      -0.499372       0.499373      -0.017705       0.035419       0.499372      -0.750000
       2.384000      -0.499408       0.017206      -0.034418      -0.499407       0.499408      -0.017206       0.034418       0.499407      -0.750000
       2.385000      -0.499442       0.016706      -0.033418      -0.499441       0.499442      -0.016706       0.033418       0.499441      -0.750000
       2.386000      -0.499475       0.016207      -0.032417      -0.499474       0.499475      -0.016207       0.032417       0.499474      -0.750000
       2.387000      -0.499507       0.015707      -0.031417      -0.499506       0.499507      -0.015707       0.031417       0.499506      -0.750000
       2.388000      -0.499538       0.015208      -0.030416      -0.499537       0.499538      -0.015208       0.030416       0.499537      -0.750000
       2.389000      -0.499567       0.014708      -0.029416      -0.499567       0.499567      -0.014708       0.029416       0.499567      -0.750000
       2.390000      -0.499596       0.014209      -0.028415      -0.499596       0.499596      -0.014209       0.028415       0.499596      -0.750000
       2.391000      -0.499624       0.013709      -0.027415      -0.499624       0.499624      -0.013709       0.027415       0.499624      -0.750000
       2.392000      -0.499651       0.013209      -0.026415      -0.499651       0.499651      -0.013209       0.026415       0.499651      -0.750000
       2.393000      -0.499677       0.012710      -0.025414      -0.499677       0.499677      -0.012710       0.025414       0.499677      -0.750000
       2.394000      -0.499702       0.012210      -0.024414      -0.499702       0.499702      -0.012210       0.024414       0.499702      -0.750000
       2.395000      -0.499726       0.011710      -0.023414      -0.499726       0.499726      -0.011710       0.023414       0.499726      -0.750000
       2.396000      -0.499749       0.011211      -0.022413      -0.499748       0.499749      -0.011211       0.022413       0.499748      -0.750000
       2.397000      -0.499771       0.010711      -0.021413      -0.499770       0.499771      -0.010711       0.021413       0.499770      -0.750000
       2.398000      -0.499792       0.010211      -0.020413      -0.499791       0.499792      -0.010211       0.020413       0.499791      -0.750000
       2.399000      -0.499812       0.009711      -0.019413      -0.499811       0.499812      -0.009711       0.019413       0.499811      -0.750000
       2.400000      -0.499831       0.009211      -0.018412      -0.499830       0.499831      -0.009211       0.018412       0.499830      -0.750000
       2.401000      -0.499848       0.008712      -0.017412      -0.499848       0.499848      -0.008712       0.017412       0.499848      -0.750000
       2.402000      -0.499865       0.008212      -0.016412      -0.499865       0.499865      -0.008212       0.016412       0.499865      -0.750000
       2.403000      -0.499881       0.007712      -0.015412      -0.499881       0.499881      -0.007712       0.015412       0.499881      -0.750000
       2.404000      -0.499896       0.007212      -0.014412      -0.499896       0.499896      -0.007212       0.014412       0.499896      -0.750000
       2.405000      -0.499910       0.006712      -0.013412      -0.499910       0.499910      -0.006712       0.013412       0.499910      -0.750000
       2.406000      -0.499923       0.006212      -0.012412      -0.499923       0.499923      -0.006212       0.012412       0.499923      -0.750000
       2.407000      -0.499935       0.005712      -0.011412      -0.499935       0.499935      -0.005712       0.011412       0.499935      -0.750000
       2.408000      -0.499946       0.005212      -0.010412      -0.499946       0.499946      -0.005212       0.010412       0.499946      -0.750000
       2.409000      -0.499956       0.004712      -0.009412      -0.499956       0.499956      -0.004712       0.009412       0.499956      -0.750000
       2.410000      -0.499965       0.004212      -0.008412      -0.499965       0.499965      -0.004212       0.008412       0.499965      -0.750000
       2.411000      -0.499973       0.003712      -0.007412      -0.499972       0.499973      -0.003712       0.007412       0.499972      -0.750000
       2.412000      -0.499979       0.003212      -0.006412      -0.499979       0.499979      -0.003212       0.006412       0.499979      -0.750000
       2.413000      -0.499985       0.002712      -0.005411      -0.499985       0.499985      -0.002712       0.005411       0.499985      -0.750000
       2.414000      -0.499990       0.002212      -0.004411      -0.499990       0.499990      -0.002212       0.004411       0.499990      -0.750000
       2.415000      -0.499994       0.001712      -0.003411      -0.499994       0.499994      -0.001712       0.003411       0.499994      -0.750000
       2.416000      -0.499997       0.001212      -0.002411      -0.499997       0.499997      -0.001212       0.002411       0.499997      -0.750000
       2.417000      -0.499999       0.000712      -0.001411      -0.499999       0.499999      -0.000712       0.001411       0.499999      -0.750000
       2.418000      -0.500000       0.000212      -0.000411      -0.500000       0.500000      -0.000212       0.000411       0.500000      -0.750000
       2.419000      -0.500000      -0.000288       0.000589      -0.500000       0.500000       0.000288      -0.000589       0.500000      -0.750000
       2.420000      -0.499999      -0.000788       0.001589      -0.499999       0.499999       0.000788      -0.001589       0.499999      -0.750000
       2.421000      -0.499997      -0.001288       0.002589      -0.499997       0.499997       0.001288      -0.002589       0.499997      -0.750000
       2.422000      -0.499994      -0.001788       0.003589      -0.499994       0.499994       0.001788      -0.003589       0.499994      -0.750000
       2.423000      -0.499989      -0.002288       0.004589      -0.499990       0.499989       0.002288      -0.004589       0.499990      -0.750000
       2.424000      -0.499984      -0.002788       0.005589      -0.499984       0.499984       0.002788      -0.005589       0.499984      -0.750000
       2.425000      -0.499978      -0.003288       0.006589      -0.499978       0.499978       0.003288      -0.006589       0.499978      -0.750000
       2.426000      -0.499971      -0.003788       0.007589      -0.499971       0.499971       0.003788      -0.007589       0.499971      -0.750000
       2.427000      -0.499963      -0.004287       0.008589      -0.499963       0.499963       0.004287      -0.008589       0.499963      -0.750000
       2.428000      -0.499954      -0.004787       0.009589      -0.499954       0.499954       0.004787      -0.009589       0.499954      -0.750000
       2.429000      -0.499944      -0.005287       0.010589      -0.499944       0.499944       0.005287      -0.010589       0.499944      -0.750000
       2.430000      -0.499933      -0.005787       0.011589      -0.499933       0.499933       0.005787      -0.011589       0.499933      -0.750000
       2.431000      -0.499921      -0.006287       0.012589      -0.499921       0.499921       0.006287      -0.012589       0.499921      -0.750000
       2.432000      -0.499908      -0.006787       0.013589      -0.499908       0.499908       0.006787      -0.013589       0.499908      -0.750000
       2.433000      -0.499894      -0.007287       0.014589      -0.499894       0.499894       0.007287      -0.014589       0.499894      -0.750000
       2.434000      -0.499878      -0.007787       0.015589      -0.499879       0.499878       0.007787      -0.015589       0.499879      -0.750000
       2.435000      -0.499862      -0.008287       0.016589      -0.499863       0.499862       0.008287      -0.016589       0.499863      -0.750000
       2.436000      -0.499845      -0.008787       0.017589      -0.499846       0.499845       0.008787      -0.017589       0.499846      -0.750000
       2.437000      -0.499827      -0.009287       0.018590      -0.499827       0.499827       0.009287      -0.018590       0.499827      -0.750000
       2.438000      -0.499808      -0.009786       0.019590      -0.499808       0.499808       0.009786      -0.019590       0.499808      -0.750000
       2.439000      -0.499788      -0.010286       0.020590      -0.499788       0.499788       0.010286      -0.020590       0.499788      -0.750000
       2.440000      -0.499767      -0.010786       0.021590      -0.499767       0.499767       0.010786      -0.021590       0.499767      -0.750000
       2.441000      -0.499745      -0.011286       0.022590      -0.499745       0.499745       0.011286      -0.022590       0.499745      -0.750000
       2.442000      -0.499722      -0.011785       0.023591      -0.499722       0.499722       0.011785      -0.023591       0.499722      -0.750000
       2.443000      -0.499698      -0.012285       0.024591      -0.499698       0.499698       0.012285      -0.024591       0.499698      -0.750000
       2.444000      -0.499673      -0.012785       0.025591      -0.499673       0.499673       0.012785      -0.025591       0.499673      -0.750000
       2.445000      -0.499647      -0.013284       0.026592      -0.499647       0.499647       0.013284      -0.026592       0.499647      -0.750000
       2.446000      -0.499619      -0.013784       0.027592      -0.499620       0.499619       0.013784      -0.027592       0.499620      -0.750000
       2.447000      -0.499591      -0.014284       0.028592      -0.499592       0.499591       0.014284      -0.028592       0.499592      -0.750000
       2.448000      -0.499562      -0.014783       0.029593      -0.499562       0.499562       0.014783      -0.029593       0.499562      -0.750000
       2.449000      -0.499532      -0.015283       0.030593      -0.499532       0.499532       0.015283      -0.030593       0.499532      -0.750000
       2.450000      -0.499501      -0.015782       0.031594      -0.499501       0.499501       0.015782      -0.031594       0.499501      -0.750000
       2.451000      -0.499469      -0.016282       0.032594      -0.499469       0.499469       0.016282      -0.032594       0.499469      -0.750000
       2.452000      -0.499436      -0.016781       0.033595      -0.499436       0.499436       0.016781      -0.033595       0.499436      -0.750000
       2.453000      -0.499402      -0.017281       0.034595      -0.499402       0.499402       0.017281      -0.034595       0.499402      -0.750000
       2.454000      -0.499367      -0.017780       0.035596      -0.499367       0.499367       0.017780      -0.035596       0.499367      -0.750000
       2.455000      -0.499331      -0.018279       0.036597      -0.499331       0.499331       0.018279      -0.036597       0.499331      -0.750000
       2.456000      -0.499293      -0.018779       0.037597      -0.499293       0.499293       0.018779      -0.037597       0.499293      -0.750000
       2.457000      -0.499255      -0.019278       0.038598      -0.499255       0.499255       0.019278      -0.038598       0.499255      -0.750000
       2.458000      -0.499216      -0.019777       0.039599      -0.499216       0.499216       0.019777      -0.039599       0.499216      -0.750000
       2.459000      -0.499176      -0.020276       0.040600      -0.499176       0.499176       0.020276      -0.040600       0.499176      -0.750000
       2.460000      -0.499135      -0.020776       0.041601      -0.499135       0.499135       0.020776      -0.041601       0.499135      -0.750000
       2.461000      -0.499093      -0.021275       0.042601      -0.499093       0.499093       0.021275      -0.042601       0.499093      -0.750000
       2.462000      -0.499050      -0.021774       0.043602      -0.499050       0.499050       0.021774      -0.043602       0.499050      -0.750000
       2.463000      -0.499006      -0.022273       0.044603      -0.499005       0.499006       0.022273      -0.044603       0.499005      -0.750000
       2.464000      -0.498961      -0.022772       0.045604      -0.498960       0.498961       0.022772      -0.045604       0.498960      -0.750000
       2.465000      -0.498915      -0.023271       0.046605      -0.498914       0.498915       0.023271      -0.046605       0.498914      -0.750000
       2.466000      -0.498867      -0.023770       0.047607      -0.498867       0.498867       0.023770      -0.047607       0.498867      -0.750000
       2.467000      -0.498819      -0.024268       0.048608      -0.498819       0.498819       0.024268      -0.048608       0.498819      -0.750000
       2.468000      -0.498770      -0.024767       0.049609      -0.498769       0.498770       0.024767      -0.049609       0.498769      -0.750000
       2.469000      -0.498720      -0.025266       0.050610      -0.498719       0.498720       0.025266      -0.050610       0.498719      -0.750000
       2.470000      -0.498669      -0.025765       0.051611      -0.498668       0.498669       0.025765      -0.051611       0.498668      -0.750000
       2.471000      -0.498617      -0.026263       0.052613      -0.498616       0.498617       0.026263      -0.052613       0.498616      -0.750000
       2.472000      -0.498564      -0.026762       0.053614      -0.498562       0.498564       0.026762      -0.053614       0.498562      -0.750000
       2.473000      -0.498510      -0.027260       0.054616      -0.498508       0.498510       0.027260      -0.054616       0.498508      -0.750000
       2.474000      -0.498455      -0.027759       0.055617      -0.498453       0.498455       0.027759      -0.055617       0.498453      -0.750000
       2.475000      -0.498398      -0.028257       0.056619      -0.498397       0.498398       0.028257      -0.056619       0.498397      -0.750000
       2.476000      -0.498341      -0.028756       0.057620      -0.498339       0.498341       0.028756      -0.057620       0.498339      -0.750000
       2.477000      -0.498283      -0.029254       0.058622      -0.498281       0.498283       0.029254      -0.058622       0.498281      -0.750000
       2.478000      -0.498224      -0.029752       0.059624      -0.498222       0.498224       0.029752      -0.059624       0.498222      -0.750000
       2.479000      -0.498164      -0.030251       0.060626      -0.498161       0.498164       0.030251      -0.060626       0.498161      -0.750000
       2.480000      -0.498103      -0.030749       0.061628      -0.498100       0.498103       0.030749      -0.061628       0.498100      -0.750000
       2.481000      -0.498041      -0.031247       0.062629      -0.498038       0.498041       0.031247      -0.062629       0.498038      -0.750000
       2.482000      -0.497978      -0.031745       0.063631      -0.497974       0.497978       0.031745      -0.063631       0.497974      -0.750000
       2.483000      -0.497913      -0.032243       0.064634      -0.497910       0.497913       0.032243      -0.064634       0.497910      -0.750000
       2.484000      -0.497848      -0.032741       0.065636      -0.497845       0.497848       0.032741      -0.065636       0.497845      -0.750000
       2.485000      -0.497782      -0.033238       0.066638      -0.497778       0.497782       0.033238      -0.066638       0.497778      -0.750000
       2.486000      -0.497715      -0.033736       0.067640      -0.497711       0.497715       0.033736      -0.067640       0.497711      -0.750000
       2.487000      -0.497647      -0.034234       0.068642      -0.497642       0.497647       0.034234      -0.068642       0.497642      -0.750000
       2.488000      -0.497578      -0.034731       0.069645      -0.497573       0.497578       0.034731      -0.069645       0.497573      -0.750000
       2.489000      -0.497508      -0.035229       0.070647      -0.497502       0.497508       0.035229      -0.070647       0.497502      -0.750000
       2.490000      -0.497436      -0.035726       0.071650      -0.497431       0.497436       0.035726      -0.071650       0.497431      -0.750000
       2.491000      -0.497364      -0.036224       0.072652      -0.497358       0.497364       0.036224      -0.072652       0.497358      -0.750000
       2.492000      -0.497291      -0.036721       0.073655      -0.497285       0.497291       0.036721      -0.073655       0.497285      -0.750000
       2.493000      -0.497217      -0.037218       0.074658      -0.497210       0.497217       0.037218      -0.074658       0.497210      -0.750000
       2.494000      -0.497142      -0.037716       0.075661      -0.497135       0.497142       0.037716      -0.075661       0.497135      -0.750000
       2.495000      -0.497066      -0.038213       0.076664      -0.497058       0.497066       0.038213      -0.076664       0.497058      -0.750000
       2.496000      -0.496988      -0.038710       0.077667      -0.496980       0.496988       0.038710      -0.077667       0.496980      -0.750000
       2.497000      -0.496910      -0.039207       0.078670      -0.496902       0.496910       0.039207      -0.078670       0.496902      -0.750000
       2.498000      -0.496831      -0.039703       0.079673      -0.496822       0.496831       0.039703      -0.079673       0.496822      -0.750000
       2.499000      -0.496751      -0.040200       0.080676      -0.496741       0.496751       0.040200      -0.080676       0.496741      -0.750000
       2.500000      -0.496670      -0.040697       0.081679      -0.496660       0.496670       0.040697      -0.081679       0.496660      -0.750000
       2.501000      -0.496588      -0.041194       0.082683      -0.496577       0.496588       0.041194      -0.082683       0.496577      -0.750000
       2.502000      -0.496504      -0.041690       0.083686      -0.496493       0.496504       0.041690      -0.083686       0.496493      -0.750000
       2.503000      -0.496420      -0.042187       0.084690      -0.496409       0.496420       0.042187      -0.084690       0.496409      -0.750000
       2.504000      -0.496335      -0.042683       0.085693      -0.496323       0.496335       0.042683      -0.085693       0.496323      -0.750000
       2.505000      -0.496249      -0.043179       0.086697      -0.496236       0.496249       0.043179      -0.086697       0.496236      -0.750000
       2.506000      -0.496162      -0.043675       0.087701      -0.496148       0.496162       0.043675      -0.087701       0.496148      -0.750000
       2.507000      -0.496073      -0.044171       0.088705      -0.496059       0.496073       0.044171      -0.088705       0.496059      -0.750000
       2.508000      -0.495984      -0.044667       0.089709      -0.495969       0.495984       0.044667      -0.089709       0.495969      -0.750000
       2.509000      -0.495894      -0.045163       0.090713      -0.495878       0.495894       0.045163      -0.090713       0.495878      -0.750000
       2.510000      -0.495803      -0.045659       0.091717      -0.495786       0.495803       0.045659      -0.091717       0.495786      -0.750000
       2.511000      -0.495711      -0.046155       0.092721      -0.495693       0.495711       0.046155      -0.092721       0.495693      -0.750000
       2.512000      -0.495617      -0.046651       0.093725      -0.495599       0.495617       0.046651      -0.093725       0.495599      -0.750000
       2.513000      -0.495523      -0.047146       0.094730      -0.495504       0.495523       0.047146      -0.094730       0.495504      -0.750000
       2.514000      -0.495428      -0.047642       0.095734      -0.495408       0.495428       0.047642      -0.095734       0.495408      -0.750000
       2.515000      -0.495332      -0.048137       0.096739      -0.495311       0.495332       0.048137      -0.096739       0.495311      -0.750000
       2.516000      -0.495234      -0.048632       0.097744      -0.495213       0.495234       0.048632      -0.097744       0.495213      -0.750000
       2.517000      -0.495136      -0.049127       0.098749      -0.495114       0.495136       0.049127      -0.098749       0.495114      -0.750000
       2.518000      -0.495037      -0.049622       0.099753      -0.495014       0.495037       0.049622      -0.099753       0.495014      -0.750000
       2.519000      -0.494937      -0.050117       0.100758      -0.494912       0.494937       0.050117      -0.100758       0.494912      -0.750000
       2.520000      -0.494835      -0.050612       0.101764      -0.494810       0.494835       0.050612      -0.101764       0.494810      -0.750000
       2.521000      -0.494733      -0.051107       0.102769      -0.494707       0.494733       0.051107      -0.102769       0.494707      -0.750000
       2.522000      -0.494630      -0.051602       0.103774      -0.494602       0.494630       0.051602      -0.103774       0.494602      -0.750000
       2.523000      -0.494526      -0.052096       0.104780      -0.494497       0.494526       0.052096      -0.104780       0.494497      -0.750000
       2.524000      -0.494420      -0.052591       0.105785      -0.494390       0.494420       0.052591      -0.105785       0.494390      -0.750000
       2.525000      -0.494314      -0.053085       0.106791      -0.494283       0.494314       0.053085      -0.106791       0.494283      -0.750000
       2.526000      -0.494207      -0.053579       0.107796      -0.494174       0.494207       0.053579      -0.107796       0.494174      -0.750000
       2.527000      -0.494098      -0.054073       0.108802      -0.494065       0.494098       0.054073      -0.108802       0.494065      -0.750000
       2.528000      -0.493989      -0.054567       0.109808      -0.493954       0.493989       0.054567      -0.109808       0.493954      -0.750000
       2.529000      -0.493879      -0.055061       0.110814      -0.493843       0.493879       0.055061      -0.110814       0.493843      -0.750000
       2.530000      -0.493768      -0.055555       0.111821      -0.493730       0.493768       0.055555      -0.111821       0.493730      -0.750000
       2.531000      -0.493655      -0.056049       0.112827      -0.493616       0.493655       0.056049      -0.112827       0.493616      -0.750000
       2.532000      -0.493542      -0.056542       0.113833      -0.493501       0.493542       0.056542      -0.113833       0.493501      -0.750000
       2.533000      -0.493428      -0.057036       0.114840      -0.493386       0.493428       0.057036      -0.114840       0.493386      -0.750000
       2.534000      -0.493312      -0.057529       0.115846      -0.493269       0.493312       0.057529      -0.115846       0.493269      -0.750000
       2.535000      -0.493196      -0.058022       0.116853      -0.493151       0.493196       0.058022      -0.116853       0.493151      -0.750000
       2.536000      -0.493078      -0.058515       0.117860      -0.493032       0.493078       0.058515      -0.117860       0.493032      -0.750000
       2.537000      -0.492960      -0.059008       0.118867      -0.492912       0.492960       0.059008      -0.118867       0.492912      -0.750000
       2.538000      -0.492841      -0.059501       0.119874      -0.492791       0.492841       0.059501      -0.119874       0.492791      -0.750000
       2.539000      -0.492720      -0.059994       0.120881      -0.492669       0.492720       0.059994      -0.120881       0.492669      -0.750000
       2.540000      -0.492599      -0.060487       0.121889      -0.492545       0.492599       0.060487      -0.121889       0.492545      -0.750000
       2.541000      -0.492477      -0.060979       0.122896      -0.492421       0.492477       0.060979      -0.122896       0.492421      -0.750000
       2.542000      -0.492353      -0.061471       0.123904      -0.492296       0.492353       0.061471      -0.123904       0.492296      -0.750000
       2.543000      -0.492229      -0.061964       0.124911      -0.492170       0.492229       0.061964      -0.124911       0.492170      -0.750000
       2.544000      -0.492103      -0.062456       0.125919      -0.492042       0.492103       0.062456      -0.125919       0.492042      -0.750000
       2.545000      -0.491977      -0.062948       0.126927      -0.491914       0.491977       0.062948      -0.126927       0.491914      -0.750000
       2.546000      -0.491850      -0.063440       0.127935      -0.491784       0.491850       0.063440      -0.127935       0.491784      -0.750000
       2.547000      -0.491721      -0.063931       0.128944      -0.491654       0.491721       0.063931      -0.128944       0.491654      -0.750000
       2.548000      -0.491592      -0.064423       0.129952      -0.491522       0.491592       0.064423      -0.129952       0.491522      -0.750000
       2.549000      -0.491461      -0.064914       0.130960      -0.491389       0.491461       0.064914      -0.130960       0.491389      -0.750000
       2.550000      -0.491330      -0.065406       0.131969      -0.491256       0.491330       0.065406      -0.131969       0.491256      -0.750000
       2.551000      -0.491197      -0.065897       0.132978      -0.491121       0.491197       0.065897      -0.132978       0.491121      -0.750000
       2.552000      -0.491064      -0.066388       0.133987      -0.490985       0.491064       0.066388      -0.133987       0.490985      -0.750000
       2.553000      -0.490929      -0.066879       0.134996      -0.490848       0.490929       0.066879      -0.134996       0.490848      -0.750000
       2.554000      -0.490794      -0.067370       0.136005      -0.490710       0.490794       0.067370      -0.136005       0.490710      -0.750000
       2.555000      -0.490657      -0.067860       0.137014      -0.490571       0.490657       0.067860      -0.137014       0.490571      -0.750000
       2.556000      -0.490520      -0.068351       0.138023      -0.490431       0.490520       0.068351      -0.138023       0.490431      -0.750000
       2.557000      -0.490381      -0.068841       0.139033      -0.490290       0.490381       0.068841      -0.139033       0.490290      -0.750000
       2.558000      -0.490242      -0.069331       0.140043      -0.490147       0.490242       0.069331      -0.140043       0.490147      -0.750000
       2.559000      -0.490101      -0.069821       0.141052      -0.490004       0.490101       0.069821      -0.141052       0.490004      -0.750000
       2.560000      -0.489960      -0.070311       0.142062      -0.489860       0.489960       0.070311      -0.142062       0.489860      -0.750000
       2.561000      -0.489817      -0.070801       0.143073      -0.489714       0.489817       0.070801      -0.143073       0.489714      -0.750000
       2.562000      -0.489673      -0.071291       0.144083      -0.489568       0.489673       0.071291      -0.144083       0.489568      -0.750000
       2.563000      -0.489529      -0.071780       0.145093      -0.489420       0.489529       0.071780      -0.145093       0.489420      -0.750000
       2.564000      -0.489383      -0.072270       0.146104      -0.489271       0.489383       0.072270      -0.146104       0.489271      -0.750000
       2.565000      -0.489237      -0.072759       0.147114      -0.489121       0.489237       0.072759      -0.147114       0.489121      -0.750000
       2.566000      -0.489089      -0.073248       0.148125      -0.488971       0.489089       0.073248      -0.148125       0.488971      -0.750000
       2.567000      -0.488940      -0.073737       0.149136      -0.488819       0.488940       0.073737      -0.149136       0.488819      -0.750000
       2.568000      -0.488791      -0.074225       0.150147      -0.488666       0.488791       0.074225      -0.150147       0.488666      -0.750000
       2.569000      -0.488640      -0.074714       0.151159      -0.488512       0.488640       0.074714      -0.151159       0.488512      -0.750000
       2.570000      -0.488488      -0.075202       0.152170      -0.488356       0.488488       0.075202      -0.152170       0.488356      -0.750000
       2.571000      -0.488336      -0.075691       0.153182      -0.488200       0.488336       0.075691      -0.153182       0.488200      -0.750000
       2.572000      -0.488182      -0.076179       0.154194      -0.488043       0.488182       0.076179      -0.154194       0.488043      -0.750000
       2.573000      -0.488027      -0.076667       0.155205      -0.487884       0.488027       0.076667      -0.155205       0.487884      -0.750000
       2.574000      -0.487872      -0.077155       0.156217      -0.487725       0.487872       0.077155      -0.156217       0.487725      -0.750000
       2.575000      -0.487715      -0.077642       0.157230      -0.487564       0.487715       0.077642      -0.157230       0.487564      -0.750000
       2.576000      -0.487557      -0.078130       0.158242      -0.487402       0.487557       0.078130      -0.158242       0.487402      -0.750000
       2.577000      -0.487398      -0.078617       0.159255      -0.487240       0.487398       0.078617      -0.159255       0.487240      -0.750000
       2.578000      -0.487239      -0.079104       0.160267      -0.487076       0.487239       0.079104      -0.160267       0.487076      -0.750000
       2.579000      -0.487078      -0.079591       0.161280      -0.486911       0.487078       0.079591      -0.161280       0.486911      -0.750000
       2.580000      -0.486916      -0.080078       0.162293      -0.486745       0.486916       0.080078      -0.162293       0.486745      -0.750000
       2.581000      -0.486753      -0.080565       0.163306      -0.486578       0.486753       0.080565      -0.163306       0.486578      -0.750000
       2.582000      -0.486590      -0.081051       0.164320      -0.486409       0.486590       0.081051      -0.164320       0.486409      -0.750000
       2.583000      -0.486425      -0.081538       0.165333      -0.486240       0.486425       0.081538      -0.165333       0.486240      -0.750000
       2.584000      -0.486259      -0.082024       0.166347      -0.486070       0.486259       0.082024      -0.166347       0.486070      -0.750000
       2.585000      -0.486092      -0.082510       0.167361      -0.485898       0.486092       0.082510      -0.167361       0.485898      -0.750000
       2.586000      -0.485924      -0.082996       0.168375      -0.485725       0.485924       0.082996      -0.168375       0.485725      -0.750000
       2.587000      -0.485755      -0.083481       0.169389      -0.485552       0.485755       0.083481      -0.169389       0.485552      -0.750000
       2.588000      -0.485585      -0.083967       0.170403      -0.485377       0.485585       0.083967      -0.170403       0.485377      -0.750000
       2.589000      -0.485414      -0.084452       0.171418      -0.485201       0.485414       0.084452      -0.171418       0.485201      -0.750000
       2.590000      -0.485243      -0.084937       0.172432      -0.485024       0.485243       0.084937      -0.172432       0.485024      -0.750000
       2.591000      -0.485070      -0.085422       0.173447      -0.484846       0.485070       0.085422      -0.173447       0.484846      -0.750000
       2.592000      -0.484896      -0.085907       0.174462      -0.484666       0.484896       0.085907      -0.174462       0.484666      -0.750000
       2.593000      -0.484721      -0.086391       0.175477      -0.484486       0.484721       0.086391      -0.175477       0.484486      -0.750000
       2.594000      -0.484545      -0.086876       0.176493      -0.484304       0.484545       0.086876      -0.176493       0.484304      -0.750000
       2.595000      -0.484368      -0.087360       0.177508      -0.484122       0.484368       0.087360      -0.177508       0.484122      -0.750000
       2.596000      -0.484190      -0.087844       0.178524      -0.483938       0.484190       0.087844      -0.178524       0.483938      -0.750000
       2.597000      -0.484011      -0.088328       0.179540      -0.483753       0.484011       0.088328      -0.179540       0.483753      -0.750000
       2.598000      -0.483831      -0.088811       0.180556      -0.483567       0.483831       0.088811      -0.180556       0.483567      -0.750000
       2.599000      -0.483649      -0.089295       0.181572      -0.483380       0.483649       0.089295      -0.181572       0.483380      -0.750000
       2.600000      -0.483467      -0.089778       0.182589      -0.483192       0.483467       0.089778      -0.182589       0.483192      -0.750000
       2.601000      -0.483284      -0.090261       0.183605      -0.483003       0.483284       0.090261      -0.183605       0.483003      -0.750000
       2.602000      -0.483100      -0.090744       0.184622      -0.482812       0.483100       0.090744      -0.184622       0.482812      -0.750000
       2.603000      -0.482915      -0.091227       0.185639      -0.482621       0.482915       0.091227      -0.185639       0.482621      -0.750000
       2.604000      -0.482729      -0.091709       0.186656      -0.482428       0.482729       0.091709      -0.186656       0.482428      -0.750000
       2.605000      -0.482542      -0.092192       0.187674      -0.482234       0.482542       0.092192      -0.187674       0.482234      -0.750000
       2.606000      -0.482354      -0.092674       0.188691      -0.482039       0.482354       0.092674      -0.188691       0.482039      -0.750000
       2.607000      -0.482164      -0.093156       0.189709      -0.481843       0.482164       0.093156      -0.189709       0.481843      -0.750000
       2.608000      -0.481974      -0.093638       0.190727      -0.481646       0.481974       0.093638      -0.190727       0.481646      -0.750000
       2.609000      -0.481783      -0.094119       0.191745      -0.481447       0.481783       0.094119      -0.191745       0.481447      -0.750000
       2.610000      -0.481591      -0.094601       0.192763      -0.481248       0.481591       0.094601      -0.192763       0.481248      -0.750000
       2.611000      -0.481397      -0.095082       0.193782      -0.481047       0.481397       0.095082      -0.193782       0.481047      -0.750000
       2.612000      -0.481203      -0.095563       0.194800      -0.480846       0.481203       0.095563      -0.194800       0.480846      -0.750000
       2.613000      -0.481008      -0.096043       0.195819      -0.480643       0.481008       0.096043      -0.195819       0.480643      -0.750000
       2.614000      -0.480811      -0.096524       0.196838      -0.480439       0.480811       0.096524      -0.196838       0.480439      -0.750000
       2.615000      -0.480614      -0.097004       0.197858      -0.480233       0.480614       0.097004      -0.197858       0.480233      -0.750000
       2.616000      -0.480416      -0.097484       0.198877      -0.480027       0.480416       0.097484      -0.198877       0.480027      -0.750000
       2.617000      -0.480216      -0.097964       0.199897      -0.479820       0.480216       0.097964      -0.199897       0.479820      -0.750000
       2.618000      -0.480016      -0.098444       0.200917      -0.479611       0.480016       0.098444      -0.200917       0.479611      -0.750000
       2.619000      -0.479815      -0.098923       0.201937      -0.479401       0.479815       0.098923      -0.201937       0.479401      -0.750000
       2.620000      -0.479612      -0.099403       0.202957      -0.479190       0.479612       0.099403      -0.202957       0.479190      -0.750000
       2.621000      -0.479409      -0.099882       0.203977      -0.478978       0.479409       0.099882      -0.203977       0.478978      -0.750000
       2.622000      -0.479204      -0.100361       0.204998      -0.478765       0.479204       0.100361      -0.204998       0.478765      -0.750000
       2.623000      -0.478999      -0.100839       0.206019      -0.478551       0.478999       0.100839      -0.206019       0.478551      -0.750000
       2.624000      -0.478792      -0.101318       0.207040      -0.478335       0.478792       0.101318      -0.207040       0.478335      -0.750000
       2.625000      -0.478585      -0.101796       0.208061      -0.478119       0.478585       0.101796      -0.208061       0.478119      -0.750000
       2.626000      -0.478376      -0.102274       0.209083      -0.477901       0.478376       0.102274      -0.209083       0.477901      -0.750000
       2.627000      -0.478166      -0.102752       0.210105      -0.477682       0.478166       0.102752      -0.210105       0.477682      -0.750000
       2.628000      -0.477956      -0.103229       0.211127      -0.477462       0.477956       0.103229      -0.211127       0.477462      -0.750000
       2.629000      -0.477744      -0.103707       0.212149      -0.477240       0.477744       0.103707      -0.212149       0.477240      -0.750000
       2.630000      -0.477531      -0.104184       0.213171      -0.477018       0.477531       0.104184      -0.213171       0.477018      -0.750000
       2.631000      -0.477318      -0.104661       0.214194      -0.476794       0.477318       0.104661      -0.214194       0.476794      -0.750000
       2.632000      -0.477103      -0.105138       0.215216      -0.476569       0.477103       0.105138      -0.215216       0.476569      -0.750000
       2.633000      -0.476887      -0.105614       0.216239      -0.476343       0.476887       0.105614      -0.216239       0.476343      -0.750000
       2.634000      -0.476671      -0.106090       0.217263      -0.476116       0.476671       0.106090      -0.217263       0.476116      -0.750000
       2.635000      -0.476453      -0.106566       0.218286      -0.475888       0.476453       0.106566      -0.218286       0.475888      -0.750000
       2.636000      -0.476234      -0.107042       0.219310      -0.475658       0.476234       0.107042      -0.219310       0.475658      -0.750000
       2.637000      -0.476014      -0.107518       0.220334      -0.475428       0.476014       0.107518      -0.220334       0.475428      -0.750000
       2.638000      -0.475793      -0.107993       0.221358      -0.475196       0.475793       0.107993      -0.221358       0.475196      -0.750000
       2.639000      -0.475571      -0.108468       0.222382      -0.474963       0.475571       0.108468      -0.222382       0.474963      -0.750000
       2.640000      -0.475349      -0.108943       0.223406      -0.474728       0.475349       0.108943      -0.223406       0.474728      -0.750000
       2.641000      -0.475125      -0.109417       0.224431      -0.474493       0.475125       0.109417      -0.224431       0.474493      -0.750000
       2.642000      -0.474900      -0.109892       0.225456      -0.474256       0.474900       0.109892      -0.225456       0.474256      -0.750000
       2.643000      -0.474674      -0.110366       0.226481      -0.474019       0.474674       0.110366      -0.226481       0.474019      -0.750000
       2.644000      -0.474447      -0.110840       0.227507      -0.473780       0.474447       0.110840      -0.227507       0.473780      -0.750000
       2.645000      -0.474219      -0.111313       0.228532      -0.473539       0.474219       0.111313      -0.228532       0.473539      -0.750000
       2.646000      -0.473990      -0.111787       0.229558      -0.473298       0.473990       0.111787      -0.229558       0.473298      -0.750000
       2.647000      -0.473760      -0.112260       0.230584      -0.473055       0.473760       0.112260      -0.230584       0.473055      -0.750000
       2.648000      -0.473529      -0.112733       0.231611      -0.472812       0.473529       0.112733      -0.231611       0.472812      -0.750000
       2.649000      -0.473296      -0.113206       0.232637      -0.472567       0.473296       0.113206      -0.232637       0.472567      -0.750000
       2.650000      -0.473063      -0.113678       0.233664      -0.472321       0.473063       0.113678      -0.233664       0.472321      -0.750000
       2.651000      -0.472829      -0.114150       0.234691      -0.472073       0.472829       0.114150      -0.234691       0.472073      -0.750000
       2.652000      -0.472594      -0.114622       0.235718      -0.471825       0.472594       0.114622      -0.235718       0.471825      -0.750000
       2.653000      -0.472358      -0.115094       0.236746      -0.471575       0.472358       0.115094      -0.236746       0.471575      -0.750000
       2.654000      -0.472120      -0.115565       0.237773      -0.471324       0.472120       0.115565      -0.237773       0.471324      -0.750000
       2.655000      -0.471882      -0.116037       0.238801      -0.471072       0.471882       0.116037      -0.238801       0.471072      -0.750000
       2.656000      -0.471643      -0.116508       0.239830      -0.470818       0.471643       0.116508      -0.239830       0.470818      -0.750000
       2.657000      -0.471402      -0.116978       0.240858      -0.470564       0.471402       0.116978      -0.240858       0.470564      -0.750000
       2.658000      -0.471161      -0.117449       0.241887      -0.470308       0.471161       0.117449      -0.241887       0.470308      -0.750000
       2.659000      -0.470919      -0.117919       0.242916      -0.470051       0.470919       0.117919      -0.242916       0.470051      -0.750000
       2.660000      -0.470675      -0.118389       0.243945      -0.469792       0.470675       0.118389      -0.243945       0.469792      -0.750000
       2.661000      -0.470431      -0.118858       0.244974      -0.469533       0.470431       0.118858      -0.244974       0.469533      -0.750000
       2.662000      -0.470185      -0.119328       0.246004      -0.469272       0.470185       0.119328      -0.246004       0.469272      -0.750000
       2.663000      -0.469939      -0.119797       0.247034      -0.469010       0.469939       0.119797      -0.247034       0.469010      -0.750000
       2.664000      -0.469691      -0.120266       0.248064      -0.468747       0.469691       0.120266      -0.248064       0.468747      -0.750000
       2.665000      -0.469443      -0.120734       0.249094      -0.468483       0.469443       0.120734      -0.249094       0.468483      -0.750000
       2.666000      -0.469193      -0.121203       0.250125      -0.468217       0.469193       0.121203      -0.250125       0.468217      -0.750000
       2.667000      -0.468942      -0.121671       0.251156      -0.467950       0.468942       0.121671      -0.251156       0.467950      -0.750000
       2.668000      -0.468691      -0.122139       0.252187      -0.467682       0.468691       0.122139      -0.252187       0.467682      -0.750000
       2.669000      -0.468438      -0.122606       0.253218      -0.467413       0.468438       0.122606      -0.253218       0.467413      -0.750000
       2.670000      -0.468184      -0.123074       0.254250      -0.467142       0.468184       0.123074      -0.254250       0.467142      -0.750000
       2.671000      -0.467930      -0.123541       0.255282      -0.466870       0.467930       0.123541      -0.255282       0.466870      -0.750000
       2.672000      -0.467674      -0.124007       0.256314      -0.466597       0.467674       0.124007      -0.256314       0.466597      -0.750000
       2.673000      -0.467417      -0.124474       0.257346      -0.466323       0.467417       0.124474      -0.257346       0.466323      -0.750000
       2.674000      -0.467159      -0.124940       0.258379      -0.466047       0.467159       0.124940      -0.258379       0.466047      -0.750000
       2.675000      -0.466900      -0.125406       0.259412      -0.465770       0.466900       0.125406      -0.259412       0.465770      -0.750000
       2.676000      -0.466640      -0.125871       0.260445      -0.465492       0.466640       0.125871      -0.260445       0.465492      -0.750000
       2.677000      -0.466379      -0.126337       0.261478      -0.465213       0.466379       0.126337      -0.261478       0.465213      -0.750000
       2.678000      -0.466117      -0.126802       0.262512      -0.464932       0.466117       0.126802      -0.262512       0.464932      -0.750000
       2.679000      -0.465854      -0.127267       0.263546      -0.464650       0.465854       0.127267      -0.263546       0.464650      -0.750000
       2.680000      -0.465590      -0.127731       0.264580      -0.464367       0.465590       0.127731      -0.264580       0.464367      -0.750000
       2.681000      -0.465325      -0.128195       0.265615      -0.464083       0.465325       0.128195      -0.265615       0.464083      -0.750000
       2.682000      -0.465059      -0.128659       0.266649      -0.463797       0.465059       0.128659      -0.266649       0.463797      -0.750000
       2.683000      -0.464792      -0.129123       0.267684      -0.463510       0.464792       0.129123      -0.267684       0.463510      -0.750000
       2.684000      -0.464524      -0.129586       0.268720      -0.463222       0.464524       0.129586      -0.268720       0.463222      -0.750000
       2.685000      -0.464254      -0.130049       0.269755      -0.462933       0.464254       0.130049      -0.269755       0.462933      -0.750000
       2.686000      -0.463984      -0.130512       0.270791      -0.462642       0.463984       0.130512      -0.270791       0.462642      -0.750000
       2.687000      -0.463713      -0.130975       0.271827      -0.462350       0.463713       0.130975      -0.271827       0.462350      -0.750000
       2.688000      -0.463440      -0.131437       0.272863      -0.462057       0.463440       0.131437      -0.272863       0.462057      -0.750000
       2.689000      -0.463167      -0.131899       0.273900      -0.461762       0.463167       0.131899      -0.273900       0.461762      -0.750000
       2.690000      -0.462893      -0.132360       0.274937      -0.461466       0.462893       0.132360      -0.274937       0.461466      -0.750000
       2.691000      -0.462617      -0.132822       0.275974      -0.461169       0.462617       0.132822      -0.275974       0.461169      -0.750000
       2.692000      -0.462341      -0.133283       0.277011      -0.460870       0.462341       0.133283      -0.277011       0.460870      -0.750000
       2.693000      -0.462063      -0.133744       0.278049      -0.460571       0.462063       0.133744      -0.278049       0.460571      -0.750000
       2.694000      -0.461785      -0.134204       0.279087      -0.460270       0.461785       0.134204      -0.279087       0.460270      -0.750000
       2.695000      -0.461505      -0.134664       0.280125      -0.459967       0.461505       0.134664      -0.280125       0.459967      -0.750000
       2.696000      -0.461224      -0.135124       0.281164      -0.459664       0.461224       0.135124      -0.281164       0.459664      -0.750000
       2.697000      -0.460943      -0.135583       0.282203      -0.459359       0.460943       0.135583      -0.282203       0.459359      -0.750000
       2.698000      -0.460660      -0.136043       0.283242      -0.459052       0.460660       0.136043      -0.283242       0.459052      -0.750000
       2.699000      -0.460376      -0.136502       0.284281      -0.458745       0.460376       0.136502      -0.284281       0.458745      -0.750000
       2.700000      -0.460091      -0.136960       0.285321      -0.458436       0.460091       0.136960      -0.285321       0.458436      -0.750000
       2.701000      -0.459805      -0.137418       0.286361      -0.458126       0.459805       0.137418      -0.286361       0.458126      -0.750000
       2.702000      -0.459519      -0.137876       0.287401      -0.457814       0.459519       0.137876      -0.287401       0.457814      -0.750000
       2.703000      -0.459231      -0.138334       0.288441      -0.457502       0.459231       0.138334      -0.288441       0.457502      -0.750000
       2.704000      -0.458942      -0.138791       0.289482      -0.457187       0.458942       0.138791      -0.289482       0.457187      -0.750000
       2.705000      -0.458652      -0.139248       0.290523      -0.456872       0.458652       0.139248      -0.290523       0.456872      -0.750000
       2.706000      -0.458361      -0.139705       0.291565      -0.456555       0.458361       0.139705      -0.291565       0.456555      -0.750000
       2.707000      -0.458069      -0.140161       0.292606      -0.456237       0.458069       0.140161      -0.292606       0.456237      -0.750000
       2.708000      -0.457775      -0.140618       0.293648      -0.455918       0.457775       0.140618      -0.293648       0.455918      -0.750000
       2.709000      -0.457481      -0.141073       0.294690      -0.455597       0.457481       0.141073      -0.294690       0.455597      -0.750000
       2.710000      -0.457186      -0.141529       0.295733      -0.455275       0.457186       0.141529      -0.295733       0.455275      -0.750000
       2.711000      -0.456890      -0.141984       0.296776      -0.454951       0.456890       0.141984      -0.296776       0.454951      -0.750000
       2.712000      -0.456593      -0.142439       0.297819      -0.454627       0.456593       0.142439      -0.297819       0.454627      -0.750000
       2.713000      -0.456294      -0.142893       0.298862      -0.454300       0.456294       0.142893      -0.298862       0.454300      -0.750000
       2.714000      -0.455995      -0.143347       0.299906      -0.453973       0.455995       0.143347      -0.299906       0.453973      -0.750000
       2.715000      -0.455694      -0.143801       0.300950      -0.453644       0.455694       0.143801      -0.300950       0.453644      -0.750000
       2.716000      -0.455393      -0.144255       0.301994      -0.453314       0.455393       0.144255      -0.301994       0.453314      -0.750000
       2.717000      -0.455090      -0.144708       0.303039      -0.452982       0.455090       0.144708      -0.303039       0.452982      -0.750000
       2.718000      -0.454787      -0.145161       0.304083      -0.452650       0.454787       0.145161      -0.304083       0.452650      -0.750000
       2.719000      -0.454482      -0.145613       0.305129      -0.452315       0.454482       0.145613      -0.305129       0.452315      -0.750000
       2.720000      -0.454177      -0.146065       0.306174      -0.451980       0.454177       0.146065      -0.306174       0.451980      -0.750000
       2.721000      -0.453870      -0.146517       0.307220      -0.451643       0.453870       0.146517      -0.307220       0.451643      -0.750000
       2.722000      -0.453562      -0.146968       0.308266      -0.451305       0.453562       0.146968      -0.308266       0.451305      -0.750000
       2.723000      -0.453253      -0.147420       0.309312      -0.450965       0.453253       0.147420      -0.309312       0.450965      -0.750000
       2.724000      -0.452944      -0.147870       0.310359      -0.450624       0.452944       0.147870      -0.310359       0.450624      -0.750000
       2.725000      -0.452633      -0.148321       0.311406      -0.450281       0.452633       0.148321      -0.311406       0.450281      -0.750000
       2.726000      -0.452321      -0.148771       0.312453      -0.449937       0.452321       0.148771      -0.312453       0.449937      -0.750000
       2.727000      -0.452008      -0.149221       0.313501      -0.449592       0.452008       0.149221      -0.313501       0.449592      -0.750000
       2.728000      -0.451694      -0.149670       0.314549      -0.449246       0.451694       0.149670      -0.314549       0.449246      -0.750000
       2.729000      -0.451379      -0.150119       0.315597      -0.448898       0.451379       0.150119      -0.315597       0.448898      -0.750000
       2.730000      -0.451063      -0.150568       0.316646      -0.448548       0.451063       0.150568      -0.316646       0.448548      -0.750000
       2.731000      -0.450745      -0.151016       0.317694      -0.448198       0.450745       0.151016      -0.317694       0.448198      -0.750000
       2.732000      -0.450427      -0.151464       0.318744      -0.447845       0.450427       0.151464      -0.318744       0.447845      -0.750000
       2.733000      -0.450108      -0.151912       0.319793      -0.447492       0.450108       0.151912      -0.319793       0.447492      -0.750000
       2.734000      -0.449788      -0.152359       0.320843      -0.447137       0.449788       0.152359      -0.320843       0.447137      -0.750000
       2.735000      -0.449466      -0.152806       0.321893      -0.446781       0.449466       0.152806      -0.321893       0.446781      -0.750000
       2.736000      -0.449144      -0.153253       0.322943      -0.446423       0.449144       0.153253      -0.322943       0.446423      -0.750000
       2.737000      -0.448820      -0.153699       0.323994      -0.446064       0.448820       0.153699      -0.323994       0.446064      -0.750000
       2.738000      -0.448496      -0.154145       0.325045      -0.445703       0.448496       0.154145      -0.325045       0.445703      -0.750000
       2.739000      -0.448170      -0.154591       0.326096      -0.445341       0.448170       0.154591      -0.326096       0.445341      -0.750000
       2.740000      -0.447844      -0.155036       0.327148      -0.444978       0.447844       0.155036      -0.327148       0.444978      -0.750000
       2.741000      -0.447516      -0.155480       0.328200      -0.444613       0.447516       0.155480      -0.328200       0.444613      -0.750000
       2.742000      -0.447187      -0.155925       0.329252      -0.444247       0.447187       0.155925      -0.329252       0.444247      -0.750000
       2.743000      -0.446857      -0.156369       0.330305      -0.443879       0.446857       0.156369      -0.330305       0.443879      -0.750000
       2.744000      -0.446527      -0.156813       0.331358      -0.443510       0.446527       0.156813      -0.331358       0.443510      -0.750000
       2.745000      -0.446195      -0.157256       0.332411      -0.443139       0.446195       0.157256      -0.332411       0.443139      -0.750000
       2.746000      -0.445862      -0.157699       0.333465      -0.442767       0.445862       0.157699      -0.333465       0.442767      -0.750000
       2.747000      -0.445528      -0.158142       0.334519      -0.442394       0.445528       0.158142      -0.334519       0.442394      -0.750000
       2.748000      -0.445193      -0.158584       0.335573      -0.442019       0.445193       0.158584      -0.335573       0.442019      -0.750000
       2.749000      -0.444857      -0.159026       0.336628      -0.441642       0.444857       0.159026      -0.336628       0.441642      -0.750000
       2.750000      -0.444519      -0.159467       0.337683      -0.441265       0.444519       0.159467      -0.337683       0.441265      -0.750000
       2.751000      -0.444181      -0.159908       0.338738      -0.440885       0.444181       0.159908      -0.338738       0.440885      -0.750000
       2.752000      -0.443842      -0.160349       0.339794      -0.440505       0.443842       0.160349      -0.339794       0.440505      -0.750000
       2.753000      -0.443502      -0.160789       0.340850      -0.440123       0.443502       0.160789      -0.340850       0.440123      -0.750000
       2.754000      -0.443160      -0.161229       0.341906      -0.439739       0.443160       0.161229      -0.341906       0.439739      -0.750000
       2.755000      -0.442818      -0.161669       0.342962      -0.439354       0.442818       0.161669      -0.342962       0.439354      -0.750000
       2.756000      -0.442474      -0.162108       0.344019      -0.438967       0.442474       0.162108      -0.344019       0.438967      -0.750000
       2.757000      -0.442130      -0.162546       0.345077      -0.438579       0.442130       0.162546      -0.345077       0.438579      -0.750000
       2.758000      -0.441784      -0.162985       0.346134      -0.438190       0.441784       0.162985      -0.346134       0.438190      -0.750000
       2.759000      -0.441438      -0.163423       0.347192      -0.437799       0.441438       0.163423      -0.347192       0.437799      -0.750000
       2.760000      -0.441090      -0.163860       0.348250      -0.437406       0.441090       0.163860      -0.348250       0.437406      -0.750000
       2.761000      -0.440741      -0.164298       0.349309      -0.437012       0.440741       0.164298      -0.349309       0.437012      -0.750000
       2.762000      -0.440391      -0.164735       0.350368      -0.436617       0.440391       0.164735      -0.350368       0.436617      -0.750000
       2.763000      -0.440040      -0.165171       0.351427      -0.436220       0.440040       0.165171      -0.351427       0.436220      -0.750000
       2.764000      -0.439688      -0.165607       0.352487      -0.435822       0.439688       0.165607      -0.352487       0.435822      -0.750000
       2.765000      -0.439335      -0.166043       0.353547      -0.435422       0.439335       0.166043      -0.353547       0.435422      -0.750000
       2.766000      -0.438981      -0.166478       0.354607      -0.435020       0.438981       0.166478      -0.354607       0.435020      -0.750000
       2.767000      -0.438626      -0.166913       0.355668      -0.434617       0.438626       0.166913      -0.355668       0.434617      -0.750000
       2.768000      -0.438270      -0.167347       0.356729      -0.434213       0.438270       0.167347      -0.356729       0.434213      -0.750000
       2.769000      -0.437913      -0.167781       0.357790      -0.433807       0.437913       0.167781      -0.357790       0.433807      -0.750000
       2.770000      -0.437554      -0.168215       0.358852      -0.433400       0.437554       0.168215      -0.358852       0.433400      -0.750000
       2.771000      -0.437195      -0.168648       0.359914      -0.432991       0.437195       0.168648      -0.359914       0.432991      -0.750000
       2.772000      -0.436834      -0.169081       0.360977      -0.432580       0.436834       0.169081      -0.360977       0.432580      -0.750000
       2.773000      -0.436473      -0.169513       0.362039      -0.432168       0.436473       0.169513      -0.362039       0.432168      -0.750000
       2.774000      -0.436110      -0.169945       0.363102      -0.431754       0.436110       0.169945      -0.363102       0.431754      -0.750000
       2.775000      -0.435747      -0.170376       0.364166      -0.431339       0.435747       0.170376      -0.364166       0.431339      -0.750000
       2.776000      -0.435382      -0.170808       0.365230      -0.430923       0.435382       0.170808      -0.365230       0.430923      -0.750000
       2.777000      -0.435016      -0.171238       0.366294      -0.430504       0.435016       0.171238      -0.366294       0.430504      -0.750000
       2.778000      -0.434649      -0.171669       0.367358      -0.430085       0.434649       0.171669      -0.367358       0.430085      -0.750000
       2.779000      -0.434282      -0.172099       0.368423      -0.429663       0.434282       0.172099      -0.368423       0.429663      -0.750000
       2.780000      -0.433913      -0.172528       0.369489      -0.429241       0.433913       0.172528      -0.369489       0.429241      -0.750000
       2.781000      -0.433543      -0.172957       0.370554      -0.428816       0.433543       0.172957      -0.370554       0.428816      -0.750000
       2.782000      -0.433172      -0.173386       0.371620      -0.428390       0.433172       0.173386      -0.371620       0.428390      -0.750000
       2.783000      -0.432799      -0.173814       0.372686      -0.427963       0.432799       0.173814      -0.372686       0.427963      -0.750000
       2.784000      -0.432426      -0.174242       0.373753      -0.427534       0.432426       0.174242      -0.373753       0.427534      -0.750000
       2.785000      -0.432052      -0.174669       0.374820      -0.427103       0.432052       0.174669      -0.374820       0.427103      -0.750000
       2.786000      -0.431677      -0.175096       0.375887      -0.426671       0.431677       0.175096      -0.375887       0.426671      -0.750000
       2.787000      -0.431300      -0.175522       0.376955      -0.426237       0.431300       0.175522      -0.376955       0.426237      -0.750000
       2.788000      -0.430923      -0.175948       0.378023      -0.425801       0.430923       0.175948      -0.378023       0.425801      -0.750000
       2.789000      -0.430544      -0.176374       0.379092      -0.425364       0.430544       0.176374      -0.379092       0.425364      -0.750000
       2.790000      -0.430164      -0.176799       0.380161      -0.424926       0.430164       0.176799      -0.380161       0.424926      -0.750000
       2.791000      -0.429784      -0.177224       0.381230      -0.424486       0.429784       0.177224      -0.381230       0.424486      -0.750000
       2.792000      -0.429402      -0.177648       0.382300      -0.424044       0.429402       0.177648      -0.382300       0.424044      -0.750000
       2.793000      -0.429019      -0.178072       0.383369      -0.423601       0.429019       0.178072      -0.383369       0.423601      -0.750000
       2.794000      -0.428635      -0.178495       0.384440      -0.423156       0.428635       0.178495      -0.384440       0.423156      -0.750000
       2.795000      -0.428250      -0.178918       0.385510      -0.422709       0.428250       0.178918      -0.385510       0.422709      -0.750000
       2.796000      -0.427864      -0.179341       0.386582      -0.422261       0.427864       0.179341      -0.386582       0.422261      -0.750000
       2.797000      -0.427477      -0.179763       0.387653      -0.421811       0.427477       0.179763      -0.387653       0.421811      -0.750000
       2.798000      -0.427089      -0.180184       0.388725      -0.421359       0.427089       0.180184      -0.388725       0.421359      -0.750000
       2.799000      -0.426700      -0.180605       0.389797      -0.420906       0.426700       0.180605      -0.389797       0.420906      -0.750000
       2.800000      -0.426309      -0.181026       0.390869      -0.420452       0.426309       0.181026      -0.390869       0.420452      -0.750000
       2.801000      -0.425918      -0.181446       0.391942      -0.419995       0.425918       0.181446      -0.391942       0.419995      -0.750000
       2.802000      -0.425525      -0.181866       0.393016      -0.419537       0.425525       0.181866      -0.393016       0.419537      -0.750000
       2.803000      -0.425132      -0.182285       0.394089      -0.419078       0.425132       0.182285      -0.394089       0.419078      -0.750000
       2.804000      -0.424737      -0.182704       0.395163      -0.418616       0.424737       0.182704      -0.395163       0.418616      -0.750000
       2.805000      -0.424342      -0.183122       0.396238      -0.418154       0.424342       0.183122      -0.396238       0.418154      -0.750000
       2.806000      -0.423945      -0.183540       0.397313      -0.417689       0.423945       0.183540      -0.397313       0.417689      -0.750000
       2.807000      -0.423547      -0.183958       0.398388      -0.417223       0.423547       0.183958      -0.398388       0.417223      -0.750000
       2.808000      -0.423148      -0.184375       0.399463      -0.416755       0.423148       0.184375      -0.399463       0.416755      -0.750000
       2.809000      -0.422748      -0.184791       0.400539      -0.416285       0.422748       0.184791      -0.400539       0.416285      -0.750000
       2.810000      -0.422347      -0.185207       0.401616      -0.415814       0.422347       0.185207      -0.401616       0.415814      -0.750000
       2.811000      -0.421945      -0.185623       0.402692      -0.415341       0.421945       0.185623      -0.402692       0.415341      -0.750000
       2.812000      -0.421542      -0.186038       0.403770      -0.414867       0.421542       0.186038      -0.403770       0.414867      -0.750000
       2.813000      -0.421137      -0.186453       0.404847      -0.414390       0.421137       0.186453      -0.404847       0.414390      -0.750000
       2.814000      -0.420732      -0.186867       0.405925      -0.413912       0.420732       0.186867      -0.405925       0.413912      -0.750000
       2.815000      -0.420325      -0.187281       0.407003      -0.413433       0.420325       0.187281      -0.407003       0.413433      -0.750000
       2.816000      -0.419918      -0.187694       0.408082      -0.412951       0.419918       0.187694      -0.408082       0.412951      -0.750000
       2.817000      -0.419509      -0.188106       0.409161      -0.412468       0.419509       0.188106      -0.409161       0.412468      -0.750000
       2.818000      -0.419100      -0.188519       0.410240      -0.411983       0.419100       0.188519      -0.410240       0.411983      -0.750000
       2.819000      -0.418689      -0.188930       0.411320      -0.411497       0.418689       0.188930      -0.411320       0.411497      -0.750000
       2.820000      -0.418277      -0.189342       0.412400      -0.411009       0.418277       0.189342      -0.412400       0.411009      -0.750000
       2.821000      -0.417864      -0.189752       0.413481      -0.410519       0.417864       0.189752      -0.413481       0.410519      -0.750000
       2.822000      -0.417450      -0.190163       0.414562      -0.410027       0.417450       0.190163      -0.414562       0.410027      -0.750000
       2.823000      -0.417035      -0.190573       0.415643      -0.409534       0.417035       0.190573      -0.415643       0.409534      -0.750000
       2.824000      -0.416619      -0.190982       0.416725      -0.409039       0.416619       0.190982      -0.416725       0.409039      -0.750000
       2.825000      -0.416201      -0.191391       0.417807      -0.408542       0.416201       0.191391      -0.417807       0.408542      -0.750000
       2.826000      -0.415783      -0.191799       0.418890      -0.408043       0.415783       0.191799      -0.418890       0.408043      -0.750000
       2.827000      -0.415364      -0.192207       0.419973      -0.407543       0.415364       0.192207      -0.419973       0.407543      -0.750000
       2.828000      -0.414943      -0.192614       0.421056      -0.407041       0.414943       0.192614      -0.421056       0.407041      -0.750000
       2.829000      -0.414521      -0.193021       0.422140      -0.406537       0.414521       0.193021      -0.422140       0.406537      -0.750000
       2.830000      -0.414099      -0.193427       0.423224      -0.406031       0.414099       0.193427      -0.423224       0.406031      -0.750000
       2.831000      -0.413675      -0.193833       0.424308      -0.405524       0.413675       0.193833      -0.424308       0.405524      -0.750000
       2.832000      -0.413250      -0.194238       0.425393      -0.405015       0.413250       0.194238      -0.425393       0.405015      -0.750000
       2.833000      -0.412824      -0.194643       0.426479      -0.404504       0.412824       0.194643      -0.426479       0.404504      -0.750000
       2.834000      -0.412397      -0.195047       0.427564      -0.403991       0.412397       0.195047      -0.427564       0.403991      -0.750000
       2.835000      -0.411969      -0.195451       0.428650      -0.403477       0.411969       0.195451      -0.428650       0.403477      -0.750000
       2.836000      -0.411540      -0.195854       0.429737      -0.402960       0.411540       0.195854      -0.429737       0.402960      -0.750000
       2.837000      -0.411110      -0.196257       0.430824      -0.402442       0.411110       0.196257      -0.430824       0.402442      -0.750000
       2.838000      -0.410678      -0.196659       0.431911      -0.401922       0.410678       0.196659      -0.431911       0.401922      -0.750000
       2.839000      -0.410246      -0.197061       0.432999      -0.401401       0.410246       0.197061      -0.432999       0.401401      -0.750000
       2.840000      -0.409812      -0.197462       0.434087      -0.400877       0.409812       0.197462      -0.434087       0.400877      -0.750000
       2.841000      -0.409378      -0.197862       0.435176      -0.400352       0.409378       0.197862      -0.435176       0.400352      -0.750000
       2.842000      -0.408942      -0.198262       0.436265      -0.399825       0.408942       0.198262      -0.436265       0.399825      -0.750000
       2.843000      -0.408505      -0.198662       0.437354      -0.399296       0.408505       0.198662      -0.437354       0.399296      -0.750000
       2.844000      -0.408067      -0.199061       0.438444      -0.398765       0.408067       0.199061      -0.438444       0.398765      -0.750000
       2.845000      -0.407628      -0.199460       0.439534      -0.398232       0.407628       0.199460      -0.439534       0.398232      -0.750000
       2.846000      -0.407188      -0.199857       0.440624      -0.397698       0.407188       0.199857      -0.440624       0.397698      -0.750000
       2.847000      -0.406747      -0.200255       0.441715      -0.397162       0.406747       0.200255      -0.441715       0.397162      -0.750000
       2.848000      -0.406305      -0.200652       0.442807      -0.396624       0.406305       0.200652      -0.442807       0.396624      -0.750000
       2.849000      -0.405861      -0.201048       0.443899      -0.396084       0.405861       0.201048      -0.443899       0.396084      -0.750000
       2.850000      -0.405417      -0.201444       0.444991      -0.395542       0.405417       0.201444      -0.444991       0.395542      -0.750000
       2.851000      -0.404971      -0.201839       0.446084      -0.394998       0.404971       0.201839      -0.446084       0.394998      -0.750000
       2.852000      -0.404525      -0.202234       0.447177      -0.394452       0.404525       0.202234      -0.447177       0.394452      -0.750000
       2.853000      -0.404077      -0.202628       0.448270      -0.393905       0.404077       0.202628      -0.448270       0.393905      -0.750000
       2.854000      -0.403628      -0.203022       0.449364      -0.393355       0.403628       0.203022      -0.449364       0.393355      -0.750000
       2.855000      -0.403178      -0.203415       0.450458      -0.392804       0.403178       0.203415      -0.450458       0.392804      -0.750000
       2.856000      -0.402727      -0.203807       0.451553      -0.392251       0.402727       0.203807      -0.451553       0.392251      -0.750000
       2.857000      -0.402275      -0.204199       0.452648      -0.391696       0.402275       0.204199      -0.452648       0.391696      -0.750000
       2.858000      -0.401822      -0.204591       0.453744      -0.391139       0.401822       0.204591      -0.453744       0.391139      -0.750000
       2.859000      -0.401368      -0.204982       0.454840      -0.390580       0.401368       0.204982      -0.454840       0.390580      -0.750000
       2.860000      -0.400912      -0.205372       0.455936      -0.390019       0.400912       0.205372      -0.455936       0.390019      -0.750000
       2.861000      -0.400456      -0.205762       0.457033      -0.389457       0.400456       0.205762      -0.457033       0.389457      -0.750000
       2.862000      -0.399998      -0.206151       0.458130      -0.388892       0.399998       0.206151      -0.458130       0.388892      -0.750000
       2.863000      -0.399540      -0.206539       0.459228      -0.388325       0.399540       0.206539      -0.459228       0.388325      -0.750000
       2.864000      -0.399080      -0.206928       0.460326      -0.387757       0.399080       0.206928      -0.460326       0.387757      -0.750000
       2.865000      -0.398619      -0.207315       0.461424      -0.387187       0.398619       0.207315      -0.461424       0.387187      -0.750000
       2.866000      -0.398157      -0.207702       0.462523      -0.386614       0.398157       0.207702      -0.462523       0.386614      -0.750000
       2.867000      -0.397694      -0.208088       0.463622      -0.386040       0.397694       0.208088      -0.463622       0.386040      -0.750000
       2.868000      -0.397230      -0.208474       0.464722      -0.385464       0.397230       0.208474      -0.464722       0.385464      -0.750000
       2.869000      -0.396764      -0.208859       0.465822      -0.384885       0.396764       0.208859      -0.465822       0.384885      -0.750000
       2.870000      -0.396298      -0.209244       0.466923      -0.384305       0.396298       0.209244      -0.466923       0.384305      -0.750000
       2.871000      -0.395831      -0.209628       0.468024      -0.383723       0.395831       0.209628      -0.468024       0.383723      -0.750000
       2.872000      -0.395362      -0.210011       0.469125      -0.383139       0.395362       0.210011      -0.469125       0.383139      -0.750000
       2.873000      -0.394892      -0.210394       0.470227      -0.382553       0.394892       0.210394      -0.470227       0.382553      -0.750000
       2.874000      -0.394422      -0.210776       0.471329      -0.381964       0.394422       0.210776      -0.471329       0.381964      -0.750000
       2.875000      -0.393950      -0.211158       0.472432      -0.381374       0.393950       0.211158      -0.472432       0.381374      -0.750000
       2.876000      -0.393477      -0.211539       0.473535      -0.380782       0.393477       0.211539      -0.473535       0.380782      -0.750000
       2.877000      -0.393003      -0.211920       0.474639      -0.380188       0.393003       0.211920      -0.474639       0.380188      -0.750000
       2.878000      -0.392527      -0.212299       0.475743      -0.379592       0.392527       0.212299      -0.475743       0.379592      -0.750000
       2.879000      -0.392051      -0.212679       0.476847      -0.378993       0.392051       0.212679      -0.476847       0.378993      -0.750000
       2.880000      -0.391574      -0.213057       0.477952      -0.378393       0.391574       0.213057      -0.477952       0.378393      -0.750000
       2.881000      -0.391095      -0.213435       0.479057      -0.377791       0.391095       0.213435      -0.479057       0.377791      -0.750000
       2.882000      -0.390616      -0.213813       0.480163      -0.377187       0.390616       0.213813      -0.480163       0.377187      -0.750000
       2.883000      -0.390135      -0.214190       0.481269      -0.376580       0.390135       0.214190      -0.481269       0.376580      -0.750000
       2.884000      -0.389653      -0.214566       0.482375      -0.375972       0.389653       0.214566      -0.482375       0.375972      -0.750000
       2.885000      -0.389170      -0.214942       0.483482      -0.375361       0.389170       0.214942      -0.483482       0.375361      -0.750000
       2.886000      -0.388686      -0.215317       0.484590      -0.374749       0.388686       0.215317      -0.484590       0.374749      -0.750000
       2.887000      -0.388201      -0.215691       0.485698      -0.374134       0.388201       0.215691      -0.485698       0.374134      -0.750000
       2.888000      -0.387715      -0.216065       0.486806      -0.373517       0.387715       0.216065      -0.486806       0.373517      -0.750000
       2.889000      -0.387227      -0.216438       0.487915      -0.372899       0.387227       0.216438      -0.487915       0.372899      -0.750000
       2.890000      -0.386739      -0.216811       0.489024      -0.372278       0.386739       0.216811      -0.489024       0.372278      -0.750000
       2.891000      -0.386249      -0.217183       0.490133      -0.371655       0.386249       0.217183      -0.490133       0.371655      -0.750000
       2.892000      -0.385759      -0.217554       0.491243      -0.371030       0.385759       0.217554      -0.491243       0.371030      -0.750000
       2.893000      -0.385267      -0.217925       0.492354      -0.370403       0.385267       0.217925      -0.492354       0.370403      -0.750000
       2.894000      -0.384774      -0.218295       0.493465      -0.369773       0.384774       0.218295      -0.493465       0.369773      -0.750000
       2.895000      -0.384280      -0.218664       0.494576      -0.369142       0.384280       0.218664      -0.494576       0.369142      -0.750000
       2.896000      -0.383785      -0.219033       0.495688      -0.368508       0.383785       0.219033      -0.495688       0.368508      -0.750000
       2.897000      -0.383289      -0.219402       0.496800      -0.367873       0.383289       0.219402      -0.496800       0.367873      -0.750000
       2.898000      -0.382791      -0.219769       0.497912      -0.367235       0.382791       0.219769      -0.497912       0.367235      -0.750000
       2.899000      -0.382293      -0.220136       0.499025      -0.366595       0.382293       0.220136      -0.499025       0.366595      -0.750000
       2.900000      -0.381793      -0.220502       0.500139      -0.365953       0.381793       0.220502      -0.500139       0.365953      -0.750000
       2.901000      -0.381292      -0.220868       0.501253      -0.365308       0.381292       0.220868      -0.501253       0.365308      -0.750000
       2.902000      -0.380791      -0.221233       0.502367      -0.364662       0.380791       0.221233      -0.502367       0.364662      -0.750000
       2.903000      -0.380288      -0.221597       0.503482      -0.364013       0.380288       0.221597      -0.503482       0.364013      -0.750000
       2.904000      -0.379784      -0.221961       0.504597      -0.363363       0.379784       0.221961      -0.504597       0.363363      -0.750000
       2.905000      -0.379278      -0.222324       0.505713      -0.362710       0.379278       0.222324      -0.505713       0.362710      -0.750000
       2.906000      -0.378772      -0.222686       0.506829      -0.362054       0.378772       0.222686      -0.506829       0.362054      -0.750000
       2.907000      -0.378265      -0.223048       0.507946      -0.361397       0.378265       0.223048      -0.507946       0.361397      -0.750000
       2.908000      -0.377756      -0.223409       0.509062      -0.360737       0.377756       0.223409      -0.509062       0.360737      -0.750000
       2.909000      -0.377247      -0.223770       0.510180      -0.360076       0.377247       0.223770      -0.510180       0.360076      -0.750000
       2.910000      -0.376736      -0.224129       0.511298      -0.359411       0.376736       0.224129      -0.511298       0.359411      -0.750000
       2.911000      -0.376224      -0.224488       0.512416      -0.358745       0.376224       0.224488      -0.512416       0.358745      -0.750000
       2.912000      -0.375711      -0.224847       0.513535      -0.358077       0.375711       0.224847      -0.513535       0.358077      -0.750000
       2.913000      -0.375197      -0.225205       0.514654      -0.357406       0.375197       0.225205      -0.514654       0.357406      -0.750000
       2.914000      -0.374682      -0.225562       0.515774      -0.356733       0.374682       0.225562      -0.515774       0.356733      -0.750000
       2.915000      -0.374165      -0.225918       0.516894      -0.356058       0.374165       0.225918      -0.516894       0.356058      -0.750000
       2.916000      -0.373648      -0.226274       0.518014      -0.355380       0.373648       0.226274      -0.518014       0.355380      -0.750000
       2.917000      -0.373129      -0.226629       0.519135      -0.354700       0.373129       0.226629      -0.519135       0.354700      -0.750000
       2.918000      -0.372610      -0.226983       0.520256      -0.354018       0.372610       0.226983      -0.520256       0.354018      -0.750000
       2.919000      -0.372089      -0.227337       0.521378      -0.353334       0.372089       0.227337      -0.521378       0.353334      -0.750000
       2.920000      -0.371567      -0.227690       0.522500      -0.352647       0.371567       0.227690      -0.522500       0.352647      -0.750000
       2.921000      -0.371044      -0.228042       0.523623      -0.351958       0.371044       0.228042      -0.523623       0.351958      -0.750000
       2.922000      -0.370520      -0.228394       0.524746      -0.351267       0.370520       0.228394      -0.524746       0.351267      -0.750000
       2.923000      -0.369994      -0.228745       0.525870      -0.350573       0.369994       0.228745      -0.525870       0.350573      -0.750000
       2.924000      -0.369468      -0.229095       0.526994      -0.349877       0.369468       0.229095      -0.526994       0.349877      -0.750000
       2.925000      -0.368940      -0.229444       0.528118      -0.349179       0.368940       0.229444      -0.528118       0.349179      -0.750000
       2.926000      -0.368412      -0.229793       0.529243      -0.348478       0.368412       0.229793      -0.529243       0.348478      -0.750000
       2.927000      -0.367882      -0.230141       0.530368      -0.347775       0.367882       0.230141      -0.530368       0.347775      -0.750000
       2.928000      -0.367351      -0.230489       0.531494      -0.347070       0.367351       0.230489      -0.531494       0.347070      -0.750000
       2.929000      -0.366819      -0.230835       0.532620      -0.346362       0.366819       0.230835      -0.532620       0.346362      -0.750000
       2.930000      -0.366286      -0.231181       0.533747      -0.345652       0.366286       0.231181      -0.533747       0.345652      -0.750000
       2.931000      -0.365751      -0.231527       0.534874      -0.344940       0.365751       0.231527      -0.534874       0.344940      -0.750000
       2.932000      -0.365216      -0.231871       0.536002      -0.344225       0.365216       0.231871      -0.536002       0.344225      -0.750000
       2.933000      -0.364679      -0.232215       0.537130      -0.343508       0.364679       0.232215      -0.537130       0.343508      -0.750000
       2.934000      -0.364142      -0.232558       0.538258      -0.342788       0.364142       0.232558      -0.538258       0.342788      -0.750000
       2.935000      -0.363603      -0.232901       0.539387      -0.342066       0.363603       0.232901      -0.539387       0.342066      -0.750000
       2.936000      -0.363063      -0.233242       0.540516      -0.341342       0.363063       0.233242      -0.540516       0.341342      -0.750000
       2.937000      -0.362522      -0.233583       0.541646      -0.340615       0.362522       0.233583      -0.541646       0.340615      -0.750000
       2.938000      -0.361980      -0.233924       0.542776      -0.339886       0.361980       0.233924      -0.542776       0.339886      -0.750000
       2.939000      -0.361436      -0.234263       0.543907      -0.339154       0.361436       0.234263      -0.543907       0.339154      -0.750000
       2.940000      -0.360892      -0.234602       0.545038      -0.338420       0.360892       0.234602      -0.545038       0.338420      -0.750000
       2.941000      -0.360346      -0.234940       0.546169      -0.337683       0.360346       0.234940      -0.546169       0.337683      -0.750000
       2.942000      -0.359800      -0.235277       0.547301      -0.336944       0.359800       0.235277      -0.547301       0.336944      -0.750000
       2.943000      -0.359252      -0.235614       0.548434      -0.336203       0.359252       0.235614      -0.548434       0.336203      -0.750000
       2.944000      -0.358703      -0.235950       0.549567      -0.335459       0.358703       0.235950      -0.549567       0.335459      -0.750000
       2.945000      -0.358153      -0.236285       0.550700      -0.334712       0.358153       0.236285      -0.550700       0.334712      -0.750000
       2.946000      -0.357601      -0.236619       0.551834      -0.333963       0.357601       0.236619      -0.551834       0.333963      -0.750000
       2.947000      -0.357049      -0.236953       0.552968      -0.333211       0.357049       0.236953      -0.552968       0.333211      -0.750000
       2.948000      -0.356495      -0.237286       0.554102      -0.332457       0.356495       0.237286      -0.554102       0.332457      -0.750000
       2.949000      -0.355941      -0.237618       0.555237      -0.331701       0.355941       0.237618      -0.555237       0.331701      -0.750000
       2.950000      -0.355385      -0.237949       0.556373      -0.330942       0.355385       0.237949      -0.556373       0.330942      -0.750000
       2.951000      -0.354828      -0.238280       0.557509      -0.330180       0.354828       0.238280      -0.557509       0.330180      -0.750000
       2.952000      -0.354270      -0.238609       0.558645      -0.329416       0.354270       0.238609      -0.558645       0.329416      -0.750000
       2.953000      -0.353711      -0.238938       0.559782      -0.328649       0.353711       0.238938      -0.559782       0.328649      -0.750000
       2.954000      -0.353150      -0.239267       0.560919      -0.327880       0.353150       0.239267      -0.560919       0.327880      -0.750000
       2.955000      -0.352589      -0.239594       0.562057      -0.327108       0.352589       0.239594      -0.562057       0.327108      -0.750000
       2.956000      -0.352026      -0.239921       0.563195      -0.326333       0.352026       0.239921      -0.563195       0.326333      -0.750000
       2.957000      -0.351462      -0.240247       0.564333      -0.325556       0.351462       0.240247      -0.564333       0.325556      -0.750000
       2.958000      -0.350898      -0.240572       0.565472      -0.324776       0.350898       0.240572      -0.565472       0.324776      -0.750000
       2.959000      -0.350331      -0.240896       0.566611      -0.323994       0.350331       0.240896      -0.566611       0.323994      -0.750000
       2.960000      -0.349764      -0.241220       0.567751      -0.323209       0.349764       0.241220      -0.567751       0.323209      -0.750000
       2.961000      -0.349196      -0.241543       0.568892      -0.322422       0.349196       0.241543      -0.568892       0.322422      -0.750000
       2.962000      -0.348627      -0.241865       0.570032      -0.321631       0.348627       0.241865      -0.570032       0.321631      -0.750000
       2.963000      -0.348056      -0.242186       0.571173      -0.320839       0.348056       0.242186      -0.571173       0.320839      -0.750000
       2.964000      -0.347484      -0.242507       0.572315      -0.320043       0.347484       0.242507      -0.572315       0.320043      -0.750000
       2.965000      -0.346911      -0.242826       0.573457      -0.319245       0.346911       0.242826      -0.573457       0.319245      -0.750000
       2.966000      -0.346337      -0.243145       0.574599      -0.318444       0.346337       0.243145      -0.574599       0.318444      -0.750000
       2.967000      -0.345762      -0.243463       0.575742      -0.317640       0.345762       0.243463      -0.575742       0.317640      -0.750000
       2.968000      -0.345186      -0.243780       0.576885      -0.316834       0.345186       0.243780      -0.576885       0.316834      -0.750000
       2.969000      -0.344608      -0.244097       0.578029      -0.316025       0.344608       0.244097      -0.578029       0.316025      -0.750000
       2.970000      -0.344030      -0.244412       0.579173      -0.315214       0.344030       0.244412      -0.579173       0.315214      -0.750000
       2.971000      -0.343450      -0.244727       0.580318      -0.314399       0.343450       0.244727      -0.580318       0.314399      -0.750000
       2.972000      -0.342869      -0.245041       0.581463      -0.313582       0.342869       0.245041      -0.581463       0.313582      -0.750000
       2.973000      -0.342287      -0.245354       0.582608      -0.312762       0.342287       0.245354      -0.582608       0.312762      -0.750000
       2.974000      -0.341704      -0.245667       0.583754      -0.311940       0.341704       0.245667      -0.583754       0.311940      -0.750000
       2.975000      -0.341120      -0.245978       0.584900      -0.311114       0.341120       0.245978      -0.584900       0.311114      -0.750000
       2.976000      -0.340534      -0.246289       0.586047      -0.310286       0.340534       0.246289      -0.586047       0.310286      -0.750000
       2.977000      -0.339947      -0.246599       0.587194      -0.309455       0.339947       0.246599      -0.587194       0.309455      -0.750000
       2.978000      -0.339360      -0.246908       0.588342      -0.308622       0.339360       0.246908      -0.588342       0.308622      -0.750000
       2.979000      -0.338771      -0.247216       0.589490      -0.307785       0.338771       0.247216      -0.589490       0.307785      -0.750000
       2.980000      -0.338181      -0.247523       0.590638      -0.306946       0.338181       0.247523      -0.590638       0.306946      -0.750000
       2.981000      -0.337589      -0.247830       0.591787      -0.306104       0.337589       0.247830      -0.591787       0.306104      -0.750000
       2.982000      -0.336997      -0.248136       0.592936      -0.305259       0.336997       0.248136      -0.592936       0.305259      -0.750000
       2.983000      -0.336404      -0.248440       0.594086      -0.304411       0.336404       0.248440      -0.594086       0.304411      -0.750000
       2.984000      -0.335809      -0.248744       0.595236      -0.303561       0.335809       0.248744      -0.595236       0.303561      -0.750000
       2.985000      -0.335213      -0.249048       0.596387      -0.302707       0.335213       0.249048      -0.596387       0.302707      -0.750000
       2.986000      -0.334616      -0.249350       0.597538      -0.301851       0.334616       0.249350      -0.597538       0.301851      -0.750000
       2.987000      -0.334018      -0.249651       0.598689      -0.300991       0.334018       0.249651      -0.598689       0.300991      -0.750000
       2.988000      -0.333419      -0.249952       0.599841      -0.300129       0.333419       0.249952      -0.599841       0.300129      -0.750000
       2.989000      -0.332818      -0.250252       0.600993      -0.299264       0.332818       0.250252      -0.600993       0.299264      -0.750000
       2.990000      -0.332217      -0.250550       0.602145      -0.298396       0.332217       0.250550      -0.602145       0.298396      -0.750000
       2.991000      -0.331614      -0.250848       0.603298      -0.297525       0.331614       0.250848      -0.603298       0.297525      -0.750000
       2.992000      -0.331010      -0.251145       0.604452      -0.296652       0.331010       0.251145      -0.604452       0.296652      -0.750000
       2.993000      -0.330405      -0.251442       0.605606      -0.295775       0.330405       0.251442      -0.605606       0.295775      -0.750000
       2.994000      -0.329799      -0.251737       0.606760      -0.294895       0.329799       0.251737      -0.606760       0.294895      -0.750000
       2.995000      -0.329192      -0.252031       0.607915      -0.294012       0.329192       0.252031      -0.607915       0.294012      -0.750000
       2.996000      -0.328583      -0.252325       0.609070      -0.293127       0.328583       0.252325      -0.609070       0.293127      -0.750000
       2.997000      -0.327974      -0.252618       0.610225      -0.292238       0.327974       0.252618      -0.610225       0.292238      -0.750000
       2.998000      -0.327363      -0.252909       0.611381      -0.291347       0.327363       0.252909      -0.611381       0.291347      -0.750000
       2.999000      -0.326751      -0.253200       0.612537      -0.290452       0.326751       0.253200      -0.612537       0.290452      -0.750000
       3.000000      -0.326138      -0.253490       0.613694      -0.289554       0.326138       0.253490      -0.613694       0.289554      -0.750000
       3.001000      -0.325523      -0.253779       0.614851      -0.288654       0.325523       0.253779      -0.614851       0.288654      -0.750000
       3.002000      -0.324908      -0.254068       0.616008      -0.287750       0.324908       0.254068      -0.616008       0.287750      -0.750000
       3.003000      -0.324291      -0.254355       0.617166      -0.286843       0.324291       0.254355      -0.617166       0.286843      -0.750000
       3.004000      -0.323674      -0.254641       0.618325      -0.285933       0.323674       0.254641      -0.618325       0.285933      -0.750000
       3.005000      -0.323055      -0.254927       0.619483      -0.285020       0.323055       0.254927      -0.619483       0.285020      -0.750000
       3.006000      -0.322435      -0.255211       0.620642      -0.284104       0.322435       0.255211      -0.620642       0.284104      -0.750000
       3.007000      -0.321813      -0.255495       0.621802      -0.283185       0.321813       0.255495      -0.621802       0.283185      -0.750000
       3.008000      -0.321191      -0.255778       0.622962      -0.282263       0.321191       0.255778      -0.622962       0.282263      -0.750000
       3.009000      -0.320568      -0.256060       0.624122      -0.281338       0.320568       0.256060      -0.624122       0.281338      -0.750000
       3.010000      -0.319943      -0.256340       0.625282      -0.280409       0.319943       0.256340      -0.625282       0.280409      -0.750000
       3.011000      -0.319317      -0.256620       0.626443      -0.279477       0.319317       0.256620      -0.626443       0.279477      -0.750000
       3.012000      -0.318690      -0.256899       0.627605      -0.278543       0.318690       0.256899      -0.627605       0.278543      -0.750000
       3.013000      -0.318062      -0.257177       0.628767      -0.277605       0.318062       0.257177      -0.628767       0.277605      -0.750000
       3.014000      -0.317432      -0.257455       0.629929      -0.276664       0.317432       0.257455      -0.629929       0.276664      -0.750000
       3.015000      -0.316802      -0.257731       0.631091      -0.275719       0.316802       0.257731      -0.631091       0.275719      -0.750000
       3.016000      -0.316170      -0.258006       0.632254      -0.274772       0.316170       0.258006      -0.632254       0.274772      -0.750000
       3.017000      -0.315537      -0.258280       0.633417      -0.273821       0.315537       0.258280      -0.633417       0.273821      -0.750000
       3.018000      -0.314903      -0.258554       0.634581      -0.272867       0.314903       0.258554      -0.634581       0.272867      -0.750000
       3.019000      -0.314268      -0.258826       0.635745      -0.271910       0.314268       0.258826      -0.635745       0.271910      -0.750000
       3.020000      -0.313632      -0.259097       0.636910      -0.270949       0.313632       0.259097      -0.636910       0.270949      -0.750000
       3.021000      -0.312994      -0.259368       0.638074      -0.269986       0.312994       0.259368      -0.638074       0.269986      -0.750000
       3.022000      -0.312356      -0.259637       0.639240      -0.269019       0.312356       0.259637      -0.639240       0.269019      -0.750000
       3.023000      -0.311716      -0.259906       0.640405      -0.268048       0.311716       0.259906      -0.640405       0.268048      -0.750000
       3.024000      -0.311075      -0.260174       0.641571      -0.267075       0.311075       0.260174      -0.641571       0.267075      -0.750000
       3.025000      -0.310433      -0.260440       0.642737      -0.266098       0.310433       0.260440      -0.642737       0.266098      -0.750000
       3.026000      -0.309789      -0.260706       0.643904      -0.265117       0.309789       0.260706      -0.643904       0.265117      -0.750000
       3.027000      -0.309145      -0.260970       0.645071      -0.264134       0.309145       0.260970      -0.645071       0.264134      -0.750000
       3.028000      -0.308499      -0.261234       0.646238      -0.263147       0.308499       0.261234      -0.646238       0.263147      -0.750000
       3.029000      -0.307852      -0.261497       0.647406      -0.262157       0.307852       0.261497      -0.647406       0.262157      -0.750000
       3.030000      -0.307204      -0.261758       0.648574      -0.261163       0.307204       0.261758      -0.648574       0.261163      -0.750000
       3.031000      -0.306555      -0.262019       0.649742      -0.260166       0.306555       0.262019      -0.649742       0.260166      -0.750000
       3.032000      -0.305905      -0.262279       0.650911      -0.259165       0.305905       0.262279      -0.650911       0.259165      -0.750000
       3.033000      -0.305254      -0.262537       0.652080      -0.258161       0.305254       0.262537      -0.652080       0.258161      -0.750000
       3.034000      -0.304601      -0.262795       0.653249      -0.257154       0.304601       0.262795      -0.653249       0.257154      -0.750000
       3.035000      -0.303947      -0.263052       0.654419      -0.256143       0.303947       0.263052      -0.654419       0.256143      -0.750000
       3.036000      -0.303292      -0.263307       0.655589      -0.255129       0.303292       0.263307      -0.655589       0.255129      -0.750000
       3.037000      -0.302636      -0.263562       0.656760      -0.254111       0.302636       0.263562      -0.656760       0.254111      -0.750000
       3.038000      -0.301978      -0.263815       0.657930      -0.253090       0.301978       0.263815      -0.657930       0.253090      -0.750000
       3.039000      -0.301320      -0.264068       0.659101      -0.252065       0.301320       0.264068      -0.659101       0.252065      -0.750000
       3.040000      -0.300660      -0.264320       0.660273      -0.251037       0.300660       0.264320      -0.660273       0.251037      -0.750000
       3.041000      -0.299999      -0.264570       0.661445      -0.250005       0.299999       0.264570      -0.661445       0.250005      -0.750000
       3.042000      -0.299337      -0.264820       0.662617      -0.248970       0.299337       0.264820      -0.662617       0.248970      -0.750000
       3.043000      -0.298674      -0.265068       0.663789      -0.247931       0.298674       0.265068      -0.663789       0.247931      -0.750000
       3.044000      -0.298010      -0.265316       0.664962      -0.246889       0.298010       0.265316      -0.664962       0.246889      -0.750000
       3.045000      -0.297344      -0.265562       0.666135      -0.245843       0.297344       0.265562      -0.666135       0.245843      -0.750000
       3.046000      -0.296678      -0.265807       0.667308      -0.244793       0.296678       0.265807      -0.667308       0.244793      -0.750000
       3.047000      -0.296010      -0.266051       0.668482      -0.243740       0.296010       0.266051      -0.668482       0.243740      -0.750000
       3.048000      -0.295341      -0.266295       0.669656      -0.242683       0.295341       0.266295      -0.669656       0.242683      -0.750000
       3.049000      -0.294670      -0.266537       0.670830      -0.241623       0.294670       0.266537      -0.670830       0.241623      -0.750000
       3.050000      -0.293999      -0.266778       0.672005      -0.240559       0.293999       0.266778      -0.672005       0.240559      -0.750000
       3.051000      -0.293326      -0.267018       0.673179      -0.239491       0.293326       0.267018      -0.673179       0.239491      -0.750000
       3.052000      -0.292653      -0.267257       0.674355      -0.238420       0.292653       0.267257      -0.674355       0.238420      -0.750000
       3.053000      -0.291978      -0.267495       0.675530      -0.237344       0.291978       0.267495      -0.675530       0.237344      -0.750000
       3.054000      -0.291302      -0.267732       0.676706      -0.236266       0.291302       0.267732      -0.676706       0.236266      -0.750000
       3.055000      -0.290624      -0.267967       0.677882      -0.235183       0.290624       0.267967      -0.677882       0.235183      -0.750000
       3.056000      -0.289946      -0.268202       0.679058      -0.234097       0.289946       0.268202      -0.679058       0.234097      -0.750000
       3.057000      -0.289266      -0.268436       0.680235      -0.233007       0.289266       0.268436      -0.680235       0.233007      -0.750000
       3.058000      -0.288585      -0.268668       0.681411      -0.231913       0.288585       0.268668      -0.681411       0.231913      -0.750000
       3.059000      -0.287903      -0.268899       0.682589      -0.230815       0.287903       0.268899      -0.682589       0.230815      -0.750000
       3.060000      -0.287220      -0.269130       0.683766      -0.229714       0.287220       0.269130      -0.683766       0.229714      -0.750000
       3.061000      -0.286536      -0.269359       0.684944      -0.228608       0.286536       0.269359      -0.684944       0.228608      -0.750000
       3.062000      -0.285850      -0.269587       0.686121      -0.227499       0.285850       0.269587      -0.686121       0.227499      -0.750000
       3.063000      -0.285164      -0.269814       0.687300      -0.226386       0.285164       0.269814      -0.687300       0.226386      -0.750000
       3.064000      -0.284476      -0.270040       0.688478      -0.225269       0.284476       0.270040      -0.688478       0.225269      -0.750000
       3.065000      -0.283787      -0.270264       0.689657      -0.224149       0.283787       0.270264      -0.689657       0.224149      -0.750000
       3.066000      -0.283096      -0.270488       0.690836      -0.223024       0.283096       0.270488      -0.690836       0.223024      -0.750000
       3.067000      -0.282405      -0.270710       0.692015      -0.221896       0.282405       0.270710      -0.692015       0.221896      -0.750000
       3.068000      -0.281712      -0.270932       0.693194      -0.220763       0.281712       0.270932      -0.693194       0.220763      -0.750000
       3.069000      -0.281018      -0.271152       0.694374      -0.219627       0.281018       0.271152      -0.694374       0.219627      -0.750000
       3.070000      -0.280324      -0.271371       0.695554      -0.218487       0.280324       0.271371      -0.695554       0.218487      -0.750000
       3.071000      -0.279627      -0.271589       0.696734      -0.217342       0.279627       0.271589      -0.696734       0.217342      -0.750000
       3.072000      -0.278930      -0.271806       0.697914      -0.216194       0.278930       0.271806      -0.697914       0.216194      -0.750000
       3.073000      -0.278232      -0.272021       0.699095      -0.215042       0.278232       0.272021      -0.699095       0.215042      -0.750000
       3.074000      -0.277532      -0.272236       0.700275      -0.213885       0.277532       0.272236      -0.700275       0.213885      -0.750000
       3.075000      -0.276831      -0.272449       0.701456      -0.212725       0.276831       0.272449      -0.701456       0.212725      -0.750000
       3.076000      -0.276129      -0.272661       0.702638      -0.211561       0.276129       0.272661      -0.702638       0.211561      -0.750000
       3.077000      -0.275426      -0.272872       0.703819      -0.210392       0.275426       0.272872      -0.703819       0.210392      -0.750000
       3.078000      -0.274721      -0.273082       0.705001      -0.209220       0.274721       0.273082      -0.705001       0.209220      -0.750000
       3.079000      -0.274016      -0.273291       0.706182      -0.208043       0.274016       0.273291      -0.706182       0.208043      -0.750000
       3.080000      -0.273309      -0.273498       0.707364      -0.206862       0.273309       0.273498      -0.707364       0.206862      -0.750000
       3.081000      -0.272601      -0.273704       0.708546      -0.205677       0.272601       0.273704      -0.708546       0.205677      -0.750000
       3.082000      -0.271892      -0.273909       0.709729      -0.204488       0.271892       0.273909      -0.709729       0.204488      -0.750000
       3.083000      -0.271182      -0.274113       0.710911      -0.203295       0.271182       0.274113      -0.710911       0.203295      -0.750000
       3.084000      -0.270470      -0.274316       0.712094      -0.202097       0.270470       0.274316      -0.712094       0.202097      -0.750000
       3.085000      -0.269757      -0.274517       0.713277      -0.200896       0.269757       0.274517      -0.713277       0.200896      -0.750000
       3.086000      -0.269043      -0.274718       0.714460      -0.199690       0.269043       0.274718      -0.714460       0.199690      -0.750000
       3.087000      -0.268328      -0.274917       0.715643      -0.198480       0.268328       0.274917      -0.715643       0.198480      -0.750000
       3.088000      -0.267612      -0.275115       0.716826      -0.197265       0.267612       0.275115      -0.716826       0.197265      -0.750000
       3.089000      -0.266895      -0.275311       0.718010      -0.196046       0.266895       0.275311      -0.718010       0.196046      -0.750000
       3.090000      -0.266176      -0.275507       0.719193      -0.194823       0.266176       0.275507      -0.719193       0.194823      -0.750000
       3.091000      -0.265456      -0.275701       0.720377      -0.193596       0.265456       0.275701      -0.720377       0.193596      -0.750000
       3.092000      -0.264735      -0.275894       0.721561      -0.192365       0.264735       0.275894      -0.721561       0.192365      -0.750000
       3.093000      -0.264013      -0.276086       0.722745      -0.191129       0.264013       0.276086      -0.722745       0.191129      -0.750000
       3.094000      -0.263290      -0.276276       0.723929      -0.189888       0.263290       0.276276      -0.723929       0.189888      -0.750000
       3.095000      -0.262565      -0.276466       0.725113      -0.188643       0.262565       0.276466      -0.725113       0.188643      -0.750000
       3.096000      -0.261840      -0.276654       0.726297      -0.187394       0.261840       0.276654      -0.726297       0.187394      -0.750000
       3.097000      -0.261113      -0.276840       0.727482      -0.186141       0.261113       0.276840      -0.727482       0.186141      -0.750000
       3.098000      -0.260385      -0.277026       0.728666      -0.184883       0.260385       0.277026      -0.728666       0.184883      -0.750000
       3.099000      -0.259655      -0.277210       0.729851      -0.183620       0.259655       0.277210      -0.729851       0.183620      -0.750000
       3.100000      -0.258925      -0.277393       0.731036      -0.182353       0.258925       0.277393      -0.731036       0.182353      -0.750000
       3.101000      -0.258193      -0.277575       0.732220      -0.181082       0.258193       0.277575      -0.732220       0.181082      -0.750000
       3.102000      -0.257461      -0.277755       0.733405      -0.179806       0.257461       0.277755      -0.733405       0.179806      -0.750000
       3.103000      -0.256727      -0.277934       0.734590      -0.178525       0.256727       0.277934      -0.734590       0.178525      -0.750000
       3.104000      -0.255991      -0.278112       0.735775      -0.177240       0.255991       0.278112      -0.735775       0.177240      -0.750000
       3.105000      -0.255255      -0.278289       0.736960      -0.175950       0.255255       0.278289      -0.736960       0.175950      -0.750000
       3.106000      -0.254517      -0.278464       0.738145      -0.174656       0.254517       0.278464      -0.738145       0.174656      -0.750000
       3.107000      -0.253779      -0.278638       0.739330      -0.173357       0.253779       0.278638      -0.739330       0.173357      -0.750000
       3.108000      -0.253039      -0.278811       0.740515      -0.172054       0.253039       0.278811      -0.740515       0.172054      -0.750000
       3.109000      -0.252298      -0.278982       0.741701      -0.170745       0.252298       0.278982      -0.741701       0.170745      -0.750000
       3.110000      -0.251555      -0.279152       0.742886      -0.169432       0.251555       0.279152      -0.742886       0.169432      -0.750000
       3.111000      -0.250812      -0.279321       0.744071      -0.168115       0.250812       0.279321      -0.744071       0.168115      -0.750000
       3.112000      -0.250067      -0.279489       0.745256      -0.166793       0.250067       0.279489      -0.745256       0.166793      -0.750000
       3.113000      -0.249321      -0.279655       0.746441      -0.165466       0.249321       0.279655      -0.746441       0.165466      -0.750000
       3.114000      -0.248574      -0.279820       0.747627      -0.164134       0.248574       0.279820      -0.747627       0.164134      -0.750000
       3.115000      -0.247826      -0.279983       0.748812      -0.162797       0.247826       0.279983      -0.748812       0.162797      -0.750000
       3.116000      -0.247077      -0.280145       0.749997      -0.161456       0.247077       0.280145      -0.749997       0.161456      -0.750000
       3.117000      -0.246326      -0.280306       0.751182      -0.160110       0.246326       0.280306      -0.751182       0.160110      -0.750000
       3.118000      -0.245574      -0.280465       0.752367      -0.158759       0.245574       0.280465      -0.752367       0.158759      -0.750000
       3.119000      -0.244821      -0.280623       0.753552      -0.157403       0.244821       0.280623      -0.753552       0.157403      -0.750000
       3.120000      -0.244067      -0.280780       0.754737      -0.156042       0.244067       0.280780      -0.754737       0.156042      -0.750000
       3.121000      -0.243312      -0.280936       0.755922      -0.154676       0.243312       0.280936      -0.755922       0.154676      -0.750000
       3.122000      -0.242555      -0.281090       0.757107      -0.153306       0.242555       0.281090      -0.757107       0.153306      -0.750000
       3.123000      -0.241798      -0.281242       0.758292      -0.151930       0.241798       0.281242      -0.758292       0.151930      -0.750000
       3.124000      -0.241039      -0.281393       0.759477      -0.150549       0.241039       0.281393      -0.759477       0.150549      -0.750000
       3.125000      -0.240279      -0.281543       0.760661      -0.149164       0.240279       0.281543      -0.760661       0.149164      -0.750000
       3.126000      -0.239518      -0.281692       0.761846      -0.147773       0.239518       0.281692      -0.761846       0.147773      -0.750000
       3.127000      -0.238755      -0.281839       0.763030      -0.146378       0.238755       0.281839      -0.763030       0.146378      -0.750000
       3.128000      -0.237992      -0.281984       0.764215      -0.144977       0.237992       0.281984      -0.764215       0.144977      -0.750000
       3.129000      -0.237227      -0.282129       0.765399      -0.143571       0.237227       0.282129      -0.765399       0.143571      -0.750000
       3.130000      -0.236461      -0.282272       0.766583      -0.142160       0.236461       0.282272      -0.766583       0.142160      -0.750000
       3.131000      -0.235694      -0.282413       0.767767      -0.140745       0.235694       0.282413      -0.767767       0.140745      -0.750000
       3.132000      -0.234925      -0.282553       0.768951      -0.139323       0.234925       0.282553      -0.768951       0.139323      -0.750000
       3.133000      -0.234156      -0.282692       0.770134      -0.137897       0.234156       0.282692      -0.770134       0.137897      -0.750000
       3.134000      -0.233385      -0.282829       0.771318      -0.136466       0.233385       0.282829      -0.771318       0.136466      -0.750000
       3.135000      -0.232613      -0.282965       0.772501      -0.135029       0.232613       0.282965      -0.772501       0.135029      -0.750000
       3.136000      -0.231840      -0.283099       0.773684      -0.133587       0.231840       0.283099      -0.773684       0.133587      -0.750000
       3.137000      -0.231066      -0.283232       0.774867      -0.132140       0.231066       0.283232      -0.774867       0.132140      -0.750000
       3.138000      -0.230290      -0.283363       0.776050      -0.130687       0.230290       0.283363      -0.776050       0.130687      -0.750000
       3.139000      -0.229514      -0.283493       0.777232      -0.129230       0.229514       0.283493      -0.777232       0.129230      -0.750000
       3.140000      -0.228736      -0.283622       0.778415      -0.127767       0.228736       0.283622      -0.778415       0.127767      -0.750000
       3.141000      -0.227957      -0.283749       0.779597      -0.126298       0.227957       0.283749      -0.779597       0.126298      -0.750000
       3.142000      -0.227177      -0.283874       0.780778      -0.124824       0.227177       0.283874      -0.780778       0.124824      -0.750000
       3.143000      -0.226395      -0.283998       0.781960      -0.123345       0.226395       0.283998      -0.781960       0.123345      -0.750000
       3.144000      -0.225613      -0.284121       0.783141      -0.121860       0.225613       0.284121      -0.783141       0.121860      -0.750000
       3.145000      -0.224829      -0.284242       0.784322      -0.120370       0.224829       0.284242      -0.784322       0.120370      -0.750000
       3.146000      -0.224044      -0.284362       0.785503      -0.118874       0.224044       0.284362      -0.785503       0.118874      -0.750000
       3.147000      -0.223258      -0.284480       0.786683      -0.117373       0.223258       0.284480      -0.786683       0.117373      -0.750000
       3.148000      -0.222471      -0.284596       0.787863      -0.115867       0.222471       0.284596      -0.787863       0.115867      -0.750000
       3.149000      -0.221682      -0.284712       0.789043      -0.114354       0.221682       0.284712      -0.789043       0.114354      -0.750000
       3.150000      -0.220892      -0.284825       0.790222      -0.112837       0.220892       0.284825      -0.790222       0.112837      -0.750000
       3.151000      -0.220102      -0.284937       0.791402      -0.111313       0.220102       0.284937      -0.791402       0.111313      -0.750000
       3.152000      -0.219310      -0.285048       0.792580      -0.109784       0.219310       0.285048      -0.792580       0.109784      -0.750000
       3.153000      -0.218517      -0.285157       0.793759      -0.108250       0.218517       0.285157      -0.793759       0.108250      -0.750000
       3.154000      -0.217722      -0.285264       0.794937      -0.106709       0.217722       0.285264      -0.794937       0.106709      -0.750000
       3.155000      -0.216927      -0.285370       0.796114      -0.105163       0.216927       0.285370      -0.796114       0.105163      -0.750000
       3.156000      -0.216130      -0.285475       0.797291      -0.103611       0.216130       0.285475      -0.797291       0.103611      -0.750000
       3.157000      -0.215332      -0.285577       0.798468      -0.102054       0.215332       0.285577      -0.798468       0.102054      -0.750000
       3.158000      -0.214533      -0.285679       0.799645      -0.100491       0.214533       0.285679      -0.799645       0.100491      -0.750000
       3.159000      -0.213733      -0.285778       0.800821      -0.098921       0.213733       0.285778      -0.800821       0.098921      -0.750000
       3.160000      -0.212931      -0.285877       0.801996      -0.097346       0.212931       0.285877      -0.801996       0.097346      -0.750000
       3.161000      -0.212129      -0.285973       0.803171      -0.095766       0.212129       0.285973      -0.803171       0.095766      -0.750000
       3.162000      -0.211325      -0.286068       0.804346      -0.094179       0.211325       0.286068      -0.804346       0.094179      -0.750000
       3.163000      -0.210520      -0.286161       0.805520      -0.092586       0.210520       0.286161      -0.805520       0.092586      -0.750000
       3.164000      -0.209714      -0.286253       0.806693      -0.090988       0.209714       0.286253      -0.806693       0.090988      -0.750000
       3.165000      -0.208907      -0.286343       0.807866      -0.089383       0.208907       0.286343      -0.807866       0.089383      -0.750000
       3.166000      -0.208098      -0.286432       0.809039      -0.087773       0.208098       0.286432      -0.809039       0.087773      -0.750000
       3.167000      -0.207289      -0.286519       0.810211      -0.086156       0.207289       0.286519      -0.810211       0.086156      -0.750000
       3.168000      -0.206478      -0.286604       0.811382      -0.084533       0.206478       0.286604      -0.811382       0.084533      -0.750000
       3.169000      -0.205666      -0.286688       0.812553      -0.082905       0.205666       0.286688      -0.812553       0.082905      -0.750000
       3.170000      -0.204853      -0.286770       0.813724      -0.081270       0.204853       0.286770      -0.813724       0.081270      -0.750000
       3.171000      -0.204038      -0.286851       0.814893      -0.079629       0.204038       0.286851      -0.814893       0.079629      -0.750000
       3.172000      -0.203223      -0.286929       0.816062      -0.077982       0.203223       0.286929      -0.816062       0.077982      -0.750000
       3.173000      -0.202406      -0.287007       0.817231      -0.076328       0.202406       0.287007      -0.817231       0.076328      -0.750000
       3.174000      -0.201588      -0.287082       0.818399      -0.074669       0.201588       0.287082      -0.818399       0.074669      -0.750000
       3.175000      -0.200769      -0.287156       0.819566      -0.073003       0.200769       0.287156      -0.819566       0.073003      -0.750000
       3.176000      -0.199949      -0.287228       0.820733      -0.071331       0.199949       0.287228      -0.820733       0.071331      -0.750000
       3.177000      -0.199128      -0.287299       0.821898      -0.069653       0.199128       0.287299      -0.821898       0.069653      -0.750000
       3.178000      -0.198306      -0.287367       0.823063      -0.067968       0.198306       0.287367      -0.823063       0.067968      -0.750000
       3.179000      -0.197482      -0.287435       0.824228      -0.066277       0.197482       0.287435      -0.824228       0.066277      -0.750000
       3.180000      -0.196657      -0.287500       0.825392      -0.064579       0.196657       0.287500      -0.825392       0.064579      -0.750000
       3.181000      -0.195831      -0.287564       0.826554      -0.062875       0.195831       0.287564      -0.826554       0.062875      -0.750000
       3.182000      -0.195004      -0.287626       0.827717      -0.061165       0.195004       0.287626      -0.827717       0.061165      -0.750000
       3.183000      -0.194176      -0.287686       0.828878      -0.059448       0.194176       0.287686      -0.828878       0.059448      -0.750000
       3.184000      -0.193346      -0.287745       0.830039      -0.057725       0.193346       0.287745      -0.830039       0.057725      -0.750000
       3.185000      -0.192516      -0.287801       0.831198      -0.055995       0.192516       0.287801      -0.831198       0.055995      -0.750000
       3.186000      -0.191684      -0.287857       0.832357      -0.054258       0.191684       0.287857      -0.832357       0.054258      -0.750000
       3.187000      -0.190851      -0.287910       0.833515      -0.052515       0.190851       0.287910      -0.833515       0.052515      -0.750000
       3.188000      -0.190017      -0.287962       0.834673      -0.050766       0.190017       0.287962      -0.834673       0.050766      -0.750000
       3.189000      -0.189182      -0.288011       0.835829      -0.049009       0.189182       0.288011      -0.835829       0.049009      -0.750000
       3.190000      -0.188345      -0.288060       0.836985      -0.047246       0.188345       0.288060      -0.836985       0.047246      -0.750000
       3.191000      -0.187508      -0.288106       0.838139      -0.045476       0.187508       0.288106      -0.838139       0.045476      -0.750000
       3.192000      -0.186669      -0.288151       0.839293      -0.043700       0.186669       0.288151      -0.839293       0.043700      -0.750000
       3.193000      -0.185829      -0.288193       0.840445      -0.041916       0.185829       0.288193      -0.840445       0.041916      -0.750000
       3.194000      -0.184988      -0.288234       0.841597      -0.040126       0.184988       0.288234      -0.841597       0.040126      -0.750000
       3.195000      -0.184146      -0.288274       0.842748      -0.038329       0.184146       0.288274      -0.842748       0.038329      -0.750000
       3.196000      -0.183302      -0.288311       0.843897      -0.036525       0.183302       0.288311      -0.843897       0.036525      -0.750000
       3.197000      -0.182458      -0.288347       0.845046      -0.034714       0.182458       0.288347      -0.845046       0.034714      -0.750000
       3.198000      -0.181612      -0.288380       0.846193      -0.032896       0.181612       0.288380      -0.846193       0.032896      -0.750000
       3.199000      -0.180766      -0.288412       0.847340      -0.031071       0.180766       0.288412      -0.847340       0.031071      -0.750000
       3.200000      -0.179918      -0.288443       0.848485      -0.029239       0.179918       0.288443      -0.848485       0.029239      -0.750000
       3.201000      -0.179069      -0.288471       0.849630      -0.027400       0.179069       0.288471      -0.849630       0.027400      -0.750000
       3.202000      -0.178218      -0.288497       0.850773      -0.025554       0.178218       0.288497      -0.850773       0.025554      -0.750000
       3.203000      -0.177367      -0.288522       0.851915      -0.023701       0.177367       0.288522      -0.851915       0.023701      -0.750000
       3.204000      -0.176515      -0.288545       0.853056      -0.021841       0.176515       0.288545      -0.853056       0.021841      -0.750000
       3.205000      -0.175661      -0.288566       0.854195      -0.019973       0.175661       0.288566      -0.854195       0.019973      -0.750000
       3.206000      -0.174806      -0.288585       0.855334      -0.018099       0.174806       0.288585      -0.855334       0.018099      -0.750000
       3.207000      -0.173950      -0.288602       0.856471      -0.016217       0.173950       0.288602      -0.856471       0.016217      -0.750000
       3.208000      -0.173093      -0.288617       0.857607      -0.014327       0.173093       0.288617      -0.857607       0.014327      -0.750000
       3.209000      -0.172235      -0.288631       0.858741      -0.012431       0.172235       0.288631      -0.858741       0.012431      -0.750000
       3.210000      -0.171376      -0.288642       0.859875      -0.010527       0.171376       0.288642      -0.859875       0.010527      -0.750000
       3.211000      -0.170515      -0.288652       0.861007      -0.008615       0.170515       0.288652      -0.861007       0.008615      -0.750000
       3.212000      -0.169654      -0.288659       0.862137      -0.006696       0.169654       0.288659      -0.862137       0.006696      -0.750000
       3.213000      -0.168791      -0.288665       0.863266      -0.004770       0.168791       0.288665      -0.863266       0.004770      -0.750000
       3.214000      -0.167927      -0.288669       0.864394      -0.002836       0.167927       0.288669      -0.864394       0.002836      -0.750000
       3.215000      -0.167062      -0.288671       0.865521      -0.000895       0.167062       0.288671      -0.865521       0.000895      -0.750000
       3.216000      -0.166196      -0.288671       0.866646       0.001054       0.166196       0.288671      -0.866646      -0.001054      -0.750000
       3.217000      -0.165329      -0.288669       0.867769       0.003011       0.165329       0.288669      -0.867769      -0.003011      -0.750000
       3.218000      -0.164461      -0.288665       0.868891       0.004975       0.164461       0.288665      -0.868891      -0.004975      -0.750000
       3.219000      -0.163591      -0.288659       0.870012       0.006947       0.163591       0.288659      -0.870012      -0.006947      -0.750000
       3.220000      -0.162721      -0.288651       0.871131       0.008926       0.162721       0.288651      -0.871131      -0.008926      -0.750000
       3.221000      -0.161849      -0.288641       0.872248       0.010914       0.161849       0.288641      -0.872248      -0.010914      -0.750000
       3.222000      -0.160976      -0.288629       0.873364       0.012909       0.160976       0.288629      -0.873364      -0.012909      -0.750000
       3.223000      -0.160102      -0.288615       0.874478       0.014912       0.160102       0.288615      -0.874478      -0.014912      -0.750000
       3.224000      -0.159227      -0.288599       0.875590       0.016923       0.159227       0.288599      -0.875590      -0.016923      -0.750000
       3.225000      -0.158351      -0.288581       0.876701       0.018941       0.158351       0.288581      -0.876701      -0.018941      -0.750000
       3.226000      -0.157474      -0.288561       0.877810       0.020968       0.157474       0.288561      -0.877810      -0.020968      -0.750000
       3.227000      -0.156595      -0.288539       0.878917       0.023003       0.156595       0.288539      -0.878917      -0.023003      -0.750000
       3.228000      -0.155716      -0.288515       0.880023       0.025046       0.155716       0.288515      -0.880023      -0.025046      -0.750000
       3.229000      -0.154835      -0.288489       0.881127       0.027096       0.154835       0.288489      -0.881127      -0.027096      -0.750000
       3.230000      -0.153954      -0.288461       0.882229       0.029155       0.153954       0.288461      -0.882229      -0.029155      -0.750000
       3.231000      -0.153071      -0.288431       0.883329       0.031222       0.153071       0.288431      -0.883329      -0.031222      -0.750000
       3.232000      -0.152187      -0.288399       0.884427       0.033297       0.152187       0.288399      -0.884427      -0.033297      -0.750000
       3.233000      -0.151302      -0.288364       0.885523       0.035381       0.151302       0.288364      -0.885523      -0.035381      -0.750000
       3.234000      -0.150416      -0.288328       0.886618       0.037473       0.150416       0.288328      -0.886618      -0.037473      -0.750000
       3.235000      -0.149529      -0.288289       0.887710       0.039573       0.149529       0.288289      -0.887710      -0.039573      -0.750000
       3.236000      -0.148641      -0.288249       0.888800       0.041681       0.148641       0.288249      -0.888800      -0.041681      -0.750000
       3.237000      -0.147751      -0.288206       0.889889       0.043798       0.147751       0.288206      -0.889889      -0.043798      -0.750000
       3.238000      -0.146861      -0.288161       0.890975       0.045923       0.146861       0.288161      -0.890975      -0.045923      -0.750000
       3.239000      -0.145969      -0.288114       0.892059       0.048056       0.145969       0.288114      -0.892059      -0.048056      -0.750000
       3.240000      -0.145077      -0.288065       0.893141       0.050198       0.145077       0.288065      -0.893141      -0.050198      -0.750000
       3.241000      -0.144183      -0.288014       0.894221       0.052349       0.144183       0.288014      -0.894221      -0.052349      -0.750000
       3.242000      -0.143288      -0.287960       0.895299       0.054508       0.143288       0.287960      -0.895299      -0.054508      -0.750000
       3.243000      -0.142392      -0.287905       0.896374       0.056676       0.142392       0.287905      -0.896374      -0.056676      -0.750000
       3.244000      -0.141496      -0.287847       0.897447       0.058853       0.141496       0.287847      -0.897447      -0.058853      -0.750000
       3.245000      -0.140598      -0.287787       0.898518       0.061038       0.140598       0.287787      -0.898518      -0.061038      -0.750000
       3.246000      -0.139698      -0.287725       0.899587       0.063232       0.139698       0.287725      -0.899587      -0.063232      -0.750000
       3.247000      -0.138798      -0.287660       0.900653       0.065435       0.138798       0.287660      -0.900653      -0.065435      -0.750000
       3.248000      -0.137897      -0.287594       0.901717       0.067646       0.137897       0.287594      -0.901717      -0.067646      -0.750000
       3.249000      -0.136995      -0.287525       0.902778       0.069867       0.136995       0.287525      -0.902778      -0.069867      -0.750000
       3.250000      -0.136092      -0.287454       0.903837       0.072096       0.136092       0.287454      -0.903837      -0.072096      -0.750000
       3.251000      -0.135187      -0.287381       0.904893       0.074334       0.135187       0.287381      -0.904893      -0.074334      -0.750000
       3.252000      -0.134282      -0.287306       0.905947       0.076582       0.134282       0.287306      -0.905947      -0.076582      -0.750000
       3.253000      -0.133375      -0.287228       0.906998       0.078838       0.133375       0.287228      -0.906998      -0.078838      -0.750000
       3.254000      -0.132468      -0.287148       0.908047       0.081104       0.132468       0.287148      -0.908047      -0.081104      -0.750000
       3.255000      -0.131559      -0.287066       0.909092       0.083378       0.131559       0.287066      -0.909092      -0.083378      -0.750000
       3.256000      -0.130650      -0.286981       0.910136       0.085662       0.130650       0.286981      -0.910136      -0.085662      -0.750000
       3.257000      -0.129739      -0.286894       0.911176       0.087955       0.129739       0.286894      -0.911176      -0.087955      -0.750000
       3.258000      -0.128827      -0.286805       0.912214       0.090257       0.128827       0.286805      -0.912214      -0.090257      -0.750000
       3.259000      -0.127915      -0.286714       0.913248       0.092569       0.127915       0.286714      -0.913248      -0.092569      -0.750000
       3.260000      -0.127001      -0.286620       0.914280       0.094890       0.127001       0.286620      -0.914280      -0.094890      -0.750000
       3.261000      -0.126086      -0.286524       0.915309       0.097220       0.126086       0.286524      -0.915309      -0.097220      -0.750000
       3.262000      -0.125170      -0.286426       0.916336       0.099560       0.125170       0.286426      -0.916336      -0.099560      -0.750000
       3.263000      -0.124253      -0.286325       0.917359       0.101909       0.124253       0.286325      -0.917359      -0.101909      -0.750000
       3.264000      -0.123335      -0.286222       0.918379       0.104268       0.123335       0.286222      -0.918379      -0.104268      -0.750000
       3.265000      -0.122417      -0.286116       0.919396       0.106637       0.122417       0.286116      -0.919396      -0.106637      -0.750000
       3.266000      -0.121497      -0.286009       0.920409       0.109015       0.121497       0.286009      -0.920409      -0.109015      -0.750000
       3.267000      -0.120576      -0.285898       0.921420       0.111403       0.120576       0.285898      -0.921420      -0.111403      -0.750000
       3.268000      -0.119654      -0.285786       0.922428       0.113800       0.119654       0.285786      -0.922428      -0.113800      -0.750000
       3.269000      -0.118731      -0.285671       0.923432       0.116207       0.118731       0.285671      -0.923432      -0.116207      -0.750000
       3.270000      -0.117807      -0.285553       0.924433       0.118624       0.117807       0.285553      -0.924433      -0.118624      -0.750000
       3.271000      -0.116882      -0.285433       0.925430       0.121051       0.116882       0.285433      -0.925430      -0.121051      -0.750000
       3.272000      -0.115956      -0.285311       0.926424       0.123488       0.115956       0.285311      -0.926424      -0.123488      -0.750000
       3.273000      -0.115029      -0.285186       0.927415       0.125935       0.115029       0.285186      -0.927415      -0.125935      -0.750000
       3.274000      -0.114101      -0.285059       0.928402       0.128392       0.114101       0.285059      -0.928402      -0.128392      -0.750000
       3.275000      -0.113172      -0.284930       0.929386       0.130859       0.113172       0.284930      -0.929386      -0.130859      -0.750000
       3.276000      -0.112242      -0.284798       0.930366       0.133336       0.112242       0.284798      -0.930366      -0.133336      -0.750000
       3.277000      -0.111312      -0.284663       0.931342       0.135823       0.111312       0.284663      -0.931342      -0.135823      -0.750000
       3.278000      -0.110380      -0.284526       0.932315       0.138320       0.110380       0.284526      -0.932315      -0.138320      -0.750000
       3.279000      -0.109447      -0.284386       0.933284       0.140828       0.109447       0.284386      -0.933284      -0.140828      -0.750000
       3.280000      -0.108513      -0.284244       0.934249       0.143346       0.108513       0.284244      -0.934249      -0.143346      -0.750000
       3.281000      -0.107579      -0.284100       0.935210       0.145874       0.107579       0.284100      -0.935210      -0.145874      -0.750000
       3.282000      -0.106643      -0.283953       0.936167       0.148413       0.106643       0.283953      -0.936167      -0.148413      -0.750000
       3.283000      -0.105706      -0.283803       0.937121       0.150962       0.105706       0.283803      -0.937121      -0.150962      -0.750000
       3.284000      -0.104769      -0.283651       0.938070       0.153521       0.104769       0.283651      -0.938070      -0.153521      -0.750000
       3.285000      -0.103830      -0.283496       0.939016       0.156091       0.103830       0.283496      -0.939016      -0.156091      -0.750000
       3.286000      -0.102891      -0.283338       0.939957       0.158672       0.102891       0.283338      -0.939957      -0.158672      -0.750000
       3.287000      -0.101950      -0.283178       0.940894       0.161264       0.101950       0.283178      -0.940894      -0.161264      -0.750000
       3.288000      -0.101009      -0.283016       0.941826       0.163866       0.101009       0.283016      -0.941826      -0.163866      -0.750000
       3.289000      -0.100066      -0.282851       0.942755       0.166478       0.100066       0.282851      -0.942755      -0.166478      -0.750000
       3.290000      -0.099123      -0.282683       0.943679       0.169102       0.099123       0.282683      -0.943679      -0.169102      -0.750000
       3.291000      -0.098179      -0.282513       0.944599       0.171737       0.098179       0.282513      -0.944599      -0.171737      -0.750000
       3.292000      -0.097234      -0.282339       0.945514       0.174382       0.097234       0.282339      -0.945514      -0.174382      -0.750000
       3.293000      -0.096288      -0.282164       0.946424       0.177038       0.096288       0.282164      -0.946424      -0.177038      -0.750000
       3.294000      -0.095341      -0.281985       0.947330       0.179706       0.095341       0.281985      -0.947330      -0.179706      -0.750000
       3.295000      -0.094393      -0.281804       0.948232       0.182384       0.094393       0.281804      -0.948232      -0.182384      -0.750000
       3.296000      -0.093445      -0.281621       0.949128       0.185073       0.093445       0.281621      -0.949128      -0.185073      -0.750000
       3.297000      -0.092495      -0.281434       0.950020       0.187774       0.092495       0.281434      -0.950020      -0.187774      -0.750000
       3.298000      -0.091545      -0.281245       0.950907       0.190486       0.091545       0.281245      -0.950907      -0.190486      -0.750000
       3.299000      -0.090593      -0.281053       0.951789       0.193209       0.090593       0.281053      -0.951789      -0.193209      -0.750000
       3.300000      -0.089641      -0.280859       0.952666       0.195944       0.089641       0.280859      -0.952666      -0.195944      -0.750000
       3.301000      -0.088688      -0.280661       0.953538       0.198689       0.088688       0.280661      -0.953538      -0.198689      -0.750000
       3.302000      -0.087734      -0.280461       0.954405       0.201447       0.087734       0.280461      -0.954405      -0.201447      -0.750000
       3.303000      -0.086779      -0.280258       0.955267       0.204215       0.086779       0.280258      -0.955267      -0.204215      -0.750000
       3.304000      -0.085824      -0.280053       0.956123       0.206996       0.085824       0.280053      -0.956123      -0.206996      -0.750000
       3.305000      -0.084867      -0.279844       0.956974       0.209787       0.084867       0.279844      -0.956974      -0.209787      -0.750000
       3.306000      -0.083910      -0.279633       0.957820       0.212591       0.083910       0.279633      -0.957820      -0.212591      -0.750000
       3.307000      -0.082951      -0.279419       0.958660       0.215406       0.082951       0.279419      -0.958660      -0.215406      -0.750000
       3.308000      -0.081992      -0.279202       0.959495       0.218233       0.081992       0.279202      -0.959495      -0.218233      -0.750000
       3.309000      -0.081032      -0.278983       0.960324       0.221072       0.081032       0.278983      -0.960324      -0.221072      -0.750000
       3.310000      -0.080072      -0.278760       0.961147       0.223922       0.080072       0.278760      -0.961147      -0.223922      -0.750000
       3.311000      -0.079110      -0.278535       0.961965       0.226785       0.079110       0.278535      -0.961965      -0.226785      -0.750000
       3.312000      -0.078148      -0.278307       0.962777       0.229659       0.078148       0.278307      -0.962777      -0.229659      -0.750000
       3.313000      -0.077184      -0.278076       0.963583       0.232545       0.077184       0.278076      -0.963583      -0.232545      -0.750000
       3.314000      -0.076221      -0.277842       0.964382       0.235444       0.076221       0.277842      -0.964382      -0.235444      -0.750000
       3.315000      -0.075256      -0.277605       0.965176       0.238355       0.075256       0.277605      -0.965176      -0.238355      -0.750000
       3.316000      -0.074290      -0.277365       0.965964       0.241277       0.074290       0.277365      -0.965964      -0.241277      -0.750000
       3.317000      -0.073324      -0.277122       0.966745       0.244212       0.073324       0.277122      -0.966745      -0.244212      -0.750000
       3.318000      -0.072357      -0.276877       0.967520       0.247160       0.072357       0.276877      -0.967520      -0.247160      -0.750000
       3.319000      -0.071389      -0.276628       0.968289       0.250119       0.071389       0.276628      -0.968289      -0.250119      -0.750000
       3.320000      -0.070420      -0.276376       0.969051       0.253091       0.070420       0.276376      -0.969051      -0.253091      -0.750000
       3.321000      -0.069451      -0.276122       0.969806       0.256076       0.069451       0.276122      -0.969806      -0.256076      -0.750000
       3.322000      -0.068480      -0.275864       0.970555       0.259073       0.068480       0.275864      -0.970555      -0.259073      -0.750000
       3.323000      -0.067510      -0.275604       0.971297       0.262082       0.067510       0.275604      -0.971297      -0.262082      -0.750000
       3.324000      -0.066538      -0.275340       0.972033       0.265105       0.066538       0.275340      -0.972033      -0.265105      -0.750000
       3.325000      -0.065565      -0.275073       0.972761       0.268139       0.065565       0.275073      -0.972761      -0.268139      -0.750000
       3.326000      -0.064592      -0.274804       0.973482       0.271187       0.064592       0.274804      -0.973482      -0.271187      -0.750000
       3.327000      -0.063619      -0.274531       0.974197       0.274247       0.063619       0.274531      -0.974197      -0.274247      -0.750000
       3.328000      -0.062644      -0.274255       0.974904       0.277321       0.062644       0.274255      -0.974904      -0.277321      -0.750000
       3.329000      -0.061669      -0.273976       0.975604       0.280407       0.061669       0.273976      -0.975604      -0.280407      -0.750000
       3.330000      -0.060693      -0.273694       0.976296       0.283506       0.060693       0.273694      -0.976296      -0.283506      -0.750000
       3.331000      -0.059716      -0.273409       0.976981       0.286618       0.059716       0.273409      -0.976981      -0.286618      -0.750000
       3.332000      -0.058739      -0.273121       0.977658       0.289743       0.058739       0.273121      -0.977658      -0.289743      -0.750000
       3.333000      -0.057761      -0.272830       0.978328       0.292881       0.057761       0.272830      -0.978328      -0.292881      -0.750000
       3.334000      -0.056782      -0.272535       0.978990       0.296032       0.056782       0.272535      -0.978990      -0.296032      -0.750000
       3.335000      -0.055803      -0.272238       0.979644       0.299197       0.055803       0.272238      -0.979644      -0.299197      -0.750000
       3.336000      -0.054823      -0.271937       0.980290       0.302375       0.054823       0.271937      -0.980290      -0.302375      -0.750000
       3.337000      -0.053842      -0.271633       0.980928       0.305566       0.053842       0.271633      -0.980928      -0.305566      -0.750000
       3.338000      -0.052861      -0.271326       0.981557       0.308771       0.052861       0.271326      -0.981557      -0.308771      -0.750000
       3.339000      -0.051879      -0.271016       0.982179       0.311989       0.051879       0.271016      -0.982179      -0.311989      -0.750000
       3.340000      -0.050897      -0.270702       0.982792       0.315221       0.050897       0.270702      -0.982792      -0.315221      -0.750000
       3.341000      -0.049914      -0.270385       0.983397       0.318466       0.049914       0.270385      -0.983397      -0.318466      -0.750000
       3.342000      -0.048930      -0.270065       0.983993       0.321725       0.048930       0.270065      -0.983993      -0.321725      -0.750000
       3.343000      -0.047946      -0.269742       0.984580       0.324997       0.047946       0.269742      -0.984580      -0.324997      -0.750000
       3.344000      -0.046961      -0.269415       0.985158       0.328283       0.046961       0.269415      -0.985158      -0.328283      -0.750000
       3.345000      -0.045975      -0.269085       0.985728       0.331583       0.045975       0.269085      -0.985728      -0.331583      -0.750000
       3.346000      -0.044989      -0.268752       0.986288       0.334897       0.044989       0.268752      -0.986288      -0.334897      -0.750000
       3.347000      -0.044003      -0.268415       0.986840       0.338225       0.044003       0.268415      -0.986840      -0.338225      -0.750000
       3.348000      -0.043016      -0.268075       0.987382       0.341566       0.043016       0.268075      -0.987382      -0.341566      -0.750000
       3.349000      -0.042028      -0.267732       0.987914       0.344922       0.042028       0.267732      -0.987914      -0.344922      -0.750000
       3.350000      -0.041040      -0.267386       0.988437       0.348292       0.041040       0.267386      -0.988437      -0.348292      -0.750000
       3.351000      -0.040051      -0.267036       0.988951       0.351675       0.040051       0.267036      -0.988951      -0.351675      -0.750000
       3.352000      -0.039062      -0.266682       0.989454       0.355073       0.039062       0.266682      -0.989454      -0.355073      -0.750000
       3.353000      -0.038072      -0.266325       0.989948       0.358485       0.038072       0.266325      -0.989948      -0.358485      -0.750000
       3.354000      -0.037082      -0.265965       0.990432       0.361912       0.037082       0.265965      -0.990432      -0.361912      -0.750000
       3.355000      -0.036091      -0.265602       0.990905       0.365353       0.036091       0.265602      -0.990905      -0.365353      -0.750000
       3.356000      -0.035100      -0.265234       0.991369       0.368808       0.035100       0.265234      -0.991369      -0.368808      -0.750000
       3.357000      -0.034109      -0.264864       0.991822       0.372277       0.034109       0.264864      -0.991822      -0.372277      -0.750000
       3.358000      -0.033116      -0.264490       0.992264       0.375761       0.033116       0.264490      -0.992264      -0.375761      -0.750000
       3.359000      -0.032124      -0.264112       0.992696       0.379260       0.032124       0.264112      -0.992696      -0.379260      -0.750000
       3.360000      -0.031131      -0.263731       0.993117       0.382773       0.031131       0.263731      -0.993117      -0.382773      -0.750000
       3.361000      -0.030138      -0.263347       0.993527       0.386301       0.030138       0.263347      -0.993527      -0.386301      -0.750000
       3.362000      -0.029144      -0.262959       0.993926       0.389844       0.029144       0.262959      -0.993926      -0.389844      -0.750000
       3.363000      -0.028150      -0.262567       0.994314       0.393401       0.028150       0.262567      -0.994314      -0.393401      -0.750000
       3.364000      -0.027155      -0.262172       0.994690       0.396973       0.027155       0.262172      -0.994690      -0.396973      -0.750000
       3.365000      -0.026161      -0.261773       0.995055       0.400560       0.026161       0.261773      -0.995055      -0.400560      -0.750000
       3.366000      -0.025165      -0.261371       0.995409       0.404161       0.025165       0.261371      -0.995409      -0.404161      -0.750000
       3.367000      -0.024170      -0.260965       0.995750       0.407778       0.024170       0.260965      -0.995750      -0.407778      -0.750000
       3.368000      -0.023174      -0.260555       0.996080       0.411410       0.023174       0.260555      -0.996080      -0.411410      -0.750000
       3.369000      -0.022178      -0.260142       0.996397       0.415057       0.022178       0.260142      -0.996397      -0.415057      -0.750000
       3.370000      -0.021181      -0.259725       0.996703       0.418718       0.021181       0.259725      -0.996703      -0.418718      -0.750000
       3.371000      -0.020184      -0.259305       0.996996       0.422395       0.020184       0.259305      -0.996996      -0.422395      -0.750000
       3.372000      -0.019187      -0.258880       0.997276       0.426088       0.019187       0.258880      -0.997276      -0.426088      -0.750000
       3.373000      -0.018190      -0.258452       0.997544       0.429795       0.018190       0.258452      -0.997544      -0.429795      -0.750000
       3.374000      -0.017192      -0.258021       0.997799       0.433518       0.017192       0.258021      -0.997799      -0.433518      -0.750000
       3.375000      -0.016194      -0.257585       0.998041       0.437256       0.016194       0.257585      -0.998041      -0.437256      -0.750000
       3.376000      -0.015196      -0.257146       0.998270       0.441009       0.015196       0.257146      -0.998270      -0.441009      -0.750000
       3.377000      -0.014197      -0.256703       0.998486       0.444778       0.014197       0.256703      -0.998486      -0.444778      -0.750000
       3.378000      -0.013199      -0.256257       0.998688       0.448562       0.013199       0.256257      -0.998688      -0.448562      -0.750000
       3.379000      -0.012200      -0.255806       0.998876       0.452362       0.012200       0.255806      -0.998876      -0.452362      -0.750000
       3.380000      -0.011201      -0.255352       0.999051       0.456177       0.011201       0.255352      -0.999051      -0.456177      -0.750000
       3.381000      -0.010202      -0.254894       0.999211       0.460008       0.010202       0.254894      -0.999211      -0.460008      -0.750000
       3.382000      -0.009203      -0.254432       0.999358       0.463854       0.009203       0.254432      -0.999358      -0.463854      -0.750000
       3.383000      -0.008203      -0.253966       0.999490       0.467716       0.008203       0.253966      -0.999490      -0.467716      -0.750000
       3.384000      -0.007204      -0.253497       0.999608       0.471594       0.007204       0.253497      -0.999608      -0.471594      -0.750000
       3.385000      -0.006204      -0.253023       0.999711       0.475488       0.006204       0.253023      -0.999711      -0.475488      -0.750000
       3.386000      -0.005204      -0.252546       0.999799       0.479397       0.005204       0.252546      -0.999799      -0.479397      -0.750000
       3.387000      -0.004204      -0.252064       0.999872       0.483322       0.004204       0.252064      -0.999872      -0.483322      -0.750000
       3.388000      -0.003205      -0.251579       0.999930       0.487263       0.003205       0.251579      -0.999930      -0.487263      -0.750000
       3.389000      -0.002205      -0.251090       0.999973       0.491220       0.002205       0.251090      -0.999973      -0.491220      -0.750000
       3.390000      -0.001205      -0.250597       1.000000       0.495193       0.001205       0.250597      -1.000000      -0.495193      -0.750000
       3.391000      -0.000205      -0.250099       1.000011       0.499182       0.000205       0.250099      -1.000011      -0.499182      -0.750000
       3.392000       0.000795      -0.249598       1.000006       0.503187      -0.000795       0.249598      -1.000006      -0.503187      -0.750000
       3.393000       0.001795      -0.249093       0.999985       0.507208      -0.001795       0.249093      -0.999985      -0.507208      -0.750000
       3.394000       0.002795      -0.248584       0.999948       0.511245      -0.002795       0.248584      -0.999948      -0.511245      -0.750000
       3.395000       0.003795      -0.248070       0.999894       0.515298      -0.003795       0.248070      -0.999894      -0.515298      -0.750000
       3.396000       0.004795      -0.247553       0.999824       0.519367      -0.004795       0.247553      -0.999824      -0.519367      -0.750000
       3.397000       0.005795      -0.247032       0.999736       0.523452      -0.005795       0.247032      -0.999736      -0.523452      -0.750000
       3.398000       0.006795      -0.246506       0.999632       0.527553      -0.006795       0.246506      -0.999632      -0.527553      -0.750000
       3.399000       0.007794      -0.245977       0.999510       0.531671      -0.007794       0.245977      -0.999510      -0.531671      -0.750000
       3.400000       0.008794      -0.245443       0.999370       0.535805      -0.008794       0.245443      -0.999370      -0.535805      -0.750000
       3.401000       0.009793      -0.244905       0.999213       0.539955      -0.009793       0.244905      -0.999213      -0.539955      -0.750000
       3.402000       0.010792      -0.244363       0.999037       0.544121      -0.010792       0.244363      -0.999037      -0.544121      -0.750000
       3.403000       0.011791      -0.243817       0.998844       0.548304      -0.011791       0.243817      -0.998844      -0.548304      -0.750000
       3.404000       0.012790      -0.243266       0.998632       0.552503      -0.012790       0.243266      -0.998632      -0.552503      -0.750000
       3.405000       0.013788      -0.242712       0.998401       0.556718      -0.013788       0.242712      -0.998401      -0.556718      -0.750000
       3.406000       0.014787      -0.242153       0.998152       0.560949      -0.014787       0.242153      -0.998152      -0.560949      -0.750000
       3.407000       0.015785      -0.241590       0.997883       0.565197      -0.015785       0.241590      -0.997883      -0.565197      -0.750000
       3.408000       0.016782      -0.241023       0.997596       0.569462      -0.016782       0.241023      -0.997596      -0.569462      -0.750000
       3.409000       0.017780      -0.240451       0.997288       0.573742      -0.017780       0.240451      -0.997288      -0.573742      -0.750000
       3.410000       0.018777      -0.239875       0.996961       0.578039      -0.018777       0.239875      -0.996961      -0.578039      -0.750000
       3.411000       0.019774      -0.239295       0.996614       0.582352      -0.019774       0.239295      -0.996614      -0.582352      -0.750000
       3.412000       0.020770      -0.238710       0.996247       0.586682      -0.020770       0.238710      -0.996247      -0.586682      -0.750000
       3.413000       0.021766      -0.238122       0.995859       0.591028      -0.021766       0.238122      -0.995859      -0.591028      -0.750000
       3.414000       0.022762      -0.237528       0.995451       0.595391      -0.022762       0.237528      -0.995451      -0.595391      -0.750000
       3.415000       0.023757      -0.236931       0.995021       0.599770      -0.023757       0.236931      -0.995021      -0.599770      -0.750000
       3.416000       0.024752      -0.236329       0.994571       0.604165      -0.024752       0.236329      -0.994571      -0.604165      -0.750000
       3.417000       0.025746      -0.235722       0.994099       0.608577      -0.025746       0.235722      -0.994099      -0.608577      -0.750000
       3.418000       0.026740      -0.235112       0.993605       0.613005      -0.026740       0.235112      -0.993605      -0.613005      -0.750000
       3.419000       0.027733      -0.234496       0.993090       0.617449      -0.027733       0.234496      -0.993090      -0.617449      -0.750000
       3.420000       0.028726      -0.233877       0.992552       0.621910      -0.028726       0.233877      -0.992552      -0.621910      -0.750000
       3.421000       0.029719      -0.233253       0.991992       0.626387      -0.029719       0.233253      -0.991992      -0.626387      -0.750000
       3.422000       0.030710      -0.232624       0.991409       0.630881      -0.030710       0.232624      -0.991409      -0.630881      -0.750000
       3.423000       0.031701      -0.231991       0.990803       0.635391      -0.031701       0.231991      -0.990803      -0.635391      -0.750000
       3.424000       0.032692      -0.231353       0.990174       0.639917      -0.032692       0.231353      -0.990174      -0.639917      -0.750000
       3.425000       0.033682      -0.230711       0.989521       0.644459      -0.033682       0.230711      -0.989521      -0.644459      -0.750000
       3.426000       0.034671      -0.230064       0.988845       0.649018      -0.034671       0.230064      -0.988845      -0.649018      -0.750000
       3.427000       0.035659      -0.229413       0.988145       0.653593      -0.035659       0.229413      -0.988145      -0.653593      -0.750000
       3.428000       0.036647      -0.228757       0.987420       0.658184      -0.036647       0.228757      -0.987420      -0.658184      -0.750000
       3.429000       0.037634      -0.228097       0.986671       0.662791      -0.037634       0.228097      -0.986671      -0.662791      -0.750000
       3.430000       0.038621      -0.227431       0.985897       0.667415      -0.038621       0.227431      -0.985897      -0.667415      -0.750000
       3.431000       0.039606      -0.226762       0.985098       0.672054      -0.039606       0.226762      -0.985098      -0.672054      -0.750001
       3.432000       0.040591      -0.226087       0.984273       0.676710      -0.040591       0.226087      -0.984273      -0.676710      -0.750001
       3.433000       0.041575      -0.225408       0.983423       0.681381      -0.041575       0.225408      -0.983423      -0.681381      -0.750001
       3.434000       0.042558      -0.224725       0.982547       0.686069      -0.042558       0.224725      -0.982547      -0.686069      -0.750001
       3.435000       0.043540      -0.224036       0.981645       0.690772      -0.043540       0.224036      -0.981645      -0.690772      -0.750001
       3.436000       0.044521      -0.223343       0.980716       0.695492      -0.044521       0.223343      -0.980716      -0.695492      -0.750001
       3.437000       0.045501      -0.222645       0.979760       0.700227      -0.045501       0.222645      -0.979760      -0.700227      -0.750001
       3.438000       0.046480      -0.221943       0.978777       0.704978      -0.046480       0.221943      -0.978777      -0.704978      -0.750001
       3.439000       0.047459      -0.221235       0.977767       0.709745      -0.047459       0.221235      -0.977767      -0.709745      -0.750001
       3.440000       0.048436      -0.220523       0.976728       0.714527      -0.048436       0.220523      -0.976728      -0.714527      -0.750001
       3.441000       0.049412      -0.219806       0.975662       0.719325      -0.049412       0.219806      -0.975662      -0.719325      -0.750001
       3.442000       0.050387      -0.219084       0.974568       0.724138      -0.050387       0.219084      -0.974568      -0.724138      -0.750001
       3.443000       0.051361      -0.218358       0.973444       0.728967      -0.051361       0.218358      -0.973444      -0.728967      -0.750001
       3.444000       0.052334      -0.217627       0.972292       0.733811      -0.052334       0.217627      -0.972292      -0.733811      -0.750001
       3.445000       0.053306      -0.216890       0.971111       0.738670      -0.053306       0.216890      -0.971111      -0.738670      -0.750001
       3.446000       0.054276      -0.216149       0.969900       0.743544      -0.054276       0.216149      -0.969900      -0.743544      -0.750001
       3.447000       0.055246      -0.215403       0.968659       0.748434      -0.055246       0.215403      -0.968659      -0.748434      -0.750001
       3.448000       0.056214      -0.214652       0.967388       0.753338      -0.056214       0.214652      -0.967388      -0.753338      -0.750001
       3.449000       0.057180      -0.213897       0.966086       0.758258      -0.057180       0.213897      -0.966086      -0.758258      -0.750001
       3.450000       0.058146      -0.213136       0.964753       0.763192      -0.058146       0.213136      -0.964753      -0.763192      -0.750001
       3.451000       0.059110      -0.212370       0.963390       0.768141      -0.059110       0.212370      -0.963390      -0.768141      -0.750001
       3.452000       0.060073      -0.211600       0.961994       0.773104      -0.060073       0.211600      -0.961994      -0.773104      -0.750001
       3.453000       0.061034      -0.210824       0.960567       0.778082      -0.061034       0.210824      -0.960567      -0.778082      -0.750001
       3.454000       0.061994      -0.210043       0.959108       0.783074      -0.061994       0.210043      -0.959108      -0.783074      -0.750001
       3.455000       0.062952      -0.209258       0.957616       0.788081      -0.062952       0.209258      -0.957616      -0.788081      -0.750001
       3.456000       0.063909      -0.208467       0.956091       0.793101      -0.063909       0.208467      -0.956091      -0.793101      -0.750001
       3.457000       0.064864      -0.207672       0.954533       0.798136      -0.064864       0.207672      -0.954533      -0.798136      -0.750001
       3.458000       0.065818      -0.206871       0.952942       0.803184      -0.065818       0.206871      -0.952942      -0.803184      -0.750001
       3.459000       0.066770      -0.206065       0.951316       0.808246      -0.066770       0.206065      -0.951316      -0.808246      -0.750001
       3.460000       0.067721      -0.205254       0.949657       0.813321      -0.067721       0.205254      -0.949657      -0.813321      -0.750001
       3.461000       0.068670      -0.204439       0.947963       0.818410      -0.068670       0.204439      -0.947963      -0.818410      -0.750001
       3.462000       0.069617      -0.203618       0.946234       0.823512      -0.069617       0.203618      -0.946234      -0.823512      -0.750001
       3.463000       0.070562      -0.202792       0.944469       0.828627      -0.070562       0.202792      -0.944469      -0.828627      -0.750001
       3.464000       0.071506      -0.201960       0.942669       0.833754      -0.071506       0.201960      -0.942669      -0.833754      -0.750001
       3.465000       0.072447      -0.201124       0.940834       0.838895      -0.072447       0.201124      -0.940834      -0.838895      -0.750001
       3.466000       0.073387      -0.200283       0.938961       0.844048      -0.073387       0.200283      -0.938961      -0.844048      -0.750001
       3.467000       0.074325      -0.199436       0.937053       0.849213      -0.074325       0.199436      -0.937053      -0.849213      -0.750002
       3.468000       0.075261      -0.198584       0.935107       0.854391      -0.075261       0.198584      -0.935107      -0.854391      -0.750002
       3.469000       0.076195      -0.197727       0.933123       0.859580      -0.076195       0.197727      -0.933123      -0.859580      -0.750002
       3.470000       0.077128      -0.196865       0.931102       0.864781      -0.077128       0.196865      -0.931102      -0.864781      -0.750002
       3.471000       0.078058      -0.195998       0.929043       0.869994      -0.078058       0.195998      -0.929043      -0.869994      -0.750002
       3.472000       0.078986      -0.195125       0.926946       0.875218      -0.078986       0.195125      -0.926946      -0.875218      -0.750002
       3.473000       0.079912      -0.194247       0.924809       0.880453      -0.079912       0.194247      -0.924809      -0.880453      -0.750002
       3.474000       0.080835      -0.193364       0.922634       0.885699      -0.080835       0.193364      -0.922634      -0.885699      -0.750002
       3.475000       0.081757      -0.192476       0.920419       0.890955      -0.081757       0.192476      -0.920419      -0.890955      -0.750002
       3.476000       0.082676      -0.191582       0.918164       0.896222      -0.082676       0.191582      -0.918164      -0.896222      -0.750002
       3.477000       0.083593      -0.190683       0.915868       0.901499      -0.083593       0.190683      -0.915868      -0.901499      -0.750002
       3.478000       0.084508      -0.189779       0.913532       0.906786      -0.084508       0.189779      -0.913532      -0.906786      -0.750002
       3.479000       0.085420      -0.188870       0.911155       0.912082      -0.085420       0.188870      -0.911155      -0.912082      -0.750002
       3.480000       0.086330      -0.187955       0.908737       0.917388      -0.086330       0.187955      -0.908737      -0.917388      -0.750002
       3.481000       0.087238      -0.187035       0.906277       0.922703      -0.087238       0.187035      -0.906277      -0.922703      -0.750002
       3.482000       0.088143      -0.186110       0.903774       0.928027      -0.088143       0.186110      -0.903774      -0.928027      -0.750002
       3.483000       0.089045      -0.185179       0.901230       0.933359      -0.089045       0.185179      -0.901230      -0.933359      -0.750002
       3.484000       0.089945      -0.184243       0.898642       0.938700      -0.089945       0.184243      -0.898642      -0.938700      -0.750002
       3.485000       0.090843      -0.183302       0.896011       0.944048      -0.090843       0.183302      -0.896011      -0.944048      -0.750002
       3.486000       0.091737      -0.182355       0.893337       0.949404      -0.091737       0.182355      -0.893337      -0.949404      -0.750002
       3.487000       0.092629      -0.181403       0.890619       0.954767      -0.092629       0.181403      -0.890619      -0.954767      -0.750002
       3.488000       0.093518      -0.180445       0.887856       0.960137      -0.093518       0.180445      -0.887856      -0.960137      -0.750003
       3.489000       0.094405      -0.179482       0.885049       0.965514      -0.094405       0.179482      -0.885049      -0.965514      -0.750003
       3.490000       0.095289      -0.178514       0.882196       0.970897      -0.095289       0.178514      -0.882196      -0.970897      -0.750003
       3.491000       0.096169      -0.177541       0.879298       0.976286      -0.096169       0.177541      -0.879298      -0.976286      -0.750003
       3.492000       0.097047      -0.176562       0.876355       0.981681      -0.097047       0.176562      -0.876355      -0.981681      -0.750003
       3.493000       0.097922      -0.175577       0.873365       0.987080      -0.097922       0.175577      -0.873365      -0.987080      -0.750003
       3.494000       0.098794      -0.174588       0.870329       0.992485      -0.098794       0.174588      -0.870329      -0.992485      -0.750003
       3.495000       0.099663      -0.173592       0.867246       0.997894      -0.099663       0.173592      -0.867246      -0.997894      -0.750003
       3.496000       0.100528      -0.172592       0.864115       1.003307      -0.100528       0.172592      -0.864115      -1.003307      -0.750003
       3.497000       0.101391      -0.171586       0.860937       1.008724      -0.101391       0.171586      -0.860937      -1.008724      -0.750003
       3.498000       0.102250      -0.170574       0.857711       1.014144      -0.102250       0.170574      -0.857711      -1.014144      -0.750003
       3.499000       0.103106      -0.169557       0.854437       1.019567      -0.103106       0.169557      -0.854437      -1.019567      -0.750003
       3.500000       0.103959      -0.168535       0.851114       1.024992      -0.103959       0.168535      -0.851114      -1.024992      -0.750003
       3.501000       0.104809      -0.167507       0.847743       1.030419      -0.104809       0.167507      -0.847743      -1.030419      -0.750003
       3.502000       0.105655      -0.166474       0.844322       1.035848      -0.105655       0.166474      -0.844322      -1.035848      -0.750003
       3.503000       0.106497      -0.165436       0.840851       1.041278      -0.106497       0.165436      -0.840851      -1.041278      -0.750003
       3.504000       0.107336      -0.164392       0.837330       1.046708      -0.107336       0.164392      -0.837330      -1.046708      -0.750003
       3.505000       0.108172      -0.163342       0.833759       1.052139      -0.108172       0.163342      -0.833759      -1.052139      -0.750004
       3.506000       0.109004      -0.162287       0.830137       1.057569      -0.109004       0.162287      -0.830137      -1.057569      -0.750004
       3.507000       0.109832      -0.161227       0.826464       1.062999      -0.109832       0.161227      -0.826464      -1.062999      -0.750004
       3.508000       0.110657      -0.160161       0.822740       1.068427      -0.110657       0.160161      -0.822740      -1.068427      -0.750004
       3.509000       0.111478      -0.159090       0.818964       1.073854      -0.111478       0.159090      -0.818964      -1.073854      -0.750004
       3.510000       0.112295      -0.158014       0.815137       1.079278      -0.112295       0.158014      -0.815137      -1.079278      -0.750004
       3.511000       0.113108      -0.156932       0.811257       1.084699      -0.113108       0.156932      -0.811257      -1.084699      -0.750004
       3.512000       0.113917      -0.155844       0.807324       1.090117      -0.113917       0.155844      -0.807324      -1.090117      -0.750004
       3.513000       0.114723      -0.154752       0.803338       1.095531      -0.114723       0.154752      -0.803338      -1.095531      -0.750004
       3.514000       0.115524      -0.153653       0.799300       1.100941      -0.115524       0.153653      -0.799300      -1.100941      -0.750004
       3.515000       0.116321      -0.152550       0.795208       1.106345      -0.116321       0.152550      -0.795208      -1.106345      -0.750004
       3.516000       0.117114      -0.151441       0.791062       1.111744      -0.117114       0.151441      -0.791062      -1.111744      -0.750004
       3.517000       0.117903      -0.150326       0.786862       1.117137      -0.117903       0.150326      -0.786862      -1.117137      -0.750004
       3.518000       0.118688      -0.149206       0.782607       1.122523      -0.118688       0.149206      -0.782607      -1.122523      -0.750005
       3.519000       0.119469      -0.148081       0.778298       1.127901      -0.119469       0.148081      -0.778298      -1.127901      -0.750005
       3.520000       0.120245      -0.146951       0.773935       1.133272      -0.120245       0.146951      -0.773935      -1.133272      -0.750005
       3.521000       0.121016      -0.145815       0.769516       1.138634      -0.121016       0.145815      -0.769516      -1.138634      -0.750005
       3.522000       0.121784      -0.144673       0.765041       1.143987      -0.121784       0.144673      -0.765041      -1.143987      -0.750005
       3.523000       0.122546      -0.143527       0.760512       1.149330      -0.122546       0.143527      -0.760512      -1.149330      -0.750005
       3.524000       0.123305      -0.142375       0.755926       1.154663      -0.123305       0.142375      -0.755926      -1.154663      -0.750005
       3.525000       0.124058      -0.141217       0.751284       1.159984      -0.124058       0.141217      -0.751284      -1.159984      -0.750005
       3.526000       0.124807      -0.140055       0.746586       1.165294      -0.124807       0.140055      -0.746586      -1.165294      -0.750005
       3.527000       0.125551      -0.138887       0.741832       1.170591      -0.125551       0.138887      -0.741832      -1.170591      -0.750005
       3.528000       0.126291      -0.137713       0.737021       1.175875      -0.126291       0.137713      -0.737021      -1.175875      -0.750005
       3.529000       0.127026      -0.136535       0.732153       1.181145      -0.127026       0.136535      -0.732153      -1.181145      -0.750006
       3.530000       0.127755      -0.135351       0.727227       1.186401      -0.127755       0.135351      -0.727227      -1.186401      -0.750006
       3.531000       0.128480      -0.134162       0.722245       1.191641      -0.128480       0.134162      -0.722245      -1.191641      -0.750006
       3.532000       0.129200      -0.132968       0.717205       1.196866      -0.129200       0.132968      -0.717205      -1.196866      -0.750006
       3.533000       0.129914      -0.131768       0.712108       1.202073      -0.129914       0.131768      -0.712108      -1.202073      -0.750006
       3.534000       0.130624      -0.130564       0.706953       1.207264      -0.130624       0.130564      -0.706953      -1.207264      -0.750006
       3.535000       0.131328      -0.129354       0.701741       1.212436      -0.131328       0.129354      -0.701741      -1.212436      -0.750006
       3.536000       0.132027      -0.128139       0.696470       1.217589      -0.132027       0.128139      -0.696470      -1.217589      -0.750006
       3.537000       0.132721      -0.126919       0.691141       1.222723      -0.132721       0.126919      -0.691141      -1.222723      -0.750006
       3.538000       0.133410      -0.125693       0.685754       1.227836      -0.133410       0.125693      -0.685754      -1.227836      -0.750006
       3.539000       0.134093      -0.124463       0.680309       1.232928      -0.134093       0.124463      -0.680309      -1.232928      -0.750006
       3.540000       0.134770      -0.123228       0.674806       1.237998      -0.134770       0.123228      -0.674806      -1.237998      -0.750007
       3.541000       0.135442      -0.121987       0.669244       1.243045      -0.135442       0.121987      -0.669244      -1.243045      -0.750007
       3.542000       0.136109      -0.120741       0.663624       1.248068      -0.136109       0.120741      -0.663624      -1.248068      -0.750007
       3.543000       0.136770      -0.119491       0.657945       1.253068      -0.136770       0.119491      -0.657945      -1.253068      -0.750007
       3.544000       0.137425      -0.118235       0.652208       1.258041      -0.137425       0.118235      -0.652208      -1.258041      -0.750007
       3.545000       0.138074      -0.116975       0.646412       1.262989      -0.138074       0.116975      -0.646412      -1.262989      -0.750007
       3.546000       0.138718      -0.115709       0.640558       1.267911      -0.138718       0.115709      -0.640558      -1.267911      -0.750007
       3.547000       0.139355      -0.114439       0.634646       1.272804      -0.139355       0.114439      -0.634646      -1.272804      -0.750007
       3.548000       0.139987      -0.113164       0.628675       1.277669      -0.139987       0.113164      -0.628675      -1.277669      -0.750007
       3.549000       0.140612      -0.111884       0.622645       1.282504      -0.140612       0.111884      -0.622645      -1.282504      -0.750008
       3.550000       0.141232      -0.110599       0.616558       1.287310      -0.141232       0.110599      -0.616558      -1.287310      -0.750008
       3.551000       0.141846      -0.109309       0.610412       1.292084      -0.141846       0.109309      -0.610412      -1.292084      -0.750008
       3.552000       0.142453      -0.108015       0.604208       1.296827      -0.142453       0.108015      -0.604208      -1.296827      -0.750008
       3.553000       0.143054      -0.106715       0.597946       1.301536      -0.143054       0.106715      -0.597946      -1.301536      -0.750008
       3.554000       0.143649      -0.105412       0.591626       1.306212      -0.143649       0.105412      -0.591626      -1.306212      -0.750008
       3.555000       0.144237      -0.104103       0.585248       1.310853      -0.144237       0.104103      -0.585248      -1.310853      -0.750008
       3.556000       0.144819      -0.102790       0.578813       1.315459      -0.144819       0.102790      -0.578813      -1.315459      -0.750008
       3.557000       0.145395      -0.101472       0.572320       1.320029      -0.145395       0.101472      -0.572320      -1.320029      -0.750008
       3.558000       0.145964      -0.100150       0.565770       1.324562      -0.145964       0.100150      -0.565770      -1.324562      -0.750008
       3.559000       0.146526      -0.098823       0.559163       1.329056      -0.146526       0.098823      -0.559163      -1.329056      -0.750009
       3.560000       0.147082      -0.097492       0.552499       1.333512      -0.147082       0.097492      -0.552499      -1.333512      -0.750009
       3.561000       0.147631      -0.096156       0.545779       1.337927      -0.147631       0.096156      -0.545779      -1.337927      -0.750009
       3.562000       0.148174      -0.094816       0.539002       1.342302      -0.148174       0.094816      -0.539002      -1.342302      -0.750009
       3.563000       0.148709      -0.093471       0.532169       1.346636      -0.148709       0.093471      -0.532169      -1.346636      -0.750009
       3.564000       0.149238      -0.092123       0.525281       1.350926      -0.149238       0.092123      -0.525281      -1.350926      -0.750009
       3.565000       0.149760      -0.090769       0.518337       1.355174      -0.149760       0.090769      -0.518337      -1.355174      -0.750009
       3.566000       0.150275      -0.089412       0.511338       1.359377      -0.150275       0.089412      -0.511338      -1.359377      -0.750009
       3.567000       0.150783      -0.088051       0.504284       1.363535      -0.150783       0.088051      -0.504284      -1.363535      -0.750009
       3.568000       0.151283      -0.086685       0.497176       1.367646      -0.151283       0.086685      -0.497176      -1.367646      -0.750010
       3.569000       0.151777      -0.085315       0.490014       1.371711      -0.151777       0.085315      -0.490014      -1.371711      -0.750010
       3.570000       0.152263      -0.083942       0.482799       1.375728      -0.152263       0.083942      -0.482799      -1.375728      -0.750010
       3.571000       0.152743      -0.082564       0.475530       1.379696      -0.152743       0.082564      -0.475530      -1.379696      -0.750010
       3.572000       0.153215      -0.081182       0.468209       1.383614      -0.153215       0.081182      -0.468209      -1.383614      -0.750010
       3.573000       0.153679      -0.079797       0.460835       1.387482      -0.153679       0.079797      -0.460835      -1.387482      -0.750010
       3.574000       0.154136      -0.078407       0.453410       1.391298      -0.154136       0.078407      -0.453410      -1.391298      -0.750010
       3.575000       0.154586      -0.077014       0.445934       1.395062      -0.154586       0.077014      -0.445934      -1.395062      -0.750010
       3.576000       0.155028      -0.075617       0.438406       1.398772      -0.155028       0.075617      -0.438406      -1.398772      -0.750010
       3.577000       0.155463      -0.074217       0.430829       1.402429      -0.155463       0.074217      -0.430829      -1.402429      -0.750010
       3.578000       0.155890      -0.072812       0.423202       1.406030      -0.155890       0.072812      -0.423202      -1.406030      -0.750011
       3.579000       0.156309      -0.071405       0.415526       1.409576      -0.156309       0.071405      -0.415526      -1.409576      -0.750011
       3.580000       0.156721      -0.069993       0.407802       1.413065      -0.156721       0.069993      -0.407802      -1.413065      -0.750011
       3.581000       0.157125      -0.068578       0.400030       1.416497      -0.157125       0.068578      -0.400030      -1.416497      -0.750011
       3.582000       0.157521      -0.067160       0.392211       1.419870      -0.157521       0.067160      -0.392211      -1.419870      -0.750011
       3.583000       0.157909      -0.065739       0.384345       1.423184      -0.157909       0.065739      -0.384345      -1.423184      -0.750011
       3.584000       0.158290      -0.064314       0.376434       1.426438      -0.158290       0.064314      -0.376434      -1.426438      -0.750011
       3.585000       0.158662      -0.062886       0.368477       1.429631      -0.158662       0.062886      -0.368477      -1.429631      -0.750011
       3.586000       0.159026      -0.061455       0.360476       1.432762      -0.159026       0.061455      -0.360476      -1.432762      -0.750011
       3.587000       0.159383      -0.060020       0.352432       1.435831      -0.159383       0.060020      -0.352432      -1.435831      -0.750011
       3.588000       0.159731      -0.058583       0.344345       1.438837      -0.159731       0.058583      -0.344345      -1.438837      -0.750012
       3.589000       0.160072      -0.057143       0.336215       1.441778      -0.160072       0.057143      -0.336215      -1.441778      -0.750012
       3.590000       0.160404      -0.055699       0.328044       1.444655      -0.160404       0.055699      -0.328044      -1.444655      -0.750012
       3.591000       0.160728      -0.054253       0.319833       1.447467      -0.160728       0.054253      -0.319833      -1.447467      -0.750012
       3.592000       0.161043      -0.052804       0.311582       1.450212      -0.161043       0.052804      -0.311582      -1.450212      -0.750012
       3.593000       0.161351      -0.051353       0.303293       1.452890      -0.161351       0.051353      -0.303293      -1.452890      -0.750012
       3.594000       0.161650      -0.049899       0.294965       1.455500      -0.161650       0.049899      -0.294965      -1.455500      -0.750012
       3.595000       0.161941      -0.048442       0.286600       1.458042      -0.161941       0.048442      -0.286600      -1.458042      -0.750012
       3.596000       0.162223      -0.046983       0.278199       1.460515      -0.162223       0.046983      -0.278199      -1.460515      -0.750012
       3.597000       0.162497      -0.045521       0.269763       1.462918      -0.162497       0.045521      -0.269763      -1.462918      -0.750012
       3.598000       0.162763      -0.044057       0.261293       1.465251      -0.162763       0.044057      -0.261293      -1.465251      -0.750012
       3.599000       0.163020      -0.042590       0.252789       1.467513      -0.163020       0.042590      -0.252789      -1.467513      -0.750012
       3.600000       0.163268      -0.041122       0.244253       1.469703      -0.163268       0.041122      -0.244253      -1.469703      -0.750013
       3.601000       0.163508      -0.039651       0.235686       1.471820      -0.163508       0.039651      -0.235686      -1.471820      -0.750013
       3.602000       0.163740      -0.038178       0.227088       1.473865      -0.163740       0.038178      -0.227088      -1.473865      -0.750013
       3.603000       0.163962      -0.036703       0.218461       1.475837      -0.163962       0.036703      -0.218461      -1.475837      -0.750013
       3.604000       0.164177      -0.035226       0.209805       1.477734      -0.164177       0.035226      -0.209805      -1.477734      -0.750013
       3.605000       0.164382      -0.033748       0.201122       1.479557      -0.164382       0.033748      -0.201122      -1.479557      -0.750013
       3.606000       0.164579      -0.032267       0.192413       1.481304      -0.164579       0.032267      -0.192413      -1.481304      -0.750013
       3.607000       0.164767      -0.030785       0.183678       1.482977      -0.164767       0.030785      -0.183678      -1.482977      -0.750013
       3.608000       0.164946      -0.029301       0.174920       1.484573      -0.164946       0.029301      -0.174920      -1.484573      -0.750013
       3.609000       0.165117      -0.027816       0.166138       1.486092      -0.165117       0.027816      -0.166138      -1.486092      -0.750013
       3.610000       0.165278      -0.026329       0.157335       1.487535      -0.165278       0.026329      -0.157335      -1.487535      -0.750013
       3.611000       0.165431      -0.024841       0.148511       1.488900      -0.165431       0.024841      -0.148511      -1.488900      -0.750013
       3.612000       0.165576      -0.023351       0.139667       1.490188      -0.165576       0.023351      -0.139667      -1.490188      -0.750013
       3.613000       0.165711      -0.021861       0.130804       1.491397      -0.165711       0.021861      -0.130804      -1.491397      -0.750013
       3.614000       0.165837      -0.020369       0.121924       1.492528      -0.165837       0.020369      -0.121924      -1.492528      -0.750013
       3.615000       0.165955      -0.018875       0.113028       1.493581      -0.165955       0.018875      -0.113028      -1.493581      -0.750013
       3.616000       0.166063      -0.017381       0.104117       1.494554      -0.166063       0.017381      -0.104117      -1.494554      -0.750013
       3.617000       0.166163      -0.015886       0.095191       1.495447      -0.166163       0.015886      -0.095191      -1.495447      -0.750013
       3.618000       0.166254      -0.014390       0.086253       1.496261      -0.166254       0.014390      -0.086253      -1.496261      -0.750013
       3.619000       0.166335      -0.012894       0.077304       1.496996      -0.166335       0.012894      -0.077304      -1.496996      -0.750013
       3.620000       0.166408      -0.011396       0.068344       1.497650      -0.166408       0.011396      -0.068344      -1.497650      -0.750013
       3.621000       0.166472      -0.009899       0.059375       1.498223      -0.166472       0.009899      -0.059375      -1.498223      -0.750013
       3.622000       0.166527      -0.008400       0.050398       1.498717      -0.166527       0.008400      -0.050398      -1.498717      -0.750013
       3.623000       0.166573      -0.006901       0.041414       1.499129      -0.166573       0.006901      -0.041414      -1.499129      -0.750013
       3.624000       0.166610      -0.005402       0.032424       1.499461      -0.166610       0.005402      -0.032424      -1.499461      -0.750013
       3.625000       0.166638      -0.003902       0.023430       1.499712      -0.166638       0.003902      -0.023430      -1.499712      -0.750013
       3.626000       0.166657      -0.002402       0.014433       1.499883      -0.166657       0.002402      -0.014433      -1.499883      -0.750013
       3.627000       0.166667      -0.000902       0.005434       1.499972      -0.166667       0.000902      -0.005434      -1.499972      -0.750013
       3.628000       0.166667       0.000598      -0.003565       1.499980      -0.166667      -0.000598       0.003565      -1.499980      -0.750013
       3.629000       0.166659       0.002098      -0.012565       1.499907      -0.166659      -0.002098       0.012565      -1.499907      -0.750013
       3.630000       0.166642       0.003597      -0.021562       1.499754      -0.166642      -0.003597       0.021562      -1.499754      -0.750013
       3.631000       0.166616       0.005097      -0.030557       1.499519      -0.166616      -0.005097       0.030557      -1.499519      -0.750013
       3.632000       0.166581       0.006596      -0.039547       1.499203      -0.166581      -0.006596       0.039547      -1.499203      -0.750013
       3.633000       0.166537       0.008095      -0.048532       1.498807      -0.166537      -0.008095       0.048532      -1.498807      -0.750013
       3.634000       0.166484       0.009594      -0.057511       1.498330      -0.166484      -0.009594       0.057511      -1.498330      -0.750013
       3.635000       0.166422       0.011092      -0.066482       1.497773      -0.166422      -0.011092       0.066482      -1.497773      -0.750013
       3.636000       0.166351       0.012590      -0.075443       1.497135      -0.166351      -0.012590       0.075443      -1.497135      -0.750013
       3.637000       0.166271       0.014086      -0.084395       1.496417      -0.166271      -0.014086       0.084395      -1.496417      -0.750013
       3.638000       0.166182       0.015582      -0.093336       1.495619      -0.166182      -0.015582       0.093336      -1.495619      -0.750013
       3.639000       0.166085       0.017078      -0.102264       1.494742      -0.166085      -0.017078       0.102264      -1.494742      -0.750013
       3.640000       0.165978       0.018572      -0.111178       1.493785      -0.165978      -0.018572       0.111178      -1.493785      -0.750013
       3.641000       0.165862       0.020065      -0.120077       1.492749      -0.165862      -0.020065       0.120077      -1.492749      -0.750013
       3.642000       0.165738       0.021557      -0.128960       1.491634      -0.165738      -0.021557       0.128960      -1.491634      -0.750013
       3.643000       0.165604       0.023048      -0.137826       1.490440      -0.165604      -0.023048       0.137826      -1.490440      -0.750013
       3.644000       0.165462       0.024538      -0.146674       1.489168      -0.165462      -0.024538       0.146674      -1.489168      -0.750013
       3.645000       0.165311       0.026027      -0.155503       1.487819      -0.165311      -0.026027       0.155503      -1.487819      -0.750013
       3.646000       0.165151       0.027514      -0.164310       1.486392      -0.165151      -0.027514       0.164310      -1.486392      -0.750013
       3.647000       0.164982       0.029000      -0.173096       1.484888      -0.164982      -0.029000       0.173096      -1.484888      -0.750013
       3.648000       0.164805       0.030484      -0.181860       1.483307      -0.164805      -0.030484       0.181860      -1.483307      -0.750013
       3.649000       0.164619       0.031966      -0.190599       1.481650      -0.164619      -0.031966       0.190599      -1.481650      -0.750013
       3.650000       0.164424       0.033447      -0.199313       1.479918      -0.164424      -0.033447       0.199313      -1.479918      -0.750013
       3.651000       0.164220       0.034926      -0.208002       1.478111      -0.164220      -0.034926       0.208002      -1.478111      -0.750013
       3.652000       0.164008       0.036403      -0.216663       1.476228      -0.164008      -0.036403       0.216663      -1.476228      -0.750013
       3.653000       0.163787       0.037878      -0.225296       1.474272      -0.163787      -0.037878       0.225296      -1.474272      -0.750013
       3.654000       0.163557       0.039352      -0.233900       1.472242      -0.163557      -0.039352       0.233900      -1.472242      -0.750013
       3.655000       0.163319       0.040823      -0.242473       1.470139      -0.163319      -0.040823       0.242473      -1.470139      -0.750013
       3.656000       0.163072       0.042292      -0.251016       1.467964      -0.163072      -0.042292       0.251016      -1.467964      -0.750012
       3.657000       0.162817       0.043759      -0.259526       1.465717      -0.162817      -0.043759       0.259526      -1.465717      -0.750012
       3.658000       0.162553       0.045223      -0.268003       1.463399      -0.162553      -0.045223       0.268003      -1.463399      -0.750012
       3.659000       0.162281       0.046686      -0.276446       1.461010      -0.162281      -0.046686       0.276446      -1.461010      -0.750012
       3.660000       0.162000       0.048146      -0.284854       1.458551      -0.162000      -0.048146       0.284854      -1.458551      -0.750012
       3.661000       0.161711       0.049603      -0.293226       1.456023      -0.161711      -0.049603       0.293226      -1.456023      -0.750012
       3.662000       0.161414       0.051058      -0.301561       1.453427      -0.161414      -0.051058       0.301561      -1.453427      -0.750012
       3.663000       0.161108       0.052510      -0.309858       1.450762      -0.161108      -0.052510       0.309858      -1.450762      -0.750012
       3.664000       0.160794       0.053959      -0.318117       1.448031      -0.160794      -0.053959       0.318117      -1.448031      -0.750012
       3.665000       0.160472       0.055406      -0.326336       1.445233      -0.160472      -0.055406       0.326336      -1.445233      -0.750012
       3.666000       0.160141       0.056850      -0.334515       1.442369      -0.160141      -0.056850       0.334515      -1.442369      -0.750012
       3.667000       0.159803       0.058290      -0.342653       1.439441      -0.159803      -0.058290       0.342653      -1.439441      -0.750012
       3.668000       0.159456       0.059728      -0.350749       1.436448      -0.159456      -0.059728       0.350749      -1.436448      -0.750011
       3.669000       0.159101       0.061163      -0.358802       1.433392      -0.159101      -0.061163       0.358802      -1.433392      -0.750011
       3.670000       0.158738       0.062595      -0.366812       1.430273      -0.158738      -0.062595       0.366812      -1.430273      -0.750011
       3.671000       0.158368       0.064024      -0.374777       1.427093      -0.158368      -0.064024       0.374777      -1.427093      -0.750011
       3.672000       0.157989       0.065449      -0.382697       1.423851      -0.157989      -0.065449       0.382697      -1.423851      -0.750011
       3.673000       0.157602       0.066872      -0.390572       1.420550      -0.157602      -0.066872       0.390572      -1.420550      -0.750011
       3.674000       0.157208       0.068290      -0.398401       1.417189      -0.157208      -0.068290       0.398401      -1.417189      -0.750011
       3.675000       0.156805       0.069706      -0.406182       1.413769      -0.156805      -0.069706       0.406182      -1.413769      -0.750011
       3.676000       0.156395       0.071118      -0.413916       1.410292      -0.156395      -0.071118       0.413916      -1.410292      -0.750011
       3.677000       0.155978       0.072527      -0.421602       1.406758      -0.155978      -0.072527       0.421602      -1.406758      -0.750011
       3.678000       0.155552       0.073932      -0.429239       1.403167      -0.155552      -0.073932       0.429239      -1.403167      -0.750011
       3.679000       0.155119       0.075333      -0.436826       1.399522      -0.155119      -0.075333       0.436826      -1.399522      -0.750010
       3.680000       0.154679       0.076731      -0.444363       1.395822      -0.154679      -0.076731       0.444363      -1.395822      -0.750010
       3.681000       0.154230       0.078125      -0.451850       1.392070      -0.154230      -0.078125       0.451850      -1.392070      -0.750010
       3.682000       0.153775       0.079515      -0.459285       1.388264      -0.153775      -0.079515       0.459285      -1.388264      -0.750010
       3.683000       0.153312       0.080901      -0.466669       1.384407      -0.153312      -0.080901       0.466669      -1.384407      -0.750010
       3.684000       0.152841       0.082284      -0.474001       1.380499      -0.152841      -0.082284       0.474001      -1.380499      -0.750010
       3.685000       0.152364       0.083662      -0.481280       1.376541      -0.152364      -0.083662       0.481280      -1.376541      -0.750010
       3.686000       0.151879       0.085037      -0.488507       1.372534      -0.151879      -0.085037       0.488507      -1.372534      -0.750010
       3.687000       0.151387       0.086407      -0.495679       1.368480      -0.151387      -0.086407       0.495679      -1.368480      -0.750010
       3.688000       0.150888       0.087774      -0.502798       1.364378      -0.150888      -0.087774       0.502798      -1.364378      -0.750009
       3.689000       0.150381       0.089136      -0.509863       1.360229      -0.150381      -0.089136       0.509863      -1.360229      -0.750009
       3.690000       0.149868       0.090494      -0.516873       1.356035      -0.149868      -0.090494       0.516873      -1.356035      -0.750009
       3.691000       0.149347       0.091848      -0.523828       1.351797      -0.149347      -0.091848       0.523828      -1.351797      -0.750009
       3.692000       0.148820       0.093198      -0.530727       1.347515      -0.148820      -0.093198       0.530727      -1.347515      -0.750009
       3.693000       0.148286       0.094543      -0.537571       1.343191      -0.148286      -0.094543       0.537571      -1.343191      -0.750009
       3.694000       0.147745       0.095884      -0.544359       1.338824      -0.147745      -0.095884       0.544359      -1.338824      -0.750009
       3.695000       0.147197       0.097221      -0.551091       1.334417      -0.147197      -0.097221       0.551091      -1.334417      -0.750009
       3.696000       0.146643       0.098553      -0.557766       1.329970      -0.146643      -0.098553       0.557766      -1.329970      -0.750009
       3.697000       0.146082       0.099881      -0.564385       1.325483      -0.146082      -0.099881       0.564385      -1.325483      -0.750008
       3.698000       0.145514       0.101204      -0.570946       1.320959      -0.145514      -0.101204       0.570946      -1.320959      -0.750008
       3.699000       0.144940       0.102523      -0.577450       1.316397      -0.144940      -0.102523       0.577450      -1.316397      -0.750008
       3.700000       0.144359       0.103837      -0.583897       1.311798      -0.144359      -0.103837       0.583897      -1.311798      -0.750008
       3.701000       0.143772       0.105146      -0.590286       1.307164      -0.143772      -0.105146       0.590286      -1.307164      -0.750008
       3.702000       0.143179       0.106451      -0.596618       1.302495      -0.143179      -0.106451       0.596618      -1.302495      -0.750008
       3.703000       0.142579       0.107751      -0.602892       1.297793      -0.142579      -0.107751       0.602892      -1.297793      -0.750008
       3.704000       0.141973       0.109047      -0.609107       1.293057      -0.141973      -0.109047       0.609107      -1.293057      -0.750008
       3.705000       0.141361       0.110337      -0.615265       1.288289      -0.141361      -0.110337       0.615265      -1.288289      -0.750008
       3.706000       0.140742       0.111623      -0.621364       1.283490      -0.140742      -0.111623       0.621364      -1.283490      -0.750008
       3.707000       0.140118       0.112904      -0.627405       1.278661      -0.140118      -0.112904       0.627405      -1.278661      -0.750007
       3.708000       0.139487       0.114180      -0.633388       1.273802      -0.139487      -0.114180       0.633388      -1.273802      -0.750007
       3.709000       0.138851       0.115452      -0.639312       1.268915      -0.138851      -0.115452       0.639312      -1.268915      -0.750007
       3.710000       0.138209       0.116718      -0.645178       1.264000      -0.138209      -0.116718       0.645178      -1.264000      -0.750007
       3.711000       0.137561       0.117980      -0.650985       1.259057      -0.137561      -0.117980       0.650985      -1.259057      -0.750007
       3.712000       0.136907       0.119236      -0.656734       1.254089      -0.136907      -0.119236       0.656734      -1.254089      -0.750007
       3.713000       0.136247       0.120488      -0.662425       1.249095      -0.136247      -0.120488       0.662425      -1.249095      -0.750007
       3.714000       0.135582       0.121735      -0.668057       1.244076      -0.135582      -0.121735       0.668057      -1.244076      -0.750007
       3.715000       0.134911       0.122976      -0.673630       1.239034      -0.134911      -0.122976       0.673630      -1.239034      -0.750007
       3.716000       0.134235       0.124213      -0.679145       1.233969      -0.134235      -0.124213       0.679145      -1.233969      -0.750007
       3.717000       0.133553       0.125444      -0.684602       1.228882      -0.133553      -0.125444       0.684602      -1.228882      -0.750006
       3.718000       0.132866       0.126670      -0.690001       1.223773      -0.132866      -0.126670       0.690001      -1.223773      -0.750006
       3.719000       0.132173       0.127892      -0.695341       1.218644      -0.132173      -0.127892       0.695341      -1.218644      -0.750006
       3.720000       0.131475       0.129108      -0.700624       1.213495      -0.131475      -0.129108       0.700624      -1.213495      -0.750006
       3.721000       0.130772       0.130319      -0.705848       1.208327      -0.130772      -0.130319       0.705848      -1.208327      -0.750006
       3.722000       0.130063       0.131524      -0.711015       1.203140      -0.130063      -0.131524       0.711015      -1.203140      -0.750006
       3.723000       0.129350       0.132725      -0.716124       1.197936      -0.129350      -0.132725       0.716124      -1.197936      -0.750006
       3.724000       0.128631       0.133920      -0.721175       1.192715      -0.128631      -0.133920       0.721175      -1.192715      -0.750006
       3.725000       0.127907       0.135110      -0.726169       1.187478      -0.127907      -0.135110       0.726169      -1.187478      -0.750006
       3.726000       0.127179       0.136295      -0.731105       1.182226      -0.127179      -0.136295       0.731105      -1.182226      -0.750006
       3.727000       0.126445       0.137475      -0.735985       1.176959      -0.126445      -0.137475       0.735985      -1.176959      -0.750005
       3.728000       0.125707       0.138649      -0.740807       1.171678      -0.125707      -0.138649       0.740807      -1.171678      -0.750005
       3.729000       0.124963       0.139818      -0.745573       1.166384      -0.124963      -0.139818       0.745573      -1.166384      -0.750005
       3.730000       0.124215       0.140982      -0.750283       1.161077      -0.124215      -0.140982       0.750283      -1.161077      -0.750005
       3.731000       0.123463       0.142140      -0.754936       1.155758      -0.123463      -0.142140       0.754936      -1.155758      -0.750005
       3.732000       0.122706       0.143293      -0.759533       1.150428      -0.122706      -0.143293       0.759533      -1.150428      -0.750005
       3.733000       0.121944       0.144441      -0.764074       1.145087      -0.121944      -0.144441       0.764074      -1.145087      -0.750005
       3.734000       0.121177       0.145584      -0.768559       1.139737      -0.121177      -0.145584       0.768559      -1.139737      -0.750005
       3.735000       0.120407       0.146721      -0.772989       1.134377      -0.120407      -0.146721       0.772989      -1.134377      -0.750005
       3.736000       0.119632       0.147852      -0.777364       1.129008      -0.119632      -0.147852       0.777364      -1.129008      -0.750005
       3.737000       0.118852       0.148979      -0.781684       1.123631      -0.118852      -0.148979       0.781684      -1.123631      -0.750005
       3.738000       0.118068       0.150100      -0.785950       1.118247      -0.118068      -0.150100       0.785950      -1.118247      -0.750004
       3.739000       0.117280       0.151215      -0.790161       1.112856      -0.117280      -0.151215       0.790161      -1.112856      -0.750004
       3.740000       0.116488       0.152325      -0.794317       1.107458      -0.116488      -0.152325       0.794317      -1.107458      -0.750004
       3.741000       0.115691       0.153430      -0.798420       1.102055      -0.115691      -0.153430       0.798420      -1.102055      -0.750004
       3.742000       0.114891       0.154529      -0.802470       1.096647      -0.114891      -0.154529       0.802470      -1.096647      -0.750004
       3.743000       0.114086       0.155623      -0.806466       1.091234      -0.114086      -0.155623       0.806466      -1.091234      -0.750004
       3.744000       0.113278       0.156712      -0.810410       1.085817      -0.113278      -0.156712       0.810410      -1.085817      -0.750004
       3.745000       0.112466       0.157795      -0.814300       1.080397      -0.112466      -0.157795       0.814300      -1.080397      -0.750004
       3.746000       0.111649       0.158873      -0.818139       1.074973      -0.111649      -0.158873       0.818139      -1.074973      -0.750004
       3.747000       0.110829       0.159945      -0.821925       1.069548      -0.110829      -0.159945       0.821925      -1.069548      -0.750004
       3.748000       0.110006       0.161012      -0.825659       1.064120      -0.110006      -0.161012       0.825659      -1.064120      -0.750004
       3.749000       0.109178       0.162073      -0.829343       1.058691      -0.109178      -0.162073       0.829343      -1.058691      -0.750004
       3.750000       0.108347       0.163129      -0.832975       1.053261      -0.108347      -0.163129       0.832975      -1.053261      -0.750004
       3.751000       0.107512       0.164180      -0.836556       1.047831      -0.107512      -0.164180       0.836556      -1.047831      -0.750004
       3.752000       0.106674       0.165225      -0.840087       1.042400      -0.106674      -0.165225       0.840087      -1.042400      -0.750003
       3.753000       0.105832       0.166264      -0.843568       1.036971      -0.105832      -0.166264       0.843568      -1.036971      -0.750003
       3.754000       0.104987       0.167299      -0.846999       1.031542      -0.104987      -0.167299       0.846999      -1.031542      -0.750003
       3.755000       0.104138       0.168328      -0.850381       1.026115      -0.104138      -0.168328       0.850381      -1.026115      -0.750003
       3.756000       0.103286       0.169351      -0.853714       1.020689      -0.103286      -0.169351       0.853714      -1.020689      -0.750003
       3.757000       0.102431       0.170369      -0.856998       1.015266      -0.102431      -0.170369       0.856998      -1.015266      -0.750003
       3.758000       0.101572       0.171381      -0.860233       1.009846      -0.101572      -0.171381       0.860233      -1.009846      -0.750003
       3.759000       0.100710       0.172389      -0.863421       1.004429      -0.100710      -0.172389       0.863421      -1.004429      -0.750003
       3.760000       0.099845       0.173390      -0.866561       0.999015      -0.099845      -0.173390       0.866561      -0.999015      -0.750003
       3.761000       0.098977       0.174387      -0.869654       0.993605      -0.098977      -0.174387       0.869654      -0.993605      -0.750003
       3.762000       0.098106       0.175378      -0.872699       0.988200      -0.098106      -0.175378       0.872699      -0.988200      -0.750003
       3.763000       0.097232       0.176363      -0.875699       0.982800      -0.097232      -0.176363       0.875699      -0.982800      -0.750003
       3.764000       0.096354       0.177343      -0.878652       0.977404      -0.096354      -0.177343       0.878652      -0.977404      -0.750003
       3.765000       0.095474       0.178318      -0.881559       0.972014      -0.095474      -0.178318       0.881559      -0.972014      -0.750003
       3.766000       0.094591       0.179287      -0.884420       0.966630      -0.094591      -0.179287       0.884420      -0.966630      -0.750003
       3.767000       0.093705       0.180251      -0.887237       0.961253      -0.093705      -0.180251       0.887237      -0.961253      -0.750003
       3.768000       0.092817       0.181210      -0.890009       0.955881      -0.092817      -0.181210       0.890009      -0.955881      -0.750002
       3.769000       0.091925       0.182163      -0.892736       0.950517      -0.091925      -0.182163       0.892736      -0.950517      -0.750002
       3.770000       0.091031       0.183111      -0.895419       0.945160      -0.091031      -0.183111       0.895419      -0.945160      -0.750002
       3.771000       0.090135       0.184053      -0.898059       0.939810      -0.090135      -0.184053       0.898059      -0.939810      -0.750002
       3.772000       0.089235       0.184990      -0.900655       0.934468      -0.089235      -0.184990       0.900655      -0.934468      -0.750002
       3.773000       0.088333       0.185922      -0.903209       0.929135      -0.088333      -0.185922       0.903209      -0.929135      -0.750002
       3.774000       0.087429       0.186849      -0.905720       0.923810      -0.087429      -0.186849       0.905720      -0.923810      -0.750002
       3.775000       0.086522       0.187770      -0.908189       0.918493      -0.086522      -0.187770       0.908189      -0.918493      -0.750002
       3.776000       0.085612       0.188686      -0.910615       0.913186      -0.085612      -0.188686       0.910615      -0.913186      -0.750002
       3.777000       0.084701       0.189596      -0.913001       0.907887      -0.084701      -0.189596       0.913001      -0.907887      -0.750002
       3.778000       0.083786       0.190501      -0.915345       0.902599      -0.083786      -0.190501       0.915345      -0.902599      -0.750002
       3.779000       0.082870       0.191401      -0.917649       0.897320      -0.082870      -0.191401       0.917649      -0.897320      -0.750002
       3.780000       0.081951       0.192296      -0.919912       0.892051      -0.081951      -0.192296       0.919912      -0.892051      -0.750002
       3.781000       0.081030       0.193185      -0.922135       0.886793      -0.081030      -0.193185       0.922135      -0.886793      -0.750002
       3.782000       0.080107       0.194070      -0.924319       0.881545      -0.080107      -0.194070       0.924319      -0.881545      -0.750002
       3.783000       0.079181       0.194949      -0.926463       0.876308      -0.079181      -0.194949       0.926463      -0.876308      -0.750002
       3.784000       0.078254       0.195822      -0.928569       0.871082      -0.078254      -0.195822       0.928569      -0.871082      -0.750002
       3.785000       0.077324       0.196691      -0.930636       0.865868      -0.077324      -0.196691       0.930636      -0.865868      -0.750002
       3.786000       0.076393       0.197554      -0.932665       0.860664      -0.076393      -0.197554       0.932665      -0.860664      -0.750002
       3.787000       0.075459       0.198412      -0.934656       0.855473      -0.075459      -0.198412       0.934656      -0.855473      -0.750002
       3.788000       0.074523       0.199265      -0.936609       0.850293      -0.074523      -0.199265       0.936609      -0.850293      -0.750002
       3.789000       0.073586       0.200113      -0.938526       0.845126      -0.073586      -0.200113       0.938526      -0.845126      -0.750001
       3.790000       0.072646       0.200955      -0.940405       0.839970      -0.072646      -0.200955       0.940405      -0.839970      -0.750001
       3.791000       0.071705       0.201793      -0.942249       0.834828      -0.071705      -0.201793       0.942249      -0.834828      -0.750001
       3.792000       0.070762       0.202625      -0.944056       0.829698      -0.070762      -0.202625       0.944056      -0.829698      -0.750001
       3.793000       0.069817       0.203452      -0.945828       0.824580      -0.069817      -0.203452       0.945828      -0.824580      -0.750001
       3.794000       0.068870       0.204274      -0.947564       0.819476      -0.068870      -0.204274       0.947564      -0.819476      -0.750001
       3.795000       0.067922       0.205091      -0.949265       0.814385      -0.067922      -0.205091       0.949265      -0.814385      -0.750001
       3.796000       0.066972       0.205903      -0.950932       0.809307      -0.066972      -0.205903       0.950932      -0.809307      -0.750001
       3.797000       0.066020       0.206709      -0.952564       0.804243      -0.066020      -0.206709       0.952564      -0.804243      -0.750001
       3.798000       0.065066       0.207511      -0.954163       0.799192      -0.065066      -0.207511       0.954163      -0.799192      -0.750001
       3.799000       0.064111       0.208308      -0.955727       0.794155      -0.064111      -0.208308       0.955727      -0.794155      -0.750001
       3.800000       0.063155       0.209100      -0.957259       0.789132      -0.063155      -0.209100       0.957259      -0.789132      -0.750001
       3.801000       0.062197       0.209886      -0.958758       0.784123      -0.062197      -0.209886       0.958758      -0.784123      -0.750001
       3.802000       0.061237       0.210668      -0.960224       0.779128      -0.061237      -0.210668       0.960224      -0.779128      -0.750001
       3.803000       0.060277       0.211444      -0.961657       0.774147      -0.060277      -0.211444       0.961657      -0.774147      -0.750001
       3.804000       0.059314       0.212216      -0.963059       0.769181      -0.059314      -0.212216       0.963059      -0.769181      -0.750001
       3.805000       0.058350       0.212983      -0.964430       0.764230      -0.058350      -0.212983       0.964430      -0.764230      -0.750001
       3.806000       0.057385       0.213745      -0.965769       0.759293      -0.057385      -0.213745       0.965769      -0.759293      -0.750001
       3.807000       0.056419       0.214501      -0.967077       0.754371      -0.056419      -0.214501       0.967077      -0.754371      -0.750001
       3.808000       0.055451       0.215253      -0.968354       0.749463      -0.055451      -0.215253       0.968354      -0.749463      -0.750001
       3.809000       0.054482       0.216000      -0.969601       0.744571      -0.054482      -0.216000       0.969601      -0.744571      -0.750001
       3.810000       0.053512       0.216742      -0.970819       0.739694      -0.053512      -0.216742       0.970819      -0.739694      -0.750001
       3.811000       0.052541       0.217480      -0.972006       0.734832      -0.052541      -0.217480       0.972006      -0.734832      -0.750001
       3.812000       0.051568       0.218212      -0.973164       0.729985      -0.051568      -0.218212       0.973164      -0.729985      -0.750001
       3.813000       0.050594       0.218940      -0.974294       0.725153      -0.050594      -0.218940       0.974294      -0.725153      -0.750001
       3.814000       0.049619       0.219662      -0.975394       0.720337      -0.049619      -0.219662       0.975394      -0.720337      -0.750001
       3.815000       0.048643       0.220380      -0.976466       0.715536      -0.048643      -0.220380       0.976466      -0.715536      -0.750001
       3.816000       0.047666       0.221093      -0.977510       0.710751      -0.047666      -0.221093       0.977510      -0.710751      -0.750001
       3.817000       0.046688       0.221802      -0.978526       0.705981      -0.046688      -0.221802       0.978526      -0.705981      -0.750001
       3.818000       0.045709       0.222505      -0.979515       0.701227      -0.045709      -0.222505       0.979515      -0.701227      -0.750001
       3.819000       0.044729       0.223204      -0.980476       0.696489      -0.044729      -0.223204       0.980476      -0.696489      -0.750001
       3.820000       0.043748       0.223898      -0.981411       0.691767      -0.043748      -0.223898       0.981411      -0.691767      -0.750001
       3.821000       0.042767       0.224588      -0.982319       0.687060      -0.042767      -0.224588       0.982319      -0.687060      -0.750001
       3.822000       0.041784       0.225273      -0.983200       0.682370      -0.041784      -0.225273       0.983200      -0.682370      -0.750001
       3.823000       0.040800       0.225953      -0.984056       0.677695      -0.040800      -0.225953       0.984056      -0.677695      -0.750001
       3.824000       0.039816       0.226628      -0.984886       0.673037      -0.039816      -0.226628       0.984886      -0.673037      -0.750001
       3.825000       0.038830       0.227299      -0.985690       0.668394      -0.038830      -0.227299       0.985690      -0.668394      -0.750001
       3.826000       0.037844       0.227965      -0.986469       0.663768      -0.037844      -0.227965       0.986469      -0.663768      -0.750000
       3.827000       0.036857       0.228626      -0.987224       0.659157      -0.036857      -0.228626       0.987224      -0.659157      -0.750000
       3.828000       0.035870       0.229283      -0.987954       0.654563      -0.035870      -0.229283       0.987954      -0.654563      -0.750000
       3.829000       0.034882       0.229935      -0.988659       0.649985      -0.034882      -0.229935       0.988659      -0.649985      -0.750000
       3.830000       0.033892       0.230583      -0.989340       0.645423      -0.033892      -0.230583       0.989340      -0.645423      -0.750000
       3.831000       0.032903       0.231226      -0.989998       0.640878      -0.032903      -0.231226       0.989998      -0.640878      -0.750000
       3.832000       0.031913       0.231865      -0.990632       0.636348      -0.031913      -0.231865       0.990632      -0.636348      -0.750000
       3.833000       0.030922       0.232499      -0.991242       0.631835      -0.030922      -0.232499       0.991242      -0.631835      -0.750000
       3.834000       0.029930       0.233128      -0.991830       0.627339      -0.029930      -0.233128       0.991830      -0.627339      -0.750000
       3.835000       0.028938       0.233753      -0.992395       0.622858      -0.028938      -0.233753       0.992395      -0.622858      -0.750000
       3.836000       0.027945       0.234374      -0.992937       0.618394      -0.027945      -0.234374       0.992937      -0.618394      -0.750000
       3.837000       0.026952       0.234990      -0.993458       0.613947      -0.026952      -0.234990       0.993458      -0.613947      -0.750000
       3.838000       0.025958       0.235602      -0.993956       0.609516      -0.025958      -0.235602       0.993956      -0.609516      -0.750000
       3.839000       0.024964       0.236209      -0.994432       0.605101      -0.024964      -0.236209       0.994432      -0.605101      -0.750000
       3.840000       0.023969       0.236812      -0.994887       0.600702      -0.023969      -0.236812       0.994887      -0.600702      -0.750000
       3.841000       0.022974       0.237411      -0.995321       0.596320      -0.022974      -0.237411       0.995321      -0.596320      -0.750000
       3.842000       0.021979       0.238005      -0.995734       0.591955      -0.021979      -0.238005       0.995734      -0.591955      -0.750000
       3.843000       0.020983       0.238595      -0.996126       0.587605      -0.020983      -0.238595       0.996126      -0.587605      -0.750000
       3.844000       0.019987       0.239180      -0.996498       0.583272      -0.019987      -0.239180       0.996498      -0.583272      -0.750000
       3.845000       0.018990       0.239761      -0.996849       0.578956      -0.018990      -0.239761       0.996849      -0.578956      -0.750000
       3.846000       0.017993       0.240338      -0.997180       0.574656      -0.017993      -0.240338       0.997180      -0.574656      -0.750000
       3.847000       0.016996       0.240910      -0.997492       0.570372      -0.016996      -0.240910       0.997492      -0.570372      -0.750000
       3.848000       0.015998       0.241479      -0.997784       0.566105      -0.015998      -0.241479       0.997784      -0.566105      -0.750000
       3.849000       0.015000       0.242043      -0.998056       0.561854      -0.015000      -0.242043       0.998056      -0.561854      -0.750000
       3.850000       0.014002       0.242602      -0.998310       0.557619      -0.014002      -0.242602       0.998310      -0.557619      -0.750000
       3.851000       0.013003       0.243158      -0.998544       0.553400      -0.013003      -0.243158       0.998544      -0.553400      -0.750000
       3.852000       0.012005       0.243709      -0.998760       0.549198      -0.012005      -0.243709       0.998760      -0.549198      -0.750000
       3.853000       0.011006       0.244256      -0.998958       0.545013      -0.011006      -0.244256       0.998958      -0.545013      -0.750000
       3.854000       0.010007       0.244799      -0.999137       0.540843      -0.010007      -0.244799       0.999137      -0.540843      -0.750000
       3.855000       0.009008       0.245338      -0.999298       0.536690      -0.009008      -0.245338       0.999298      -0.536690      -0.750000
       3.856000       0.008008       0.245873      -0.999441       0.532553      -0.008008      -0.245873       0.999441      -0.532553      -0.750000
       3.857000       0.007009       0.246403      -0.999567       0.528432      -0.007009      -0.246403       0.999567      -0.528432      -0.750000
       3.858000       0.006009       0.246929      -0.999675       0.524328      -0.006009      -0.246929       0.999675      -0.524328      -0.750000
       3.859000       0.005009       0.247452      -0.999766       0.520239      -0.005009      -0.247452       0.999766      -0.520239      -0.750000
       3.860000       0.004009       0.247970      -0.999841       0.516167      -0.004009      -0.247970       0.999841      -0.516167      -0.750000
       3.861000       0.003010       0.248484      -0.999898       0.512111      -0.003010      -0.248484       0.999898      -0.512111      -0.750000
       3.862000       0.002010       0.248994      -0.999939       0.508071      -0.002010      -0.248994       0.999939      -0.508071      -0.750000
       3.863000       0.001010       0.249500      -0.999963       0.504047      -0.001010      -0.249500       0.999963      -0.504047      -0.750000
       3.864000       0.000010       0.250002      -0.999971       0.500039      -0.000010      -0.250002       0.999971      -0.500039      -0.750000
       3.865000      -0.000990       0.250500      -0.999964       0.496047       0.000990      -0.250500       0.999964      -0.496047      -0.750000
       3.866000      -0.001990       0.250994      -0.999940       0.492071       0.001990      -0.250994       0.999940      -0.492071      -0.750000
       3.867000      -0.002990       0.251484      -0.999901       0.488111       0.002990      -0.251484       0.999901      -0.488111      -0.750000
       3.868000      -0.003990       0.251971      -0.999846       0.484167       0.003990      -0.251971       0.999846      -0.484167      -0.750000
       3.869000      -0.004990       0.252453      -0.999776       0.480239       0.004990      -0.252453       0.999776      -0.480239      -0.750000
       3.870000      -0.005990       0.252931      -0.999691       0.476326       0.005990      -0.252931       0.999691      -0.476326      -0.750000
       3.871000      -0.006989       0.253405      -0.999591       0.472430       0.006989      -0.253405       0.999591      -0.472430      -0.750000
       3.872000      -0.007989       0.253876      -0.999477       0.468549       0.007989      -0.253876       0.999477      -0.468549      -0.750000
       3.873000      -0.008988       0.254343      -0.999348       0.464684       0.008988      -0.254343       0.999348      -0.464684      -0.750000
       3.874000      -0.009987       0.254805      -0.999204       0.460834       0.009987      -0.254805       0.999204      -0.460834      -0.750000
       3.875000      -0.010987       0.255264      -0.999047       0.457000       0.010987      -0.255264       0.999047      -0.457000      -0.750000
       3.876000      -0.011985       0.255719      -0.998875       0.453182       0.011985      -0.255719       0.998875      -0.453182      -0.750000
       3.877000      -0.012984       0.256171      -0.998689       0.449379       0.012984      -0.256171       0.998689      -0.449379      -0.750000
       3.878000      -0.013983       0.256618      -0.998490       0.445592       0.013983      -0.256618       0.998490      -0.445592      -0.750000
       3.879000      -0.014981       0.257062      -0.998278       0.441820       0.014981      -0.257062       0.998278      -0.441820      -0.750000
       3.880000      -0.015979       0.257502      -0.998052       0.438064       0.015979      -0.257502       0.998052      -0.438064      -0.750000
       3.881000      -0.016977       0.257938      -0.997812       0.434323       0.016977      -0.257938       0.997812      -0.434323      -0.750000
       3.882000      -0.017975       0.258370      -0.997560       0.430597       0.017975      -0.258370       0.997560      -0.430597      -0.750000
       3.883000      -0.018972       0.258799      -0.997295       0.426887       0.018972      -0.258799       0.997295      -0.426887      -0.750000
       3.884000      -0.019970       0.259224      -0.997017       0.423192       0.019970      -0.259224       0.997017      -0.423192      -0.750000
       3.885000      -0.020967       0.259645      -0.996727       0.419512       0.020967      -0.259645       0.996727      -0.419512      -0.750000
       3.886000      -0.021963       0.260063      -0.996424       0.415847       0.021963      -0.260063       0.996424      -0.415847      -0.750000
       3.887000      -0.022959       0.260477      -0.996109       0.412197       0.022959      -0.260477       0.996109      -0.412197      -0.750000
       3.888000      -0.023955       0.260888      -0.995782       0.408562       0.023955      -0.260888       0.995782      -0.408562      -0.750000
       3.889000      -0.024951       0.261294      -0.995443       0.404943       0.024951      -0.261294       0.995443      -0.404943      -0.750000
       3.890000      -0.025946       0.261697      -0.995093       0.401338       0.025946      -0.261697       0.995093      -0.401338      -0.750000
       3.891000      -0.026941       0.262097      -0.994730       0.397748       0.026941      -0.262097       0.994730      -0.397748      -0.750000
       3.892000      -0.027936       0.262493      -0.994356       0.394173       0.027936      -0.262493       0.994356      -0.394173      -0.750000
       3.893000      -0.028930       0.262885      -0.993971       0.390613       0.028930      -0.262885       0.993971      -0.390613      -0.750000
       3.894000      -0.029924       0.263274      -0.993574       0.387068       0.029924      -0.263274       0.993574      -0.387068      -0.750000
       3.895000      -0.030917       0.263659      -0.993167       0.383537       0.030917      -0.263659       0.993167      -0.383537      -0.750000
       3.896000      -0.031910       0.264041      -0.992748       0.380021       0.031910      -0.264041       0.992748      -0.380021      -0.750000
       3.897000      -0.032902       0.264419      -0.992319       0.376520       0.032902      -0.264419       0.992319      -0.376520      -0.750000
       3.898000      -0.033895       0.264794      -0.991879       0.373033       0.033895      -0.264794       0.991879      -0.373033      -0.750000
       3.899000      -0.034886       0.265166      -0.991428       0.369560       0.034886      -0.265166       0.991428      -0.369560      -0.750000
       3.900000      -0.035877       0.265533      -0.990967       0.366102       0.035877      -0.265533       0.990967      -0.366102      -0.750000
       3.901000      -0.036868       0.265898      -0.990496       0.362659       0.036868      -0.265898       0.990496      -0.362659      -0.750000
       3.902000      -0.037858       0.266259      -0.990014       0.359229       0.037858      -0.266259       0.990014      -0.359229      -0.750000
       3.903000      -0.038848       0.266616      -0.989522       0.355815       0.038848      -0.266616       0.989522      -0.355815      -0.750000
       3.904000      -0.039837       0.266970      -0.989021       0.352414       0.039837      -0.266970       0.989021      -0.352414      -0.750000
       3.905000      -0.040826       0.267321      -0.988510       0.349027       0.040826      -0.267321       0.988510      -0.349027      -0.750000
       3.906000      -0.041814       0.267668      -0.987989       0.345655       0.041814      -0.267668       0.987989      -0.345655      -0.750000
       3.907000      -0.042802       0.268012      -0.987458       0.342296       0.042802      -0.268012       0.987458      -0.342296      -0.750000
       3.908000      -0.043789       0.268353      -0.986918       0.338952       0.043789      -0.268353       0.986918      -0.338952      -0.750000
       3.909000      -0.044776       0.268690      -0.986369       0.335621       0.044776      -0.268690       0.986369      -0.335621      -0.750000
       3.910000      -0.045762       0.269024      -0.985811       0.332305       0.045762      -0.269024       0.985811      -0.332305      -0.750000
       3.911000      -0.046748       0.269355      -0.985243       0.329002       0.046748      -0.269355       0.985243      -0.329002      -0.750000
       3.912000      -0.047733       0.269682      -0.984667       0.325713       0.047733      -0.269682       0.984667      -0.325713      -0.750000
       3.913000      -0.048717       0.270006      -0.984082       0.322438       0.048717      -0.270006       0.984082      -0.322438      -0.750000
       3.914000      -0.049701       0.270327      -0.983488       0.319177       0.049701      -0.270327       0.983488      -0.319177      -0.750000
       3.915000      -0.050684       0.270645      -0.982885       0.315929       0.050684      -0.270645       0.982885      -0.315929      -0.750000
       3.916000      -0.051667       0.270959      -0.982274       0.312695       0.051667      -0.270959       0.982274      -0.312695      -0.750000
       3.917000      -0.052649       0.271270      -0.981654       0.309474       0.052649      -0.271270       0.981654      -0.309474      -0.750000
       3.918000      -0.053630       0.271578      -0.981026       0.306267       0.053630      -0.271578       0.981026      -0.306267      -0.750000
       3.919000      -0.054611       0.271883      -0.980390       0.303073       0.054611      -0.271883       0.980390      -0.303073      -0.750000
       3.920000      -0.055591       0.272184      -0.979746       0.299892       0.055591      -0.272184       0.979746      -0.299892      -0.750000
       3.921000      -0.056570       0.272482      -0.979094       0.296725       0.056570      -0.272482       0.979094      -0.296725      -0.750000
       3.922000      -0.057549       0.272778      -0.978434       0.293571       0.057549      -0.272778       0.978434      -0.293571      -0.750000
       3.923000      -0.058527       0.273070      -0.977766       0.290430       0.058527      -0.273070       0.977766      -0.290430      -0.750000
       3.924000      -0.059504       0.273358      -0.977090       0.287302       0.059504      -0.273358       0.977090      -0.287302      -0.750000
       3.925000      -0.060481       0.273644      -0.976407       0.284188       0.060481      -0.273644       0.976407      -0.284188      -0.750000
       3.926000      -0.061457       0.273927      -0.975716       0.281086       0.061457      -0.273927       0.975716      -0.281086      -0.750000
       3.927000      -0.062433       0.274206      -0.975018       0.277997       0.062433      -0.274206       0.975018      -0.277997      -0.750000
       3.928000      -0.063407       0.274483      -0.974313       0.274922       0.063407      -0.274483       0.974313      -0.274922      -0.750000
       3.929000      -0.064381       0.274756      -0.973600       0.271859       0.064381      -0.274756       0.973600      -0.271859      -0.750000
       3.930000      -0.065354       0.275026      -0.972880       0.268809       0.065354      -0.275026       0.972880      -0.268809      -0.750000
       3.931000      -0.066327       0.275294      -0.972154       0.265771       0.066327      -0.275294       0.972154      -0.265771      -0.750000
       3.932000      -0.067299       0.275558      -0.971420       0.262746       0.067299      -0.275558       0.971420      -0.262746      -0.750000
       3.933000      -0.068270       0.275819      -0.970679       0.259734       0.068270      -0.275819       0.970679      -0.259734      -0.750000
       3.934000      -0.069240       0.276077      -0.969932       0.256735       0.069240      -0.276077       0.969932      -0.256735      -0.750000
       3.935000      -0.070210       0.276333      -0.969178       0.253748       0.070210      -0.276333       0.969178      -0.253748      -0.750000
       3.936000      -0.071178       0.276585      -0.968417       0.250773       0.071178      -0.276585       0.968417      -0.250773      -0.750000
       3.937000      -0.072146       0.276834      -0.967650       0.247811       0.072146      -0.276834       0.967650      -0.247811      -0.750000
       3.938000      -0.073114       0.277081      -0.966877       0.244862       0.073114      -0.277081       0.966877      -0.244862      -0.750000
       3.939000      -0.074080       0.277324      -0.966097       0.241924       0.074080      -0.277324       0.966097      -0.241924      -0.750000
       3.940000      -0.075046       0.277564      -0.965311       0.238999       0.075046      -0.277564       0.965311      -0.238999      -0.750000
       3.941000      -0.076011       0.277802      -0.964518       0.236086       0.076011      -0.277802       0.964518      -0.236086      -0.750000
       3.942000      -0.076975       0.278037      -0.963720       0.233185       0.076975      -0.278037       0.963720      -0.233185      -0.750000
       3.943000      -0.077938       0.278268      -0.962915       0.230296       0.077938      -0.278268       0.962915      -0.230296      -0.750000
       3.944000      -0.078901       0.278497      -0.962105       0.227419       0.078901      -0.278497       0.962105      -0.227419      -0.750000
       3.945000      -0.079862       0.278723      -0.961289       0.224554       0.079862      -0.278723       0.961289      -0.224554      -0.750000
       3.946000      -0.080823       0.278946      -0.960467       0.221702       0.080823      -0.278946       0.960467      -0.221702      -0.750000
       3.947000      -0.081783       0.279167      -0.959639       0.218860       0.081783      -0.279167       0.959639      -0.218860      -0.750000
       3.948000      -0.082743       0.279384      -0.958806       0.216031       0.082743      -0.279384       0.958806      -0.216031      -0.750000
       3.949000      -0.083701       0.279599      -0.957967       0.213214       0.083701      -0.279599       0.957967      -0.213214      -0.750000
       3.950000      -0.084659       0.279810      -0.957122       0.210408       0.084659      -0.279810       0.957122      -0.210408      -0.750000
       3.951000      -0.085615       0.280019      -0.956273       0.207614       0.085615      -0.280019       0.956273      -0.207614      -0.750000
       3.952000      -0.086571       0.280226      -0.955417       0.204831       0.086571      -0.280226       0.955417      -0.204831      -0.750000
       3.953000      -0.087526       0.280429      -0.954557       0.202060       0.087526      -0.280429       0.954557      -0.202060      -0.750000
       3.954000      -0.088480       0.280630      -0.953691       0.199301       0.088480      -0.280630       0.953691      -0.199301      -0.750000
       3.955000      -0.089433       0.280828      -0.952820       0.196553       0.089433      -0.280828       0.952820      -0.196553      -0.750000
       3.956000      -0.090386       0.281023      -0.951945       0.193816       0.090386      -0.281023       0.951945      -0.193816      -0.750000
       3.957000      -0.091337       0.281215      -0.951064       0.191090       0.091337      -0.281215       0.951064      -0.191090      -0.750000
       3.958000      -0.092288       0.281405      -0.950178       0.188376       0.092288      -0.281405       0.950178      -0.188376      -0.750000
       3.959000      -0.093238       0.281592      -0.949287       0.185673       0.093238      -0.281592       0.949287      -0.185673      -0.750000
       3.960000      -0.094187       0.281776      -0.948392       0.182982       0.094187      -0.281776       0.948392      -0.182982      -0.750000
       3.961000      -0.095135       0.281958      -0.947491       0.180301       0.095135      -0.281958       0.947491      -0.180301      -0.750000
       3.962000      -0.096082       0.282137      -0.946587       0.177631       0.096082      -0.282137       0.946587      -0.177631      -0.750000
       3.963000      -0.097028       0.282313      -0.945677       0.174973       0.097028      -0.282313       0.945677      -0.174973      -0.750000
       3.964000      -0.097973       0.282487      -0.944763       0.172325       0.097973      -0.282487       0.944763      -0.172325      -0.750000
       3.965000      -0.098917       0.282658      -0.943844       0.169689       0.098917      -0.282658       0.943844      -0.169689      -0.750000
       3.966000      -0.099861       0.282826      -0.942921       0.167063       0.099861      -0.282826       0.942921      -0.167063      -0.750000
       3.967000      -0.100803       0.282992      -0.941994       0.164448       0.100803      -0.282992       0.941994      -0.164448      -0.750000
       3.968000      -0.101745       0.283155      -0.941062       0.161844       0.101745      -0.283155       0.941062      -0.161844      -0.750000
       3.969000      -0.102685       0.283316      -0.940126       0.159250       0.102685      -0.283316       0.940126      -0.159250      -0.750000
       3.970000      -0.103625       0.283474      -0.939186       0.156667       0.103625      -0.283474       0.939186      -0.156667      -0.750000
       3.971000      -0.104564       0.283629      -0.938242       0.154095       0.104564      -0.283629       0.938242      -0.154095      -0.750000
       3.972000      -0.105501       0.283782      -0.937293       0.151533       0.105501      -0.283782       0.937293      -0.151533      -0.750000
       3.973000      -0.106438       0.283932      -0.936341       0.148982       0.106438      -0.283932       0.936341      -0.148982      -0.750000
       3.974000      -0.107374       0.284080      -0.935385       0.146441       0.107374      -0.284080       0.935385      -0.146441      -0.750000
       3.975000      -0.108309       0.284225      -0.934424       0.143911       0.108309      -0.284225       0.934424      -0.143911      -0.750000
       3.976000      -0.109243       0.284368      -0.933460       0.141391       0.109243      -0.284368       0.933460      -0.141391      -0.750000
       3.977000      -0.110176       0.284508      -0.932492       0.138881       0.110176      -0.284508       0.932492      -0.138881      -0.750000
       3.978000      -0.111108       0.284645      -0.931520       0.136382       0.111108      -0.284645       0.931520      -0.136382      -0.750000
       3.979000      -0.112039       0.284781      -0.930545       0.133893       0.112039      -0.284781       0.930545      -0.133893      -0.750000
       3.980000      -0.112969       0.284913      -0.929566       0.131414       0.112969      -0.284913       0.929566      -0.131414      -0.750000
       3.981000      -0.113898       0.285043      -0.928583       0.128945       0.113898      -0.285043       0.928583      -0.128945      -0.750000
       3.982000      -0.114826       0.285171      -0.927597       0.126486       0.114826      -0.285171       0.927597      -0.126486      -0.750000
       3.983000      -0.115753       0.285296      -0.926607       0.124037       0.115753      -0.285296       0.926607      -0.124037      -0.750000
       3.984000      -0.116679       0.285419      -0.925614       0.121598       0.116679      -0.285419       0.925614      -0.121598      -0.750000
       3.985000      -0.117604       0.285540      -0.924617       0.119169       0.117604      -0.285540       0.924617      -0.119169      -0.750000
       3.986000      -0.118529       0.285658      -0.923617       0.116750       0.118529      -0.285658       0.923617      -0.116750      -0.750000
       3.987000      -0.119452       0.285773      -0.922614       0.114341       0.119452      -0.285773       0.922614      -0.114341      -0.750000
       3.988000      -0.120374       0.285886      -0.921607       0.111942       0.120374      -0.285886       0.921607      -0.111942      -0.750000
       3.989000      -0.121295       0.285997      -0.920597       0.109552       0.121295      -0.285997       0.920597      -0.109552      -0.750000
       3.990000      -0.122215       0.286105      -0.919584       0.107172       0.122215      -0.286105       0.919584      -0.107172      -0.750000
       3.991000      -0.123134       0.286211      -0.918568       0.104801       0.123134      -0.286211       0.918568      -0.104801      -0.750000
       3.992000      -0.124052       0.286315      -0.917549       0.102441       0.124052      -0.286315       0.917549      -0.102441      -0.750000
       3.993000      -0.124969       0.286416      -0.916527       0.100089       0.124969      -0.286416       0.916527      -0.100089      -0.750000
       3.994000      -0.125885       0.286515      -0.915501       0.097748       0.125885      -0.286515       0.915501      -0.097748      -0.750000
       3.995000      -0.126800       0.286612      -0.914473       0.095415       0.126800      -0.286612       0.914473      -0.095415      -0.750000
       3.996000      -0.127714       0.286706      -0.913442       0.093092       0.127714      -0.286706       0.913442      -0.093092      -0.750000
       3.997000      -0.128627       0.286798      -0.912408       0.090779       0.128627      -0.286798       0.912408      -0.090779      -0.750000
       3.998000      -0.129539       0.286888      -0.911371       0.088475       0.129539      -0.286888       0.911371      -0.088475      -0.750000
       3.999000      -0.130450       0.286975      -0.910331       0.086180       0.130450      -0.286975       0.910331      -0.086180      -0.750000
       4.000000      -0.131360       0.287060      -0.909289       0.083894       0.131360      -0.287060       0.909289      -0.083894      -0.750000
       4.001000      -0.132268       0.287143      -0.908243       0.081618       0.132268      -0.287143       0.908243      -0.081618      -0.750000
       4.002000      -0.133176       0.287223      -0.907196       0.079350       0.133176      -0.287223       0.907196      -0.079350      -0.750000
       4.003000      -0.134083       0.287301      -0.906145       0.077092       0.134083      -0.287301       0.906145      -0.077092      -0.750000
       4.004000      -0.134988       0.287377      -0.905092       0.074843       0.134988      -0.287377       0.905092      -0.074843      -0.750000
       4.005000      -0.135893       0.287451      -0.904036       0.072603       0.135893      -0.287451       0.904036      -0.072603      -0.750000
       4.006000      -0.136796       0.287523      -0.902978       0.070371       0.136796      -0.287523       0.902978      -0.070371      -0.750000
       4.007000      -0.137699       0.287592      -0.901918       0.068149       0.137699      -0.287592       0.901918      -0.068149      -0.750000
       4.008000      -0.138600       0.287659      -0.900854       0.065936       0.138600      -0.287659       0.900854      -0.065936      -0.750000
       4.009000      -0.139501       0.287724      -0.899789       0.063731       0.139501      -0.287724       0.899789      -0.063731      -0.750000
       4.010000      -0.140400       0.287786      -0.898721       0.061535       0.140400      -0.287786       0.898721      -0.061535      -0.750000
       4.011000      -0.141298       0.287847      -0.897651       0.059348       0.141298      -0.287847       0.897651      -0.059348      -0.750000
       4.012000      -0.142195       0.287905      -0.896578       0.057170       0.142195      -0.287905       0.896578      -0.057170      -0.750000
       4.013000      -0.143091       0.287961      -0.895503       0.055001       0.143091      -0.287961       0.895503      -0.055001      -0.750000
       4.014000      -0.143986       0.288015      -0.894426       0.052840       0.143986      -0.288015       0.894426      -0.052840      -0.750000
       4.015000      -0.144880       0.288067      -0.893347       0.050687       0.144880      -0.288067       0.893347      -0.050687      -0.750000
       4.016000      -0.145773       0.288116      -0.892266       0.048543       0.145773      -0.288116       0.892266      -0.048543      -0.750000
       4.017000      -0.146665       0.288164      -0.891182       0.046408       0.146665      -0.288164       0.891182      -0.046408      -0.750000
       4.018000      -0.147555       0.288209      -0.890096       0.044281       0.147555      -0.288209       0.890096      -0.044281      -0.750000
       4.019000      -0.148445       0.288252      -0.889009       0.042163       0.148445      -0.288252       0.889009      -0.042163      -0.750000
       4.020000      -0.149333       0.288293      -0.887919       0.040053       0.149333      -0.288293       0.887919      -0.040053      -0.750000
       4.021000      -0.150221       0.288332      -0.886827       0.037951       0.150221      -0.288332       0.886827      -0.037951      -0.750000
       4.022000      -0.151107       0.288369      -0.885733       0.035858       0.151107      -0.288369       0.885733      -0.035858      -0.750000
       4.023000      -0.151992       0.288404      -0.884637       0.033773       0.151992      -0.288404       0.884637      -0.033773      -0.750000
       4.024000      -0.152876       0.288437      -0.883540       0.031696       0.152876      -0.288437       0.883540      -0.031696      -0.750000
       4.025000      -0.153759       0.288468      -0.882440       0.029627       0.153759      -0.288468       0.882440      -0.029627      -0.750000
       4.026000      -0.154641       0.288496      -0.881339       0.027566       0.154641      -0.288496       0.881339      -0.027566      -0.750000
       4.027000      -0.155522       0.288523      -0.880236       0.025514       0.155522      -0.288523       0.880236      -0.025514      -0.750000
       4.028000      -0.156402       0.288547      -0.879131       0.023470       0.156402      -0.288547       0.879131      -0.023470      -0.750000
       4.029000      -0.157280       0.288570      -0.878024       0.021433       0.157280      -0.288570       0.878024      -0.021433      -0.750000
       4.030000      -0.158158       0.288590      -0.876915       0.019405       0.158158      -0.288590       0.876915      -0.019405      -0.750000
       4.031000      -0.159034       0.288608      -0.875805       0.017384       0.159034      -0.288608       0.875805      -0.017384      -0.750000
       4.032000      -0.159909       0.288625      -0.874693       0.015372       0.159909      -0.288625       0.874693      -0.015372      -0.750000
       4.033000      -0.160783       0.288639      -0.873579       0.013367       0.160783      -0.288639       0.873579      -0.013367      -0.750000
       4.034000      -0.161656       0.288652      -0.872464       0.011371       0.161656      -0.288652       0.872464      -0.011371      -0.750000
       4.035000      -0.162528       0.288662      -0.871347       0.009382       0.162528      -0.288662       0.871347      -0.009382      -0.750000
       4.036000      -0.163399       0.288670      -0.870229       0.007400       0.163399      -0.288670       0.870229      -0.007400      -0.750000
       4.037000      -0.164269       0.288677      -0.869109       0.005427       0.164269      -0.288677       0.869109      -0.005427      -0.750000
       4.038000      -0.165137       0.288681      -0.867987       0.003461       0.165137      -0.288681       0.867987      -0.003461      -0.750000
       4.039000      -0.166005       0.288684      -0.866864       0.001503       0.166005      -0.288684       0.866864      -0.001503      -0.750000
       4.040000      -0.166871       0.288684      -0.865740      -0.000447       0.166871      -0.288684       0.865740       0.000447      -0.750000
       4.041000      -0.167736       0.288683      -0.864614      -0.002390       0.167736      -0.288683       0.864614       0.002390      -0.750000
       4.042000      -0.168600       0.288679      -0.863486      -0.004326       0.168600      -0.288679       0.863486       0.004326      -0.750000
       4.043000      -0.169463       0.288674      -0.862357      -0.006254       0.169463      -0.288674       0.862357       0.006254      -0.750000
       4.044000      -0.170325       0.288667      -0.861227      -0.008174       0.170325      -0.288667       0.861227       0.008174      -0.750000
       4.045000      -0.171186       0.288658      -0.860096      -0.010087       0.171186      -0.288658       0.860096       0.010087      -0.750000
       4.046000      -0.172045       0.288647      -0.858963      -0.011992       0.172045      -0.288647       0.858963       0.011992      -0.750000
       4.047000      -0.172903       0.288634      -0.857828      -0.013891       0.172903      -0.288634       0.857828       0.013891      -0.750000
       4.048000      -0.173761       0.288619      -0.856693      -0.015781       0.173761      -0.288619       0.856693       0.015781      -0.750000
       4.049000      -0.174617       0.288602      -0.855556      -0.017665       0.174617      -0.288602       0.855556       0.017665      -0.750000
       4.050000      -0.175472       0.288584      -0.854418      -0.019541       0.175472      -0.288584       0.854418       0.019541      -0.750000
       4.051000      -0.176326       0.288563      -0.853279      -0.021410       0.176326      -0.288563       0.853279       0.021410      -0.750000
       4.052000      -0.177178       0.288541      -0.852138      -0.023272       0.177178      -0.288541       0.852138       0.023272      -0.750000
       4.053000      -0.178030       0.288517      -0.850997      -0.025127       0.178030      -0.288517       0.850997       0.025127      -0.750000
       4.054000      -0.178880       0.288491      -0.849854      -0.026974       0.178880      -0.288491       0.849854       0.026974      -0.750000
       4.055000      -0.179730       0.288463      -0.848710      -0.028815       0.179730      -0.288463       0.848710       0.028815      -0.750000
       4.056000      -0.180578       0.288433      -0.847565      -0.030648       0.180578      -0.288433       0.847565       0.030648      -0.750000
       4.057000      -0.181425       0.288401      -0.846419      -0.032474       0.181425      -0.288401       0.846419       0.032474      -0.750000
       4.058000      -0.182271       0.288368      -0.845272      -0.034294       0.182271      -0.288368       0.845272       0.034294      -0.750000
       4.059000      -0.183115       0.288333      -0.844123      -0.036106       0.183115      -0.288333       0.844123       0.036106      -0.750000
       4.060000      -0.183959       0.288296      -0.842974      -0.037911       0.183959      -0.288296       0.842974       0.037911      -0.750000
       4.061000      -0.184801       0.288257      -0.841824      -0.039710       0.184801      -0.288257       0.841824       0.039710      -0.750000
       4.062000      -0.185643       0.288216      -0.840672      -0.041501       0.185643      -0.288216       0.840672       0.041501      -0.750000
       4.063000      -0.186483       0.288174      -0.839520      -0.043286       0.186483      -0.288174       0.839520       0.043286      -0.750000
       4.064000      -0.187322       0.288130      -0.838367      -0.045064       0.187322      -0.288130       0.838367       0.045064      -0.750000
       4.065000      -0.188159       0.288084      -0.837213      -0.046836       0.188159      -0.288084       0.837213       0.046836      -0.750000
       4.066000      -0.188996       0.288036      -0.836058      -0.048600       0.188996      -0.288036       0.836058       0.048600      -0.750000
       4.067000      -0.189832       0.287987      -0.834902      -0.050358       0.189832      -0.287987       0.834902       0.050358      -0.750000
       4.068000      -0.190666       0.287935      -0.833745      -0.052109       0.190666      -0.287935       0.833745       0.052109      -0.750000
       4.069000      -0.191499       0.287882      -0.832587      -0.053854       0.191499      -0.287882       0.832587       0.053854      -0.750000
       4.070000      -0.192331       0.287828      -0.831428      -0.055591       0.192331      -0.287828       0.831428       0.055591      -0.750000
       4.071000      -0.193162       0.287771      -0.830269      -0.057323       0.193162      -0.287771       0.830269       0.057323      -0.750000
       4.072000      -0.193992       0.287713      -0.829108      -0.059047       0.193992      -0.287713       0.829108       0.059047      -0.750000
       4.073000      -0.194820       0.287653      -0.827947      -0.060766       0.194820      -0.287653       0.827947       0.060766      -0.750000
       4.074000      -0.195647       0.287592      -0.826785      -0.062477       0.195647      -0.287592       0.826785       0.062477      -0.750000
       4.075000      -0.196474       0.287528      -0.825623      -0.064183       0.196474      -0.287528       0.825623       0.064183      -0.750000
       4.076000      -0.197299       0.287463      -0.824459      -0.065881       0.197299      -0.287463       0.824459       0.065881      -0.750000
       4.077000      -0.198123       0.287396      -0.823295      -0.067574       0.198123      -0.287396       0.823295       0.067574      -0.750000
       4.078000      -0.198945       0.287328      -0.822130      -0.069260       0.198945      -0.287328       0.822130       0.069260      -0.750000
       4.079000      -0.199767       0.287258      -0.820965      -0.070940       0.199767      -0.287258       0.820965       0.070940      -0.750000
       4.080000      -0.200587       0.287186      -0.819799      -0.072613       0.200587      -0.287186       0.819799       0.072613      -0.750000
       4.081000      -0.201406       0.287113      -0.818632      -0.074280       0.201406      -0.287113       0.818632       0.074280      -0.750000
       4.082000      -0.202224       0.287038      -0.817464      -0.075941       0.202224      -0.287038       0.817464       0.075941      -0.750000
       4.083000      -0.203041       0.286961      -0.816296      -0.077596       0.203041      -0.286961       0.816296       0.077596      -0.750000
       4.084000      -0.203857       0.286882      -0.815127      -0.079244       0.203857      -0.286882       0.815127       0.079244      -0.750000
       4.085000      -0.204672       0.286802      -0.813958      -0.080886       0.204672      -0.286802       0.813958       0.080886      -0.750000
       4.086000      -0.205485       0.286721      -0.812787      -0.082522       0.205485      -0.286721       0.812787       0.082522      -0.750000
       4.087000      -0.206297       0.286637      -0.811617      -0.084152       0.206297      -0.286637       0.811617       0.084152      -0.750000
       4.088000      -0.207108       0.286552      -0.810446      -0.085776       0.207108      -0.286552       0.810446       0.085776      -0.750000
       4.089000      -0.207918       0.286466      -0.809274      -0.087394       0.207918      -0.286466       0.809274       0.087394      -0.750000
       4.090000      -0.208727       0.286378      -0.808102      -0.089006       0.208727      -0.286378       0.808102       0.089006      -0.750000
       4.091000      -0.209534       0.286288      -0.806929      -0.090612       0.209534      -0.286288       0.806929       0.090612      -0.750000
       4.092000      -0.210341       0.286196      -0.805755      -0.092211       0.210341      -0.286196       0.805755       0.092211      -0.750000
       4.093000      -0.211146       0.286103      -0.804581      -0.093805       0.211146      -0.286103       0.804581       0.093805      -0.750000
       4.094000      -0.211950       0.286009      -0.803407      -0.095393       0.211950      -0.286009       0.803407       0.095393      -0.750000
       4.095000      -0.212753       0.285912      -0.802232      -0.096975       0.212753      -0.285912       0.802232       0.096975      -0.750000
       4.096000      -0.213554       0.285815      -0.801057      -0.098552       0.213554      -0.285815       0.801057       0.098552      -0.750000
       4.097000      -0.214355       0.285715      -0.799881      -0.100122       0.214355      -0.285715       0.799881       0.100122      -0.750000
       4.098000      -0.215154       0.285614      -0.798705      -0.101687       0.215154      -0.285614       0.798705       0.101687      -0.750000
       4.099000      -0.215952       0.285512      -0.797528      -0.103245       0.215952      -0.285512       0.797528       0.103245      -0.750000
       4.100000      -0.216749       0.285408      -0.796351      -0.104798       0.216749      -0.285408       0.796351       0.104798      -0.750000
       4.101000      -0.217545       0.285302      -0.795174      -0.106346       0.217545      -0.285302       0.795174       0.106346      -0.750000
       4.102000      -0.218339       0.285195      -0.793996      -0.107887       0.218339      -0.285195       0.793996       0.107887      -0.750000
       4.103000      -0.219133       0.285087      -0.792818      -0.109423       0.219133      -0.285087       0.792818       0.109423      -0.750000
       4.104000      -0.219925       0.284976      -0.791639      -0.110953       0.219925      -0.284976       0.791639       0.110953      -0.750000
       4.105000      -0.220716       0.284865      -0.790461      -0.112478       0.220716      -0.284865       0.790461       0.112478      -0.750000
       4.106000      -0.221506       0.284751      -0.789281      -0.113997       0.221506      -0.284751       0.789281       0.113997      -0.750000
       4.107000      -0.222295       0.284637      -0.788102      -0.115510       0.222295      -0.284637       0.788102       0.115510      -0.750000
       4.108000      -0.223082       0.284520      -0.786922      -0.117018       0.223082      -0.284520       0.786922       0.117018      -0.750000
       4.109000      -0.223869       0.284403      -0.785742      -0.118520       0.223869      -0.284403       0.785742       0.118520      -0.750000
       4.110000      -0.224654       0.284283      -0.784561      -0.120017       0.224654      -0.284283       0.784561       0.120017      -0.750000
       4.111000      -0.225438       0.284163      -0.783380      -0.121508       0.225438      -0.284163       0.783380       0.121508      -0.750000
       4.112000      -0.226220       0.284040      -0.782199      -0.122994       0.226220      -0.284040       0.782199       0.122994      -0.750000
       4.113000      -0.227002       0.283917      -0.781018      -0.124475       0.227002      -0.283917       0.781018       0.124475      -0.750000
       4.114000      -0.227782       0.283791      -0.779836      -0.125950       0.227782      -0.283791       0.779836       0.125950      -0.750000
       4.115000      -0.228562       0.283665      -0.778654      -0.127419       0.228562      -0.283665       0.778654       0.127419      -0.750000
       4.116000      -0.229340       0.283537      -0.777472      -0.128883       0.229340      -0.283537       0.777472       0.128883      -0.750000
       4.117000      -0.230117       0.283407      -0.776290      -0.130342       0.230117      -0.283407       0.776290       0.130342      -0.750000
       4.118000      -0.230892       0.283276      -0.775108      -0.131796       0.230892      -0.283276       0.775108       0.131796      -0.750000
       4.119000      -0.231667       0.283143      -0.773925      -0.133244       0.231667      -0.283143       0.773925       0.133244      -0.750000
       4.120000      -0.232440       0.283009      -0.772742      -0.134687       0.232440      -0.283009       0.772742       0.134687      -0.750000
       4.121000      -0.233212       0.282874      -0.771559      -0.136125       0.233212      -0.282874       0.771559       0.136125      -0.750000
       4.122000      -0.233983       0.282737      -0.770375      -0.137558       0.233983      -0.282737       0.770375       0.137558      -0.750000
       4.123000      -0.234753       0.282599      -0.769192      -0.138985       0.234753      -0.282599       0.769192       0.138985      -0.750000
       4.124000      -0.235522       0.282459      -0.768008      -0.140407       0.235522      -0.282459       0.768008       0.140407      -0.750000
       4.125000      -0.236289       0.282318      -0.766825      -0.141824       0.236289      -0.282318       0.766825       0.141824      -0.750000
       4.126000      -0.237055       0.282176      -0.765641      -0.143236       0.237055      -0.282176       0.765641       0.143236      -0.750000
       4.127000      -0.237820       0.282032      -0.764457      -0.144643       0.237820      -0.282032       0.764457       0.144643      -0.750000
       4.128000      -0.238584       0.281886      -0.763272      -0.146045       0.238584      -0.281886       0.763272       0.146045      -0.750000
       4.129000      -0.239347       0.281740      -0.762088      -0.147441       0.239347      -0.281740       0.762088       0.147441      -0.750000
       4.130000      -0.240108       0.281591      -0.760904      -0.148833       0.240108      -0.281591       0.760904       0.148833      -0.750000
       4.131000      -0.240869       0.281442      -0.759719      -0.150220       0.240869      -0.281442       0.759719       0.150220      -0.750000
       4.132000      -0.241628       0.281291      -0.758534      -0.151601       0.241628      -0.281291       0.758534       0.151601      -0.750000
       4.133000      -0.242386       0.281139      -0.757350      -0.152978       0.242386      -0.281139       0.757350       0.152978      -0.750000
       4.134000      -0.243143       0.280985      -0.756165      -0.154350       0.243143      -0.280985       0.756165       0.154350      -0.750000
       4.135000      -0.243898       0.280830      -0.754980      -0.155716       0.243898      -0.280830       0.754980       0.155716      -0.750000
       4.136000      -0.244653       0.280674      -0.753795      -0.157078       0.244653      -0.280674       0.753795       0.157078      -0.750000
       4.137000      -0.245406       0.280516      -0.752610      -0.158435       0.245406      -0.280516       0.752610       0.158435      -0.750000
       4.138000      -0.246158       0.280357      -0.751425      -0.159787       0.246158      -0.280357       0.751425       0.159787      -0.750000
       4.139000      -0.246909       0.280196      -0.750240      -0.161134       0.246909      -0.280196       0.750240       0.161134      -0.750000
       4.140000      -0.247658       0.280034      -0.749055      -0.162477       0.247658      -0.280034       0.749055       0.162477      -0.750000
       4.141000      -0.248407       0.279871      -0.747870      -0.163814       0.248407      -0.279871       0.747870       0.163814      -0.750000
       4.142000      -0.249154       0.279707      -0.746685      -0.165147       0.249154      -0.279707       0.746685       0.165147      -0.750000
       4.143000      -0.249900       0.279541      -0.745500      -0.166475       0.249900      -0.279541       0.745500       0.166475      -0.750000
       4.144000      -0.250645       0.279374      -0.744315      -0.167799       0.250645      -0.279374       0.744315       0.167799      -0.750000
       4.145000      -0.251389       0.279205      -0.743130      -0.169117       0.251389      -0.279205       0.743130       0.169117      -0.750000
       4.146000      -0.252131       0.279036      -0.741945      -0.170431       0.252131      -0.279036       0.741945       0.170431      -0.750000
       4.147000      -0.252873       0.278865      -0.740760      -0.171740       0.252873      -0.278865       0.740760       0.171740      -0.750000
       4.148000      -0.253613       0.278692      -0.739574      -0.173045       0.253613      -0.278692       0.739574       0.173045      -0.750000
       4.149000      -0.254352       0.278518      -0.738389      -0.174345       0.254352      -0.278518       0.738389       0.174345      -0.750000
       4.150000      -0.255090       0.278343      -0.737204      -0.175640       0.255090      -0.278343       0.737204       0.175640      -0.750000
       4.151000      -0.255826       0.278167      -0.736020      -0.176931       0.255826      -0.278167       0.736020       0.176931      -0.750000
       4.152000      -0.256562       0.277990      -0.734835      -0.178217       0.256562      -0.277990       0.734835       0.178217      -0.750000
       4.153000      -0.257296       0.277811      -0.733650      -0.179498       0.257296      -0.277811       0.733650       0.179498      -0.750000
       4.154000      -0.258029       0.277631      -0.732465      -0.180775       0.258029      -0.277631       0.732465       0.180775      -0.750000
       4.155000      -0.258761       0.277449      -0.731280      -0.182048       0.258761      -0.277449       0.731280       0.182048      -0.750000
       4.156000      -0.259491       0.277267      -0.730096      -0.183316       0.259491      -0.277267       0.730096       0.183316      -0.750000
       4.157000      -0.260221       0.277083      -0.728911      -0.184579       0.260221      -0.277083       0.728911       0.184579      -0.750000
       4.158000      -0.260949       0.276897      -0.727727      -0.185838       0.260949      -0.276897       0.727727       0.185838      -0.750000
       4.159000      -0.261676       0.276711      -0.726543      -0.187093       0.261676      -0.276711       0.726543       0.187093      -0.750000
       4.160000      -0.262402       0.276523      -0.725358      -0.188343       0.262402      -0.276523       0.725358       0.188343      -0.750000
       4.161000      -0.263127       0.276334      -0.724174      -0.189589       0.263127      -0.276334       0.724174       0.189589      -0.750000
       4.162000      -0.263851       0.276144      -0.722990      -0.190830       0.263851      -0.276144       0.722990       0.190830      -0.750000
       4.163000      -0.264573       0.275953      -0.721806      -0.192067       0.264573      -0.275953       0.721806       0.192067      -0.750000
       4.164000      -0.265294       0.275760      -0.720622      -0.193299       0.265294      -0.275760       0.720622       0.193299      -0.750000
       4.165000      -0.266014       0.275566      -0.719439      -0.194528       0.266014      -0.275566       0.719439       0.194528      -0.750000
       4.166000      -0.266733       0.275371      -0.718255      -0.195752       0.266733      -0.275371       0.718255       0.195752      -0.750000
       4.167000      -0.267451       0.275174      -0.717072      -0.196971       0.267451      -0.275174       0.717072       0.196971      -0.750000
       4.168000      -0.268167       0.274977      -0.715889      -0.198187       0.268167      -0.274977       0.715889       0.198187      -0.750000
       4.169000      -0.268883       0.274778      -0.714706      -0.199398       0.268883      -0.274778       0.714706       0.199398      -0.750000
       4.170000      -0.269597       0.274578      -0.713523      -0.200605       0.269597      -0.274578       0.713523       0.200605      -0.750000
       4.171000      -0.270310       0.274377      -0.712340      -0.201807       0.270310      -0.274377       0.712340       0.201807      -0.750000
       4.172000      -0.271021       0.274174      -0.711157      -0.203005       0.271021      -0.274174       0.711157       0.203005      -0.750000
       4.173000      -0.271732       0.273971      -0.709975      -0.204200       0.271732      -0.273971       0.709975       0.204200      -0.750000
       4.174000      -0.272441       0.273766      -0.708793      -0.205390       0.272441      -0.273766       0.708793       0.205390      -0.750000
       4.175000      -0.273150       0.273560      -0.707611      -0.206576       0.273150      -0.273560       0.707611       0.206576      -0.750000
       4.176000      -0.273857       0.273353      -0.706429      -0.207757       0.273857      -0.273353       0.706429       0.207757      -0.750000
       4.177000      -0.274562       0.273145      -0.705247      -0.208935       0.274562      -0.273145       0.705247       0.208935      -0.750000
       4.178000      -0.275267       0.272935      -0.704065      -0.210108       0.275267      -0.272935       0.704065       0.210108      -0.750000
       4.179000      -0.275971       0.272724      -0.702884      -0.211278       0.275971      -0.272724       0.702884       0.211278      -0.750000
       4.180000      -0.276673       0.272512      -0.701703      -0.212443       0.276673      -0.272512       0.701703       0.212443      -0.750000
       4.181000      -0.277374       0.272299      -0.700522      -0.213604       0.277374      -0.272299       0.700522       0.213604      -0.750000
       4.182000      -0.278074       0.272085      -0.699341      -0.214761       0.278074      -0.272085       0.699341       0.214761      -0.750000
       4.183000      -0.278773       0.271870      -0.698161      -0.215915       0.278773      -0.271870       0.698161       0.215915      -0.750000
       4.184000      -0.279470       0.271653      -0.696981      -0.217064       0.279470      -0.271653       0.696981       0.217064      -0.750000
       4.185000      -0.280167       0.271436      -0.695801      -0.218209       0.280167      -0.271436       0.695801       0.218209      -0.750000
       4.186000      -0.280862       0.271217      -0.694621      -0.219350       0.280862      -0.271217       0.694621       0.219350      -0.750000
       4.187000      -0.281556       0.270997      -0.693441      -0.220487       0.281556      -0.270997       0.693441       0.220487      -0.750000
       4.188000      -0.282249       0.270776      -0.692262      -0.221621       0.282249      -0.270776       0.692262       0.221621      -0.750000
       4.189000      -0.282940       0.270554      -0.691083      -0.222750       0.282940      -0.270554       0.691083       0.222750      -0.750000
       4.190000      -0.283631       0.270331      -0.689904      -0.223875       0.283631      -0.270331       0.689904       0.223875      -0.750000
       4.191000      -0.284320       0.270106      -0.688725      -0.224997       0.284320      -0.270106       0.688725       0.224997      -0.750000
       4.192000      -0.285008       0.269881      -0.687547      -0.226115       0.285008      -0.269881       0.687547       0.226115      -0.750000
       4.193000      -0.285695       0.269654      -0.686369      -0.227228       0.285695      -0.269654       0.686369       0.227228      -0.750000
       4.194000      -0.286381       0.269426      -0.685191      -0.228338       0.286381      -0.269426       0.685191       0.228338      -0.750000
       4.195000      -0.287066       0.269197      -0.684013      -0.229444       0.287066      -0.269197       0.684013       0.229444      -0.750000
       4.196000      -0.287749       0.268967      -0.682836      -0.230547       0.287749      -0.268967       0.682836       0.230547      -0.750000
       4.197000      -0.288431       0.268736      -0.681659      -0.231645       0.288431      -0.268736       0.681659       0.231645      -0.750000
       4.198000      -0.289112       0.268504      -0.680482      -0.232740       0.289112      -0.268504       0.680482       0.232740      -0.750000
       4.199000      -0.289792       0.268271      -0.679305      -0.233831       0.289792      -0.268271       0.679305       0.233831      -0.750000
       4.200000      -0.290471       0.268036      -0.678129      -0.234918       0.290471      -0.268036       0.678129       0.234918      -0.750000
       4.201000      -0.291149       0.267801      -0.676953      -0.236001       0.291149      -0.267801       0.676953       0.236001      -0.750000
       4.202000      -0.291825       0.267564      -0.675777      -0.237081       0.291825      -0.267564       0.675777       0.237081      -0.750000
       4.203000      -0.292500       0.267327      -0.674602      -0.238157       0.292500      -0.267327       0.674602       0.238157      -0.750000
       4.204000      -0.293174       0.267088      -0.673427      -0.239229       0.293174      -0.267088       0.673427       0.239229      -0.750000
       4.205000      -0.293847       0.266848      -0.672252      -0.240298       0.293847      -0.266848       0.672252       0.240298      -0.750000
       4.206000      -0.294519       0.266607      -0.671078      -0.241363       0.294519      -0.266607       0.671078       0.241363      -0.750000
       4.207000      -0.295189       0.266365      -0.669903      -0.242424       0.295189      -0.266365       0.669903       0.242424      -0.750000
       4.208000      -0.295858       0.266122      -0.668729      -0.243482       0.295858      -0.266122       0.668729       0.243482      -0.750000
       4.209000      -0.296527       0.265878      -0.667556      -0.244536       0.296527      -0.265878       0.667556       0.244536      -0.750000
       4.210000      -0.297194       0.265633      -0.666382      -0.245586       0.297194      -0.265633       0.666382       0.245586      -0.750000
       4.211000      -0.297859       0.265387      -0.665209      -0.246633       0.297859      -0.265387       0.665209       0.246633      -0.750000
       4.212000      -0.298524       0.265140      -0.664037      -0.247676       0.298524      -0.265140       0.664037       0.247676      -0.750000
       4.213000      -0.299187       0.264892      -0.662864      -0.248716       0.299187      -0.264892       0.662864       0.248716      -0.750000
       4.214000      -0.299850       0.264643      -0.661692      -0.249752       0.299850      -0.264643       0.661692       0.249752      -0.750000
       4.215000      -0.300511       0.264392      -0.660521      -0.250784       0.300511      -0.264392       0.660521       0.250784      -0.750000
       4.216000      -0.301171       0.264141      -0.659349      -0.251813       0.301171      -0.264141       0.659349       0.251813      -0.750000
       4.217000      -0.301829       0.263889      -0.658178      -0.252839       0.301829      -0.263889       0.658178       0.252839      -0.750000
       4.218000      -0.302487       0.263635      -0.657007      -0.253861       0.302487      -0.263635       0.657007       0.253861      -0.750000
       4.219000      -0.303143       0.263381      -0.655837      -0.254879       0.303143      -0.263381       0.655837       0.254879      -0.750000
       4.220000      -0.303799       0.263126      -0.654667      -0.255894       0.303799      -0.263126       0.654667       0.255894      -0.750000
       4.221000      -0.304453       0.262869      -0.653497      -0.256906       0.304453      -0.262869       0.653497       0.256906      -0.750000
       4.222000      -0.305106       0.262612      -0.652328      -0.257914       0.305106      -0.262612       0.652328       0.257914      -0.750000
       4.223000      -0.305757       0.262353      -0.651159      -0.258918       0.305757      -0.262353       0.651159       0.258918      -0.750000
       4.224000      -0.306408       0.262094      -0.649990      -0.259920       0.306408      -0.262094       0.649990       0.259920      -0.750000
       4.225000      -0.307057       0.261834      -0.648822      -0.260917       0.307057      -0.261834       0.648822       0.260917      -0.750000
       4.226000      -0.307706       0.261572      -0.647654      -0.261912       0.307706      -0.261572       0.647654       0.261912      -0.750000
       4.227000      -0.308353       0.261310      -0.646486      -0.262903       0.308353      -0.261310       0.646486       0.262903      -0.750000
       4.228000      -0.308999       0.261046      -0.645319      -0.263891       0.308999      -0.261046       0.645319       0.263891      -0.750000
       4.229000      -0.309643       0.260782      -0.644152      -0.264875       0.309643      -0.260782       0.644152       0.264875      -0.750000
       4.230000      -0.310287       0.260517      -0.642985      -0.265856       0.310287      -0.260517       0.642985       0.265856      -0.750000
       4.231000      -0.310929       0.260250      -0.641819      -0.266834       0.310929      -0.260250       0.641819       0.266834      -0.750000
       4.232000      -0.311571       0.259983      -0.640653      -0.267808       0.311571      -0.259983       0.640653       0.267808      -0.750000
       4.233000      -0.312211       0.259715      -0.639488      -0.268779       0.312211      -0.259715       0.639488       0.268779      -0.750000
       4.234000      -0.312850       0.259445      -0.638322      -0.269747       0.312850      -0.259445       0.638322       0.269747      -0.750000
       4.235000      -0.313487       0.259175      -0.637158      -0.270711       0.313487      -0.259175       0.637158       0.270711      -0.750000
       4.236000      -0.314124       0.258904      -0.635993      -0.271672       0.314124      -0.258904       0.635993       0.271672      -0.750000
       4.237000      -0.314759       0.258632      -0.634829      -0.272630       0.314759      -0.258632       0.634829       0.272630      -0.750000
       4.238000      -0.315394       0.258359      -0.633665      -0.273585       0.315394      -0.258359       0.633665       0.273585      -0.750000
       4.239000      -0.316027       0.258085      -0.632502      -0.274537       0.316027      -0.258085       0.632502       0.274537      -0.750000
       4.240000      -0.316659       0.257810      -0.631339      -0.275485       0.316659      -0.257810       0.631339       0.275485      -0.750000
       4.241000      -0.317289       0.257534      -0.630177      -0.276430       0.317289      -0.257534       0.630177       0.276430      -0.750000
       4.242000      -0.317919       0.257257      -0.629015      -0.277372       0.317919      -0.257257       0.629015       0.277372      -0.750000
       4.243000      -0.318547       0.256979      -0.627853      -0.278310       0.318547      -0.256979       0.627853       0.278310      -0.750000
       4.244000      -0.319175       0.256700      -0.626691      -0.279246       0.319175      -0.256700       0.626691       0.279246      -0.750000
       4.245000      -0.319801       0.256421      -0.625530      -0.280178       0.319801      -0.256421       0.625530       0.280178      -0.750000
       4.246000      -0.320426       0.256140      -0.624370      -0.281107       0.320426      -0.256140       0.624370       0.281107      -0.750000
       4.247000      -0.321049       0.255858      -0.623210      -0.282033       0.321049      -0.255858       0.623210       0.282033      -0.750000
       4.248000      -0.321672       0.255576      -0.622050      -0.282956       0.321672      -0.255576       0.622050       0.282956      -0.750000
       4.249000      -0.322294       0.255292      -0.620890      -0.283876       0.322294      -0.255292       0.620890       0.283876      -0.750000
       4.250000      -0.322914       0.255008      -0.619731      -0.284793       0.322914      -0.255008       0.619731       0.284793      -0.750000
       4.251000      -0.323533       0.254723      -0.618573      -0.285706       0.323533      -0.254723       0.618573       0.285706      -0.750000
       4.252000      -0.324151       0.254437      -0.617414      -0.286617       0.324151      -0.254437       0.617414       0.286617      -0.750000
       4.253000      -0.324768       0.254150      -0.616256      -0.287524       0.324768      -0.254150       0.616256       0.287524      -0.750000
       4.254000      -0.325384       0.253862      -0.615099      -0.288429       0.325384      -0.253862       0.615099       0.288429      -0.750000
       4.255000      -0.325998       0.253573      -0.613942      -0.289330       0.325998      -0.253573       0.613942       0.289330      -0.750000
       4.256000      -0.326611       0.253283      -0.612785      -0.290229       0.326611      -0.253283       0.612785       0.290229      -0.750000
       4.257000      -0.327224       0.252992      -0.611629      -0.291124       0.327224      -0.252992       0.611629       0.291124      -0.750000
       4.258000      -0.327835       0.252701      -0.610473      -0.292016       0.327835      -0.252701       0.610473       0.292016      -0.750000
       4.259000      -0.328445       0.252408      -0.609318      -0.292906       0.328445      -0.252408       0.609318       0.292906      -0.750000
       4.260000      -0.329053       0.252115      -0.608163      -0.293792       0.329053      -0.252115       0.608163       0.293792      -0.750000
       4.261000      -0.329661       0.251821      -0.607008      -0.294675       0.329661      -0.251821       0.607008       0.294675      -0.750000
       4.262000      -0.330267       0.251526      -0.605854      -0.295556       0.330267      -0.251526       0.605854       0.295556      -0.750000
       4.263000      -0.330873       0.251230      -0.604700      -0.296433       0.330873      -0.251230       0.604700       0.296433      -0.750000
       4.264000      -0.331477       0.250933      -0.603546      -0.297307       0.331477      -0.250933       0.603546       0.297307      -0.750000
       4.265000      -0.332080       0.250635      -0.602393      -0.298179       0.332080      -0.250635       0.602393       0.298179      -0.750000
       4.266000      -0.332682       0.250336      -0.601241      -0.299048       0.332682      -0.250336       0.601241       0.299048      -0.750000
       4.267000      -0.333282       0.250037      -0.600089      -0.299913       0.333282      -0.250037       0.600089       0.299913      -0.750000
       4.268000      -0.333882       0.249736      -0.598937      -0.300776       0.333882      -0.249736       0.598937       0.300776      -0.750000
       4.269000      -0.334480       0.249435      -0.597785      -0.301636       0.334480      -0.249435       0.597785       0.301636      -0.750000
       4.270000      -0.335077       0.249133      -0.596634      -0.302493       0.335077      -0.249133       0.596634       0.302493      -0.750000
       4.271000      -0.335673       0.248830      -0.595484      -0.303347       0.335673      -0.248830       0.595484       0.303347      -0.750000
       4.272000      -0.336268       0.248527      -0.594334      -0.304198       0.336268      -0.248527       0.594334       0.304198      -0.750000
       4.273000      -0.336862       0.248222      -0.593184      -0.305047       0.336862      -0.248222       0.593184       0.305047      -0.750000
       4.274000      -0.337455       0.247916      -0.592035      -0.305892       0.337455      -0.247916       0.592035       0.305892      -0.750000
       4.275000      -0.338046       0.247610      -0.590886      -0.306735       0.338046      -0.247610       0.590886       0.306735      -0.750000
       4.276000      -0.338636       0.247303      -0.589738      -0.307575       0.338636      -0.247303       0.589738       0.307575      -0.750000
       4.277000      -0.339226       0.246995      -0.588590      -0.308412       0.339226      -0.246995       0.588590       0.308412      -0.750000
       4.278000      -0.339814       0.246686      -0.587442      -0.309247       0.339814      -0.246686       0.587442       0.309247      -0.750000
       4.279000      -0.340400       0.246376      -0.586295      -0.310078       0.340400      -0.246376       0.586295       0.310078      -0.750000
       4.280000      -0.340986       0.246066      -0.585148      -0.310907       0.340986      -0.246066       0.585148       0.310907      -0.750000
       4.281000      -0.341571       0.245755      -0.584002      -0.311733       0.341571      -0.245755       0.584002       0.311733      -0.750000
       4.282000      -0.342154       0.245442      -0.582856      -0.312556       0.342154      -0.245442       0.582856       0.312556      -0.750000
       4.283000      -0.342736       0.245130      -0.581711      -0.313377       0.342736      -0.245130       0.581711       0.313377      -0.750000
       4.284000      -0.343318       0.244816      -0.580566      -0.314194       0.343318      -0.244816       0.580566       0.314194      -0.750000
       4.285000      -0.343898       0.244501      -0.579421      -0.315009       0.343898      -0.244501       0.579421       0.315009      -0.750000
       4.286000      -0.344476       0.244186      -0.578277      -0.315822       0.344476      -0.244186       0.578277       0.315822      -0.750000
       4.287000      -0.345054       0.243869      -0.577133      -0.316631       0.345054      -0.243869       0.577133       0.316631      -0.750000
       4.288000      -0.345631       0.243552      -0.575990      -0.317438       0.345631      -0.243552       0.575990       0.317438      -0.750000
       4.289000      -0.346206       0.243235      -0.574847      -0.318242       0.346206      -0.243235       0.574847       0.318242      -0.750000
       4.290000      -0.346780       0.242916      -0.573704      -0.319044       0.346780      -0.242916       0.573704       0.319044      -0.750000
       4.291000      -0.347354       0.242597      -0.572562      -0.319842       0.347354      -0.242597       0.572562       0.319842      -0.750000
       4.292000      -0.347926       0.242276      -0.571421      -0.320638       0.347926      -0.242276       0.571421       0.320638      -0.750000
       4.293000      -0.348496       0.241955      -0.570280      -0.321432       0.348496      -0.241955       0.570280       0.321432      -0.750000
       4.294000      -0.349066       0.241633      -0.569139      -0.322223       0.349066      -0.241633       0.569139       0.322223      -0.750000
       4.295000      -0.349635       0.241311      -0.567999      -0.323011       0.349635      -0.241311       0.567999       0.323011      -0.750000
       4.296000      -0.350202       0.240987      -0.566859      -0.323796       0.350202      -0.240987       0.566859       0.323796      -0.750000
       4.297000      -0.350768       0.240663      -0.565719      -0.324579       0.350768      -0.240663       0.565719       0.324579      -0.750000
       4.298000      -0.351334       0.240338      -0.564580      -0.325360       0.351334      -0.240338       0.564580       0.325360      -0.750000
       4.299000      -0.351898       0.240012      -0.563442      -0.326137       0.351898      -0.240012       0.563442       0.326137      -0.750000
       4.300000      -0.352460       0.239686      -0.562304      -0.326912       0.352460      -0.239686       0.562304       0.326912      -0.750000
       4.301000      -0.353022       0.239359      -0.561166      -0.327685       0.353022      -0.239359       0.561166       0.327685      -0.750000
       4.302000      -0.353583       0.239031      -0.560029      -0.328455       0.353583      -0.239031       0.560029       0.328455      -0.750000
       4.303000      -0.354142       0.238702      -0.558892      -0.329222       0.354142      -0.238702       0.558892       0.329222      -0.750000
       4.304000      -0.354701       0.238372      -0.557756      -0.329987       0.354701      -0.238372       0.557756       0.329987      -0.750000
       4.305000      -0.355258       0.238042      -0.556620      -0.330749       0.355258      -0.238042       0.556620       0.330749      -0.750000
       4.306000      -0.355814       0.237711      -0.555484      -0.331509       0.355814      -0.237711       0.555484       0.331509      -0.750000
       4.307000      -0.356369       0.237379      -0.554349      -0.332266       0.356369      -0.237379       0.554349       0.332266      -0.750000
       4.308000      -0.356922       0.237046      -0.553215      -0.333021       0.356922      -0.237046       0.553215       0.333021      -0.750000
       4.309000      -0.357475       0.236713      -0.552081      -0.333773       0.357475      -0.236713       0.552081       0.333773      -0.750000
       4.310000      -0.358027       0.236379      -0.550947      -0.334523       0.358027      -0.236379       0.550947       0.334523      -0.750000
       4.311000      -0.358577       0.236044      -0.549814      -0.335270       0.358577      -0.236044       0.549814       0.335270      -0.750000
       4.312000      -0.359126       0.235708      -0.548681      -0.336014       0.359126      -0.235708       0.548681       0.336014      -0.750000
       4.313000      -0.359674       0.235372      -0.547548      -0.336756       0.359674      -0.235372       0.547548       0.336756      -0.750000
       4.314000      -0.360221       0.235035      -0.546416      -0.337496       0.360221      -0.235035       0.546416       0.337496      -0.750000
       4.315000      -0.360767       0.234697      -0.545285      -0.338233       0.360767      -0.234697       0.545285       0.338233      -0.750000
       4.316000      -0.361312       0.234358      -0.544154      -0.338968       0.361312      -0.234358       0.544154       0.338968      -0.750000
       4.317000      -0.361855       0.234019      -0.543023      -0.339700       0.361855      -0.234019       0.543023       0.339700      -0.750000
       4.318000      -0.362398       0.233679      -0.541893      -0.340430       0.362398      -0.233679       0.541893       0.340430      -0.750000
       4.319000      -0.362939       0.233338      -0.540763      -0.341158       0.362939      -0.233338       0.540763       0.341158      -0.750000
       4.320000      -0.363479       0.232996      -0.539634      -0.341883       0.363479      -0.232996       0.539634       0.341883      -0.750000
       4.321000      -0.364019       0.232654      -0.538505      -0.342605       0.364019      -0.232654       0.538505       0.342605      -0.750000
       4.322000      -0.364556       0.232311      -0.537376      -0.343325       0.364556      -0.232311       0.537376       0.343325      -0.750000
       4.323000      -0.365093       0.231967      -0.536248      -0.344043       0.365093      -0.231967       0.536248       0.344043      -0.750000
       4.324000      -0.365629       0.231623      -0.535121      -0.344758       0.365629      -0.231623       0.535121       0.344758      -0.750000
       4.325000      -0.366164       0.231278      -0.533994      -0.345471       0.366164      -0.231278       0.533994       0.345471      -0.750000
       4.326000      -0.366697       0.230932      -0.532867      -0.346182       0.366697      -0.230932       0.532867       0.346182      -0.750000
       4.327000      -0.367229       0.230586      -0.531741      -0.346890       0.367229      -0.230586       0.531741       0.346890      -0.750000
       4.328000      -0.367760       0.230238      -0.530615      -0.347596       0.367760      -0.230238       0.530615       0.347596      -0.750000
       4.329000      -0.368290       0.229890      -0.529490      -0.348300       0.368290      -0.229890       0.529490       0.348300      -0.750000
       4.330000      -0.368819       0.229542      -0.528365      -0.349001       0.368819      -0.229542       0.528365       0.349001      -0.750000
       4.331000      -0.369347       0.229192      -0.527240      -0.349700       0.369347      -0.229192       0.527240       0.349700      -0.750000
       4.332000      -0.369874       0.228842      -0.526116      -0.350396       0.369874      -0.228842       0.526116       0.350396      -0.750000
       4.333000      -0.370399       0.228492      -0.524993      -0.351090       0.370399      -0.228492       0.524993       0.351090      -0.750000
       4.334000      -0.370924       0.228140      -0.523869      -0.351782       0.370924      -0.228140       0.523869       0.351782      -0.750000
       4.335000      -0.371447       0.227788      -0.522747      -0.352471       0.371447      -0.227788       0.522747       0.352471      -0.750000
       4.336000      -0.371969       0.227435      -0.521624      -0.353159       0.371969      -0.227435       0.521624       0.353159      -0.750000
       4.337000      -0.372490       0.227082      -0.520503      -0.353844       0.372490      -0.227082       0.520503       0.353844      -0.750000
       4.338000      -0.373010       0.226728      -0.519381      -0.354526       0.373010      -0.226728       0.519381       0.354526      -0.750000
       4.339000      -0.373529       0.226373      -0.518260      -0.355207       0.373529      -0.226373       0.518260       0.355207      -0.750000
       4.340000      -0.374047       0.226017      -0.517140      -0.355885       0.374047      -0.226017       0.517140       0.355885      -0.750000
       4.341000      -0.374563       0.225661      -0.516020      -0.356560       0.374563      -0.225661       0.516020       0.356560      -0.750000
       4.342000      -0.375079       0.225304      -0.514900      -0.357234       0.375079      -0.225304       0.514900       0.357234      -0.750000
       4.343000      -0.375593       0.224946      -0.513781      -0.357905       0.375593      -0.224946       0.513781       0.357905      -0.750000
       4.344000      -0.376107       0.224588      -0.512662      -0.358574       0.376107      -0.224588       0.512662       0.358574      -0.750000
       4.345000      -0.376619       0.224229      -0.511544      -0.359241       0.376619      -0.224229       0.511544       0.359241      -0.750000
       4.346000      -0.377130       0.223870      -0.510426      -0.359906       0.377130      -0.223870       0.510426       0.359906      -0.750000
       4.347000      -0.377639       0.223509      -0.509308      -0.360568       0.377639      -0.223509       0.509308       0.360568      -0.750000
       4.348000      -0.378148       0.223149      -0.508191      -0.361228       0.378148      -0.223149       0.508191       0.361228      -0.750000
       4.349000      -0.378656       0.222787      -0.507075      -0.361886       0.378656      -0.222787       0.507075       0.361886      -0.750000
       4.350000      -0.379162       0.222425      -0.505959      -0.362542       0.379162      -0.222425       0.505959       0.362542      -0.750000
       4.351000      -0.379668       0.222062      -0.504843      -0.363195       0.379668      -0.222062       0.504843       0.363195      -0.750000
       4.352000      -0.380172       0.221698      -0.503728      -0.363847       0.380172      -0.221698       0.503728       0.363847      -0.750000
       4.353000      -0.380675       0.221334      -0.502613      -0.364496       0.380675      -0.221334       0.502613       0.364496      -0.750000
       4.354000      -0.381177       0.220969      -0.501499      -0.365143       0.381177      -0.220969       0.501499       0.365143      -0.750000
       4.355000      -0.381678       0.220604      -0.500385      -0.365788       0.381678      -0.220604       0.500385       0.365788      -0.750000
       4.356000      -0.382178       0.220238      -0.499271      -0.366430       0.382178      -0.220238       0.499271       0.366430      -0.750000
       4.357000      -0.382677       0.219871      -0.498158      -0.367071       0.382677      -0.219871       0.498158       0.367071      -0.750000
       4.358000      -0.383174       0.219504      -0.497045      -0.367709       0.383174      -0.219504       0.497045       0.367709      -0.750000
       4.359000      -0.383671       0.219136      -0.495933      -0.368345       0.383671      -0.219136       0.495933       0.368345      -0.750000
       4.360000      -0.384166       0.218767      -0.494821      -0.368979       0.384166      -0.218767       0.494821       0.368979      -0.750000
       4.361000      -0.384660       0.218398      -0.493710      -0.369611       0.384660      -0.218398       0.493710       0.369611      -0.750000
       4.362000      -0.385154       0.218028      -0.492599      -0.370241       0.385154      -0.218028       0.492599       0.370241      -0.750000
       4.363000      -0.385646       0.217657      -0.491489      -0.370869       0.385646      -0.217657       0.491489       0.370869      -0.750000
       4.364000      -0.386137       0.217286      -0.490379      -0.371494       0.386137      -0.217286       0.490379       0.371494      -0.750000
       4.365000      -0.386626       0.216914      -0.489269      -0.372118       0.386626      -0.216914       0.489269       0.372118      -0.750000
       4.366000      -0.387115       0.216542      -0.488160      -0.372739       0.387115      -0.216542       0.488160       0.372739      -0.750000
       4.367000      -0.387603       0.216169      -0.487051      -0.373358       0.387603      -0.216169       0.487051       0.373358      -0.750000
       4.368000      -0.388089       0.215795      -0.485943      -0.373976       0.388089      -0.215795       0.485943       0.373976      -0.750000
       4.369000      -0.388575       0.215421      -0.484835      -0.374591       0.388575      -0.215421       0.484835       0.374591      -0.750000
       4.370000      -0.389059       0.215046      -0.483728      -0.375204       0.389059      -0.215046       0.483728       0.375204      -0.750000
       4.371000      -0.389542       0.214670      -0.482621      -0.375815       0.389542      -0.214670       0.482621       0.375815      -0.750000
       4.372000      -0.390024       0.214294      -0.481514      -0.376424       0.390024      -0.214294       0.481514       0.376424      -0.750000
       4.373000      -0.390505       0.213918      -0.480408      -0.377030       0.390505      -0.213918       0.480408       0.377030      -0.750000
       4.374000      -0.390985       0.213540      -0.479302      -0.377635       0.390985      -0.213540       0.479302       0.377635      -0.750000
       4.375000      -0.391464       0.213162      -0.478197      -0.378238       0.391464      -0.213162       0.478197       0.378238      -0.750000
       4.376000      -0.391941       0.212784      -0.477092      -0.378839       0.391941      -0.212784       0.477092       0.378839      -0.750000
       4.377000      -0.392418       0.212405      -0.475988      -0.379437       0.392418      -0.212405       0.475988       0.379437      -0.750000
       4.378000      -0.392893       0.212025      -0.474884      -0.380034       0.392893      -0.212025       0.474884       0.380034      -0.750000
       4.379000      -0.393368       0.211645      -0.473780      -0.380629       0.393368      -0.211645       0.473780       0.380629      -0.750000
       4.380000      -0.393841       0.211264      -0.472677      -0.381221       0.393841      -0.211264       0.472677       0.381221      -0.750000
       4.381000      -0.394313       0.210882      -0.471574      -0.381812       0.394313      -0.210882       0.471574       0.381812      -0.750000
       4.382000      -0.394784       0.210500      -0.470472      -0.382401       0.394784      -0.210500       0.470472       0.382401      -0.750000
       4.383000      -0.395254       0.210117      -0.469370      -0.382987       0.395254      -0.210117       0.469370       0.382987      -0.750000
       4.384000      -0.395723       0.209734      -0.468268      -0.383572       0.395723      -0.209734       0.468268       0.383572      -0.750000
       4.385000      -0.396191       0.209350      -0.467167      -0.384155       0.396191      -0.209350       0.467167       0.384155      -0.750000
       4.386000      -0.396657       0.208966      -0.466067      -0.384735       0.396657      -0.208966       0.466067       0.384735      -0.750000
       4.387000      -0.397123       0.208581      -0.464967      -0.385314       0.397123      -0.208581       0.464967       0.385314      -0.750000
       4.388000      -0.397587       0.208195      -0.463867      -0.385891       0.397587      -0.208195       0.463867       0.385891      -0.750000
       4.389000      -0.398050       0.207809      -0.462767      -0.386466       0.398050      -0.207809       0.462767       0.386466      -0.750000
       4.390000      -0.398513       0.207422      -0.461669      -0.387039       0.398513      -0.207422       0.461669       0.387039      -0.750000
       4.391000      -0.398974       0.207035      -0.460570      -0.387609       0.398974      -0.207035       0.460570       0.387609      -0.750000
       4.392000      -0.399434       0.206647      -0.459472      -0.388178       0.399434      -0.206647       0.459472       0.388178      -0.750000
       4.393000      -0.399893       0.206258      -0.458374      -0.388745       0.399893      -0.206258       0.458374       0.388745      -0.750000
       4.394000      -0.400350       0.205869      -0.457277      -0.389310       0.400350      -0.205869       0.457277       0.389310      -0.750000
       4.395000      -0.400807       0.205480      -0.456180      -0.389874       0.400807      -0.205480       0.456180       0.389874      -0.750000
       4.396000      -0.401263       0.205090      -0.455084      -0.390435       0.401263      -0.205090       0.455084       0.390435      -0.750000
       4.397000      -0.401717       0.204699      -0.453988      -0.390994       0.401717      -0.204699       0.453988       0.390994      -0.750000
       4.398000      -0.402171       0.204308      -0.452892      -0.391552       0.402171      -0.204308       0.452892       0.391552      -0.750000
       4.399000      -0.402623       0.203916      -0.451797      -0.392107       0.402623      -0.203916       0.451797       0.392107      -0.750000
       4.400000      -0.403074       0.203523      -0.450702      -0.392661       0.403074      -0.203523       0.450702       0.392661      -0.750000
       4.401000      -0.403525       0.203131      -0.449608      -0.393212       0.403525      -0.203131       0.449608       0.393212      -0.750000
       4.402000      -0.403974       0.202737      -0.448514      -0.393762       0.403974      -0.202737       0.448514       0.393762      -0.750000
       4.403000      -0.404422       0.202343      -0.447421      -0.394310       0.404422      -0.202343       0.447421       0.394310      -0.750000
       4.404000      -0.404868       0.201948      -0.446328      -0.394856       0.404868      -0.201948       0.446328       0.394856      -0.750000
       4.405000      -0.405314       0.201553      -0.445235      -0.395400       0.405314      -0.201553       0.445235       0.395400      -0.750000
       4.406000      -0.405759       0.201158      -0.444143      -0.395943       0.405759      -0.201158       0.444143       0.395943      -0.750000
       4.407000      -0.406203       0.200761      -0.443051      -0.396483       0.406203      -0.200761       0.443051       0.396483      -0.750000
       4.408000      -0.406645       0.200365      -0.441959      -0.397022       0.406645      -0.200365       0.441959       0.397022      -0.750000
       4.409000      -0.407086       0.199967      -0.440868      -0.397559       0.407086      -0.199967       0.440868       0.397559      -0.750000
       4.410000      -0.407527       0.199570      -0.439778      -0.398094       0.407527      -0.199570       0.439778       0.398094      -0.750000
       4.411000      -0.407966       0.199171      -0.438687      -0.398627       0.407966      -0.199171       0.438687       0.398627      -0.750000
       4.412000      -0.408404       0.198772      -0.437598      -0.399158       0.408404      -0.198772       0.437598       0.399158      -0.750000
       4.413000      -0.408841       0.198373      -0.436508      -0.399687       0.408841      -0.198373       0.436508       0.399687      -0.750000
       4.414000      -0.409277       0.197973      -0.435419      -0.400215       0.409277      -0.197973       0.435419       0.400215      -0.750000
       4.415000      -0.409712       0.197572      -0.434331      -0.400741       0.409712      -0.197572       0.434331       0.400741      -0.750000
       4.416000      -0.410146       0.197171      -0.433242      -0.401264       0.410146      -0.197171       0.433242       0.401264      -0.750000
       4.417000      -0.410579       0.196770      -0.432155      -0.401787       0.410579      -0.196770       0.432155       0.401787      -0.750000
       4.418000      -0.411010       0.196368      -0.431067      -0.402307       0.411010      -0.196368       0.431067       0.402307      -0.750000
       4.419000      -0.411441       0.195965      -0.429980      -0.402825       0.411441      -0.195965       0.429980       0.402825      -0.750000
       4.420000      -0.411870       0.195562      -0.428894      -0.403342       0.411870      -0.195562       0.428894       0.403342      -0.750000
       4.421000      -0.412298       0.195159      -0.427808      -0.403857       0.412298      -0.195159       0.427808       0.403857      -0.750000
       4.422000      -0.412726       0.194754      -0.426722      -0.404370       0.412726      -0.194754       0.426722       0.404370      -0.750000
       4.423000      -0.413152       0.194350      -0.425637      -0.404882       0.413152      -0.194350       0.425637       0.404882      -0.750000
       4.424000      -0.413577       0.193945      -0.424552      -0.405391       0.413577      -0.193945       0.424552       0.405391      -0.750000
       4.425000      -0.414001       0.193539      -0.423467      -0.405899       0.414001      -0.193539       0.423467       0.405899      -0.750000
       4.426000      -0.414424       0.193133      -0.422383      -0.406405       0.414424      -0.193133       0.422383       0.406405      -0.750000
       4.427000      -0.414846       0.192726      -0.421299      -0.406909       0.414846      -0.192726       0.421299       0.406909      -0.750000
       4.428000      -0.415267       0.192319      -0.420216      -0.407412       0.415267      -0.192319       0.420216       0.407412      -0.750000
       4.429000      -0.415686       0.191911      -0.419133      -0.407913       0.415686      -0.191911       0.419133       0.407913      -0.750000
       4.430000      -0.416105       0.191503      -0.418050      -0.408412       0.416105      -0.191503       0.418050       0.408412      -0.750000
       4.431000      -0.416522       0.191095      -0.416968      -0.408909       0.416522      -0.191095       0.416968       0.408909      -0.750000
       4.432000      -0.416939       0.190685      -0.415886      -0.409404       0.416939      -0.190685       0.415886       0.409404      -0.750000
       4.433000      -0.417354       0.190276      -0.414805      -0.409898       0.417354      -0.190276       0.414805       0.409898      -0.750000
       4.434000      -0.417768       0.189866      -0.413724      -0.410390       0.417768      -0.189866       0.413724       0.410390      -0.750000
       4.435000      -0.418182       0.189455      -0.412643      -0.410881       0.418182      -0.189455       0.412643       0.410881      -0.750000
       4.436000      -0.418594       0.189044      -0.411563      -0.411369       0.418594      -0.189044       0.411563       0.411369      -0.750000
       4.437000      -0.419005       0.188632      -0.410483      -0.411856       0.419005      -0.188632       0.410483       0.411856      -0.750000
       4.438000      -0.419415       0.188220      -0.409404      -0.412341       0.419415      -0.188220       0.409404       0.412341      -0.750000
       4.439000      -0.419823       0.187808      -0.408324      -0.412825       0.419823      -0.187808       0.408324       0.412825      -0.750000
       4.440000      -0.420231       0.187395      -0.407246      -0.413307       0.420231      -0.187395       0.407246       0.413307      -0.750000
       4.441000      -0.420638       0.186981      -0.406168      -0.413787       0.420638      -0.186981       0.406168       0.413787      -0.750000
       4.442000      -0.421044       0.186567      -0.405090      -0.414265       0.421044      -0.186567       0.405090       0.414265      -0.750000
       4.443000      -0.421448       0.186152      -0.404012      -0.414742       0.421448      -0.186152       0.404012       0.414742      -0.750000
       4.444000      -0.421852       0.185737      -0.402935      -0.415217       0.421852      -0.185737       0.402935       0.415217      -0.750000
       4.445000      -0.422254       0.185322      -0.401858      -0.415690       0.422254      -0.185322       0.401858       0.415690      -0.750000
       4.446000      -0.422655       0.184906      -0.400782      -0.416162       0.422655      -0.184906       0.400782       0.416162      -0.750000
       4.447000      -0.423056       0.184490      -0.399706      -0.416632       0.423056      -0.184490       0.399706       0.416632      -0.750000
       4.448000      -0.423455       0.184073      -0.398630      -0.417100       0.423455      -0.184073       0.398630       0.417100      -0.750000
       4.449000      -0.423853       0.183656      -0.397555      -0.417567       0.423853      -0.183656       0.397555       0.417567      -0.750000
       4.450000      -0.424250       0.183238      -0.396480      -0.418032       0.424250      -0.183238       0.396480       0.418032      -0.750000
       4.451000      -0.424646       0.182819      -0.395406      -0.418495       0.424646      -0.182819       0.395406       0.418495      -0.750000
       4.452000      -0.425041       0.182401      -0.394332      -0.418957       0.425041      -0.182401       0.394332       0.418957      -0.750000
       4.453000      -0.425434       0.181982      -0.393258      -0.419417       0.425434      -0.181982       0.393258       0.419417      -0.750000
       4.454000      -0.425827       0.181562      -0.392185      -0.419875       0.425827      -0.181562       0.392185       0.419875      -0.750000
       4.455000      -0.426219       0.181142      -0.391112      -0.420332       0.426219      -0.181142       0.391112       0.420332      -0.750000
       4.456000      -0.426609       0.180721      -0.390039      -0.420787       0.426609      -0.180721       0.390039       0.420787      -0.750000
       4.457000      -0.426999       0.180300      -0.388967      -0.421240       0.426999      -0.180300       0.388967       0.421240      -0.750000
       4.458000      -0.427387       0.179879      -0.387895      -0.421692       0.427387      -0.179879       0.387895       0.421692      -0.750000
       4.459000      -0.427775       0.179457      -0.386824      -0.422142       0.427775      -0.179457       0.386824       0.422142      -0.750000
       4.460000      -0.428161       0.179034      -0.385752      -0.422591       0.428161      -0.179034       0.385752       0.422591      -0.750000
       4.461000      -0.428546       0.178612      -0.384682      -0.423038       0.428546      -0.178612       0.384682       0.423038      -0.750000
       4.462000      -0.428930       0.178188      -0.383611      -0.423483       0.428930      -0.178188       0.383611       0.423483      -0.750000
       4.463000      -0.429313       0.177765      -0.382541      -0.423927       0.429313      -0.177765       0.382541       0.423927      -0.750000
       4.464000      -0.429695       0.177341      -0.381472      -0.424369       0.429695      -0.177341       0.381472       0.424369      -0.750000
       4.465000      -0.430076       0.176916      -0.380402      -0.424810       0.430076      -0.176916       0.380402       0.424810      -0.750000
       4.466000      -0.430456       0.176491      -0.379334      -0.425249       0.430456      -0.176491       0.379334       0.425249      -0.750000
       4.467000      -0.430835       0.176065      -0.378265      -0.425686       0.430835      -0.176065       0.378265       0.425686      -0.750000
       4.468000      -0.431213       0.175640      -0.377197      -0.426122       0.431213      -0.175640       0.377197       0.426122      -0.750000
       4.469000      -0.431589       0.175213      -0.376129      -0.426556       0.431589      -0.175213       0.376129       0.426556      -0.750000
       4.470000      -0.431965       0.174786      -0.375062      -0.426989       0.431965      -0.174786       0.375062       0.426989      -0.750000
       4.471000      -0.432340       0.174359      -0.373995      -0.427420       0.432340      -0.174359       0.373995       0.427420      -0.750000
       4.472000      -0.432713       0.173932      -0.372928      -0.427850       0.432713      -0.173932       0.372928       0.427850      -0.750000
       4.473000      -0.433085       0.173504      -0.371862      -0.428277       0.433085      -0.173504       0.371862       0.428277      -0.750000
       4.474000      -0.433457       0.173075      -0.370796      -0.428704       0.433457      -0.173075       0.370796       0.428704      -0.750000
       4.475000      -0.433827       0.172646      -0.369730      -0.429129       0.433827      -0.172646       0.369730       0.429129      -0.750000
       4.476000      -0.434196       0.172217      -0.368665      -0.429552       0.434196      -0.172217       0.368665       0.429552      -0.750000
       4.477000      -0.434564       0.171787      -0.367600      -0.429973       0.434564      -0.171787       0.367600       0.429973      -0.750000
       4.478000      -0.434931       0.171357      -0.366535      -0.430394       0.434931      -0.171357       0.366535       0.430394      -0.750000
       4.479000      -0.435297       0.170926      -0.365471      -0.430812       0.435297      -0.170926       0.365471       0.430812      -0.750000
       4.480000      -0.435662       0.170495      -0.364407      -0.431229       0.435662      -0.170495       0.364407       0.431229      -0.750000
       4.481000      -0.436026       0.170064      -0.363344      -0.431645       0.436026      -0.170064       0.363344       0.431645      -0.750000
       4.482000      -0.436389       0.169632      -0.362280      -0.432059       0.436389      -0.169632       0.362280       0.432059      -0.750000
       4.483000      -0.436751       0.169200      -0.361218      -0.432471       0.436751      -0.169200       0.361218       0.432471      -0.750000
       4.484000      -0.437111       0.168767      -0.360155      -0.432882       0.437111      -0.168767       0.360155       0.432882      -0.750000
       4.485000      -0.437471       0.168334      -0.359093      -0.433291       0.437471      -0.168334       0.359093       0.433291      -0.750000
       4.486000      -0.437830       0.167900      -0.358031      -0.433699       0.437830      -0.167900       0.358031       0.433699      -0.750000
       4.487000      -0.438187       0.167466      -0.356970      -0.434106       0.438187      -0.167466       0.356970       0.434106      -0.750000
       4.488000      -0.438544       0.167032      -0.355909      -0.434510       0.438544      -0.167032       0.355909       0.434510      -0.750000
       4.489000      -0.438899       0.166597      -0.354848      -0.434914       0.438899      -0.166597       0.354848       0.434914      -0.750000
       4.490000      -0.439253       0.166162      -0.353788      -0.435316       0.439253      -0.166162       0.353788       0.435316      -0.750000
       4.491000      -0.439607       0.165727      -0.352728      -0.435716       0.439607      -0.165727       0.352728       0.435716      -0.750000
       4.492000      -0.439959       0.165291      -0.351668      -0.436115       0.439959      -0.165291       0.351668       0.436115      -0.750000
       4.493000      -0.440310       0.164855      -0.350609      -0.436512       0.440310      -0.164855       0.350609       0.436512      -0.750000
       4.494000      -0.440660       0.164418      -0.349550      -0.436908       0.440660      -0.164418       0.349550       0.436908      -0.750000
       4.495000      -0.441009       0.163981      -0.348491      -0.437302       0.441009      -0.163981       0.348491       0.437302      -0.750000
       4.496000      -0.441357       0.163543      -0.347433      -0.437695       0.441357      -0.163543       0.347433       0.437695      -0.750000
       4.497000      -0.441704       0.163105      -0.346375      -0.438086       0.441704      -0.163105       0.346375       0.438086      -0.750000
       4.498000      -0.442050       0.162667      -0.345317      -0.438476       0.442050      -0.162667       0.345317       0.438476      -0.750000
       4.499000      -0.442394       0.162228      -0.344260      -0.438865       0.442394      -0.162228       0.344260       0.438865      -0.750000
       4.500000      -0.442738       0.161789      -0.343203      -0.439251       0.442738      -0.161789       0.343203       0.439251      -0.750000
       4.501000      -0.443081       0.161350      -0.342146      -0.439637       0.443081      -0.161350       0.342146       0.439637      -0.750000
       4.502000      -0.443422       0.160910      -0.341090      -0.440021       0.443422      -0.160910       0.341090       0.440021      -0.750000
       4.503000      -0.443763       0.160470      -0.340034      -0.440403       0.443763      -0.160470       0.340034       0.440403      -0.750000
       4.504000      -0.444103       0.160029      -0.338978      -0.440784       0.444103      -0.160029       0.338978       0.440784      -0.750000
       4.505000      -0.444441       0.159588      -0.337923      -0.441164       0.444441      -0.159588       0.337923       0.441164      -0.750000
       4.506000      -0.444778       0.159147      -0.336868      -0.441542       0.444778      -0.159147       0.336868       0.441542      -0.750000
       4.507000      -0.445115       0.158705      -0.335814      -0.441919       0.445115      -0.158705       0.335814       0.441919      -0.750000
       4.508000      -0.445450       0.158263      -0.334759      -0.442294       0.445450      -0.158263       0.334759       0.442294      -0.750000
       4.509000      -0.445784       0.157821      -0.333705      -0.442668       0.445784      -0.157821       0.333705       0.442668      -0.750000
       4.510000      -0.446117       0.157378      -0.332652      -0.443040       0.446117      -0.157378       0.332652       0.443040      -0.750000
       4.511000      -0.446450       0.156935      -0.331598      -0.443411       0.446450      -0.156935       0.331598       0.443411      -0.750000
       4.512000      -0.446781       0.156491      -0.330545      -0.443781       0.446781      -0.156491       0.330545       0.443781      -0.750000
       4.513000      -0.447111       0.156047      -0.329493      -0.444149       0.447111      -0.156047       0.329493       0.444149      -0.750000
       4.514000      -0.447440       0.155603      -0.328440      -0.444515       0.447440      -0.155603       0.328440       0.444515      -0.750000
       4.515000      -0.447768       0.155158      -0.327388      -0.444881       0.447768      -0.155158       0.327388       0.444881      -0.750000
       4.516000      -0.448094       0.154713      -0.326336      -0.445244       0.448094      -0.154713       0.326336       0.445244      -0.750000
       4.517000      -0.448420       0.154268      -0.325285      -0.445607       0.448420      -0.154268       0.325285       0.445607      -0.750000
       4.518000      -0.448745       0.153822      -0.324234      -0.445968       0.448745      -0.153822       0.324234       0.445968      -0.750000
       4.519000      -0.449069       0.153376      -0.323183      -0.446327       0.449069      -0.153376       0.323183       0.446327      -0.750000
       4.520000      -0.449391       0.152929      -0.322133      -0.446685       0.449391      -0.152929       0.322133       0.446685      -0.750000
       4.521000      -0.449713       0.152482      -0.321083      -0.447042       0.449713      -0.152482       0.321083       0.447042      -0.750000
       4.522000      -0.450034       0.152035      -0.320033      -0.447397       0.450034      -0.152035       0.320033       0.447397      -0.750000
       4.523000      -0.450353       0.151587      -0.318983      -0.447751       0.450353      -0.151587       0.318983       0.447751      -0.750000
       4.524000      -0.450671       0.151139      -0.317934      -0.448104       0.450671      -0.151139       0.317934       0.448104      -0.750000
       4.525000      -0.450989       0.150691      -0.316885      -0.448455       0.450989      -0.150691       0.316885       0.448455      -0.750000
       4.526000      -0.451305       0.150243      -0.315837      -0.448805       0.451305      -0.150243       0.315837       0.448805      -0.750000
       4.527000      -0.451621       0.149794      -0.314788      -0.449153       0.451621      -0.149794       0.314788       0.449153      -0.750000
       4.528000      -0.451935       0.149344      -0.313740      -0.449500       0.451935      -0.149344       0.313740       0.449500      -0.750000
       4.529000      -0.452248       0.148895      -0.312693      -0.449845       0.452248      -0.148895       0.312693       0.449845      -0.750000
       4.530000      -0.452560       0.148445      -0.311646      -0.450190       0.452560      -0.148445       0.311646       0.450190      -0.750000
       4.531000      -0.452871       0.147994      -0.310599      -0.450532       0.452871      -0.147994       0.310599       0.450532      -0.750000
       4.532000      -0.453181       0.147544      -0.309552      -0.450874       0.453181      -0.147544       0.309552       0.450874      -0.750000
       4.533000      -0.453490       0.147092      -0.308505      -0.451214       0.453490      -0.147092       0.308505       0.451214      -0.750000
       4.534000      -0.453798       0.146641      -0.307459      -0.451553       0.453798      -0.146641       0.307459       0.451553      -0.750000
       4.535000      -0.454105       0.146189      -0.306413      -0.451890       0.454105      -0.146189       0.306413       0.451890      -0.750000
       4.536000      -0.454411       0.145737      -0.305368      -0.452226       0.454411      -0.145737       0.305368       0.452226      -0.750000
       4.537000      -0.454716       0.145285      -0.304323      -0.452560       0.454716      -0.145285       0.304323       0.452560      -0.750000
       4.538000      -0.455020       0.144832      -0.303278      -0.452894       0.455020      -0.144832       0.303278       0.452894      -0.750000
       4.539000      -0.455323       0.144379      -0.302233      -0.453225       0.455323      -0.144379       0.302233       0.453225      -0.750000
       4.540000      -0.455624       0.143926      -0.301189      -0.453556       0.455624      -0.143926       0.301189       0.453556      -0.750000
       4.541000      -0.455925       0.143472      -0.300145      -0.453885       0.455925      -0.143472       0.300145       0.453885      -0.750000
       4.542000      -0.456225       0.143018      -0.299101      -0.454213       0.456225      -0.143018       0.299101       0.454213      -0.750000
       4.543000      -0.456523       0.142564      -0.298058      -0.454539       0.456523      -0.142564       0.298058       0.454539      -0.750000
       4.544000      -0.456821       0.142109      -0.297015      -0.454865       0.456821      -0.142109       0.297015       0.454865      -0.750000
       4.545000      -0.457117       0.141654      -0.295972      -0.455188       0.457117      -0.141654       0.295972       0.455188      -0.750000
       4.546000      -0.457413       0.141198      -0.294929      -0.455511       0.457413      -0.141198       0.294929       0.455511      -0.750000
       4.547000      -0.457707       0.140743      -0.293887      -0.455832       0.457707      -0.140743       0.293887       0.455832      -0.750000
       4.548000      -0.458000       0.140287      -0.292845      -0.456152       0.458000      -0.140287       0.292845       0.456152      -0.750000
       4.549000      -0.458293       0.139831      -0.291804      -0.456470       0.458293      -0.139831       0.291804       0.456470      -0.750000
       4.550000      -0.458584       0.139374      -0.290762      -0.456787       0.458584      -0.139374       0.290762       0.456787      -0.750000
       4.551000      -0.458874       0.138917      -0.289721      -0.457103       0.458874      -0.138917       0.289721       0.457103      -0.750000
       4.552000      -0.459164       0.138460      -0.288680      -0.457417       0.459164      -0.138460       0.288680       0.457417      -0.750000
       4.553000      -0.459452       0.138002      -0.287640      -0.457731       0.459452      -0.138002       0.287640       0.457731      -0.750000
       4.554000      -0.459739       0.137544      -0.286599      -0.458042       0.459739      -0.137544       0.286599       0.458042      -0.750000
       4.555000      -0.460025       0.137086      -0.285560      -0.458353       0.460025      -0.137086       0.285560       0.458353      -0.750000
       4.556000      -0.460310       0.136628      -0.284520      -0.458662       0.460310      -0.136628       0.284520       0.458662      -0.750000
       4.557000      -0.460594       0.136169      -0.283480      -0.458970       0.460594      -0.136169       0.283480       0.458970      -0.750000
       4.558000      -0.460877       0.135710      -0.282441      -0.459277       0.460877      -0.135710       0.282441       0.459277      -0.750000
       4.559000      -0.461159       0.135250      -0.281403      -0.459582       0.461159      -0.135250       0.281403       0.459582      -0.750000
       4.560000      -0.461440       0.134790      -0.280364      -0.459886       0.461440      -0.134790       0.280364       0.459886      -0.750000
       4.561000      -0.461720       0.134330      -0.279326      -0.460189       0.461720      -0.134330       0.279326       0.460189      -0.750000
       4.562000      -0.461998       0.133870      -0.278288      -0.460490       0.461998      -0.133870       0.278288       0.460490      -0.750000
       4.563000      -0.462276       0.133409      -0.277250      -0.460790       0.462276      -0.133409       0.277250       0.460790      -0.750000
       4.564000      -0.462553       0.132948      -0.276213      -0.461089       0.462553      -0.132948       0.276213       0.461089      -0.750000
       4.565000      -0.462829       0.132487      -0.275175      -0.461386       0.462829      -0.132487       0.275175       0.461386      -0.750000
       4.566000      -0.463103       0.132026      -0.274138      -0.461683       0.463103      -0.132026       0.274138       0.461683      -0.750000
       4.567000      -0.463377       0.131564      -0.273102      -0.461978       0.463377      -0.131564       0.273102       0.461978      -0.750000
       4.568000      -0.463649       0.131102      -0.272065      -0.462271       0.463649      -0.131102       0.272065       0.462271      -0.750000
       4.569000      -0.463921       0.130639      -0.271029      -0.462564       0.463921      -0.130639       0.271029       0.462564      -0.750000
       4.570000      -0.464191       0.130177      -0.269994      -0.462855       0.464191      -0.130177       0.269994       0.462855      -0.750000
       4.571000      -0.464461       0.129714      -0.268958      -0.463144       0.464461      -0.129714       0.268958       0.463144      -0.750000
       4.572000      -0.464729       0.129250      -0.267923      -0.463433       0.464729      -0.129250       0.267923       0.463433      -0.750000
       4.573000      -0.464997       0.128787      -0.266888      -0.463720       0.464997      -0.128787       0.266888       0.463720      -0.750000
       4.574000      -0.465263       0.128323      -0.265853      -0.464006       0.465263      -0.128323       0.265853       0.464006      -0.750000
       4.575000      -0.465528       0.127859      -0.264818      -0.464291       0.465528      -0.127859       0.264818       0.464291      -0.750000
       4.576000      -0.465793       0.127394      -0.263784      -0.464574       0.465793      -0.127394       0.263784       0.464574      -0.750000
       4.577000      -0.466056       0.126930      -0.262750      -0.464857       0.466056      -0.126930       0.262750       0.464857      -0.750000
       4.578000      -0.466318       0.126465      -0.261717      -0.465138       0.466318      -0.126465       0.261717       0.465138      -0.750000
       4.579000      -0.466579       0.125999      -0.260683      -0.465417       0.466579      -0.125999       0.260683       0.465417      -0.750000
       4.580000      -0.466840       0.125534      -0.259650      -0.465696       0.466840      -0.125534       0.259650       0.465696      -0.750000
       4.581000      -0.467099       0.125068      -0.258617      -0.465973       0.467099      -0.125068       0.258617       0.465973      -0.750000
       4.582000      -0.467357       0.124602      -0.257584      -0.466249       0.467357      -0.124602       0.257584       0.466249      -0.750000
       4.583000      -0.467614       0.124135      -0.256552      -0.466523       0.467614      -0.124135       0.256552       0.466523      -0.750000
       4.584000      -0.467870       0.123669      -0.255520      -0.466797       0.467870      -0.123669       0.255520       0.466797      -0.750000
       4.585000      -0.468125       0.123202      -0.254488      -0.467069       0.468125      -0.123202       0.254488       0.467069      -0.750000
       4.586000      -0.468379       0.122735      -0.253456      -0.467340       0.468379      -0.122735       0.253456       0.467340      -0.750000
       4.587000      -0.468632       0.122267      -0.252425      -0.467610       0.468632      -0.122267       0.252425       0.467610      -0.750000
       4.588000      -0.468884       0.121799      -0.251394      -0.467878       0.468884      -0.121799       0.251394       0.467878      -0.750000
       4.589000      -0.469135       0.121331      -0.250363      -0.468145       0.469135      -0.121331       0.250363       0.468145      -0.750000
       4.590000      -0.469385       0.120863      -0.249332      -0.468411       0.469385      -0.120863       0.249332       0.468411      -0.750000
       4.591000      -0.469633       0.120395      -0.248302      -0.468676       0.469633      -0.120395       0.248302       0.468676      -0.750000
       4.592000      -0.469881       0.119926      -0.247271      -0.468939       0.469881      -0.119926       0.247271       0.468939      -0.750000
       4.593000      -0.470128       0.119457      -0.246242      -0.469202       0.470128      -0.119457       0.246242       0.469202      -0.750000
       4.594000      -0.470374       0.118987      -0.245212      -0.469463       0.470374      -0.118987       0.245212       0.469463      -0.750000
       4.595000      -0.470618       0.118518      -0.244182      -0.469723       0.470618      -0.118518       0.244182       0.469723      -0.750000
       4.596000      -0.470862       0.118048      -0.243153      -0.469981       0.470862      -0.118048       0.243153       0.469981      -0.750000
       4.597000      -0.471105       0.117578      -0.242124      -0.470239       0.471105      -0.117578       0.242124       0.470239      -0.750000
       4.598000      -0.471346       0.117107      -0.241096      -0.470495       0.471346      -0.117107       0.241096       0.470495      -0.750000
       4.599000      -0.471587       0.116637      -0.240067      -0.470750       0.471587      -0.116637       0.240067       0.470750      -0.750000
       4.600000      -0.471826       0.116166      -0.239039      -0.471003       0.471826      -0.116166       0.239039       0.471003      -0.750000
       4.601000      -0.472065       0.115695      -0.238011      -0.471256       0.472065      -0.115695       0.238011       0.471256      -0.750000
       4.602000      -0.472302       0.115223      -0.236983      -0.471507       0.472302      -0.115223       0.236983       0.471507      -0.750000
       4.603000      -0.472539       0.114752      -0.235956      -0.471757       0.472539      -0.114752       0.235956       0.471757      -0.750000
       4.604000      -0.472774       0.114280      -0.234928      -0.472006       0.472774      -0.114280       0.234928       0.472006      -0.750000
       4.605000      -0.473009       0.113808      -0.233901      -0.472254       0.473009      -0.113808       0.233901       0.472254      -0.750000
       4.606000      -0.473242       0.113335      -0.232875      -0.472500       0.473242      -0.113335       0.232875       0.472500      -0.750000
       4.607000      -0.473474       0.112863      -0.231848      -0.472746       0.473474      -0.112863       0.231848       0.472746      -0.750000
       4.608000      -0.473706       0.112390      -0.230822      -0.472990       0.473706      -0.112390       0.230822       0.472990      -0.750000
       4.609000      -0.473936       0.111917      -0.229796      -0.473233       0.473936      -0.111917       0.229796       0.473233      -0.750000
       4.610000      -0.474165       0.111443      -0.228770      -0.473474       0.474165      -0.111443       0.228770       0.473474      -0.750000
       4.611000      -0.474394       0.110970      -0.227744      -0.473715       0.474394      -0.110970       0.227744       0.473715      -0.750000
       4.612000      -0.474621       0.110496      -0.226719      -0.473954       0.474621      -0.110496       0.226719       0.473954      -0.750000
       4.613000      -0.474847       0.110022      -0.225693      -0.474192       0.474847      -0.110022       0.225693       0.474192      -0.750000
       4.614000      -0.475072       0.109548      -0.224668      -0.474429       0.475072      -0.109548       0.224668       0.474429      -0.750000
       4.615000      -0.475296       0.109073      -0.223644      -0.474665       0.475296      -0.109073       0.223644       0.474665      -0.750000
       4.616000      -0.475520       0.108598      -0.222619      -0.474899       0.475520      -0.108598       0.222619       0.474899      -0.750000
       4.617000      -0.475742       0.108123      -0.221595      -0.475133       0.475742      -0.108123       0.221595       0.475133      -0.750000
       4.618000      -0.475963       0.107648      -0.220571      -0.475365       0.475963      -0.107648       0.220571       0.475365      -0.750000
       4.619000      -0.476183       0.107173      -0.219547      -0.475596       0.476183      -0.107173       0.219547       0.475596      -0.750000
       4.620000      -0.476402       0.106697      -0.218523      -0.475826       0.476402      -0.106697       0.218523       0.475826      -0.750000
       4.621000      -0.476620       0.106221      -0.217500      -0.476054       0.476620      -0.106221       0.217500       0.476054      -0.750000
       4.622000      -0.476837       0.105745      -0.216476      -0.476282       0.476837      -0.105745       0.216476       0.476282      -0.750000
       4.623000      -0.477053       0.105268      -0.215453      -0.476508       0.477053      -0.105268       0.215453       0.476508      -0.750000
       4.624000      -0.477268       0.104792      -0.214431      -0.476733       0.477268      -0.104792       0.214431       0.476733      -0.750000
       4.625000      -0.477482       0.104315      -0.213408      -0.476957       0.477482      -0.104315       0.213408       0.476957      -0.750000
       4.626000      -0.477695       0.103838      -0.212386      -0.477180       0.477695      -0.103838       0.212386       0.477180      -0.750000
       4.627000      -0.477906       0.103361      -0.211363      -0.477402       0.477906      -0.103361       0.211363       0.477402      -0.750000
       4.628000      -0.478117       0.102883      -0.210342      -0.477622       0.478117      -0.102883       0.210342       0.477622      -0.750000
       4.629000      -0.478327       0.102405      -0.209320      -0.477842       0.478327      -0.102405       0.209320       0.477842      -0.750000
       4.630000      -0.478536       0.101927      -0.208298      -0.478060       0.478536      -0.101927       0.208298       0.478060      -0.750000
       4.631000      -0.478744       0.101449      -0.207277      -0.478277       0.478744      -0.101449       0.207277       0.478277      -0.750000
       4.632000      -0.478950       0.100971      -0.206256      -0.478492       0.478950      -0.100971       0.206256       0.478492      -0.750000
       4.633000      -0.479156       0.100492      -0.205235      -0.478707       0.479156      -0.100492       0.205235       0.478707      -0.750000
       4.634000      -0.479361       0.100013      -0.204214      -0.478921       0.479361      -0.100013       0.204214       0.478921      -0.750000
       4.635000      -0.479565       0.099534      -0.203194      -0.479133       0.479565      -0.099534       0.203194       0.479133      -0.750000
       4.636000      -0.479767       0.099055      -0.202173      -0.479344       0.479767      -0.099055       0.202173       0.479344      -0.750000
       4.637000      -0.479969       0.098576      -0.201153      -0.479554       0.479969      -0.098576       0.201153       0.479554      -0.750000
       4.638000      -0.480170       0.098096      -0.200133      -0.479763       0.480170      -0.098096       0.200133       0.479763      -0.750000
       4.639000      -0.480369       0.097616      -0.199114      -0.479971       0.480369      -0.097616       0.199114       0.479971      -0.750000
       4.640000      -0.480568       0.097136      -0.198094      -0.480178       0.480568      -0.097136       0.198094       0.480178      -0.750000
       4.641000      -0.480765       0.096656      -0.197075      -0.480383       0.480765      -0.096656       0.197075       0.480383      -0.750000
       4.642000      -0.480962       0.096175      -0.196056      -0.480587       0.480962      -0.096175       0.196056       0.480587      -0.750000
       4.643000      -0.481158       0.095695      -0.195037      -0.480791       0.481158      -0.095695       0.195037       0.480791      -0.750000
       4.644000      -0.481352       0.095214      -0.194018      -0.480993       0.481352      -0.095214       0.194018       0.480993      -0.750000
       4.645000      -0.481546       0.094733      -0.193000      -0.481194       0.481546      -0.094733       0.193000       0.481194      -0.750000
       4.646000      -0.481738       0.094251      -0.191981      -0.481393       0.481738      -0.094251       0.191981       0.481393      -0.750000
       4.647000      -0.481930       0.093770      -0.190963      -0.481592       0.481930      -0.093770       0.190963       0.481592      -0.750000
       4.648000      -0.482120       0.093288      -0.189945      -0.481790       0.482120      -0.093288       0.189945       0.481790      -0.750000
       4.649000      -0.482309       0.092806      -0.188927      -0.481986       0.482309      -0.092806       0.188927       0.481986      -0.750000
       4.650000      -0.482498       0.092324      -0.187910      -0.482181       0.482498      -0.092324       0.187910       0.482181      -0.750000
       4.651000      -0.482685       0.091842      -0.186893      -0.482375       0.482685      -0.091842       0.186893       0.482375      -0.750000
       4.652000      -0.482872       0.091359      -0.185875      -0.482568       0.482872      -0.091359       0.185875       0.482568      -0.750000
       4.653000      -0.483057       0.090877      -0.184858      -0.482760       0.483057      -0.090877       0.184858       0.482760      -0.750000
       4.654000      -0.483241       0.090394      -0.183841      -0.482951       0.483241      -0.090394       0.183841       0.482951      -0.750000
       4.655000      -0.483425       0.089911      -0.182825      -0.483141       0.483425      -0.089911       0.182825       0.483141      -0.750000
       4.656000      -0.483607       0.089428      -0.181808      -0.483329       0.483607      -0.089428       0.181808       0.483329      -0.750000
       4.657000      -0.483788       0.088944      -0.180792      -0.483516       0.483788      -0.088944       0.180792       0.483516      -0.750000
       4.658000      -0.483969       0.088461      -0.179776      -0.483703       0.483969      -0.088461       0.179776       0.483703      -0.750000
       4.659000      -0.484148       0.087977      -0.178760      -0.483888       0.484148      -0.087977       0.178760       0.483888      -0.750000
       4.660000      -0.484326       0.087493      -0.177744      -0.484072       0.484326      -0.087493       0.177744       0.484072      -0.750000
       4.661000      -0.484503       0.087009      -0.176729      -0.484255       0.484503      -0.087009       0.176729       0.484255      -0.750000
       4.662000      -0.484680       0.086524      -0.175713      -0.484437       0.484680      -0.086524       0.175713       0.484437      -0.750000
       4.663000      -0.484855       0.086040      -0.174698      -0.484617       0.484855      -0.086040       0.174698       0.484617      -0.750000
       4.664000      -0.485029       0.085555      -0.173683      -0.484797       0.485029      -0.085555       0.173683       0.484797      -0.750000
       4.665000      -0.485202       0.085070      -0.172668      -0.484975       0.485202      -0.085070       0.172668       0.484975      -0.750000
       4.666000      -0.485374       0.084585      -0.171654      -0.485153       0.485374      -0.084585       0.171654       0.485153      -0.750000
       4.667000      -0.485545       0.084100      -0.170639      -0.485329       0.485545      -0.084100       0.170639       0.485329      -0.750000
       4.668000      -0.485716       0.083614      -0.169625      -0.485504       0.485716      -0.083614       0.169625       0.485504      -0.750000
       4.669000      -0.485885       0.083129      -0.168611      -0.485678       0.485885      -0.083129       0.168611       0.485678      -0.750000
       4.670000      -0.486053       0.082643      -0.167597      -0.485851       0.486053      -0.082643       0.167597       0.485851      -0.750000
       4.671000      -0.486220       0.082157      -0.166583      -0.486023       0.486220      -0.082157       0.166583       0.486023      -0.750000
       4.672000      -0.486386       0.081671      -0.165569      -0.486194       0.486386      -0.081671       0.165569       0.486194      -0.750000
       4.673000      -0.486551       0.081185      -0.164555      -0.486363       0.486551      -0.081185       0.164555       0.486363      -0.750000
       4.674000      -0.486715       0.080698      -0.163542      -0.486532       0.486715      -0.080698       0.163542       0.486532      -0.750000
       4.675000      -0.486878       0.080212      -0.162529      -0.486699       0.486878      -0.080212       0.162529       0.486699      -0.750000
       4.676000      -0.487040       0.079725      -0.161516      -0.486866       0.487040      -0.079725       0.161516       0.486866      -0.750000
       4.677000      -0.487201       0.079238      -0.160503      -0.487031       0.487201      -0.079238       0.160503       0.487031      -0.750000
       4.678000      -0.487361       0.078751      -0.159490      -0.487195       0.487361      -0.078751       0.159490       0.487195      -0.750000
       4.679000      -0.487520       0.078264      -0.158478      -0.487358       0.487520      -0.078264       0.158478       0.487358      -0.750000
       4.680000      -0.487678       0.077776      -0.157465      -0.487520       0.487678      -0.077776       0.157465       0.487520      -0.750000
       4.681000      -0.487835       0.077289      -0.156453      -0.487681       0.487835      -0.077289       0.156453       0.487681      -0.750000
       4.682000      -0.487991       0.076801      -0.155441      -0.487841       0.487991      -0.076801       0.155441       0.487841      -0.750000
       4.683000      -0.488146       0.076313      -0.154429      -0.488000       0.488146      -0.076313       0.154429       0.488000      -0.750000
       4.684000      -0.488300       0.075825      -0.153417      -0.488157       0.488300      -0.075825       0.153417       0.488157      -0.750000
       4.685000      -0.488453       0.075337      -0.152406      -0.488314       0.488453      -0.075337       0.152406       0.488314      -0.750000
       4.686000      -0.488605       0.074848      -0.151394      -0.488469       0.488605      -0.074848       0.151394       0.488469      -0.750000
       4.687000      -0.488756       0.074360      -0.150383      -0.488624       0.488756      -0.074360       0.150383       0.488624      -0.750000
       4.688000      -0.488905       0.073871      -0.149372      -0.488777       0.488905      -0.073871       0.149372       0.488777      -0.750000
       4.689000      -0.489054       0.073382      -0.148361      -0.488929       0.489054      -0.073382       0.148361       0.488929      -0.750000
       4.690000      -0.489202       0.072893      -0.147350      -0.489080       0.489202      -0.072893       0.147350       0.489080      -0.750000
       4.691000      -0.489349       0.072404      -0.146339      -0.489230       0.489349      -0.072404       0.146339       0.489230      -0.750000
       4.692000      -0.489495       0.071915      -0.145329      -0.489379       0.489495      -0.071915       0.145329       0.489379      -0.750000
       4.693000      -0.489640       0.071425      -0.144318      -0.489527       0.489640      -0.071425       0.144318       0.489527      -0.750000
       4.694000      -0.489783       0.070936      -0.143308      -0.489674       0.489783      -0.070936       0.143308       0.489674      -0.750000
       4.695000      -0.489926       0.070446      -0.142298      -0.489820       0.489926      -0.070446       0.142298       0.489820      -0.750000
       4.696000      -0.490068       0.069956      -0.141288      -0.489965       0.490068      -0.069956       0.141288       0.489965      -0.750000
       4.697000      -0.490209       0.069466      -0.140278      -0.490108       0.490209      -0.069466       0.140278       0.490108      -0.750000
       4.698000      -0.490349       0.068976      -0.139268      -0.490251       0.490349      -0.068976       0.139268       0.490251      -0.750000
       4.699000      -0.490487       0.068485      -0.138259      -0.490392       0.490487      -0.068485       0.138259       0.490392      -0.750000
       4.700000      -0.490625       0.067995      -0.137249      -0.490533       0.490625      -0.067995       0.137249       0.490533      -0.750000
       4.701000      -0.490762       0.067504      -0.136240      -0.490672       0.490762      -0.067504       0.136240       0.490672      -0.750000
       4.702000      -0.490898       0.067014      -0.135231      -0.490810       0.490898      -0.067014       0.135231       0.490810      -0.750000
       4.703000      -0.491032       0.066523      -0.134222      -0.490948       0.491032      -0.066523       0.134222       0.490948      -0.750000
       4.704000      -0.491166       0.066032      -0.133213      -0.491084       0.491166      -0.066032       0.133213       0.491084      -0.750000
       4.705000      -0.491299       0.065540      -0.132204      -0.491219       0.491299      -0.065540       0.132204       0.491219      -0.750000
       4.706000      -0.491431       0.065049      -0.131196      -0.491353       0.491431      -0.065049       0.131196       0.491353      -0.750000
       4.707000      -0.491561       0.064558      -0.130187      -0.491486       0.491561      -0.064558       0.130187       0.491486      -0.750000
       4.708000      -0.491691       0.064066      -0.129179      -0.491618       0.491691      -0.064066       0.129179       0.491618      -0.750000
       4.709000      -0.491820       0.063575      -0.128171      -0.491749       0.491820      -0.063575       0.128171       0.491749      -0.750000
       4.710000      -0.491947       0.063083      -0.127162      -0.491878       0.491947      -0.063083       0.127162       0.491878      -0.750000
       4.711000      -0.492074       0.062591      -0.126155      -0.492007       0.492074      -0.062591       0.126155       0.492007      -0.750000
       4.712000      -0.492200       0.062099      -0.125147      -0.492135       0.492200      -0.062099       0.125147       0.492135      -0.750000
       4.713000      -0.492324       0.061607      -0.124139      -0.492261       0.492324      -0.061607       0.124139       0.492261      -0.750000
       4.714000      -0.492448       0.061114      -0.123131      -0.492387       0.492448      -0.061114       0.123131       0.492387      -0.750000
       4.715000      -0.492570       0.060622      -0.122124      -0.492512       0.492570      -0.060622       0.122124       0.492512      -0.750000
       4.716000      -0.492692       0.060129      -0.121117      -0.492635       0.492692      -0.060129       0.121117       0.492635      -0.750000
       4.717000      -0.492813       0.059636      -0.120109      -0.492757       0.492813      -0.059636       0.120109       0.492757      -0.750000
       4.718000      -0.492932       0.059144      -0.119102      -0.492879       0.492932      -0.059144       0.119102       0.492879      -0.750000
       4.719000      -0.493051       0.058651      -0.118095      -0.492999       0.493051      -0.058651       0.118095       0.492999      -0.750000
       4.720000      -0.493168       0.058158      -0.117088      -0.493118       0.493168      -0.058158       0.117088       0.493118      -0.750000
       4.721000      -0.493285       0.057664      -0.116082      -0.493237       0.493285      -0.057664       0.116082       0.493237      -0.750000
       4.722000      -0.493401       0.057171      -0.115075      -0.493354       0.493401      -0.057171       0.115075       0.493354      -0.750000
       4.723000      -0.493515       0.056678      -0.114068      -0.493470       0.493515      -0.056678       0.114068       0.493470      -0.750000
       4.724000      -0.493629       0.056184      -0.113062      -0.493585       0.493629      -0.056184       0.113062       0.493585      -0.750000
       4.725000      -0.493741       0.055691      -0.112056      -0.493699       0.493741      -0.055691       0.112056       0.493699      -0.750000
       4.726000      -0.493853       0.055197      -0.111049      -0.493812       0.493853      -0.055197       0.111049       0.493812      -0.750000
       4.727000      -0.493963       0.054703      -0.110043      -0.493924       0.493963      -0.054703       0.110043       0.493924      -0.750000
       4.728000      -0.494073       0.054209      -0.109037      -0.494035       0.494073      -0.054209       0.109037       0.494035      -0.750000
       4.729000      -0.494181       0.053715      -0.108031      -0.494145       0.494181      -0.053715       0.108031       0.494145      -0.750000
       4.730000      -0.494289       0.053221      -0.107026      -0.494253       0.494289      -0.053221       0.107026       0.494253      -0.750000
       4.731000      -0.494396       0.052726      -0.106020      -0.494361       0.494396      -0.052726       0.106020       0.494361      -0.750000
       4.732000      -0.494501       0.052232      -0.105015      -0.494468       0.494501      -0.052232       0.105015       0.494468      -0.750000
       4.733000      -0.494606       0.051737      -0.104009      -0.494574       0.494606      -0.051737       0.104009       0.494574      -0.750000
       4.734000      -0.494709       0.051243      -0.103004      -0.494678       0.494709      -0.051243       0.103004       0.494678      -0.750000
       4.735000      -0.494812       0.050748      -0.101999      -0.494782       0.494812      -0.050748       0.101999       0.494782      -0.750000
       4.736000      -0.494913       0.050253      -0.100993      -0.494884       0.494913      -0.050253       0.100993       0.494884      -0.750000
       4.737000      -0.495014       0.049758      -0.099988      -0.494986       0.495014      -0.049758       0.099988       0.494986      -0.750000
       4.738000      -0.495113       0.049263      -0.098983      -0.495086       0.495113      -0.049263       0.098983       0.495086      -0.750000
       4.739000      -0.495212       0.048768      -0.097979      -0.495186       0.495212      -0.048768       0.097979       0.495186      -0.750000
       4.740000      -0.495309       0.048273      -0.096974      -0.495284       0.495309      -0.048273       0.096974       0.495284      -0.750000
       4.741000      -0.495405       0.047778      -0.095969      -0.495382       0.495405      -0.047778       0.095969       0.495382      -0.750000
       4.742000      -0.495501       0.047282      -0.094965      -0.495478       0.495501      -0.047282       0.094965       0.495478      -0.750000
       4.743000      -0.495595       0.046787      -0.093960      -0.495573       0.495595      -0.046787       0.093960       0.495573      -0.750000
       4.744000      -0.495689       0.046291      -0.092956      -0.495668       0.495689      -0.046291       0.092956       0.495668      -0.750000
       4.745000      -0.495781       0.045795      -0.091952      -0.495761       0.495781      -0.045795       0.091952       0.495761      -0.750000
       4.746000      -0.495873       0.045299      -0.090948      -0.495853       0.495873      -0.045299       0.090948       0.495853      -0.750000
       4.747000      -0.495963       0.044804      -0.089943      -0.495944       0.495963      -0.044804       0.089943       0.495944      -0.750000
       4.748000      -0.496053       0.044308      -0.088939      -0.496035       0.496053      -0.044308       0.088939       0.496035      -0.750000
       4.749000      -0.496141       0.043812      -0.087936      -0.496124       0.496141      -0.043812       0.087936       0.496124      -0.750000
       4.750000      -0.496229       0.043315      -0.086932      -0.496212       0.496229      -0.043315       0.086932       0.496212      -0.750000
       4.751000      -0.496315       0.042819      -0.085928      -0.496299       0.496315      -0.042819       0.085928       0.496299      -0.750000
       4.752000      -0.496400       0.042323      -0.084924      -0.496385       0.496400      -0.042323       0.084924       0.496385      -0.750000
       4.753000      -0.496485       0.041826      -0.083921      -0.496470       0.496485      -0.041826       0.083921       0.496470      -0.750000
       4.754000      -0.496568       0.041330      -0.082917      -0.496554       0.496568      -0.041330       0.082917       0.496554      -0.750000
       4.755000      -0.496651       0.040833      -0.081914      -0.496637       0.496651      -0.040833       0.081914       0.496637      -0.750000
       4.756000      -0.496732       0.040337      -0.080911      -0.496719       0.496732      -0.040337       0.080911       0.496719      -0.750000
       4.757000      -0.496812       0.039840      -0.079907      -0.496800       0.496812      -0.039840       0.079907       0.496800      -0.750000
       4.758000      -0.496892       0.039343      -0.078904      -0.496880       0.496892      -0.039343       0.078904       0.496880      -0.750000
       4.759000      -0.496970       0.038846      -0.077901      -0.496959       0.496970      -0.038846       0.077901       0.496959      -0.750000
       4.760000      -0.497048       0.038349      -0.076898      -0.497037       0.497048      -0.038349       0.076898       0.497037      -0.750000
       4.761000      -0.497124       0.037852      -0.075895      -0.497114       0.497124      -0.037852       0.075895       0.497114      -0.750000
       4.762000      -0.497199       0.037355      -0.074893      -0.497190       0.497199      -0.037355       0.074893       0.497190      -0.750000
       4.763000      -0.497274       0.036858      -0.073890      -0.497264       0.497274      -0.036858       0.073890       0.497264      -0.750000
       4.764000      -0.497347       0.036360      -0.072887      -0.497338       0.497347      -0.036360       0.072887       0.497338      -0.750000
       4.765000      -0.497420       0.035863      -0.071884      -0.497411       0.497420      -0.035863       0.071884       0.497411      -0.750000
       4.766000      -0.497491       0.035365      -0.070882      -0.497483       0.497491      -0.035365       0.070882       0.497483      -0.750000
       4.767000      -0.497561       0.034868      -0.069879      -0.497554       0.497561      -0.034868       0.069879       0.497554      -0.750000
       4.768000      -0.497631       0.034370      -0.068877      -0.497623       0.497631      -0.034370       0.068877       0.497623      -0.750000
       4.769000      -0.497699       0.033873      -0.067875      -0.497692       0.497699      -0.033873       0.067875       0.497692      -0.750000
       4.770000      -0.497767       0.033375      -0.066872      -0.497760       0.497767      -0.033375       0.066872       0.497760      -0.750000
       4.771000      -0.497833       0.032877      -0.065870      -0.497826       0.497833      -0.032877       0.065870       0.497826      -0.750000
       4.772000      -0.497898       0.032379      -0.064868      -0.497892       0.497898      -0.032379       0.064868       0.497892      -0.750000
       4.773000      -0.497963       0.031881      -0.063866      -0.497957       0.497963      -0.031881       0.063866       0.497957      -0.750000
       4.774000      -0.498026       0.031383      -0.062864      -0.498020       0.498026      -0.031383       0.062864       0.498020      -0.750000
       4.775000      -0.498088       0.030885      -0.061862      -0.498083       0.498088      -0.030885       0.061862       0.498083      -0.750000
       4.776000      -0.498150       0.030387      -0.060860      -0.498145       0.498150      -0.030387       0.060860       0.498145      -0.750000
       4.777000      -0.498210       0.029889      -0.059858      -0.498205       0.498210      -0.029889       0.059858       0.498205      -0.750000
       4.778000      -0.498269       0.029391      -0.058857      -0.498265       0.498269      -0.029391       0.058857       0.498265      -0.750000
       4.779000      -0.498328       0.028893      -0.057855      -0.498323       0.498328      -0.028893       0.057855       0.498323      -0.750000
       4.780000      -0.498385       0.028394      -0.056853      -0.498381       0.498385      -0.028394       0.056853       0.498381      -0.750000
       4.781000      -0.498441       0.027896      -0.055852      -0.498438       0.498441      -0.027896       0.055852       0.498438      -0.750000
       4.782000      -0.498497       0.027397      -0.054850      -0.498493       0.498497      -0.027397       0.054850       0.498493      -0.750000
       4.783000      -0.498551       0.026899      -0.053849      -0.498548       0.498551      -0.026899       0.053849       0.498548      -0.750000
       4.784000      -0.498605       0.026400      -0.052847      -0.498601       0.498605      -0.026400       0.052847       0.498601      -0.750000
       4.785000      -0.498657       0.025902      -0.051846      -0.498654       0.498657      -0.025902       0.051846       0.498654      -0.750000
       4.786000      -0.498708       0.025403      -0.050845      -0.498705       0.498708      -0.025403       0.050845       0.498705      -0.750000
       4.787000      -0.498759       0.024904      -0.049843      -0.498756       0.498759      -0.024904       0.049843       0.498756      -0.750000
       4.788000      -0.498808       0.024405      -0.048842      -0.498805       0.498808      -0.024405       0.048842       0.498805      -0.750000
       4.789000      -0.498856       0.023907      -0.047841      -0.498854       0.498856      -0.023907       0.047841       0.498854      -0.750000
       4.790000      -0.498904       0.023408      -0.046840      -0.498901       0.498904      -0.023408       0.046840       0.498901      -0.750000
       4.791000      -0.498950       0.022909      -0.045839      -0.498948       0.498950      -0.022909       0.045839       0.498948      -0.750000
       4.792000      -0.498995       0.022410      -0.044838      -0.498993       0.498995      -0.022410       0.044838       0.498993      -0.750000
       4.793000      -0.499040       0.021911      -0.043837      -0.499038       0.499040      -0.021911       0.043837       0.499038      -0.750000
       4.794000      -0.499083       0.021412      -0.042836      -0.499081       0.499083      -0.021412       0.042836       0.499081      -0.750000
       4.795000      -0.499125       0.020913      -0.041835      -0.499123       0.499125      -0.020913       0.041835       0.499123      -0.750000
       4.796000      -0.499167       0.020413      -0.040834      -0.499165       0.499167      -0.020413       0.040834       0.499165      -0.750000
       4.797000      -0.499207       0.019914      -0.039833      -0.499205       0.499207      -0.019914       0.039833       0.499205      -0.750000
       4.798000      -0.499246       0.019415      -0.038833      -0.499245       0.499246      -0.019415       0.038833       0.499245      -0.750000
       4.799000      -0.499285       0.018916      -0.037832      -0.499283       0.499285      -0.018916       0.037832       0.499283      -0.750000
       4.800000      -0.499322       0.018416      -0.036831      -0.499321       0.499322      -0.018416       0.036831       0.499321      -0.750000
       4.801000      -0.499358       0.017917      -0.035831      -0.499357       0.499358      -0.017917       0.035831       0.499357      -0.750000
       4.802000      -0.499394       0.017418      -0.034830      -0.499392       0.499394      -0.017418       0.034830       0.499392      -0.750000
       4.803000      -0.499428       0.016918      -0.033829      -0.499427       0.499428      -0.016918       0.033829       0.499427      -0.750000
       4.804000      -0.499461       0.016419      -0.032829      -0.499460       0.499461      -0.016419       0.032829       0.499460      -0.750000
       4.805000      -0.499494       0.015919      -0.031828      -0.499493       0.499494      -0.015919       0.031828       0.499493      -0.750000
       4.806000      -0.499525       0.015420      -0.030828      -0.499524       0.499525      -0.015420       0.030828       0.499524      -0.750000
       4.807000      -0.499555       0.014920      -0.029827      -0.499554       0.499555      -0.014920       0.029827       0.499554      -0.750000
       4.808000      -0.499585       0.014421      -0.028827      -0.499584       0.499585      -0.014421       0.028827       0.499584      -0.750000
       4.809000      -0.499613       0.013921      -0.027826      -0.499612       0.499613      -0.013921       0.027826       0.499612      -0.750000
       4.810000      -0.499640       0.013422      -0.026826      -0.499639       0.499640      -0.013422       0.026826       0.499639      -0.750000
       4.811000      -0.499667       0.012922      -0.025826      -0.499666       0.499667      -0.012922       0.025826       0.499666      -0.750000
       4.812000      -0.499692       0.012422      -0.024825      -0.499691       0.499692      -0.012422       0.024825       0.499691      -0.750000
       4.813000      -0.499716       0.011923      -0.023825      -0.499716       0.499716      -0.011923       0.023825       0.499716      -0.750000
       4.814000      -0.499740       0.011423      -0.022825      -0.499739       0.499740      -0.011423       0.022825       0.499739      -0.750000
       4.815000      -0.499762       0.010923      -0.021825      -0.499761       0.499762      -0.010923       0.021825       0.499761      -0.750000
       4.816000      -0.499783       0.010423      -0.020824      -0.499783       0.499783      -0.010423       0.020824       0.499783      -0.750000
       4.817000      -0.499804       0.009924      -0.019824      -0.499803       0.499804      -0.009924       0.019824       0.499803      -0.750000
       4.818000      -0.499823       0.009424      -0.018824      -0.499822       0.499823      -0.009424       0.018824       0.499822      -0.750000
       4.819000      -0.499841       0.008924      -0.017824      -0.499841       0.499841      -0.008924       0.017824       0.499841      -0.750000
       4.820000      -0.499858       0.008424      -0.016824      -0.499858       0.499858      -0.008424       0.016824       0.499858      -0.750000
       4.821000      -0.499875       0.007924      -0.015824      -0.499874       0.499875      -0.007924       0.015824       0.499874      -0.750000
       4.822000      -0.499890       0.007424      -0.014823      -0.499890       0.499890      -0.007424       0.014823       0.499890      -0.750000
       4.823000      -0.499904       0.006924      -0.013823      -0.499904       0.499904      -0.006924       0.013823       0.499904      -0.750000
       4.824000      -0.499918       0.006424      -0.012823      -0.499917       0.499918      -0.006424       0.012823       0.499917      -0.750000
       4.825000      -0.499930       0.005925      -0.011823      -0.499930       0.499930      -0.005925       0.011823       0.499930      -0.750000
       4.826000      -0.499941       0.005425      -0.010823      -0.499941       0.499941      -0.005425       0.010823       0.499941      -0.750000
       4.827000      -0.499952       0.004925      -0.009823      -0.499951       0.499952      -0.004925       0.009823       0.499951      -0.750000
       4.828000      -0.499961       0.004425      -0.008823      -0.499961       0.499961      -0.004425       0.008823       0.499961      -0.750000
       4.829000      -0.499969       0.003925      -0.007823      -0.499969       0.499969      -0.003925       0.007823       0.499969      -0.750000
       4.830000      -0.499977       0.003425      -0.006823      -0.499977       0.499977      -0.003425       0.006823       0.499977      -0.750000
       4.831000      -0.499983       0.002925      -0.005823      -0.499983       0.499983      -0.002925       0.005823       0.499983      -0.750000
       4.832000      -0.499988       0.002425      -0.004823      -0.499988       0.499988      -0.002425       0.004823       0.499988      -0.750000
       4.833000      -0.499993       0.001925      -0.003823      -0.499993       0.499993      -0.001925       0.003823       0.499993      -0.750000
       4.834000      -0.499996       0.001425      -0.002823      -0.499996       0.499996      -0.001425       0.002823       0.499996      -0.750000
       4.835000      -0.499998       0.000925      -0.001823      -0.499998       0.499998      -0.000925       0.001823       0.499998      -0.750000
       4.836000      -0.500000       0.000425      -0.000823      -0.500000       0.500000      -0.000425       0.000823       0.500000      -0.750000
       4.837000      -0.500000      -0.000075       0.000177      -0.500000       0.500000       0.000075      -0.000177       0.500000      -0.750000
       4.838000      -0.499999      -0.000575       0.001177      -0.499999       0.499999       0.000575      -0.001177       0.499999      -0.750000
       4.839000      -0.499998      -0.001075       0.002177      -0.499998       0.499998       0.001075      -0.002177       0.499998      -0.750000
       4.840000      -0.499995      -0.001575       0.003177      -0.499995       0.499995       0.001575      -0.003177       0.499995      -0.750000
       4.841000      -0.499991      -0.002075       0.004177      -0.499991       0.499991       0.002075      -0.004177       0.499991      -0.750000
       4.842000      -0.499987      -0.002575       0.005177      -0.499987       0.499987       0.002575      -0.005177       0.499987      -0.750000
       4.843000      -0.499981      -0.003075       0.006177      -0.499981       0.499981       0.003075      -0.006177       0.499981      -0.750000
       4.844000      -0.499974      -0.003575       0.007177      -0.499974       0.499974       0.003575      -0.007177       0.499974      -0.750000
       4.845000      -0.499967      -0.004075       0.008177      -0.499967       0.499967       0.004075      -0.008177       0.499967      -0.750000
       4.846000      -0.499958      -0.004575       0.009177      -0.499958       0.499958       0.004575      -0.009177       0.499958      -0.750000
       4.847000      -0.499948      -0.005075       0.010177      -0.499948       0.499948       0.005075      -0.010177       0.499948      -0.750000
       4.848000      -0.499938      -0.005575       0.011177      -0.499938       0.499938       0.005575      -0.011177       0.499938      -0.750000
       4.849000      -0.499926      -0.006075       0.012177      -0.499926       0.499926       0.006075      -0.012177       0.499926      -0.750000
       4.850000      -0.499913      -0.006575       0.013177      -0.499914       0.499913       0.006575      -0.013177       0.499914      -0.750000
       4.851000      -0.499900      -0.007075       0.014178      -0.499900       0.499900       0.007075      -0.014178       0.499900      -0.750000
       4.852000      -0.499885      -0.007575       0.015178      -0.499885       0.499885       0.007575      -0.015178       0.499885      -0.750000
       4.853000      -0.499869      -0.008074       0.016178      -0.499870       0.499869       0.008074      -0.016178       0.499870      -0.750000
       4.854000      -0.499852      -0.008574       0.017178      -0.499853       0.499852       0.008574      -0.017178       0.499853      -0.750000
       4.855000      -0.499835      -0.009074       0.018178      -0.499835       0.499835       0.009074      -0.018178       0.499835      -0.750000
       4.856000      -0.499816      -0.009574       0.019178      -0.499817       0.499816       0.009574      -0.019178       0.499817      -0.750000
       4.857000      -0.499796      -0.010074       0.020178      -0.499797       0.499796       0.010074      -0.020178       0.499797      -0.750000
       4.858000      -0.499776      -0.010574       0.021179      -0.499776       0.499776       0.010574      -0.021179       0.499776      -0.750000
       4.859000      -0.499754      -0.011073       0.022179      -0.499755       0.499754       0.011073      -0.022179       0.499755      -0.750000
       4.860000      -0.499731      -0.011573       0.023179      -0.499732       0.499731       0.011573      -0.023179       0.499732      -0.750000
       4.861000      -0.499708      -0.012073       0.024179      -0.499708       0.499708       0.012073      -0.024179       0.499708      -0.750000
       4.862000      -0.499683      -0.012573       0.025180      -0.499684       0.499683       0.012573      -0.025180       0.499684      -0.750000
       4.863000      -0.499657      -0.013072       0.026180      -0.499658       0.499657       0.013072      -0.026180       0.499658      -0.750000
       4.864000      -0.499631      -0.013572       0.027180      -0.499631       0.499631       0.013572      -0.027180       0.499631      -0.750000
       4.865000      -0.499603      -0.014071       0.028181      -0.499604       0.499603       0.014071      -0.028181       0.499604      -0.750000
       4.866000      -0.499574      -0.014571       0.029181      -0.499575       0.499574       0.014571      -0.029181       0.499575      -0.750000
       4.867000      -0.499545      -0.015071       0.030182      -0.499545       0.499545       0.015071      -0.030182       0.499545      -0.750000
       4.868000      -0.499514      -0.015570       0.031182      -0.499515       0.499514       0.015570      -0.031182       0.499515      -0.750000
       4.869000      -0.499482      -0.016070       0.032183      -0.499483       0.499482       0.016070      -0.032183       0.499483      -0.750000
       4.870000      -0.499450      -0.016569       0.033183      -0.499450       0.499450       0.016569      -0.033183       0.499450      -0.750000
       4.871000      -0.499416      -0.017069       0.034184      -0.499416       0.499416       0.017069      -0.034184       0.499416      -0.750000
       4.872000      -0.499381      -0.017568       0.035184      -0.499382       0.499381       0.017568      -0.035184       0.499382      -0.750000
       4.873000      -0.499346      -0.018067       0.036185      -0.499346       0.499346       0.018067      -0.036185       0.499346      -0.750000
       4.874000      -0.499309      -0.018567       0.037186      -0.499309       0.499309       0.018567      -0.037186       0.499309      -0.750000
       4.875000      -0.499271      -0.019066       0.038186      -0.499272       0.499271       0.019066      -0.038186       0.499272      -0.750000
       4.876000      -0.499232      -0.019565       0.039187      -0.499233       0.499232       0.019565      -0.039187       0.499233      -0.750000
       4.877000      -0.499193      -0.020064       0.040188      -0.499193       0.499193       0.020064      -0.040188       0.499193      -0.750000
       4.878000      -0.499152      -0.020564       0.041189      -0.499152       0.499152       0.020564      -0.041189       0.499152      -0.750000
       4.879000      -0.499110      -0.021063       0.042190      -0.499111       0.499110       0.021063      -0.042190       0.499111      -0.750000
       4.880000      -0.499068      -0.021562       0.043191      -0.499068       0.499068       0.021562      -0.043191       0.499068      -0.750000
       4.881000      -0.499024      -0.022061       0.044192      -0.499024       0.499024       0.022061      -0.044192       0.499024      -0.750000
       4.882000      -0.498979      -0.022560       0.045193      -0.498980       0.498979       0.022560      -0.045193       0.498980      -0.750000
       4.883000      -0.498934      -0.023059       0.046194      -0.498934       0.498934       0.023059      -0.046194       0.498934      -0.750000
       4.884000      -0.498887      -0.023558       0.047195      -0.498887       0.498887       0.023558      -0.047195       0.498887      -0.750000
       4.885000      -0.498839      -0.024057       0.048196      -0.498839       0.498839       0.024057      -0.048196       0.498839      -0.750000
       4.886000      -0.498791      -0.024555       0.049197      -0.498790       0.498791       0.024555      -0.049197       0.498790      -0.750000
       4.887000      -0.498741      -0.025054       0.050198      -0.498741       0.498741       0.025054      -0.050198       0.498741      -0.750000
       4.888000      -0.498690      -0.025553       0.051200      -0.498690       0.498690       0.025553      -0.051200       0.498690      -0.750000
       4.889000      -0.498638      -0.026052       0.052201      -0.498638       0.498638       0.026052      -0.052201       0.498638      -0.750000
       4.890000      -0.498586      -0.026550       0.053202      -0.498585       0.498586       0.026550      -0.053202       0.498585      -0.750000
       4.891000      -0.498532      -0.027049       0.054204      -0.498531       0.498532       0.027049      -0.054204       0.498531      -0.750000
       4.892000      -0.498477      -0.027547       0.055205      -0.498477       0.498477       0.027547      -0.055205       0.498477      -0.750000
       4.893000      -0.498422      -0.028046       0.056207      -0.498421       0.498422       0.028046      -0.056207       0.498421      -0.750000
       4.894000      -0.498365      -0.028544       0.057208      -0.498364       0.498365       0.028544      -0.057208       0.498364      -0.750000
       4.895000      -0.498307      -0.029042       0.058210      -0.498306       0.498307       0.029042      -0.058210       0.498306      -0.750000
       4.896000      -0.498249      -0.029541       0.059212      -0.498247       0.498249       0.029541      -0.059212       0.498247      -0.750000
       4.897000      -0.498189      -0.030039       0.060214      -0.498187       0.498189       0.030039      -0.060214       0.498187      -0.750000
       4.898000      -0.498128      -0.030537       0.061215      -0.498126       0.498128       0.030537      -0.061215       0.498126      -0.750000
       4.899000      -0.498066      -0.031035       0.062217      -0.498064       0.498066       0.031035      -0.062217       0.498064      -0.750000
       4.900000      -0.498004      -0.031533       0.063219      -0.498001       0.498004       0.031533      -0.063219       0.498001      -0.750000
       4.901000      -0.497940      -0.032031       0.064221      -0.497937       0.497940       0.032031      -0.064221       0.497937      -0.750000
       4.902000      -0.497875      -0.032529       0.065223      -0.497872       0.497875       0.032529      -0.065223       0.497872      -0.750000
       4.903000      -0.497809      -0.033027       0.066226      -0.497806       0.497809       0.033027      -0.066226       0.497806      -0.750000
       4.904000      -0.497743      -0.033525       0.067228      -0.497739       0.497743       0.033525      -0.067228       0.497739      -0.750000
       4.905000      -0.497675      -0.034022       0.068230      -0.497671       0.497675       0.034022      -0.068230       0.497671      -0.750000
       4.906000      -0.497606      -0.034520       0.069232      -0.497602       0.497606       0.034520      -0.069232       0.497602      -0.750000
       4.907000      -0.497537      -0.035018       0.070235      -0.497532       0.497537       0.035018      -0.070235       0.497532      -0.750000
       4.908000      -0.497466      -0.035515       0.071237      -0.497461       0.497466       0.035515      -0.071237       0.497461      -0.750000
       4.909000      -0.497394      -0.036012       0.072240      -0.497389       0.497394       0.036012      -0.072240       0.497389      -0.750000
       4.910000      -0.497321      -0.036510       0.073243      -0.497316       0.497321       0.036510      -0.073243       0.497316      -0.750000
       4.911000      -0.497248      -0.037007       0.074245      -0.497242       0.497248       0.037007      -0.074245       0.497242      -0.750000
       4.912000      -0.497173      -0.037504       0.075248      -0.497167       0.497173       0.037504      -0.075248       0.497167      -0.750000
       4.913000      -0.497097      -0.038001       0.076251      -0.497091       0.497097       0.038001      -0.076251       0.497091      -0.750000
       4.914000      -0.497020      -0.038499       0.077254      -0.497014       0.497020       0.038499      -0.077254       0.497014      -0.750000
       4.915000      -0.496943      -0.038995       0.078257      -0.496935       0.496943       0.038995      -0.078257       0.496935      -0.750000
       4.916000      -0.496864      -0.039492       0.079260      -0.496856       0.496864       0.039492      -0.079260       0.496856      -0.750000
       4.917000      -0.496784      -0.039989       0.080263      -0.496776       0.496784       0.039989      -0.080263       0.496776      -0.750000
       4.918000      -0.496703      -0.040486       0.081267      -0.496695       0.496703       0.040486      -0.081267       0.496695      -0.750000
       4.919000      -0.496622      -0.040983       0.082270      -0.496612       0.496622       0.040983      -0.082270       0.496612      -0.750000
       4.920000      -0.496539      -0.041479       0.083273      -0.496529       0.496539       0.041479      -0.083273       0.496529      -0.750000
       4.921000      -0.496455      -0.041976       0.084277      -0.496445       0.496455       0.041976      -0.084277       0.496445      -0.750000
       4.922000      -0.496370      -0.042472       0.085280      -0.496359       0.496370       0.042472      -0.085280       0.496359      -0.750000
       4.923000      -0.496284      -0.042968       0.086284      -0.496273       0.496284       0.042968      -0.086284       0.496273      -0.750000
       4.924000      -0.496198      -0.043465       0.087288      -0.496185       0.496198       0.043465      -0.087288       0.496185      -0.750000
       4.925000      -0.496110      -0.043961       0.088292      -0.496097       0.496110       0.043961      -0.088292       0.496097      -0.750000
       4.926000      -0.496021      -0.044457       0.089296      -0.496008       0.496021       0.044457      -0.089296       0.496008      -0.750000
       4.927000      -0.495931      -0.044953       0.090300      -0.495917       0.495931       0.044953      -0.090300       0.495917      -0.750000
       4.928000      -0.495840      -0.045449       0.091304      -0.495826       0.495840       0.045449      -0.091304       0.495826      -0.750000
       4.929000      -0.495749      -0.045944       0.092308      -0.495733       0.495749       0.045944      -0.092308       0.495733      -0.750000
       4.930000      -0.495656      -0.046440       0.093312      -0.495639       0.495656       0.046440      -0.093312       0.495639      -0.750000
       4.931000      -0.495562      -0.046936       0.094317      -0.495545       0.495562       0.046936      -0.094317       0.495545      -0.750000
       4.932000      -0.495467      -0.047431       0.095321      -0.495449       0.495467       0.047431      -0.095321       0.495449      -0.750000
       4.933000      -0.495371      -0.047927       0.096326      -0.495352       0.495371       0.047927      -0.096326       0.495352      -0.750000
       4.934000      -0.495275      -0.048422       0.097330      -0.495255       0.495275       0.048422      -0.097330       0.495255      -0.750000
       4.935000      -0.495177      -0.048917       0.098335      -0.495156       0.495177       0.048917      -0.098335       0.495156      -0.750000
       4.936000      -0.495078      -0.049412       0.099340      -0.495056       0.495078       0.049412      -0.099340       0.495056      -0.750000
       4.937000      -0.494978      -0.049907       0.100345      -0.494955       0.494978       0.049907      -0.100345       0.494955      -0.750000
       4.938000      -0.494877      -0.050402       0.101350      -0.494854       0.494877       0.050402      -0.101350       0.494854      -0.750000
       4.939000      -0.494775      -0.050897       0.102355      -0.494751       0.494775       0.050897      -0.102355       0.494751      -0.750000
       4.940000      -0.494673      -0.051392       0.103361      -0.494647       0.494673       0.051392      -0.103361       0.494647      -0.750000
       4.941000      -0.494569      -0.051886       0.104366      -0.494542       0.494569       0.051886      -0.104366       0.494542      -0.750000
       4.942000      -0.494464      -0.052381       0.105372      -0.494436       0.494464       0.052381      -0.105372       0.494436      -0.750000
       4.943000      -0.494358      -0.052875       0.106377      -0.494329       0.494358       0.052875      -0.106377       0.494329      -0.750000
       4.944000      -0.494251      -0.053369       0.107383      -0.494221       0.494251       0.053369      -0.107383       0.494221      -0.750000
       4.945000      -0.494143      -0.053864       0.108389      -0.494112       0.494143       0.053864      -0.108389       0.494112      -0.750000
       4.946000      -0.494034      -0.054358       0.109395      -0.494001       0.494034       0.054358      -0.109395       0.494001      -0.750000
       4.947000      -0.493924      -0.054852       0.110401      -0.493890       0.493924       0.054852      -0.110401       0.493890      -0.750000
       4.948000      -0.493813      -0.055345       0.111407      -0.493778       0.493813       0.055345      -0.111407       0.493778      -0.750000
       4.949000      -0.493702      -0.055839       0.112413      -0.493665       0.493702       0.055839      -0.112413       0.493665      -0.750000
       4.950000      -0.493589      -0.056333       0.113419      -0.493550       0.493589       0.056333      -0.113419       0.493550      -0.750000
       4.951000      -0.493475      -0.056826       0.114426      -0.493435       0.493475       0.056826      -0.114426       0.493435      -0.750000
       4.952000      -0.493360      -0.057320       0.115432      -0.493318       0.493360       0.057320      -0.115432       0.493318      -0.750000
       4.953000      -0.493244      -0.057813       0.116439      -0.493201       0.493244       0.057813      -0.116439       0.493201      -0.750000
       4.954000      -0.493127      -0.058306       0.117446      -0.493082       0.493127       0.058306      -0.117446       0.493082      -0.750000
       4.955000      -0.493009      -0.058799       0.118453      -0.492963       0.493009       0.058799      -0.118453       0.492963      -0.750000
       4.956000      -0.492890      -0.059292       0.119460      -0.492842       0.492890       0.059292      -0.119460       0.492842      -0.750000
       4.957000      -0.492770      -0.059785       0.120467      -0.492721       0.492770       0.059785      -0.120467       0.492721      -0.750000
       4.958000      -0.492649      -0.060277       0.121474      -0.492598       0.492649       0.060277      -0.121474       0.492598      -0.750000
       4.959000      -0.492527      -0.060770       0.122482      -0.492474       0.492527       0.060770      -0.122482       0.492474      -0.750000
       4.960000      -0.492404      -0.061262       0.123489      -0.492349       0.492404       0.061262      -0.123489       0.492349      -0.750000
       4.961000      -0.492280      -0.061755       0.124497      -0.492223       0.492280       0.061755      -0.124497       0.492223      -0.750000
       4.962000      -0.492155      -0.062247       0.125505      -0.492096       0.492155       0.062247      -0.125505       0.492096      -0.750000
       4.963000      -0.492029      -0.062739       0.126513      -0.491968       0.492029       0.062739      -0.126513       0.491968      -0.750000
       4.964000      -0.491902      -0.063231       0.127521      -0.491839       0.491902       0.063231      -0.127521       0.491839      -0.750000
       4.965000      -0.491774      -0.063722       0.128529      -0.491709       0.491774       0.063722      -0.128529       0.491709      -0.750000
       4.966000      -0.491645      -0.064214       0.129537      -0.491578       0.491645       0.064214      -0.129537       0.491578      -0.750000
       4.967000      -0.491515      -0.064706       0.130546      -0.491446       0.491515       0.064706      -0.130546       0.491446      -0.750000
       4.968000      -0.491384      -0.065197       0.131554      -0.491313       0.491384       0.065197      -0.131554       0.491313      -0.750000
       4.969000      -0.491252      -0.065688       0.132563      -0.491178       0.491252       0.065688      -0.132563       0.491178      -0.750000
       4.970000      -0.491119      -0.066179       0.133572      -0.491043       0.491119       0.066179      -0.133572       0.491043      -0.750000
       4.971000      -0.490985      -0.066670       0.134581      -0.490906       0.490985       0.066670      -0.134581       0.490906      -0.750000
       4.972000      -0.490850      -0.067161       0.135590      -0.490769       0.490850       0.067161      -0.135590       0.490769      -0.750000
       4.973000      -0.490714      -0.067652       0.136599      -0.490630       0.490714       0.067652      -0.136599       0.490630      -0.750000
       4.974000      -0.490576      -0.068142       0.137608      -0.490490       0.490576       0.068142      -0.137608       0.490490      -0.750000
       4.975000      -0.490438      -0.068633       0.138618      -0.490350       0.490438       0.068633      -0.138618       0.490350      -0.750000
       4.976000      -0.490299      -0.069123       0.139628      -0.490208       0.490299       0.069123      -0.139628       0.490208      -0.750000
       4.977000      -0.490159      -0.069613       0.140637      -0.490065       0.490159       0.069613      -0.140637       0.490065      -0.750000
       4.978000      -0.490018      -0.070103       0.141647      -0.489921       0.490018       0.070103      -0.141647       0.489921      -0.750000
       4.979000      -0.489876      -0.070593       0.142657      -0.489776       0.489876       0.070593      -0.142657       0.489776      -0.750000
       4.980000      -0.489733      -0.071083       0.143668      -0.489630       0.489733       0.071083      -0.143668       0.489630      -0.750000
       4.981000      -0.489588      -0.071572       0.144678      -0.489483       0.489588       0.071572      -0.144678       0.489483      -0.750000
       4.982000      -0.489443      -0.072062       0.145688      -0.489334       0.489443       0.072062      -0.145688       0.489334      -0.750000
       4.983000      -0.489297      -0.072551       0.146699      -0.489185       0.489297       0.072551      -0.146699       0.489185      -0.750000
       4.984000      -0.489150      -0.073040       0.147710      -0.489035       0.489150       0.073040      -0.147710       0.489035      -0.750000
       4.985000      -0.489002      -0.073529       0.148721      -0.488883       0.489002       0.073529      -0.148721       0.488883      -0.750000
       4.986000      -0.488852      -0.074018       0.149732      -0.488731       0.488852       0.074018      -0.149732       0.488731      -0.750000
       4.987000      -0.488702      -0.074507       0.150743      -0.488577       0.488702       0.074507      -0.150743       0.488577      -0.750000
       4.988000      -0.488551      -0.074995       0.151754      -0.488422       0.488551       0.074995      -0.151754       0.488422      -0.750000
       4.989000      -0.488399      -0.075483       0.152766      -0.488267       0.488399       0.075483      -0.152766       0.488267      -0.750000
       4.990000      -0.488245      -0.075972       0.153778      -0.488110       0.488245       0.075972      -0.153778       0.488110      -0.750000
       4.991000      -0.488091      -0.076460       0.154790      -0.487952       0.488091       0.076460      -0.154790       0.487952      -0.750000
       4.992000      -0.487936      -0.076947       0.155802      -0.487793       0.487936       0.076947      -0.155802       0.487793      -0.750000
       4.993000      -0.487780      -0.077435       0.156814      -0.487632       0.487780       0.077435      -0.156814       0.487632      -0.750000
       4.994000      -0.487622      -0.077923       0.157826      -0.487471       0.487622       0.077923      -0.157826       0.487471      -0.750000
       4.995000      -0.487464      -0.078410       0.158838      -0.487309       0.487464       0.078410      -0.158838       0.487309      -0.750000
       4.996000      -0.487305      -0.078897       0.159851      -0.487145       0.487305       0.078897      -0.159851       0.487145      -0.750000
       4.997000      -0.487144      -0.079384       0.160864      -0.486981       0.487144       0.079384      -0.160864       0.486981      -0.750000
       4.998000      -0.486983      -0.079871       0.161877      -0.486815       0.486983       0.079871      -0.161877       0.486815      -0.750000
       4.999000      -0.486820      -0.080358       0.162890      -0.486649       0.486820       0.080358      -0.162890       0.486649      -0.750000
       5.000000      -0.486657      -0.080845       0.163903      -0.486481       0.486657       0.080845      -0.163903       0.486481      -0.750000
